creel_event_id,event_date,water_body,project_name,fishery_name,interview_id,interview_number,angler_type,interview_location,fishing_location,location_id,crc_area,angler_count,total_group_count,pole_count,trip_status,fishing_start_time,fishing_end_time,interview_time,target_species,trip_guided,boat_type,boat_used,fish_from_boat,vehicle_count,trailer_count,state_residence,zip_code,previously_interviewed,comment_txt,location_type,survey_type,location_season_name,section_num,surveyor_num,p_census_bank,p_census_boat,indirect_census_bank,direct_census_bank,month,year,week
1727CD4D-8B14-4A4C-A74D-964B7C200B55,2021-08-16,Nisqually River,District 11,Nisqually salmon 2021,423BD8FE-2822-4B71-9311-3CC7D7427725,20,Bank,Handicap Access,Handicap Access,0691BAF7-E5D2-423C-B157-CF0255A5D961,786,2,NA,NA,Complete,16:00:00,18:55:00,NA,Chinook,NA,NA,NA,NA,1,0,NA,NA,NA,NA,Site,Index,NA,2,1,1,1,1,1,8,2021,33
4790A394-BA63-4EC8-AD2C-5D974E6F873B,2021-08-28,Nisqually River,District 11,Nisqually salmon 2021,ED0D20AA-CDFF-4F1C-9A8B-D45F5D03EE87,21,Bank,Handicap Access,Handicap Access,0691BAF7-E5D2-423C-B157-CF0255A5D961,786,1,NA,NA,Complete,06:45:00,11:20:00,NA,Chinook,NA,NA,NA,NA,1,0,NA,NA,NA,NA,Site,Index,NA,2,1,1,1,1,1,8,2021,35
C5342288-5284-4326-BFAE-3E6B8EA0F79E,2021-09-11,Nisqually River,District 11,Nisqually salmon 2021,AE2CF10E-CF70-4129-8A83-757F0CAD14E9,22,Bank,Handicap Access,Handicap Access,0691BAF7-E5D2-423C-B157-CF0255A5D961,786,1,NA,NA,Incomplete,06:15:00,08:00:00,NA,NA,NA,NA,NA,NA,1,0,NA,NA,NA,NA,Site,Index,NA,2,1,1,1,1,1,9,2021,37
EC1638C5-5DDA-482E-B951-593CC269F7CE,2021-09-14,Nisqually River,District 11,Nisqually salmon 2021,BB2E07C0-C6B6-4F58-90AF-EB2F10EDA5DF,6,Bank,Handicap Access,Handicap Access,0691BAF7-E5D2-423C-B157-CF0255A5D961,786,3,NA,NA,Complete,07:30:00,14:25:00,NA,NA,NA,NA,NA,NA,1,0,NA,NA,NA,NA,Site,Index,NA,2,1,1,1,1,1,9,2021,37
EC1638C5-5DDA-482E-B951-593CC269F7CE,2021-09-14,Nisqually River,District 11,Nisqually salmon 2021,99F1612F-1F1C-40C7-BBB1-E1012899CD46,16,Bank,Handicap Access,Handicap Access,0691BAF7-E5D2-423C-B157-CF0255A5D961,786,2,NA,NA,Complete,06:15:00,10:05:00,NA,NA,NA,NA,NA,NA,1,0,NA,NA,NA,NA,Site,Index,NA,2,1,1,1,1,1,9,2021,37
EC1638C5-5DDA-482E-B951-593CC269F7CE,2021-09-14,Nisqually River,District 11,Nisqually salmon 2021,94657B86-086B-47AC-841B-9DC8DF7065DE,9,Bank,Handicap Access,Handicap Access,0691BAF7-E5D2-423C-B157-CF0255A5D961,786,2,NA,NA,Complete,06:00:00,10:20:00,NA,NA,NA,NA,NA,NA,1,0,NA,NA,NA,NA,Site,Index,NA,2,1,1,1,1,1,9,2021,37
EC1638C5-5DDA-482E-B951-593CC269F7CE,2021-09-14,Nisqually River,District 11,Nisqually salmon 2021,02AE0881-AC4B-44A5-B192-1DC8CEA0C258,2,Bank,Handicap Access,Handicap Access,0691BAF7-E5D2-423C-B157-CF0255A5D961,786,1,NA,NA,Complete,09:00:00,13:15:00,NA,NA,NA,NA,NA,NA,1,0,NA,NA,NA,NA,Site,Index,NA,2,1,1,1,1,1,9,2021,37
E8FABFD1-E6AA-45DA-B0BA-3F24B6CE5507,2021-09-15,Nisqually River,District 11,Nisqually salmon 2021,90E0C1BE-159D-40E0-BBAD-E104B44FBB8F,6,Bank,Handicap Access,Handicap Access,0691BAF7-E5D2-423C-B157-CF0255A5D961,786,1,NA,NA,Complete,05:50:00,09:40:00,NA,NA,NA,NA,NA,NA,1,0,NA,NA,NA,NA,Site,Index,NA,2,1,1,1,1,1,9,2021,37
E8FABFD1-E6AA-45DA-B0BA-3F24B6CE5507,2021-09-15,Nisqually River,District 11,Nisqually salmon 2021,7DE3CE26-5197-4D62-83DF-66D9855DA09C,3,Bank,Handicap Access,Handicap Access,0691BAF7-E5D2-423C-B157-CF0255A5D961,786,2,NA,NA,Incomplete,06:00:00,14:30:00,NA,NA,NA,NA,NA,NA,1,0,NA,NA,NA,NA,Site,Index,NA,2,1,1,1,1,1,9,2021,37
E8FABFD1-E6AA-45DA-B0BA-3F24B6CE5507,2021-09-15,Nisqually River,District 11,Nisqually salmon 2021,1B5834C6-B6E4-45FB-B1B7-DEB8265E2AD0,2,Bank,Handicap Access,Handicap Access,0691BAF7-E5D2-423C-B157-CF0255A5D961,786,1,NA,NA,Complete,08:00:00,12:45:00,NA,NA,NA,NA,NA,NA,1,0,NA,NA,NA,NA,Site,Index,NA,2,1,1,1,1,1,9,2021,37
2EC36A22-9909-4BF3-8294-81AE6ED807D8,2021-09-17,Nisqually River,District 11,Nisqually salmon 2021,5C03617E-C63C-4B25-9C43-ED009FFF5547,8,Bank,Handicap Access,Handicap Access,0691BAF7-E5D2-423C-B157-CF0255A5D961,786,1,NA,NA,Complete,11:30:00,12:54:00,NA,NA,NA,NA,NA,NA,1,0,NA,NA,NA,NA,Site,Index,NA,2,1,1,1,1,1,9,2021,38
2EC36A22-9909-4BF3-8294-81AE6ED807D8,2021-09-17,Nisqually River,District 11,Nisqually salmon 2021,B701775B-8407-4335-9354-293E485CE43E,1,Bank,Handicap Access,Handicap Access,0691BAF7-E5D2-423C-B157-CF0255A5D961,786,1,NA,NA,Complete,12:00:00,13:20:00,NA,NA,NA,NA,NA,NA,1,0,NA,NA,NA,NA,Site,Index,NA,2,1,1,1,1,1,9,2021,38
2EC36A22-9909-4BF3-8294-81AE6ED807D8,2021-09-17,Nisqually River,District 11,Nisqually salmon 2021,FA56798E-D130-4E64-BD47-30211161B422,3,Bank,Handicap Access,Handicap Access,0691BAF7-E5D2-423C-B157-CF0255A5D961,786,1,NA,NA,Incomplete,10:00:00,14:30:00,NA,NA,NA,NA,NA,NA,1,0,NA,NA,NA,NA,Site,Index,NA,2,1,1,1,1,1,9,2021,38
2EC36A22-9909-4BF3-8294-81AE6ED807D8,2021-09-17,Nisqually River,District 11,Nisqually salmon 2021,FC4B4A0C-F47E-4932-9D62-92404AF369C8,6,Bank,Handicap Access,Handicap Access,0691BAF7-E5D2-423C-B157-CF0255A5D961,786,1,NA,NA,Incomplete,07:00:00,13:46:00,NA,NA,NA,NA,NA,NA,1,0,NA,NA,NA,NA,Site,Index,NA,2,1,1,1,1,1,9,2021,38
2EC36A22-9909-4BF3-8294-81AE6ED807D8,2021-09-17,Nisqually River,District 11,Nisqually salmon 2021,1F025868-03A2-4B43-A793-DCB9C6BF1A25,7,Bank,Handicap Access,Handicap Access,0691BAF7-E5D2-423C-B157-CF0255A5D961,786,1,NA,NA,Complete,07:00:00,13:00:00,NA,NA,NA,NA,NA,NA,1,0,NA,NA,NA,NA,Site,Index,NA,2,1,1,1,1,1,9,2021,38
2EC36A22-9909-4BF3-8294-81AE6ED807D8,2021-09-17,Nisqually River,District 11,Nisqually salmon 2021,5C784DAA-8DF1-4570-A0C6-B4B9FE67C7D2,10,Boat,Handicap Access,Handicap Access,0691BAF7-E5D2-423C-B157-CF0255A5D961,786,1,NA,NA,Complete,07:00:00,12:00:00,NA,NA,NA,NA,NA,NA,1,1,NA,NA,NA,NA,Site,Index,NA,2,1,1,1,1,1,9,2021,38
5F32514A-732A-4F90-8779-694F8250A065,2021-09-18,Nisqually River,District 11,Nisqually salmon 2021,02591949-ECC2-427B-82F4-09DEA708B2FC,2,Bank,Handicap Access,Handicap Access,0691BAF7-E5D2-423C-B157-CF0255A5D961,786,2,NA,NA,Complete,06:30:00,10:00:00,NA,NA,NA,NA,NA,NA,1,0,NA,NA,NA,NA,Site,Index,NA,2,1,1,1,1,1,9,2021,38
5F32514A-732A-4F90-8779-694F8250A065,2021-09-18,Nisqually River,District 11,Nisqually salmon 2021,1AE28904-2120-4C0D-ADE6-D73BC441845B,5,Bank,Handicap Access,Handicap Access,0691BAF7-E5D2-423C-B157-CF0255A5D961,786,1,NA,NA,Complete,07:30:00,09:30:00,NA,NA,NA,NA,NA,NA,1,0,NA,NA,NA,NA,Site,Index,NA,2,1,1,1,1,1,9,2021,38
5F32514A-732A-4F90-8779-694F8250A065,2021-09-18,Nisqually River,District 11,Nisqually salmon 2021,88CF8C4E-2AB4-417F-B4F6-57966676B898,20,Bank,Handicap Access,Handicap Access,0691BAF7-E5D2-423C-B157-CF0255A5D961,786,1,NA,NA,Incomplete,11:20:00,13:40:00,NA,NA,NA,NA,NA,NA,1,0,NA,NA,NA,NA,Site,Index,NA,2,1,1,1,1,1,9,2021,38
5F32514A-732A-4F90-8779-694F8250A065,2021-09-18,Nisqually River,District 11,Nisqually salmon 2021,84F434DE-C019-4464-854C-684A6790CF48,8,Bank,Handicap Access,Handicap Access,0691BAF7-E5D2-423C-B157-CF0255A5D961,786,1,NA,NA,Complete,07:00:00,09:20:00,NA,NA,NA,NA,NA,NA,1,0,NA,NA,NA,NA,Site,Index,NA,2,1,1,1,1,1,9,2021,38
5F32514A-732A-4F90-8779-694F8250A065,2021-09-18,Nisqually River,District 11,Nisqually salmon 2021,44D530EC-2F1F-45B1-8907-77463D445B1A,18,Bank,Handicap Access,Handicap Access,0691BAF7-E5D2-423C-B157-CF0255A5D961,786,4,NA,NA,Complete,10:00:00,13:24:00,NA,NA,NA,NA,NA,NA,1,0,NA,NA,NA,NA,Site,Index,NA,2,1,1,1,1,1,9,2021,38
A4268B54-7946-418F-A7A7-727E3E633F79,2021-09-20,Nisqually River,District 11,Nisqually salmon 2021,4F5AD6E6-9B50-4E82-8B31-0BC286AB7819,3,Bank,Handicap Access,Handicap Access,0691BAF7-E5D2-423C-B157-CF0255A5D961,786,1,NA,NA,Complete,07:30:00,14:32:00,NA,NA,NA,NA,NA,NA,1,0,NA,NA,NA,NA,Site,Index,NA,2,1,1,1,1,1,9,2021,38
A4268B54-7946-418F-A7A7-727E3E633F79,2021-09-20,Nisqually River,District 11,Nisqually salmon 2021,C390BD06-D15B-4467-AD91-2A079C8ACE48,2,Bank,Handicap Access,Handicap Access,0691BAF7-E5D2-423C-B157-CF0255A5D961,786,1,NA,NA,Complete,11:00:00,14:12:00,NA,NA,NA,NA,NA,NA,1,0,NA,NA,NA,NA,Site,Index,NA,2,1,1,1,1,1,9,2021,38
A4268B54-7946-418F-A7A7-727E3E633F79,2021-09-20,Nisqually River,District 11,Nisqually salmon 2021,816B9686-3D40-4C4D-B70C-F6D96B52815A,7,Bank,Handicap Access,Handicap Access,0691BAF7-E5D2-423C-B157-CF0255A5D961,786,1,NA,NA,Complete,07:00:00,14:45:00,NA,NA,NA,NA,NA,NA,1,0,NA,NA,NA,NA,Site,Index,NA,2,1,1,1,1,1,9,2021,38
A4268B54-7946-418F-A7A7-727E3E633F79,2021-09-20,Nisqually River,District 11,Nisqually salmon 2021,DA9476A9-352F-4BBF-A66E-CB5DD3CAE611,5,Bank,Handicap Access,Handicap Access,0691BAF7-E5D2-423C-B157-CF0255A5D961,786,1,NA,NA,Complete,07:00:00,14:40:00,NA,NA,NA,NA,NA,NA,1,0,NA,NA,NA,NA,Site,Index,NA,2,1,1,1,1,1,9,2021,38
96F03A98-425B-43A2-8CC5-8BDBA8E47F51,2021-10-19,Nisqually River,District 11,Nisqually salmon 2021,EC50DEE7-0273-4E49-99A9-416352F6C555,4,Boat,Handicap Access,Handicap Access,0691BAF7-E5D2-423C-B157-CF0255A5D961,786,1,NA,NA,Complete,09:00:00,17:15:00,NA,NA,NA,NA,NA,NA,1,0,NA,NA,NA,NA,Site,Index,NA,2,1,1,1,1,1,10,2021,42
117F9484-70D0-433B-BBF7-5E319B490660,2021-08-20,Nisqually River,District 11,Nisqually salmon 2021,86F786AB-ECD4-4991-B0DE-3F236E9C145E,27,Bank,Riverbend Campground (Upper and Lower),Riverbend Campground (Upper and Lower),51B3F82E-0CCB-406F-9DA6-5712018D9BDB,786,1,NA,NA,Incomplete,13:00:00,NA,NA,Chinook,NA,NA,NA,NA,1,0,NA,NA,NA,NA,Site,Index,NA,2,1,1,1,1,1,8,2021,34
117F9484-70D0-433B-BBF7-5E319B490660,2021-08-20,Nisqually River,District 11,Nisqually salmon 2021,21F00FAD-9F3C-4A46-B759-BA28BA1A1344,19,Bank,Riverbend Campground (Upper and Lower),Riverbend Campground (Upper and Lower),51B3F82E-0CCB-406F-9DA6-5712018D9BDB,786,1,NA,NA,Incomplete,12:00:00,NA,NA,Chinook,NA,NA,NA,NA,1,0,NA,NA,NA,NA,Site,Index,NA,2,1,1,1,1,1,8,2021,34
117F9484-70D0-433B-BBF7-5E319B490660,2021-08-20,Nisqually River,District 11,Nisqually salmon 2021,49CBC7F0-6046-455B-BEBA-4A3FAE814C0B,36,Bank,Riverbend Campground (Upper and Lower),Riverbend Campground (Upper and Lower),51B3F82E-0CCB-406F-9DA6-5712018D9BDB,786,1,NA,NA,Incomplete,14:00:00,NA,NA,Chinook,NA,NA,NA,NA,1,0,NA,NA,NA,NA,Site,Index,NA,2,1,1,1,1,1,8,2021,34
9EF0920D-CF30-4447-82DD-9ED21589193A,2021-08-21,Nisqually River,District 11,Nisqually salmon 2021,6B98D4D8-3E54-4CCB-917A-03A5E0D04DBF,52,Bank,Riverbend Campground (Upper and Lower),Riverbend Campground (Upper and Lower),51B3F82E-0CCB-406F-9DA6-5712018D9BDB,786,4,NA,NA,Incomplete,09:00:00,NA,NA,Chinook,NA,NA,NA,NA,2,0,NA,NA,NA,NA,Site,Index,NA,2,1,1,1,1,1,8,2021,34
6F8077A8-9628-4680-B77B-6B7BD03A2B12,2021-08-26,Nisqually River,District 11,Nisqually salmon 2021,DDAB4A06-96E9-4ED2-83D9-A52D4DA89B1E,33,Bank,Riverbend Campground (Upper and Lower),Riverbend Campground (Upper and Lower),51B3F82E-0CCB-406F-9DA6-5712018D9BDB,786,9,NA,NA,Incomplete,06:30:00,15:45:00,NA,Chinook,NA,NA,NA,NA,3,0,NA,NA,NA,NA,Site,Index,NA,2,1,1,1,1,1,8,2021,34
85DBBB7C-62CA-45BE-95E0-4E57289AB4BC,2021-08-27,Nisqually River,District 11,Nisqually salmon 2021,B74530BE-C8C9-42E1-B485-DEAB1620C297,62,Boat,Riverbend Campground (Upper and Lower),Riverbend Campground (Upper and Lower),51B3F82E-0CCB-406F-9DA6-5712018D9BDB,786,3,NA,NA,Complete,06:30:00,15:45:00,NA,Chinook,NA,NA,NA,NA,0,1,NA,NA,NA,NA,Site,Index,NA,2,1,1,1,1,1,8,2021,35
85DBBB7C-62CA-45BE-95E0-4E57289AB4BC,2021-08-27,Nisqually River,District 11,Nisqually salmon 2021,5EFC16DD-CE29-49BE-BB4C-A92DE1B2EC43,31,Bank,Riverbend Campground (Upper and Lower),Riverbend Campground (Upper and Lower),51B3F82E-0CCB-406F-9DA6-5712018D9BDB,786,1,NA,NA,Complete,10:00:00,13:30:00,NA,Chinook,NA,NA,NA,NA,1,0,NA,NA,NA,NA,Site,Index,NA,2,1,1,1,1,1,8,2021,35
85DBBB7C-62CA-45BE-95E0-4E57289AB4BC,2021-08-27,Nisqually River,District 11,Nisqually salmon 2021,8A912024-7402-4F2E-9089-8BB4647F724C,28,Bank,Riverbend Campground (Upper and Lower),Riverbend Campground (Upper and Lower),51B3F82E-0CCB-406F-9DA6-5712018D9BDB,786,1,NA,NA,Complete,08:00:00,14:23:00,NA,Chinook,NA,NA,NA,NA,1,0,NA,NA,NA,NA,Site,Index,NA,2,1,1,1,1,1,8,2021,35
85DBBB7C-62CA-45BE-95E0-4E57289AB4BC,2021-08-27,Nisqually River,District 11,Nisqually salmon 2021,1B44AB83-DDD2-4107-8A4F-81FC53FCEAF7,27,Bank,Riverbend Campground (Upper and Lower),Riverbend Campground (Upper and Lower),51B3F82E-0CCB-406F-9DA6-5712018D9BDB,786,1,NA,NA,Incomplete,06:00:00,15:05:00,NA,Chinook,NA,NA,NA,NA,1,0,NA,NA,NA,NA,Site,Index,NA,2,1,1,1,1,1,8,2021,35
85DBBB7C-62CA-45BE-95E0-4E57289AB4BC,2021-08-27,Nisqually River,District 11,Nisqually salmon 2021,1C8DEE20-A9B9-4B48-8855-32DB39626037,23,Bank,Riverbend Campground (Upper and Lower),Riverbend Campground (Upper and Lower),51B3F82E-0CCB-406F-9DA6-5712018D9BDB,786,1,NA,NA,Complete,13:00:00,14:15:00,NA,Chinook,NA,NA,NA,NA,1,0,NA,NA,NA,NA,Site,Index,NA,2,1,1,1,1,1,8,2021,35
85DBBB7C-62CA-45BE-95E0-4E57289AB4BC,2021-08-27,Nisqually River,District 11,Nisqually salmon 2021,B961D230-3FAB-4680-83D6-6347C5285362,20,Bank,Riverbend Campground (Upper and Lower),Riverbend Campground (Upper and Lower),51B3F82E-0CCB-406F-9DA6-5712018D9BDB,786,1,NA,NA,Incomplete,05:30:00,15:23:00,NA,Chinook,NA,NA,NA,NA,1,0,NA,NA,NA,NA,Site,Index,NA,2,1,1,1,1,1,8,2021,35
85DBBB7C-62CA-45BE-95E0-4E57289AB4BC,2021-08-27,Nisqually River,District 11,Nisqually salmon 2021,EF98E16D-79BA-49CA-B5B1-861E728EDFF6,12,Bank,Riverbend Campground (Upper and Lower),Riverbend Campground (Upper and Lower),51B3F82E-0CCB-406F-9DA6-5712018D9BDB,786,5,NA,NA,Complete,05:30:00,14:30:00,NA,Chinook,NA,NA,NA,NA,3,0,NA,NA,NA,NA,Site,Index,NA,2,1,1,1,1,1,8,2021,35
A9B09E47-3281-4928-A171-019AB31484CA,2021-08-28,Nisqually River,District 11,Nisqually salmon 2021,041E2333-A88A-4B83-971A-33AC73D643F9,1,Bank,Riverbend Campground (Upper and Lower),Riverbend Campground (Upper and Lower),51B3F82E-0CCB-406F-9DA6-5712018D9BDB,786,1,NA,NA,Complete,05:25:00,13:30:00,NA,Chinook,NA,NA,NA,NA,1,0,NA,NA,NA,NA,Site,Index,NA,2,1,1,1,1,1,8,2021,35
A9B09E47-3281-4928-A171-019AB31484CA,2021-08-28,Nisqually River,District 11,Nisqually salmon 2021,7756884E-BB25-4E64-9E1C-3E4811433A8C,12,Bank,Riverbend Campground (Upper and Lower),Riverbend Campground (Upper and Lower),51B3F82E-0CCB-406F-9DA6-5712018D9BDB,786,6,NA,NA,Complete,06:00:00,13:30:00,NA,Chinook,NA,NA,NA,NA,4,0,NA,NA,NA,NA,Site,Index,NA,2,1,1,1,1,1,8,2021,35
A9B09E47-3281-4928-A171-019AB31484CA,2021-08-28,Nisqually River,District 11,Nisqually salmon 2021,4BBCEF13-CF36-472B-B8B8-659E0B3B9EBE,9,Bank,Riverbend Campground (Upper and Lower),Riverbend Campground (Upper and Lower),51B3F82E-0CCB-406F-9DA6-5712018D9BDB,786,6,NA,NA,Complete,14:45:00,16:00:00,NA,Chinook,NA,NA,NA,NA,2,0,NA,NA,NA,NA,Site,Index,NA,2,1,1,1,1,1,8,2021,35
6852040D-D75B-4A50-974A-FD88088E633E,2021-08-31,Nisqually River,District 11,Nisqually salmon 2021,4C62970E-9713-46E2-9D63-F767D5A46D8B,36,Bank,Riverbend Campground (Upper and Lower),Riverbend Campground (Upper and Lower),51B3F82E-0CCB-406F-9DA6-5712018D9BDB,786,1,NA,NA,Incomplete,08:00:00,12:00:00,NA,Chinook,NA,NA,NA,NA,1,0,NA,NA,NA,NA,Site,Index,NA,2,1,1,1,1,1,8,2021,35
6852040D-D75B-4A50-974A-FD88088E633E,2021-08-31,Nisqually River,District 11,Nisqually salmon 2021,F2CABD1A-C261-43EF-B382-9D9C7E19E8EC,34,Bank,Riverbend Campground (Upper and Lower),Riverbend Campground (Upper and Lower),51B3F82E-0CCB-406F-9DA6-5712018D9BDB,786,1,NA,NA,Incomplete,10:30:00,11:41:00,NA,Chinook,NA,NA,NA,NA,1,0,NA,NA,NA,NA,Site,Index,NA,2,1,1,1,1,1,8,2021,35
6852040D-D75B-4A50-974A-FD88088E633E,2021-08-31,Nisqually River,District 11,Nisqually salmon 2021,054AEACC-12D7-4072-ABBE-D90665486896,31,Bank,Riverbend Campground (Upper and Lower),Riverbend Campground (Upper and Lower),51B3F82E-0CCB-406F-9DA6-5712018D9BDB,786,2,NA,NA,Complete,06:00:00,11:25:00,NA,Chinook,NA,NA,NA,NA,1,0,NA,NA,NA,NA,Site,Index,NA,2,1,1,1,1,1,8,2021,35
8BA0206D-3BCD-42D3-8164-FD7522FFFA7C,2021-09-01,Nisqually River,District 11,Nisqually salmon 2021,6A71F409-2F5D-415E-8350-679BE7F31510,17,Bank,Riverbend Campground (Upper and Lower),Riverbend Campground (Upper and Lower),51B3F82E-0CCB-406F-9DA6-5712018D9BDB,786,1,NA,NA,Incomplete,07:00:00,12:18:00,NA,Chinook,NA,NA,NA,NA,1,0,NA,NA,NA,NA,Site,Index,NA,2,1,1,1,1,1,9,2021,35
8BA0206D-3BCD-42D3-8164-FD7522FFFA7C,2021-09-01,Nisqually River,District 11,Nisqually salmon 2021,5F33A8B3-CCEB-4167-A8E3-A9148ED541C7,15,Bank,Riverbend Campground (Upper and Lower),Riverbend Campground (Upper and Lower),51B3F82E-0CCB-406F-9DA6-5712018D9BDB,786,7,NA,NA,Incomplete,12:00:00,12:28:00,NA,Chinook,NA,NA,NA,NA,4,0,NA,NA,NA,NA,Site,Index,NA,2,1,1,1,1,1,9,2021,35
8BA0206D-3BCD-42D3-8164-FD7522FFFA7C,2021-09-01,Nisqually River,District 11,Nisqually salmon 2021,F23D9092-7FA0-4DD0-8BC9-A038AA707367,23,Bank,Riverbend Campground (Upper and Lower),Riverbend Campground (Upper and Lower),51B3F82E-0CCB-406F-9DA6-5712018D9BDB,786,3,NA,NA,Incomplete,06:00:00,11:20:00,NA,Chinook,NA,NA,NA,NA,3,0,NA,NA,NA,NA,Site,Index,NA,2,1,1,1,1,1,9,2021,35
9B3030AF-0EE6-4914-AE7E-66847EF2E3A9,2021-09-03,Nisqually River,District 11,Nisqually salmon 2021,F259E984-8D07-4C31-B92C-4EB754F85ABA,64,Bank,Riverbend Campground (Upper and Lower),Riverbend Campground (Upper and Lower),51B3F82E-0CCB-406F-9DA6-5712018D9BDB,786,4,NA,NA,Incomplete,06:00:00,14:01:00,NA,Chinook,NA,NA,NA,NA,3,0,NA,NA,NA,NA,Site,Index,NA,2,1,1,1,1,1,9,2021,36
9B3030AF-0EE6-4914-AE7E-66847EF2E3A9,2021-09-03,Nisqually River,District 11,Nisqually salmon 2021,8E83BAAC-CD05-4C11-9D64-12C4DC675274,62,Bank,Riverbend Campground (Upper and Lower),Riverbend Campground (Upper and Lower),51B3F82E-0CCB-406F-9DA6-5712018D9BDB,786,1,NA,NA,Incomplete,08:00:00,13:33:00,NA,Chinook,NA,NA,NA,NA,1,0,NA,NA,NA,NA,Site,Index,NA,2,1,1,1,1,1,9,2021,36
9B3030AF-0EE6-4914-AE7E-66847EF2E3A9,2021-09-03,Nisqually River,District 11,Nisqually salmon 2021,076E0C8E-921B-4740-8E2B-7DEB6111034D,56,Bank,Riverbend Campground (Upper and Lower),Riverbend Campground (Upper and Lower),51B3F82E-0CCB-406F-9DA6-5712018D9BDB,786,2,NA,NA,Incomplete,11:00:00,NA,NA,Chinook,NA,NA,NA,NA,1,0,NA,NA,NA,NA,Site,Index,NA,2,1,1,1,1,1,9,2021,36
9B3030AF-0EE6-4914-AE7E-66847EF2E3A9,2021-09-03,Nisqually River,District 11,Nisqually salmon 2021,0F47D74A-540A-454C-A3BC-419F8BE682C3,22,Bank,Riverbend Campground (Upper and Lower),Riverbend Campground (Upper and Lower),51B3F82E-0CCB-406F-9DA6-5712018D9BDB,786,1,NA,NA,Incomplete,06:10:00,10:12:00,NA,Chinook,NA,NA,NA,NA,1,0,NA,NA,NA,NA,Site,Index,NA,2,1,1,1,1,1,9,2021,36
9B3030AF-0EE6-4914-AE7E-66847EF2E3A9,2021-09-03,Nisqually River,District 11,Nisqually salmon 2021,72B580BD-D2E0-4B27-9C26-AA6496D5CD90,9,Bank,Riverbend Campground (Upper and Lower),Riverbend Campground (Upper and Lower),51B3F82E-0CCB-406F-9DA6-5712018D9BDB,786,4,NA,NA,Incomplete,12:30:00,NA,NA,Chinook,NA,NA,NA,NA,2,0,NA,NA,NA,NA,Site,Index,NA,2,1,1,1,1,1,9,2021,36
9B3030AF-0EE6-4914-AE7E-66847EF2E3A9,2021-09-03,Nisqually River,District 11,Nisqually salmon 2021,F3077561-C804-4C27-B908-8194A999423F,19,Bank,Riverbend Campground (Upper and Lower),Riverbend Campground (Upper and Lower),51B3F82E-0CCB-406F-9DA6-5712018D9BDB,786,3,NA,NA,Complete,06:00:00,10:30:00,NA,Chinook,NA,NA,NA,NA,2,0,NA,NA,NA,NA,Site,Index,NA,2,1,1,1,1,1,9,2021,36
9B3030AF-0EE6-4914-AE7E-66847EF2E3A9,2021-09-03,Nisqually River,District 11,Nisqually salmon 2021,1C85AFBC-BA39-418D-B235-2244ABCB2CD1,31,Bank,Riverbend Campground (Upper and Lower),Riverbend Campground (Upper and Lower),51B3F82E-0CCB-406F-9DA6-5712018D9BDB,786,1,NA,NA,Incomplete,08:00:00,10:59:00,NA,Chinook,NA,NA,NA,NA,1,0,NA,NA,NA,NA,Site,Index,NA,2,1,1,1,1,1,9,2021,36
8025C08A-3CE3-4A7C-B2AB-842303BCA7F6,2021-09-07,Nisqually River,District 11,Nisqually salmon 2021,776C5727-E5F0-4CAE-B038-F87224CA2FEE,42,Bank,Riverbend Campground (Upper and Lower),Riverbend Campground (Upper and Lower),51B3F82E-0CCB-406F-9DA6-5712018D9BDB,786,2,NA,NA,Incomplete,07:30:00,NA,NA,Chinook,NA,NA,NA,NA,1,0,NA,NA,NA,NA,Site,Index,NA,2,1,1,1,1,1,9,2021,36
8025C08A-3CE3-4A7C-B2AB-842303BCA7F6,2021-09-07,Nisqually River,District 11,Nisqually salmon 2021,F4C61DE6-9BE3-45D2-9D53-DFCD73C40CD1,31,Bank,Riverbend Campground (Upper and Lower),Riverbend Campground (Upper and Lower),51B3F82E-0CCB-406F-9DA6-5712018D9BDB,786,1,NA,NA,Complete,07:30:00,11:36:00,NA,Chinook,NA,NA,NA,NA,1,0,NA,NA,NA,NA,Site,Index,NA,2,1,1,1,1,1,9,2021,36
8025C08A-3CE3-4A7C-B2AB-842303BCA7F6,2021-09-07,Nisqually River,District 11,Nisqually salmon 2021,6C6064AC-9963-47C1-9EC8-A76F705A525E,32,Bank,Riverbend Campground (Upper and Lower),Riverbend Campground (Upper and Lower),51B3F82E-0CCB-406F-9DA6-5712018D9BDB,786,2,NA,NA,Incomplete,06:15:00,NA,NA,Chinook,NA,NA,NA,NA,2,0,NA,NA,NA,NA,Site,Index,NA,2,1,1,1,1,1,9,2021,36
8025C08A-3CE3-4A7C-B2AB-842303BCA7F6,2021-09-07,Nisqually River,District 11,Nisqually salmon 2021,A333DF09-9E7A-49F8-ACD0-992C27EBC297,30,Bank,Riverbend Campground (Upper and Lower),Riverbend Campground (Upper and Lower),51B3F82E-0CCB-406F-9DA6-5712018D9BDB,786,2,NA,NA,Complete,08:30:00,11:30:00,NA,Chinook,NA,NA,NA,NA,1,0,NA,NA,NA,NA,Site,Index,NA,2,1,1,1,1,1,9,2021,36
8025C08A-3CE3-4A7C-B2AB-842303BCA7F6,2021-09-07,Nisqually River,District 11,Nisqually salmon 2021,92499E24-0B5D-465F-BB8A-D0B087DD7224,39,Bank,Riverbend Campground (Upper and Lower),Riverbend Campground (Upper and Lower),51B3F82E-0CCB-406F-9DA6-5712018D9BDB,786,2,NA,NA,Complete,10:00:00,12:53:00,NA,Chinook,NA,NA,NA,NA,1,0,NA,NA,NA,NA,Site,Index,NA,2,1,1,1,1,1,9,2021,36
8025C08A-3CE3-4A7C-B2AB-842303BCA7F6,2021-09-07,Nisqually River,District 11,Nisqually salmon 2021,C8CDCAC1-D89F-4D9A-8A21-CDF2DDCDC63A,44,Bank,Riverbend Campground (Upper and Lower),Riverbend Campground (Upper and Lower),51B3F82E-0CCB-406F-9DA6-5712018D9BDB,786,1,NA,NA,Complete,07:30:00,12:20:00,NA,Chinook,NA,NA,NA,NA,1,0,NA,NA,NA,NA,Site,Index,NA,2,1,1,1,1,1,9,2021,36
8025C08A-3CE3-4A7C-B2AB-842303BCA7F6,2021-09-07,Nisqually River,District 11,Nisqually salmon 2021,97F98167-A66C-4330-A8D4-B81D86C8C348,27,Bank,Riverbend Campground (Upper and Lower),Riverbend Campground (Upper and Lower),51B3F82E-0CCB-406F-9DA6-5712018D9BDB,786,1,NA,NA,Incomplete,06:00:00,NA,NA,Chinook,NA,NA,NA,NA,1,0,NA,NA,NA,NA,Site,Index,NA,2,1,1,1,1,1,9,2021,36
8025C08A-3CE3-4A7C-B2AB-842303BCA7F6,2021-09-07,Nisqually River,District 11,Nisqually salmon 2021,743D624C-3C56-4930-AAE3-816259699197,24,Bank,Riverbend Campground (Upper and Lower),Riverbend Campground (Upper and Lower),51B3F82E-0CCB-406F-9DA6-5712018D9BDB,786,1,NA,NA,Incomplete,05:40:00,NA,NA,Chinook,NA,NA,NA,NA,1,0,NA,NA,NA,NA,Site,Index,NA,2,1,1,1,1,1,9,2021,36
E3463D52-498F-4925-B2DA-36BB78438189,2021-09-08,Nisqually River,District 11,Nisqually salmon 2021,BF12C97D-177D-4F16-8C0F-ECAD4570734B,27,Bank,Riverbend Campground (Upper and Lower),Riverbend Campground (Upper and Lower),51B3F82E-0CCB-406F-9DA6-5712018D9BDB,786,4,NA,NA,Complete,08:00:00,12:11:00,NA,Chinook,NA,NA,NA,NA,3,0,NA,NA,NA,NA,Site,Index,NA,2,1,1,1,1,1,9,2021,36
E3463D52-498F-4925-B2DA-36BB78438189,2021-09-08,Nisqually River,District 11,Nisqually salmon 2021,C45FF5D7-123F-4505-BC03-C519194D2168,24,Bank,Riverbend Campground (Upper and Lower),Riverbend Campground (Upper and Lower),51B3F82E-0CCB-406F-9DA6-5712018D9BDB,786,1,NA,NA,Complete,09:00:00,11:15:00,NA,Chinook,NA,NA,NA,NA,1,0,NA,NA,NA,NA,Site,Index,NA,2,1,1,1,1,1,9,2021,36
E3463D52-498F-4925-B2DA-36BB78438189,2021-09-08,Nisqually River,District 11,Nisqually salmon 2021,3006280A-DDB8-4168-8969-9BDBFCCB67F8,20,Bank,Riverbend Campground (Upper and Lower),Riverbend Campground (Upper and Lower),51B3F82E-0CCB-406F-9DA6-5712018D9BDB,786,4,NA,NA,Complete,06:30:00,11:25:00,NA,Chinook,NA,NA,NA,NA,1,0,NA,NA,NA,NA,Site,Index,NA,2,1,1,1,1,1,9,2021,36
E3463D52-498F-4925-B2DA-36BB78438189,2021-09-08,Nisqually River,District 11,Nisqually salmon 2021,00D398E7-CA59-4C10-B830-DDAD997799EF,12,Bank,Riverbend Campground (Upper and Lower),Riverbend Campground (Upper and Lower),51B3F82E-0CCB-406F-9DA6-5712018D9BDB,786,1,NA,NA,Complete,06:00:00,11:42:00,NA,Chinook,NA,NA,NA,NA,1,0,NA,NA,NA,NA,Site,Index,NA,2,1,1,1,1,1,9,2021,36
E3463D52-498F-4925-B2DA-36BB78438189,2021-09-08,Nisqually River,District 11,Nisqually salmon 2021,C45D7281-B21C-45F4-A7E4-DC145DBCCC75,10,Bank,Riverbend Campground (Upper and Lower),Riverbend Campground (Upper and Lower),51B3F82E-0CCB-406F-9DA6-5712018D9BDB,786,1,NA,NA,Complete,12:00:00,12:18:00,NA,Chinook,NA,NA,NA,NA,1,0,NA,NA,NA,NA,Site,Index,NA,2,1,1,1,1,1,9,2021,36
E3463D52-498F-4925-B2DA-36BB78438189,2021-09-08,Nisqually River,District 11,Nisqually salmon 2021,47C95157-1182-49AC-9CEA-4EC6D38C4955,3,Bank,Riverbend Campground (Upper and Lower),Riverbend Campground (Upper and Lower),51B3F82E-0CCB-406F-9DA6-5712018D9BDB,786,2,NA,NA,Complete,11:30:00,12:34:00,NA,Chinook,NA,NA,NA,NA,1,0,NA,NA,NA,NA,Site,Index,NA,2,1,1,1,1,1,9,2021,36
7213CBC4-9E97-42EE-B159-A701623549BF,2021-09-11,Nisqually River,District 11,Nisqually salmon 2021,F5F6D56C-007F-47CC-BA06-998337EF6622,43,Bank,Riverbend Campground (Upper and Lower),Riverbend Campground (Upper and Lower),51B3F82E-0CCB-406F-9DA6-5712018D9BDB,786,2,NA,NA,Incomplete,05:45:00,10:50:00,NA,Chinook,NA,NA,NA,NA,1,0,NA,NA,NA,NA,Site,Index,NA,2,1,1,1,1,1,9,2021,37
7213CBC4-9E97-42EE-B159-A701623549BF,2021-09-11,Nisqually River,District 11,Nisqually salmon 2021,81593E3B-896B-4986-9815-3E97C641990A,42,Bank,Riverbend Campground (Upper and Lower),Riverbend Campground (Upper and Lower),51B3F82E-0CCB-406F-9DA6-5712018D9BDB,786,4,NA,NA,Incomplete,08:45:00,10:42:00,NA,Chinook,NA,NA,NA,NA,0,0,NA,NA,NA,NA,Site,Index,NA,2,1,1,1,1,1,9,2021,37
7213CBC4-9E97-42EE-B159-A701623549BF,2021-09-11,Nisqually River,District 11,Nisqually salmon 2021,EF352FF9-F121-46C8-A99E-038609153AB0,52,Bank,Riverbend Campground (Upper and Lower),Riverbend Campground (Upper and Lower),51B3F82E-0CCB-406F-9DA6-5712018D9BDB,786,5,NA,NA,Incomplete,08:30:00,12:33:00,NA,Chinook,NA,NA,NA,NA,2,0,NA,NA,NA,NA,Site,Index,NA,2,1,1,1,1,1,9,2021,37
7213CBC4-9E97-42EE-B159-A701623549BF,2021-09-11,Nisqually River,District 11,Nisqually salmon 2021,768AD200-188A-40D7-BEE1-3F62EBFECB0B,53,Bank,Riverbend Campground (Upper and Lower),Riverbend Campground (Upper and Lower),51B3F82E-0CCB-406F-9DA6-5712018D9BDB,786,6,NA,NA,Incomplete,06:00:00,11:14:00,NA,Chinook,NA,NA,NA,NA,4,0,NA,NA,NA,NA,Site,Index,NA,2,1,1,1,1,1,9,2021,37
7213CBC4-9E97-42EE-B159-A701623549BF,2021-09-11,Nisqually River,District 11,Nisqually salmon 2021,F47CE366-F8CC-404B-95CE-6A27B28FCB96,55,Bank,Riverbend Campground (Upper and Lower),Riverbend Campground (Upper and Lower),51B3F82E-0CCB-406F-9DA6-5712018D9BDB,786,3,NA,NA,Complete,05:45:00,11:11:00,NA,Chinook,NA,NA,NA,NA,2,0,NA,NA,NA,NA,Site,Index,NA,2,1,1,1,1,1,9,2021,37
7213CBC4-9E97-42EE-B159-A701623549BF,2021-09-11,Nisqually River,District 11,Nisqually salmon 2021,3FCB7F2C-6DAE-4175-873A-DF56D889AB14,60,Bank,Riverbend Campground (Upper and Lower),Riverbend Campground (Upper and Lower),51B3F82E-0CCB-406F-9DA6-5712018D9BDB,786,2,NA,NA,Incomplete,06:30:00,12:55:00,NA,Chinook,NA,NA,NA,NA,1,0,NA,NA,NA,NA,Site,Index,NA,2,1,1,1,1,1,9,2021,37
7213CBC4-9E97-42EE-B159-A701623549BF,2021-09-11,Nisqually River,District 11,Nisqually salmon 2021,270847B5-77AE-446F-BD09-B38B3AEAF036,28,Bank,Riverbend Campground (Upper and Lower),Riverbend Campground (Upper and Lower),51B3F82E-0CCB-406F-9DA6-5712018D9BDB,786,1,NA,NA,Incomplete,07:45:00,13:00:00,NA,Chinook,NA,NA,NA,NA,1,0,NA,NA,NA,NA,Site,Index,NA,2,1,1,1,1,1,9,2021,37
7213CBC4-9E97-42EE-B159-A701623549BF,2021-09-11,Nisqually River,District 11,Nisqually salmon 2021,E8B8AF7D-0819-4E04-A0C6-43E557B7506C,11,Bank,Riverbend Campground (Upper and Lower),Riverbend Campground (Upper and Lower),51B3F82E-0CCB-406F-9DA6-5712018D9BDB,786,2,NA,NA,Incomplete,07:00:00,13:23:00,NA,Chinook,NA,NA,NA,NA,1,0,NA,NA,NA,NA,Site,Index,NA,2,1,1,1,1,1,9,2021,37
AEC558FB-F14D-4AD7-949A-4D832348DF01,2021-09-14,Nisqually River,District 11,Nisqually salmon 2021,8E45683A-DBDF-48CE-B867-601A8D3F338F,22,Bank,Riverbend Campground (Upper and Lower),Riverbend Campground (Upper and Lower),51B3F82E-0CCB-406F-9DA6-5712018D9BDB,786,2,NA,NA,Complete,06:00:00,10:55:00,NA,Chinook,NA,NA,NA,NA,2,0,NA,NA,NA,NA,Site,Index,NA,2,1,1,1,1,1,9,2021,37
AEC558FB-F14D-4AD7-949A-4D832348DF01,2021-09-14,Nisqually River,District 11,Nisqually salmon 2021,3C121A22-D36D-46EC-A48D-E56AE744C450,18,Bank,Riverbend Campground (Upper and Lower),Riverbend Campground (Upper and Lower),51B3F82E-0CCB-406F-9DA6-5712018D9BDB,786,2,NA,NA,Complete,06:30:00,14:00:00,NA,Chinook,NA,NA,NA,NA,2,0,NA,NA,NA,NA,Site,Index,NA,2,1,1,1,1,1,9,2021,37
AEC558FB-F14D-4AD7-949A-4D832348DF01,2021-09-14,Nisqually River,District 11,Nisqually salmon 2021,E03B26C0-1F8C-4764-8396-829F53F2DAC0,38,Bank,Riverbend Campground (Upper and Lower),Riverbend Campground (Upper and Lower),51B3F82E-0CCB-406F-9DA6-5712018D9BDB,786,1,NA,NA,Complete,08:30:00,13:40:00,NA,Chinook,NA,NA,NA,NA,1,0,NA,NA,NA,NA,Site,Index,NA,2,1,1,1,1,1,9,2021,37
AEC558FB-F14D-4AD7-949A-4D832348DF01,2021-09-14,Nisqually River,District 11,Nisqually salmon 2021,B6562155-52E7-44A1-823D-35DB372F9599,29,Bank,Riverbend Campground (Upper and Lower),Riverbend Campground (Upper and Lower),51B3F82E-0CCB-406F-9DA6-5712018D9BDB,786,1,NA,NA,Complete,09:00:00,13:30:00,NA,Chinook,NA,NA,NA,NA,1,0,NA,NA,NA,NA,Site,Index,NA,2,1,1,1,1,1,9,2021,37
FB4E21C4-B5DE-4ABE-89C0-5052DF511203,2021-09-15,Nisqually River,District 11,Nisqually salmon 2021,64074EB0-7C12-44F9-8DCE-9CF864864135,19,Bank,Riverbend Campground (Upper and Lower),Riverbend Campground (Upper and Lower),51B3F82E-0CCB-406F-9DA6-5712018D9BDB,786,1,NA,NA,Complete,06:30:00,13:00:00,NA,Chinook,NA,NA,NA,NA,1,0,NA,NA,NA,NA,Site,Index,NA,2,1,1,1,1,1,9,2021,37
FB4E21C4-B5DE-4ABE-89C0-5052DF511203,2021-09-15,Nisqually River,District 11,Nisqually salmon 2021,950A514D-64A6-43F6-ABD7-E9F63048F971,20,Bank,Riverbend Campground (Upper and Lower),Riverbend Campground (Upper and Lower),51B3F82E-0CCB-406F-9DA6-5712018D9BDB,786,1,NA,NA,Complete,06:00:00,13:00:00,NA,Chinook,NA,NA,NA,NA,1,0,NA,NA,NA,NA,Site,Index,NA,2,1,1,1,1,1,9,2021,37
FB4E21C4-B5DE-4ABE-89C0-5052DF511203,2021-09-15,Nisqually River,District 11,Nisqually salmon 2021,105883A3-8189-4160-9750-AA07E2D1BCA8,22,Bank,Riverbend Campground (Upper and Lower),Riverbend Campground (Upper and Lower),51B3F82E-0CCB-406F-9DA6-5712018D9BDB,786,2,NA,NA,Complete,09:00:00,11:45:00,NA,Chinook,NA,NA,NA,NA,1,0,NA,NA,NA,NA,Site,Index,NA,2,1,1,1,1,1,9,2021,37
FB4E21C4-B5DE-4ABE-89C0-5052DF511203,2021-09-15,Nisqually River,District 11,Nisqually salmon 2021,069CCD05-9989-45CF-891A-31AB8DC664AB,24,Bank,Riverbend Campground (Upper and Lower),Riverbend Campground (Upper and Lower),51B3F82E-0CCB-406F-9DA6-5712018D9BDB,786,1,NA,NA,Complete,10:30:00,14:00:00,NA,Chinook,NA,NA,NA,NA,1,0,NA,NA,NA,NA,Site,Index,NA,2,1,1,1,1,1,9,2021,37
FB4E21C4-B5DE-4ABE-89C0-5052DF511203,2021-09-15,Nisqually River,District 11,Nisqually salmon 2021,4D1013F4-248D-453C-B510-624D89373706,31,Boat,Riverbend Campground (Upper and Lower),Riverbend Campground (Upper and Lower),51B3F82E-0CCB-406F-9DA6-5712018D9BDB,786,3,NA,NA,Complete,08:00:00,14:20:00,NA,Chinook,NA,NA,NA,NA,1,1,NA,NA,NA,NA,Site,Index,NA,2,1,1,1,1,1,9,2021,37
FB4E21C4-B5DE-4ABE-89C0-5052DF511203,2021-09-15,Nisqually River,District 11,Nisqually salmon 2021,1BA151CB-16F9-43E0-A82C-918AC12C5125,43,Bank,Riverbend Campground (Upper and Lower),Riverbend Campground (Upper and Lower),51B3F82E-0CCB-406F-9DA6-5712018D9BDB,786,1,NA,NA,Incomplete,08:00:00,15:10:00,NA,Chinook,NA,NA,NA,NA,1,0,NA,NA,NA,NA,Site,Index,NA,2,1,1,1,1,1,9,2021,37
FB4E21C4-B5DE-4ABE-89C0-5052DF511203,2021-09-15,Nisqually River,District 11,Nisqually salmon 2021,020DB346-5EC9-47C4-8D57-E256FE9CE21A,48,Bank,Riverbend Campground (Upper and Lower),Riverbend Campground (Upper and Lower),51B3F82E-0CCB-406F-9DA6-5712018D9BDB,786,1,NA,NA,Complete,13:00:00,14:00:00,NA,Chinook,NA,NA,NA,NA,1,0,NA,NA,NA,NA,Site,Index,NA,2,1,1,1,1,1,9,2021,37
083DFCAC-ACA6-43B8-8374-B09633CAF594,2021-09-17,Nisqually River,District 11,Nisqually salmon 2021,639AAB9E-D059-4C83-BDAA-B7424E1107C2,42,Bank,Riverbend Campground (Upper and Lower),Riverbend Campground (Upper and Lower),51B3F82E-0CCB-406F-9DA6-5712018D9BDB,786,1,NA,NA,Complete,14:00:00,15:30:00,NA,Chinook,NA,NA,NA,NA,1,0,NA,NA,NA,NA,Site,Index,NA,2,1,1,1,1,1,9,2021,38
083DFCAC-ACA6-43B8-8374-B09633CAF594,2021-09-17,Nisqually River,District 11,Nisqually salmon 2021,083E16A1-52AF-4194-AB05-DBC0FAC9CA6E,43,Bank,Riverbend Campground (Upper and Lower),Riverbend Campground (Upper and Lower),51B3F82E-0CCB-406F-9DA6-5712018D9BDB,786,1,NA,NA,Complete,14:30:00,15:30:00,NA,Chinook,NA,NA,NA,NA,1,0,NA,NA,NA,NA,Site,Index,NA,2,1,1,1,1,1,9,2021,38
083DFCAC-ACA6-43B8-8374-B09633CAF594,2021-09-17,Nisqually River,District 11,Nisqually salmon 2021,E717508D-B30C-452A-A38C-B993E5BF252D,27,Boat,Riverbend Campground (Upper and Lower),Riverbend Campground (Upper and Lower),51B3F82E-0CCB-406F-9DA6-5712018D9BDB,786,3,NA,NA,Complete,07:30:00,15:05:00,NA,Chinook,NA,NA,NA,NA,2,0,NA,NA,NA,NA,Site,Index,NA,2,1,1,1,1,1,9,2021,38
BC859AFE-7C64-415F-B5F5-50244C6E1907,2021-09-18,Nisqually River,District 11,Nisqually salmon 2021,FEE97031-174A-4578-B970-177554E5655D,2,Bank,Riverbend Campground (Upper and Lower),Riverbend Campground (Upper and Lower),51B3F82E-0CCB-406F-9DA6-5712018D9BDB,786,2,NA,NA,Complete,06:00:00,11:45:00,NA,Chinook,NA,NA,NA,NA,1,0,NA,NA,NA,NA,Site,Index,NA,2,1,1,1,1,1,9,2021,38
BC859AFE-7C64-415F-B5F5-50244C6E1907,2021-09-18,Nisqually River,District 11,Nisqually salmon 2021,58B8AE8E-95A9-4F72-8CC5-B871A8F8C46A,45,Bank,Riverbend Campground (Upper and Lower),Riverbend Campground (Upper and Lower),51B3F82E-0CCB-406F-9DA6-5712018D9BDB,786,2,NA,NA,Complete,06:30:00,13:00:00,NA,Chinook,NA,NA,NA,NA,1,0,NA,NA,NA,NA,Site,Index,NA,2,1,1,1,1,1,9,2021,38
B35CE0FF-E7A6-40CC-81BB-7FEB5507D1BB,2021-09-19,Nisqually River,District 11,Nisqually salmon 2021,BAAB9B74-90EA-41B6-8042-C734776B2346,8,Bank,Riverbend Campground (Upper and Lower),Riverbend Campground (Upper and Lower),51B3F82E-0CCB-406F-9DA6-5712018D9BDB,786,1,NA,NA,Complete,08:00:00,12:20:00,NA,NA,NA,NA,NA,NA,1,0,NA,NA,NA,NA,Site,Index,NA,2,1,1,1,1,1,9,2021,38
B35CE0FF-E7A6-40CC-81BB-7FEB5507D1BB,2021-09-19,Nisqually River,District 11,Nisqually salmon 2021,5EB39046-9F43-4483-B2B6-D61A71BB52A4,1,Bank,Riverbend Campground (Upper and Lower),Riverbend Campground (Upper and Lower),51B3F82E-0CCB-406F-9DA6-5712018D9BDB,786,1,NA,NA,Complete,07:00:00,14:00:00,NA,NA,NA,NA,NA,NA,1,0,NA,NA,NA,NA,Site,Index,NA,2,1,1,1,1,1,9,2021,38
B35CE0FF-E7A6-40CC-81BB-7FEB5507D1BB,2021-09-19,Nisqually River,District 11,Nisqually salmon 2021,4F1D53C0-8826-4118-8736-4384C7778ADF,22,Boat,Riverbend Campground (Upper and Lower),Riverbend Campground (Upper and Lower),51B3F82E-0CCB-406F-9DA6-5712018D9BDB,786,3,NA,NA,Complete,08:30:00,16:27:00,NA,NA,NA,NA,NA,NA,1,1,NA,NA,NA,NA,Site,Index,NA,2,1,1,1,1,1,9,2021,38
B35CE0FF-E7A6-40CC-81BB-7FEB5507D1BB,2021-09-19,Nisqually River,District 11,Nisqually salmon 2021,57DE4708-4F4D-4CE3-8D78-181B828B0124,14,Boat,Riverbend Campground (Upper and Lower),Riverbend Campground (Upper and Lower),51B3F82E-0CCB-406F-9DA6-5712018D9BDB,786,3,NA,NA,Complete,07:00:00,17:00:00,NA,NA,NA,NA,NA,NA,2,1,NA,NA,NA,NA,Site,Index,NA,2,1,1,1,1,1,9,2021,38
B35CE0FF-E7A6-40CC-81BB-7FEB5507D1BB,2021-09-19,Nisqually River,District 11,Nisqually salmon 2021,BB05FC63-4961-413B-A4D4-65CC6DFB27C9,13,Bank,Riverbend Campground (Upper and Lower),Riverbend Campground (Upper and Lower),51B3F82E-0CCB-406F-9DA6-5712018D9BDB,786,1,NA,NA,Complete,07:30:00,11:42:00,NA,NA,NA,NA,NA,NA,1,0,NA,NA,NA,NA,Site,Index,NA,2,1,1,1,1,1,9,2021,38
3D9F756A-2D55-4E58-A977-E016A93A62E6,2021-09-20,Nisqually River,District 11,Nisqually salmon 2021,AB00BD3C-1163-4895-B24B-8851014D7709,28,Bank,Riverbend Campground (Upper and Lower),Riverbend Campground (Upper and Lower),51B3F82E-0CCB-406F-9DA6-5712018D9BDB,786,2,NA,NA,Complete,07:00:00,11:50:00,NA,Chinook,NA,NA,NA,NA,1,0,NA,NA,NA,NA,Site,Index,NA,2,1,1,1,1,1,9,2021,38
3D9F756A-2D55-4E58-A977-E016A93A62E6,2021-09-20,Nisqually River,District 11,Nisqually salmon 2021,BFB434DB-6639-44F6-833E-7202601A3C6F,23,Bank,Riverbend Campground (Upper and Lower),Riverbend Campground (Upper and Lower),51B3F82E-0CCB-406F-9DA6-5712018D9BDB,786,1,NA,NA,Complete,09:00:00,11:10:00,NA,Chinook,NA,NA,NA,NA,1,0,NA,NA,NA,NA,Site,Index,NA,2,1,1,1,1,1,9,2021,38
3D9F756A-2D55-4E58-A977-E016A93A62E6,2021-09-20,Nisqually River,District 11,Nisqually salmon 2021,AE67A044-9BB7-432D-B6A6-F593747C94A4,40,Bank,Riverbend Campground (Upper and Lower),Riverbend Campground (Upper and Lower),51B3F82E-0CCB-406F-9DA6-5712018D9BDB,786,1,NA,NA,Complete,12:00:00,14:30:00,NA,Chinook,NA,NA,NA,NA,1,0,NA,NA,NA,NA,Site,Index,NA,2,1,1,1,1,1,9,2021,38
3D9F756A-2D55-4E58-A977-E016A93A62E6,2021-09-20,Nisqually River,District 11,Nisqually salmon 2021,646CA41A-309A-4A19-A454-EB42D2922069,44,Bank,Riverbend Campground (Upper and Lower),Riverbend Campground (Upper and Lower),51B3F82E-0CCB-406F-9DA6-5712018D9BDB,786,2,NA,NA,Complete,07:45:00,14:45:00,NA,Chinook,NA,NA,NA,NA,1,0,NA,NA,NA,NA,Site,Index,NA,2,1,1,1,1,1,9,2021,38
3D9F756A-2D55-4E58-A977-E016A93A62E6,2021-09-20,Nisqually River,District 11,Nisqually salmon 2021,064E7D04-9384-413E-BE85-7406B95B6A9F,43,Bank,Riverbend Campground (Upper and Lower),Riverbend Campground (Upper and Lower),51B3F82E-0CCB-406F-9DA6-5712018D9BDB,786,2,NA,NA,Complete,06:20:00,13:00:00,NA,Chinook,NA,NA,NA,NA,1,0,NA,NA,NA,NA,Site,Index,NA,2,1,1,1,1,1,9,2021,38
3D9F756A-2D55-4E58-A977-E016A93A62E6,2021-09-20,Nisqually River,District 11,Nisqually salmon 2021,AF069D18-AC66-4EA4-9794-30E85F5FCA2A,42,Bank,Riverbend Campground (Upper and Lower),Riverbend Campground (Upper and Lower),51B3F82E-0CCB-406F-9DA6-5712018D9BDB,786,1,NA,NA,Complete,09:30:00,14:00:00,NA,Chinook,NA,NA,NA,NA,1,0,NA,NA,NA,NA,Site,Index,NA,2,1,1,1,1,1,9,2021,38
3D9F756A-2D55-4E58-A977-E016A93A62E6,2021-09-20,Nisqually River,District 11,Nisqually salmon 2021,9A33BA22-281E-4CA5-BE5D-E03275478363,32,Bank,Riverbend Campground (Upper and Lower),Riverbend Campground (Upper and Lower),51B3F82E-0CCB-406F-9DA6-5712018D9BDB,786,2,NA,NA,Complete,08:30:00,12:20:00,NA,Chinook,NA,NA,NA,NA,1,0,NA,NA,NA,NA,Site,Index,NA,2,1,1,1,1,1,9,2021,38
47BB9625-3700-4BF9-874B-B2ECA0FB1050,2021-09-23,Nisqually River,District 11,Nisqually salmon 2021,CE57C504-C86A-4256-BC53-CDAF249C3E37,2,Bank,Riverbend Campground (Upper and Lower),Riverbend Campground (Upper and Lower),51B3F82E-0CCB-406F-9DA6-5712018D9BDB,786,3,NA,NA,Complete,07:00:00,18:17:00,NA,NA,NA,NA,NA,NA,2,1,NA,NA,NA,NA,Site,Index,NA,2,1,1,1,1,1,9,2021,38
47BB9625-3700-4BF9-874B-B2ECA0FB1050,2021-09-23,Nisqually River,District 11,Nisqually salmon 2021,77E49FEC-0E14-44CE-9432-776E01B4DD53,7,Bank,Riverbend Campground (Upper and Lower),Riverbend Campground (Upper and Lower),51B3F82E-0CCB-406F-9DA6-5712018D9BDB,786,2,NA,NA,Complete,11:00:00,14:34:00,NA,NA,NA,NA,NA,NA,2,1,NA,NA,NA,NA,Site,Index,NA,2,1,1,1,1,1,9,2021,38
47BB9625-3700-4BF9-874B-B2ECA0FB1050,2021-09-23,Nisqually River,District 11,Nisqually salmon 2021,4EFF04A7-E810-45CD-876B-202E1E6DD986,11,Bank,Riverbend Campground (Upper and Lower),Riverbend Campground (Upper and Lower),51B3F82E-0CCB-406F-9DA6-5712018D9BDB,786,2,NA,NA,Complete,14:00:00,18:00:00,NA,NA,NA,NA,NA,NA,1,1,NA,NA,NA,NA,Site,Index,NA,2,1,1,1,1,1,9,2021,38
47BB9625-3700-4BF9-874B-B2ECA0FB1050,2021-09-23,Nisqually River,District 11,Nisqually salmon 2021,227C576B-F05F-4EAC-B8EF-4CB23244DB88,18,Bank,Riverbend Campground (Upper and Lower),Riverbend Campground (Upper and Lower),51B3F82E-0CCB-406F-9DA6-5712018D9BDB,786,3,NA,NA,Complete,07:30:00,14:34:00,NA,NA,NA,NA,NA,NA,1,1,NA,NA,NA,NA,Site,Index,NA,2,1,1,1,1,1,9,2021,38
CADC8498-0FE9-4177-AB7F-E61C6710F033,2021-09-24,Nisqually River,District 11,Nisqually salmon 2021,E4315804-DD82-4F2B-A27C-BC967A4C3B97,5,Boat,Riverbend Campground (Upper and Lower),Riverbend Campground (Upper and Lower),51B3F82E-0CCB-406F-9DA6-5712018D9BDB,786,2,NA,NA,Complete,07:00:00,13:10:00,NA,NA,NA,NA,NA,NA,1,1,NA,NA,NA,NA,Site,Index,NA,2,1,1,1,1,1,9,2021,39
CADC8498-0FE9-4177-AB7F-E61C6710F033,2021-09-24,Nisqually River,District 11,Nisqually salmon 2021,D88B8673-2FA1-473C-BD2C-9CCF63A073D1,9,Boat,Riverbend Campground (Upper and Lower),Riverbend Campground (Upper and Lower),51B3F82E-0CCB-406F-9DA6-5712018D9BDB,786,2,NA,NA,Complete,07:00:00,13:50:00,NA,NA,NA,NA,NA,NA,1,1,NA,NA,NA,NA,Site,Index,NA,2,1,1,1,1,1,9,2021,39
CADC8498-0FE9-4177-AB7F-E61C6710F033,2021-09-24,Nisqually River,District 11,Nisqually salmon 2021,A520A404-8535-4FCC-9BD3-A8F940C63B51,6,Boat,Riverbend Campground (Upper and Lower),Riverbend Campground (Upper and Lower),51B3F82E-0CCB-406F-9DA6-5712018D9BDB,786,3,NA,NA,Complete,10:00:00,17:24:00,NA,NA,NA,NA,NA,NA,1,1,NA,NA,NA,NA,Site,Index,NA,2,1,1,1,1,1,9,2021,39
CADC8498-0FE9-4177-AB7F-E61C6710F033,2021-09-24,Nisqually River,District 11,Nisqually salmon 2021,382B299D-0026-4DA2-A417-E3386297D6CE,4,Boat,Riverbend Campground (Upper and Lower),Riverbend Campground (Upper and Lower),51B3F82E-0CCB-406F-9DA6-5712018D9BDB,786,3,NA,NA,Complete,08:00:00,13:05:00,NA,NA,NA,NA,NA,NA,2,1,NA,NA,NA,NA,Site,Index,NA,2,1,1,1,1,1,9,2021,39
83EAA66B-129D-439F-8D2E-737D8F5777A1,2021-09-26,Nisqually River,District 11,Nisqually salmon 2021,CB798DC2-8320-4357-AE28-76984F65B1D4,14,Bank,Riverbend Campground (Upper and Lower),Riverbend Campground (Upper and Lower),51B3F82E-0CCB-406F-9DA6-5712018D9BDB,786,1,NA,NA,Complete,07:00:00,14:00:00,NA,Chinook,NA,NA,NA,NA,1,0,NA,NA,NA,NA,Site,Index,NA,2,1,1,1,1,1,9,2021,39
DC56A3CF-7D60-49D7-B867-874923CEBCA1,2021-09-26,Nisqually River,District 11,Nisqually salmon 2021,B1B50191-7EBA-468D-8B16-F09285EB48B0,25,Bank,Riverbend Campground (Upper and Lower),Riverbend Campground (Upper and Lower),51B3F82E-0CCB-406F-9DA6-5712018D9BDB,786,5,NA,NA,Complete,08:00:00,16:30:00,NA,NA,NA,NA,NA,NA,3,0,NA,NA,NA,NA,Site,Index,NA,2,1,1,1,1,1,9,2021,39
11532FAD-00A7-4B59-AE69-F023B58C022A,2021-09-28,Nisqually River,District 11,Nisqually salmon 2021,9DC98963-AF3C-4C47-A281-7ED7E99121AA,18,Bank,Riverbend Campground (Upper and Lower),Riverbend Campground (Upper and Lower),51B3F82E-0CCB-406F-9DA6-5712018D9BDB,786,1,NA,NA,Complete,07:30:00,14:40:00,NA,NA,NA,NA,NA,NA,1,0,NA,NA,NA,NA,Site,Index,NA,2,1,1,1,1,1,9,2021,39
11532FAD-00A7-4B59-AE69-F023B58C022A,2021-09-28,Nisqually River,District 11,Nisqually salmon 2021,985AA189-6050-4E8D-9D90-69AF69F3EA0D,7,Bank,Riverbend Campground (Upper and Lower),Riverbend Campground (Upper and Lower),51B3F82E-0CCB-406F-9DA6-5712018D9BDB,786,1,NA,NA,Complete,12:00:00,18:05:00,NA,NA,NA,NA,NA,NA,1,0,NA,NA,NA,NA,Site,Index,NA,2,1,1,1,1,1,9,2021,39
11532FAD-00A7-4B59-AE69-F023B58C022A,2021-09-28,Nisqually River,District 11,Nisqually salmon 2021,9B1C72B0-C430-472A-8687-186F699185DD,6,Bank,Riverbend Campground (Upper and Lower),Riverbend Campground (Upper and Lower),51B3F82E-0CCB-406F-9DA6-5712018D9BDB,786,1,NA,NA,Complete,14:00:00,18:00:00,NA,NA,NA,NA,NA,NA,1,0,NA,NA,NA,NA,Site,Index,NA,2,1,1,1,1,1,9,2021,39
11532FAD-00A7-4B59-AE69-F023B58C022A,2021-09-28,Nisqually River,District 11,Nisqually salmon 2021,39F0F302-6167-44CF-9A21-2C36BC45B3D8,17,Bank,Riverbend Campground (Upper and Lower),Riverbend Campground (Upper and Lower),51B3F82E-0CCB-406F-9DA6-5712018D9BDB,786,1,NA,NA,Complete,09:00:00,11:00:00,NA,NA,NA,NA,NA,NA,1,0,NA,NA,NA,NA,Site,Index,NA,2,1,1,1,1,1,9,2021,39
77C7D3A1-C2B2-49B9-A10F-91707F8DEE99,2021-10-02,Nisqually River,District 11,Nisqually salmon 2021,BD925DB0-8539-44FE-80FF-91FFB7AA2B35,8,Bank,Riverbend Campground (Upper and Lower),Riverbend Campground (Upper and Lower),51B3F82E-0CCB-406F-9DA6-5712018D9BDB,786,2,NA,NA,Complete,09:00:00,12:50:00,NA,NA,NA,NA,NA,NA,1,0,NA,NA,NA,NA,Site,Index,NA,2,1,1,1,1,1,10,2021,40
77C7D3A1-C2B2-49B9-A10F-91707F8DEE99,2021-10-02,Nisqually River,District 11,Nisqually salmon 2021,E14B8FDF-FA46-4373-8741-ACB9457B298A,5,Bank,Riverbend Campground (Upper and Lower),Riverbend Campground (Upper and Lower),51B3F82E-0CCB-406F-9DA6-5712018D9BDB,786,2,NA,NA,Complete,07:30:00,13:35:00,NA,NA,NA,NA,NA,NA,1,0,NA,NA,NA,NA,Site,Index,NA,2,1,1,1,1,1,10,2021,40
77C7D3A1-C2B2-49B9-A10F-91707F8DEE99,2021-10-02,Nisqually River,District 11,Nisqually salmon 2021,E9BA97D7-0077-4DAF-83BF-DBC6BE8E6CE2,14,Boat,Riverbend Campground (Upper and Lower),Riverbend Campground (Upper and Lower),51B3F82E-0CCB-406F-9DA6-5712018D9BDB,786,4,NA,NA,Complete,07:00:00,13:55:00,NA,NA,NA,NA,NA,NA,2,1,NA,NA,NA,NA,Site,Index,NA,2,1,1,1,1,1,10,2021,40
77C7D3A1-C2B2-49B9-A10F-91707F8DEE99,2021-10-02,Nisqually River,District 11,Nisqually salmon 2021,9398EBC2-9672-4F60-B0D6-5F1B89D030AB,15,Boat,Riverbend Campground (Upper and Lower),Riverbend Campground (Upper and Lower),51B3F82E-0CCB-406F-9DA6-5712018D9BDB,786,3,NA,NA,Complete,08:00:00,18:09:00,NA,NA,NA,NA,NA,NA,2,1,NA,NA,NA,NA,Site,Index,NA,2,1,1,1,1,1,10,2021,40
A2B35B65-FD51-404D-A86F-E8DA079AF991,2021-10-02,Nisqually River,District 11,Nisqually salmon 2021,7938C157-DD7A-4EE3-A543-6A5C372FF7C3,16,Bank,Riverbend Campground (Upper and Lower),Riverbend Campground (Upper and Lower),51B3F82E-0CCB-406F-9DA6-5712018D9BDB,786,1,NA,NA,Complete,06:15:00,09:35:00,NA,Coho,NA,NA,NA,NA,1,0,NA,NA,NA,NA,Site,Index,NA,2,1,1,1,1,1,10,2021,40
DB2850BE-4CC8-4408-BB69-2B7502D73044,2021-08-05,Nisqually River,District 11,Nisqually salmon 2021,DCB4B98E-EB09-4B40-A4A4-1A7E35050669,9,Bank,Fort Lewis,Fort Lewis,9E5C07F8-2874-4E94-8E1E-5707D4B022D1,786,2,NA,NA,Complete,11:00:00,13:15:00,NA,Chinook,NA,NA,NA,NA,1,0,NA,NA,NA,NA,Site,Index,NA,2,1,1,1,1,1,8,2021,31
5F52438C-9401-4D20-B527-B1489ECA5ADC,2021-08-06,Nisqually River,District 11,Nisqually salmon 2021,B630A25F-2CBF-42C4-A078-5723926C6D1B,36,Bank,Fort Lewis,Fort Lewis,9E5C07F8-2874-4E94-8E1E-5707D4B022D1,786,1,NA,NA,Complete,07:00:00,11:45:00,NA,Chinook,NA,NA,NA,NA,1,0,NA,NA,NA,NA,Site,Index,NA,2,1,1,1,1,1,8,2021,32
5F52438C-9401-4D20-B527-B1489ECA5ADC,2021-08-06,Nisqually River,District 11,Nisqually salmon 2021,0F7D7A93-F3C3-40EF-B08F-41702945CA0F,6,Bank,Fort Lewis,Fort Lewis,9E5C07F8-2874-4E94-8E1E-5707D4B022D1,786,1,NA,NA,Complete,05:30:00,08:20:00,NA,Chinook,NA,NA,NA,NA,1,0,NA,NA,NA,NA,Site,Index,NA,2,1,1,1,1,1,8,2021,32
5F52438C-9401-4D20-B527-B1489ECA5ADC,2021-08-06,Nisqually River,District 11,Nisqually salmon 2021,0DA73D14-71F7-4788-9BFC-D3D272B6F96E,21,Bank,Fort Lewis,Fort Lewis,9E5C07F8-2874-4E94-8E1E-5707D4B022D1,786,1,NA,NA,Complete,05:00:00,11:35:00,NA,Chinook,NA,NA,NA,NA,1,0,NA,NA,NA,NA,Site,Index,NA,2,1,1,1,1,1,8,2021,32
924B6B0E-D8E6-423B-9196-E9FF2BB8EDFB,2021-08-11,Nisqually River,District 11,Nisqually salmon 2021,BB67656D-5BCB-406C-888B-BAF050AC1EF7,10,Bank,Fort Lewis,Fort Lewis,9E5C07F8-2874-4E94-8E1E-5707D4B022D1,786,1,NA,NA,Complete,14:30:00,17:15:00,NA,Chinook,NA,NA,NA,NA,1,0,NA,NA,NA,NA,Site,Index,NA,2,1,1,1,1,1,8,2021,32
F75D446E-345B-4EE1-B569-C4FE7F3E7F6C,2021-08-11,Nisqually River,District 11,Nisqually salmon 2021,A29D8FBC-9862-4896-864C-9A9904E7DA4A,3,Bank,Fort Lewis,Fort Lewis,9E5C07F8-2874-4E94-8E1E-5707D4B022D1,786,2,NA,NA,Complete,06:30:00,09:15:00,NA,Chinook,NA,NA,NA,NA,1,0,NA,NA,NA,NA,Site,Index,NA,2,1,1,1,1,1,8,2021,32
F75D446E-345B-4EE1-B569-C4FE7F3E7F6C,2021-08-11,Nisqually River,District 11,Nisqually salmon 2021,BF28D760-49EA-4095-94BC-A774D32B544E,6,Bank,Fort Lewis,Fort Lewis,9E5C07F8-2874-4E94-8E1E-5707D4B022D1,786,1,NA,NA,Complete,06:00:00,08:25:00,NA,Chinook,NA,NA,NA,NA,1,0,NA,NA,NA,NA,Site,Index,NA,2,1,1,1,1,1,8,2021,32
26D2E5AC-0CF3-4B15-BFA5-30714EE203A1,2021-08-12,Nisqually River,District 11,Nisqually salmon 2021,F95DAED4-4CE1-4196-AFEA-047247310B84,41,Bank,Fort Lewis,Fort Lewis,9E5C07F8-2874-4E94-8E1E-5707D4B022D1,786,1,NA,NA,Complete,05:00:00,10:00:00,NA,Chinook,NA,NA,NA,NA,1,0,NA,NA,NA,NA,Site,Index,NA,2,1,1,1,1,1,8,2021,32
26D2E5AC-0CF3-4B15-BFA5-30714EE203A1,2021-08-12,Nisqually River,District 11,Nisqually salmon 2021,DFECE0DF-D669-4C2C-BE0E-77EEE96C55A1,40,Bank,Fort Lewis,Fort Lewis,9E5C07F8-2874-4E94-8E1E-5707D4B022D1,786,1,NA,NA,Complete,06:15:00,09:50:00,NA,Chinook,NA,NA,NA,NA,1,0,NA,NA,NA,NA,Site,Index,NA,2,1,1,1,1,1,8,2021,32
26D2E5AC-0CF3-4B15-BFA5-30714EE203A1,2021-08-12,Nisqually River,District 11,Nisqually salmon 2021,090CCF22-B4AC-4F4C-BF4C-6E4D3B6AF7E9,25,Bank,Fort Lewis,Fort Lewis,9E5C07F8-2874-4E94-8E1E-5707D4B022D1,786,1,NA,NA,Complete,06:00:00,08:30:00,NA,Chinook,NA,NA,NA,NA,1,0,NA,NA,NA,NA,Site,Index,NA,2,1,1,1,1,1,8,2021,32
26D2E5AC-0CF3-4B15-BFA5-30714EE203A1,2021-08-12,Nisqually River,District 11,Nisqually salmon 2021,F6085297-6D3A-4181-9D2F-C9DA5BA4EB02,10,Bank,Fort Lewis,Fort Lewis,9E5C07F8-2874-4E94-8E1E-5707D4B022D1,786,1,NA,NA,Complete,09:00:00,12:00:00,NA,Chinook,NA,NA,NA,NA,1,0,NA,NA,NA,NA,Site,Index,NA,2,1,1,1,1,1,8,2021,32
3C8242D9-CB5E-433F-9B2E-A1FB07ECC28C,2021-08-13,Nisqually River,District 11,Nisqually salmon 2021,ABAD86B2-BFE4-4481-95EC-5F23D3C751E9,12,Bank,Fort Lewis,Fort Lewis,9E5C07F8-2874-4E94-8E1E-5707D4B022D1,786,1,NA,NA,Complete,15:00:00,17:00:00,NA,Chinook,NA,NA,NA,NA,1,0,NA,NA,NA,NA,Site,Index,NA,2,1,1,1,1,1,8,2021,33
3C8242D9-CB5E-433F-9B2E-A1FB07ECC28C,2021-08-13,Nisqually River,District 11,Nisqually salmon 2021,C9E65FD0-F17B-4D93-B1DF-4517F61F8F1D,13,Bank,Fort Lewis,Fort Lewis,9E5C07F8-2874-4E94-8E1E-5707D4B022D1,786,1,NA,NA,Complete,06:00:00,17:15:00,NA,Chinook,NA,NA,NA,NA,1,0,NA,NA,NA,NA,Site,Index,NA,2,1,1,1,1,1,8,2021,33
3C8242D9-CB5E-433F-9B2E-A1FB07ECC28C,2021-08-13,Nisqually River,District 11,Nisqually salmon 2021,7E95C40E-1E0D-4AC9-B8D8-F27703BD9B2A,18,Bank,Fort Lewis,Fort Lewis,9E5C07F8-2874-4E94-8E1E-5707D4B022D1,786,1,NA,NA,Complete,17:15:00,19:15:00,NA,Chinook,NA,NA,NA,NA,1,0,NA,NA,NA,NA,Site,Index,NA,2,1,1,1,1,1,8,2021,33
A8ABA62C-9552-4CCE-A292-AD002DDD344E,2021-08-13,Nisqually River,District 11,Nisqually salmon 2021,C0682DC1-B5CE-46FF-9C82-46F2A62A5022,6,Bank,Fort Lewis,Fort Lewis,9E5C07F8-2874-4E94-8E1E-5707D4B022D1,786,1,NA,NA,Complete,08:00:00,10:45:00,NA,Chinook,NA,NA,NA,NA,1,0,NA,NA,NA,NA,Site,Index,NA,2,1,1,1,1,1,8,2021,33
A8ABA62C-9552-4CCE-A292-AD002DDD344E,2021-08-13,Nisqually River,District 11,Nisqually salmon 2021,748E1D99-4A4F-45ED-A709-FF021B5EA1C0,10,Bank,Fort Lewis,Fort Lewis,9E5C07F8-2874-4E94-8E1E-5707D4B022D1,786,1,NA,NA,Complete,07:00:00,10:15:00,NA,Chinook,NA,NA,NA,NA,1,0,NA,NA,NA,NA,Site,Index,NA,2,1,1,1,1,1,8,2021,33
A8ABA62C-9552-4CCE-A292-AD002DDD344E,2021-08-13,Nisqually River,District 11,Nisqually salmon 2021,F8D5DC09-DB40-47B7-9C0B-8E0265395C0A,29,Bank,Fort Lewis,Fort Lewis,9E5C07F8-2874-4E94-8E1E-5707D4B022D1,786,2,NA,NA,Complete,05:05:00,09:50:00,NA,Chinook,NA,NA,NA,NA,1,0,NA,NA,NA,NA,Site,Index,NA,2,1,1,1,1,1,8,2021,33
A8ABA62C-9552-4CCE-A292-AD002DDD344E,2021-08-13,Nisqually River,District 11,Nisqually salmon 2021,9C11FAED-3B77-428F-A7AF-41E9853CFA56,35,Bank,Fort Lewis,Fort Lewis,9E5C07F8-2874-4E94-8E1E-5707D4B022D1,786,2,NA,NA,Complete,05:30:00,11:30:00,NA,Chinook,NA,NA,NA,NA,1,0,NA,NA,NA,NA,Site,Index,NA,2,1,1,1,1,1,8,2021,33
A8ABA62C-9552-4CCE-A292-AD002DDD344E,2021-08-13,Nisqually River,District 11,Nisqually salmon 2021,830E4D3C-0C63-4744-83AE-A79F910D4BE2,48,Bank,Fort Lewis,Fort Lewis,9E5C07F8-2874-4E94-8E1E-5707D4B022D1,786,1,NA,NA,Complete,07:00:00,12:00:00,NA,Chinook,NA,NA,NA,NA,1,0,NA,NA,NA,NA,Site,Index,NA,2,1,1,1,1,1,8,2021,33
43A4FFA6-521A-42ED-9396-DC2E7F6EAB41,2021-08-14,Nisqually River,District 11,Nisqually salmon 2021,C359AA7F-866E-467B-845F-53E3A453B4EE,5,Bank,Fort Lewis,Fort Lewis,9E5C07F8-2874-4E94-8E1E-5707D4B022D1,786,4,NA,NA,Complete,08:30:00,15:00:00,NA,Chinook,NA,NA,NA,NA,3,0,NA,NA,NA,NA,Site,Index,NA,2,1,1,1,1,1,8,2021,33
44852165-0584-4351-8F46-24DB48334622,2021-08-14,Nisqually River,District 11,Nisqually salmon 2021,7B76761D-35C0-4FDE-BC4F-CB97188B24CC,69,Bank,Fort Lewis,Fort Lewis,9E5C07F8-2874-4E94-8E1E-5707D4B022D1,786,1,NA,NA,Complete,07:30:00,10:30:00,NA,Chinook,NA,NA,NA,NA,1,0,NA,NA,NA,NA,Site,Index,NA,2,1,1,1,1,1,8,2021,33
44852165-0584-4351-8F46-24DB48334622,2021-08-14,Nisqually River,District 11,Nisqually salmon 2021,A778303A-0FD7-4853-B02E-4B1792FE2B32,68,Bank,Fort Lewis,Fort Lewis,9E5C07F8-2874-4E94-8E1E-5707D4B022D1,786,2,NA,NA,Complete,05:30:00,10:25:00,NA,Chinook,NA,NA,NA,NA,1,0,NA,NA,NA,NA,Site,Index,NA,2,1,1,1,1,1,8,2021,33
44852165-0584-4351-8F46-24DB48334622,2021-08-14,Nisqually River,District 11,Nisqually salmon 2021,2CFC82BE-C285-4552-A349-C5750566637A,48,Bank,Fort Lewis,Fort Lewis,9E5C07F8-2874-4E94-8E1E-5707D4B022D1,786,1,NA,NA,Complete,05:45:00,10:00:00,NA,Chinook,NA,NA,NA,NA,1,0,NA,NA,NA,NA,Site,Index,NA,2,1,1,1,1,1,8,2021,33
44852165-0584-4351-8F46-24DB48334622,2021-08-14,Nisqually River,District 11,Nisqually salmon 2021,118DC069-83DB-424E-8761-D41F7C2BA118,42,Bank,Fort Lewis,Fort Lewis,9E5C07F8-2874-4E94-8E1E-5707D4B022D1,786,1,NA,NA,Complete,05:05:00,08:00:00,NA,Chinook,NA,NA,NA,NA,1,0,NA,NA,NA,NA,Site,Index,NA,2,1,1,1,1,1,8,2021,33
44852165-0584-4351-8F46-24DB48334622,2021-08-14,Nisqually River,District 11,Nisqually salmon 2021,8E34F136-D0E3-464A-9CB0-A7F76175B8F0,37,Bank,Fort Lewis,Fort Lewis,9E5C07F8-2874-4E94-8E1E-5707D4B022D1,786,1,NA,NA,Complete,05:30:00,12:20:00,NA,Chinook,NA,NA,NA,NA,1,0,NA,NA,NA,NA,Site,Index,NA,2,1,1,1,1,1,8,2021,33
44852165-0584-4351-8F46-24DB48334622,2021-08-14,Nisqually River,District 11,Nisqually salmon 2021,3CF75E9B-6A99-41F0-9153-F0539DE984D8,32,Bank,Fort Lewis,Fort Lewis,9E5C07F8-2874-4E94-8E1E-5707D4B022D1,786,1,NA,NA,Complete,06:10:00,09:00:00,NA,Chinook,NA,NA,NA,NA,1,0,NA,NA,NA,NA,Site,Index,NA,2,1,1,1,1,1,8,2021,33
44852165-0584-4351-8F46-24DB48334622,2021-08-14,Nisqually River,District 11,Nisqually salmon 2021,E4DECF96-EBFE-4365-9868-A15E998ED92E,30,Bank,Fort Lewis,Fort Lewis,9E5C07F8-2874-4E94-8E1E-5707D4B022D1,786,1,NA,NA,Complete,05:50:00,09:00:00,NA,Chinook,NA,NA,NA,NA,1,0,NA,NA,NA,NA,Site,Index,NA,2,1,1,1,1,1,8,2021,33
44852165-0584-4351-8F46-24DB48334622,2021-08-14,Nisqually River,District 11,Nisqually salmon 2021,B39A2FD7-AF7C-453D-8F36-D49CCA9C0CBD,20,Bank,Fort Lewis,Fort Lewis,9E5C07F8-2874-4E94-8E1E-5707D4B022D1,786,2,NA,NA,Complete,05:45:00,09:45:00,NA,Chinook,NA,NA,NA,NA,1,0,NA,NA,NA,NA,Site,Index,NA,2,1,1,1,1,1,8,2021,33
44852165-0584-4351-8F46-24DB48334622,2021-08-14,Nisqually River,District 11,Nisqually salmon 2021,01890CD8-6E2C-49FD-B616-1DE47A4CDE32,18,Bank,Fort Lewis,Fort Lewis,9E5C07F8-2874-4E94-8E1E-5707D4B022D1,786,1,NA,NA,Complete,06:00:00,09:50:00,NA,Chinook,NA,NA,NA,NA,1,0,NA,NA,NA,NA,Site,Index,NA,2,1,1,1,1,1,8,2021,33
44852165-0584-4351-8F46-24DB48334622,2021-08-14,Nisqually River,District 11,Nisqually salmon 2021,2AD0F0F4-5630-4B79-AE04-414545647999,16,Bank,Fort Lewis,Fort Lewis,9E5C07F8-2874-4E94-8E1E-5707D4B022D1,786,1,NA,NA,Complete,06:30:00,09:00:00,NA,Chinook,NA,NA,NA,NA,1,0,NA,NA,NA,NA,Site,Index,NA,2,1,1,1,1,1,8,2021,33
44852165-0584-4351-8F46-24DB48334622,2021-08-14,Nisqually River,District 11,Nisqually salmon 2021,F6BE259F-0C50-4420-8063-F09DB37F8824,2,Bank,Fort Lewis,Fort Lewis,9E5C07F8-2874-4E94-8E1E-5707D4B022D1,786,2,NA,NA,Complete,05:10:00,13:10:00,NA,Chinook,NA,NA,NA,NA,1,0,NA,NA,NA,NA,Site,Index,NA,2,1,1,1,1,1,8,2021,33
43A4FFA6-521A-42ED-9396-DC2E7F6EAB41,2021-08-14,Nisqually River,District 11,Nisqually salmon 2021,463CC0BC-C64A-4CC1-B0C4-61E3F465F12B,36,Bank,Fort Lewis,Fort Lewis,9E5C07F8-2874-4E94-8E1E-5707D4B022D1,786,1,NA,NA,Complete,16:00:00,19:45:00,NA,Chinook,NA,NA,NA,NA,1,0,NA,NA,NA,NA,Site,Index,NA,2,1,1,1,1,1,8,2021,33
43A4FFA6-521A-42ED-9396-DC2E7F6EAB41,2021-08-14,Nisqually River,District 11,Nisqually salmon 2021,D082E23B-CB51-4F7F-B248-0A726BC8F3F7,25,Bank,Fort Lewis,Fort Lewis,9E5C07F8-2874-4E94-8E1E-5707D4B022D1,786,1,NA,NA,Complete,17:30:00,19:45:00,NA,Chinook,NA,NA,NA,NA,1,0,NA,NA,NA,NA,Site,Index,NA,2,1,1,1,1,1,8,2021,33
43A4FFA6-521A-42ED-9396-DC2E7F6EAB41,2021-08-14,Nisqually River,District 11,Nisqually salmon 2021,30BA24B3-3628-48A5-9643-CA5C9085EC73,20,Bank,Fort Lewis,Fort Lewis,9E5C07F8-2874-4E94-8E1E-5707D4B022D1,786,1,NA,NA,Complete,17:30:00,19:15:00,NA,Chinook,NA,NA,NA,NA,1,0,NA,NA,NA,NA,Site,Index,NA,2,1,1,1,1,1,8,2021,33
43A4FFA6-521A-42ED-9396-DC2E7F6EAB41,2021-08-14,Nisqually River,District 11,Nisqually salmon 2021,B6265136-C120-41A8-9E3E-58359161E308,19,Bank,Fort Lewis,Fort Lewis,9E5C07F8-2874-4E94-8E1E-5707D4B022D1,786,1,NA,NA,Complete,16:00:00,19:45:00,NA,Chinook,NA,NA,NA,NA,1,0,NA,NA,NA,NA,Site,Index,NA,2,1,1,1,1,1,8,2021,33
485A0A54-1E60-46DF-A867-CF7E2A4BF300,2021-08-16,Nisqually River,District 11,Nisqually salmon 2021,C04877DD-C7F3-4525-B896-3A3E0026EB92,55,Bank,Fort Lewis,Fort Lewis,9E5C07F8-2874-4E94-8E1E-5707D4B022D1,786,1,NA,NA,Complete,07:00:00,10:30:00,NA,Chinook,NA,NA,NA,NA,1,0,NA,NA,NA,NA,Site,Index,NA,2,1,1,1,1,1,8,2021,33
485A0A54-1E60-46DF-A867-CF7E2A4BF300,2021-08-16,Nisqually River,District 11,Nisqually salmon 2021,03D9CD93-32CC-4DF3-B50B-54E6F398C916,53,Bank,Fort Lewis,Fort Lewis,9E5C07F8-2874-4E94-8E1E-5707D4B022D1,786,1,NA,NA,Complete,07:15:00,10:30:00,NA,Chinook,NA,NA,NA,NA,1,0,NA,NA,NA,NA,Site,Index,NA,2,1,1,1,1,1,8,2021,33
485A0A54-1E60-46DF-A867-CF7E2A4BF300,2021-08-16,Nisqually River,District 11,Nisqually salmon 2021,6AAF4B8E-FFAD-448F-8AD7-D179ECFFA809,51,Bank,Fort Lewis,Fort Lewis,9E5C07F8-2874-4E94-8E1E-5707D4B022D1,786,1,NA,NA,Complete,08:00:00,10:30:00,NA,Chinook,NA,NA,NA,NA,1,0,NA,NA,NA,NA,Site,Index,NA,2,1,1,1,1,1,8,2021,33
485A0A54-1E60-46DF-A867-CF7E2A4BF300,2021-08-16,Nisqually River,District 11,Nisqually salmon 2021,576384FF-A57D-4ECD-8F35-8E7B429829C2,42,Bank,Fort Lewis,Fort Lewis,9E5C07F8-2874-4E94-8E1E-5707D4B022D1,786,2,NA,NA,Complete,06:30:00,12:00:00,NA,Chinook,NA,NA,NA,NA,1,0,NA,NA,NA,NA,Site,Index,NA,2,1,1,1,1,1,8,2021,33
485A0A54-1E60-46DF-A867-CF7E2A4BF300,2021-08-16,Nisqually River,District 11,Nisqually salmon 2021,3FA89446-4683-421C-B2F5-53B2256DB8AF,32,Bank,Fort Lewis,Fort Lewis,9E5C07F8-2874-4E94-8E1E-5707D4B022D1,786,2,NA,NA,Complete,05:45:00,07:45:00,NA,Chinook,NA,NA,NA,NA,1,0,NA,NA,NA,NA,Site,Index,NA,2,1,1,1,1,1,8,2021,33
485A0A54-1E60-46DF-A867-CF7E2A4BF300,2021-08-16,Nisqually River,District 11,Nisqually salmon 2021,F10474B5-8B36-496D-A4DD-054EA7AB681C,29,Bank,Fort Lewis,Fort Lewis,9E5C07F8-2874-4E94-8E1E-5707D4B022D1,786,1,NA,NA,Complete,05:15:00,08:30:00,NA,Chinook,NA,NA,NA,NA,1,0,NA,NA,NA,NA,Site,Index,NA,2,1,1,1,1,1,8,2021,33
485A0A54-1E60-46DF-A867-CF7E2A4BF300,2021-08-16,Nisqually River,District 11,Nisqually salmon 2021,46FAF86A-900C-457B-BE57-EFDD51A9EA45,27,Bank,Fort Lewis,Fort Lewis,9E5C07F8-2874-4E94-8E1E-5707D4B022D1,786,1,NA,NA,Complete,07:00:00,08:45:00,NA,Chinook,NA,NA,NA,NA,1,0,NA,NA,NA,NA,Site,Index,NA,2,1,1,1,1,1,8,2021,33
485A0A54-1E60-46DF-A867-CF7E2A4BF300,2021-08-16,Nisqually River,District 11,Nisqually salmon 2021,37D9B493-4840-4805-A7AC-10815A99C6FC,25,Bank,Fort Lewis,Fort Lewis,9E5C07F8-2874-4E94-8E1E-5707D4B022D1,786,1,NA,NA,Complete,06:00:00,08:45:00,NA,Chinook,NA,NA,NA,NA,1,0,NA,NA,NA,NA,Site,Index,NA,2,1,1,1,1,1,8,2021,33
485A0A54-1E60-46DF-A867-CF7E2A4BF300,2021-08-16,Nisqually River,District 11,Nisqually salmon 2021,B99D4803-4F16-4860-90F5-E74BC2DB0DF8,23,Bank,Fort Lewis,Fort Lewis,9E5C07F8-2874-4E94-8E1E-5707D4B022D1,786,1,NA,NA,Complete,08:15:00,10:15:00,NA,Chinook,NA,NA,NA,NA,1,0,NA,NA,NA,NA,Site,Index,NA,2,1,1,1,1,1,8,2021,33
485A0A54-1E60-46DF-A867-CF7E2A4BF300,2021-08-16,Nisqually River,District 11,Nisqually salmon 2021,67C882BA-C167-4C49-80B9-F8C56B0FF924,22,Bank,Fort Lewis,Fort Lewis,9E5C07F8-2874-4E94-8E1E-5707D4B022D1,786,1,NA,NA,Complete,05:15:00,07:30:00,NA,Chinook,NA,NA,NA,NA,1,0,NA,NA,NA,NA,Site,Index,NA,2,1,1,1,1,1,8,2021,33
485A0A54-1E60-46DF-A867-CF7E2A4BF300,2021-08-16,Nisqually River,District 11,Nisqually salmon 2021,15E03DDA-94A8-4CA3-8045-581E76D746F0,21,Bank,Fort Lewis,Fort Lewis,9E5C07F8-2874-4E94-8E1E-5707D4B022D1,786,1,NA,NA,Complete,07:30:00,09:15:00,NA,Chinook,NA,NA,NA,NA,1,0,NA,NA,NA,NA,Site,Index,NA,2,1,1,1,1,1,8,2021,33
485A0A54-1E60-46DF-A867-CF7E2A4BF300,2021-08-16,Nisqually River,District 11,Nisqually salmon 2021,1B0A1583-8FD8-44D9-8D4C-F57300AFA5B1,19,Bank,Fort Lewis,Fort Lewis,9E5C07F8-2874-4E94-8E1E-5707D4B022D1,786,1,NA,NA,Complete,07:30:00,10:00:00,NA,Chinook,NA,NA,NA,NA,1,0,NA,NA,NA,NA,Site,Index,NA,2,1,1,1,1,1,8,2021,33
485A0A54-1E60-46DF-A867-CF7E2A4BF300,2021-08-16,Nisqually River,District 11,Nisqually salmon 2021,EE79C5F2-927B-4DDA-8CA6-D471775FE00C,17,Bank,Fort Lewis,Fort Lewis,9E5C07F8-2874-4E94-8E1E-5707D4B022D1,786,1,NA,NA,Complete,06:00:00,10:00:00,NA,Chinook,NA,NA,NA,NA,1,0,NA,NA,NA,NA,Site,Index,NA,2,1,1,1,1,1,8,2021,33
485A0A54-1E60-46DF-A867-CF7E2A4BF300,2021-08-16,Nisqually River,District 11,Nisqually salmon 2021,0FB54A4F-7DC6-4A82-A1B8-A24E293B49F9,16,Bank,Fort Lewis,Fort Lewis,9E5C07F8-2874-4E94-8E1E-5707D4B022D1,786,1,NA,NA,Complete,08:00:00,10:00:00,NA,Chinook,NA,NA,NA,NA,1,0,NA,NA,NA,NA,Site,Index,NA,2,1,1,1,1,1,8,2021,33
485A0A54-1E60-46DF-A867-CF7E2A4BF300,2021-08-16,Nisqually River,District 11,Nisqually salmon 2021,D9E1D482-2046-4CD0-A3B5-D41EAEA04B7A,10,Bank,Fort Lewis,Fort Lewis,9E5C07F8-2874-4E94-8E1E-5707D4B022D1,786,1,NA,NA,Complete,12:00:00,14:15:00,NA,Chinook,NA,NA,NA,NA,1,0,NA,NA,NA,NA,Site,Index,NA,2,1,1,1,1,1,8,2021,33
1727CD4D-8B14-4A4C-A74D-964B7C200B55,2021-08-16,Nisqually River,District 11,Nisqually salmon 2021,514BA76E-B7BF-4F35-A859-5FEC0AEA4EED,32,Bank,Fort Lewis,Fort Lewis,9E5C07F8-2874-4E94-8E1E-5707D4B022D1,786,2,NA,NA,Complete,18:30:00,20:30:00,NA,Chinook,NA,NA,NA,NA,1,0,NA,NA,NA,NA,Site,Index,NA,2,1,1,1,1,1,8,2021,33
1727CD4D-8B14-4A4C-A74D-964B7C200B55,2021-08-16,Nisqually River,District 11,Nisqually salmon 2021,B853AC44-791B-4361-8EB6-9A17C63CEAB2,23,Bank,Fort Lewis,Fort Lewis,9E5C07F8-2874-4E94-8E1E-5707D4B022D1,786,1,NA,NA,Complete,16:30:00,20:35:00,NA,Chinook,NA,NA,NA,NA,1,0,NA,NA,NA,NA,Site,Index,NA,2,1,1,1,1,1,8,2021,33
1727CD4D-8B14-4A4C-A74D-964B7C200B55,2021-08-16,Nisqually River,District 11,Nisqually salmon 2021,0646E851-3ABA-4F7E-AB67-223FC10113CA,9,Bank,Fort Lewis,Fort Lewis,9E5C07F8-2874-4E94-8E1E-5707D4B022D1,786,2,NA,NA,Complete,12:30:00,16:10:00,NA,Chinook,NA,NA,NA,NA,1,0,NA,NA,NA,NA,Site,Index,NA,2,1,1,1,1,1,8,2021,33
9799635D-E2B2-493B-AAD0-B1A1A7CCCE8F,2021-08-17,Nisqually River,District 11,Nisqually salmon 2021,981F5AF2-B2D7-40F7-87E1-FB4C3BB40E48,59,Bank,Fort Lewis,Fort Lewis,9E5C07F8-2874-4E94-8E1E-5707D4B022D1,786,1,NA,NA,Complete,06:40:00,09:20:00,NA,Chinook,NA,NA,NA,NA,1,0,NA,NA,NA,NA,Site,Index,NA,2,1,1,1,1,1,8,2021,33
B7DD3314-60E5-4ED0-8371-F1A60DCE58BC,2021-08-17,Nisqually River,District 11,Nisqually salmon 2021,B708E4B0-03EF-4174-A931-091CE572C4C5,2,Bank,Fort Lewis,Fort Lewis,9E5C07F8-2874-4E94-8E1E-5707D4B022D1,786,1,NA,NA,Complete,13:00:00,17:20:00,NA,Chinook,NA,NA,NA,NA,1,0,NA,NA,NA,NA,Site,Index,NA,2,1,1,1,1,1,8,2021,33
9799635D-E2B2-493B-AAD0-B1A1A7CCCE8F,2021-08-17,Nisqually River,District 11,Nisqually salmon 2021,58FACADD-8330-45C7-9B1B-7A44D8CF08A5,28,Bank,Fort Lewis,Fort Lewis,9E5C07F8-2874-4E94-8E1E-5707D4B022D1,786,1,NA,NA,Complete,06:00:00,10:50:00,NA,Chinook,NA,NA,NA,NA,1,0,NA,NA,NA,NA,Site,Index,NA,2,1,1,1,1,1,8,2021,33
9799635D-E2B2-493B-AAD0-B1A1A7CCCE8F,2021-08-17,Nisqually River,District 11,Nisqually salmon 2021,E6840271-6019-4049-B72E-4B71C00F2F62,23,Bank,Fort Lewis,Fort Lewis,9E5C07F8-2874-4E94-8E1E-5707D4B022D1,786,1,NA,NA,Complete,06:30:00,13:00:00,NA,Chinook,NA,NA,NA,NA,1,0,NA,NA,NA,NA,Site,Index,NA,2,1,1,1,1,1,8,2021,33
9799635D-E2B2-493B-AAD0-B1A1A7CCCE8F,2021-08-17,Nisqually River,District 11,Nisqually salmon 2021,FAAD99FF-E5CD-414F-AA52-084370A666F3,32,Bank,Fort Lewis,Fort Lewis,9E5C07F8-2874-4E94-8E1E-5707D4B022D1,786,1,NA,NA,Complete,08:00:00,11:30:00,NA,Chinook,NA,NA,NA,NA,1,0,NA,NA,NA,NA,Site,Index,NA,2,1,1,1,1,1,8,2021,33
9799635D-E2B2-493B-AAD0-B1A1A7CCCE8F,2021-08-17,Nisqually River,District 11,Nisqually salmon 2021,59439D0D-8F13-4A2C-92AB-B8BE4C9146C3,44,Bank,Fort Lewis,Fort Lewis,9E5C07F8-2874-4E94-8E1E-5707D4B022D1,786,1,NA,NA,Complete,06:15:00,08:45:00,NA,Chinook,NA,NA,NA,NA,1,0,NA,NA,NA,NA,Site,Index,NA,2,1,1,1,1,1,8,2021,33
B7DD3314-60E5-4ED0-8371-F1A60DCE58BC,2021-08-17,Nisqually River,District 11,Nisqually salmon 2021,FC40C0B4-F625-4C19-92E6-B89B66623528,4,Bank,Fort Lewis,Fort Lewis,9E5C07F8-2874-4E94-8E1E-5707D4B022D1,786,1,NA,NA,Complete,13:30:00,17:00:00,NA,Chinook,NA,NA,NA,NA,1,0,NA,NA,NA,NA,Site,Index,NA,2,1,1,1,1,1,8,2021,33
B7DD3314-60E5-4ED0-8371-F1A60DCE58BC,2021-08-17,Nisqually River,District 11,Nisqually salmon 2021,4EED0317-919B-4A4D-8C9C-8328ED5699C6,18,Bank,Fort Lewis,Fort Lewis,9E5C07F8-2874-4E94-8E1E-5707D4B022D1,786,1,NA,NA,Complete,14:00:00,16:45:00,NA,Chinook,NA,NA,NA,NA,1,0,NA,NA,NA,NA,Site,Index,NA,2,1,1,1,1,1,8,2021,33
117F9484-70D0-433B-BBF7-5E319B490660,2021-08-20,Nisqually River,District 11,Nisqually salmon 2021,2DF5D7C6-E5FA-4431-8AE9-B9F367BE6E24,55,Bank,Fort Lewis,Fort Lewis,9E5C07F8-2874-4E94-8E1E-5707D4B022D1,786,1,NA,NA,Complete,05:30:00,07:40:00,NA,Chinook,NA,NA,NA,NA,1,0,NA,NA,NA,NA,Site,Index,NA,2,1,1,1,1,1,8,2021,34
117F9484-70D0-433B-BBF7-5E319B490660,2021-08-20,Nisqually River,District 11,Nisqually salmon 2021,38B3CDA5-65F5-457B-AD2C-37D07C30FD07,59,Bank,Fort Lewis,Fort Lewis,9E5C07F8-2874-4E94-8E1E-5707D4B022D1,786,1,NA,NA,Complete,05:30:00,11:00:00,NA,Chinook,NA,NA,NA,NA,1,0,NA,NA,NA,NA,Site,Index,NA,2,1,1,1,1,1,8,2021,34
117F9484-70D0-433B-BBF7-5E319B490660,2021-08-20,Nisqually River,District 11,Nisqually salmon 2021,3C7825F1-BE5D-4661-984D-E16C97F5DB04,68,Bank,Fort Lewis,Fort Lewis,9E5C07F8-2874-4E94-8E1E-5707D4B022D1,786,2,NA,NA,Complete,05:15:00,09:50:00,NA,Chinook,NA,NA,NA,NA,1,0,NA,NA,NA,NA,Site,Index,NA,2,1,1,1,1,1,8,2021,34
AE08C760-E12D-47A8-9128-DC02A499F424,2021-08-20,Nisqually River,District 11,Nisqually salmon 2021,7485CB9C-FEDE-4FB1-8C90-91CEF6245BA7,45,Bank,Fort Lewis,Fort Lewis,9E5C07F8-2874-4E94-8E1E-5707D4B022D1,786,1,NA,NA,Complete,05:30:00,14:45:00,NA,Chinook,NA,NA,NA,NA,1,0,NA,NA,NA,NA,Site,Index,NA,2,1,1,1,1,1,8,2021,34
AE08C760-E12D-47A8-9128-DC02A499F424,2021-08-20,Nisqually River,District 11,Nisqually salmon 2021,A4C9FB65-3525-4B77-B9B6-55F9691F39B7,44,Bank,Fort Lewis,Fort Lewis,9E5C07F8-2874-4E94-8E1E-5707D4B022D1,786,1,NA,NA,Complete,08:00:00,14:45:00,NA,Chinook,NA,NA,NA,NA,1,0,NA,NA,NA,NA,Site,Index,NA,2,1,1,1,1,1,8,2021,34
117F9484-70D0-433B-BBF7-5E319B490660,2021-08-20,Nisqually River,District 11,Nisqually salmon 2021,B8455A92-DD19-4C30-9720-CC29A9627468,8,Bank,Fort Lewis,Fort Lewis,9E5C07F8-2874-4E94-8E1E-5707D4B022D1,786,1,NA,NA,Complete,05:15:00,12:20:00,NA,Chinook,NA,NA,NA,NA,1,0,NA,NA,NA,NA,Site,Index,NA,2,1,1,1,1,1,8,2021,34
AE08C760-E12D-47A8-9128-DC02A499F424,2021-08-20,Nisqually River,District 11,Nisqually salmon 2021,D4526F3B-A339-4F10-BF10-0B25286A6373,40,Bank,Fort Lewis,Fort Lewis,9E5C07F8-2874-4E94-8E1E-5707D4B022D1,786,1,NA,NA,Complete,14:00:00,15:20:00,NA,Chinook,NA,NA,NA,NA,1,0,NA,NA,NA,NA,Site,Index,NA,2,1,1,1,1,1,8,2021,34
117F9484-70D0-433B-BBF7-5E319B490660,2021-08-20,Nisqually River,District 11,Nisqually salmon 2021,0E2E2D86-16BE-4E34-A091-5B618495EE74,12,Bank,Fort Lewis,Fort Lewis,9E5C07F8-2874-4E94-8E1E-5707D4B022D1,786,1,NA,NA,Complete,08:30:00,12:00:00,NA,Chinook,NA,NA,NA,NA,1,0,NA,NA,NA,NA,Site,Index,NA,2,1,1,1,1,1,8,2021,34
AE08C760-E12D-47A8-9128-DC02A499F424,2021-08-20,Nisqually River,District 11,Nisqually salmon 2021,07DF0A41-9404-404C-AF22-CC6AEAFD5C28,36,Bank,Fort Lewis,Fort Lewis,9E5C07F8-2874-4E94-8E1E-5707D4B022D1,786,1,NA,NA,Complete,12:00:00,15:15:00,NA,Chinook,NA,NA,NA,NA,1,0,NA,NA,NA,NA,Site,Index,NA,2,1,1,1,1,1,8,2021,34
117F9484-70D0-433B-BBF7-5E319B490660,2021-08-20,Nisqually River,District 11,Nisqually salmon 2021,7FE9DADC-D595-4E4C-916A-2E00E3B0BA2D,29,Bank,Fort Lewis,Fort Lewis,9E5C07F8-2874-4E94-8E1E-5707D4B022D1,786,1,NA,NA,Complete,05:15:00,13:50:00,NA,Chinook,NA,NA,NA,NA,1,0,NA,NA,NA,NA,Site,Index,NA,2,1,1,1,1,1,8,2021,34
AE08C760-E12D-47A8-9128-DC02A499F424,2021-08-20,Nisqually River,District 11,Nisqually salmon 2021,C39EC4D7-246D-47E4-AA4B-68EBAC840AB1,34,Boat,Fort Lewis,Fort Lewis,9E5C07F8-2874-4E94-8E1E-5707D4B022D1,786,1,NA,NA,Complete,07:00:00,15:15:00,NA,Chinook,NA,NA,NA,NA,1,1,NA,NA,NA,NA,Site,Index,NA,2,1,1,1,1,1,8,2021,34
AE08C760-E12D-47A8-9128-DC02A499F424,2021-08-20,Nisqually River,District 11,Nisqually salmon 2021,0096C6FE-B52D-41E4-9ACC-044AD52C4B35,26,Bank,Fort Lewis,Fort Lewis,9E5C07F8-2874-4E94-8E1E-5707D4B022D1,786,1,NA,NA,Complete,10:00:00,17:20:00,NA,Chinook,NA,NA,NA,NA,1,0,NA,NA,NA,NA,Site,Index,NA,2,1,1,1,1,1,8,2021,34
AE08C760-E12D-47A8-9128-DC02A499F424,2021-08-20,Nisqually River,District 11,Nisqually salmon 2021,FAAC517A-789B-470E-96A1-C550B0369D5D,15,Bank,Fort Lewis,Fort Lewis,9E5C07F8-2874-4E94-8E1E-5707D4B022D1,786,1,NA,NA,Complete,13:00:00,17:20:00,NA,Chinook,NA,NA,NA,NA,1,0,NA,NA,NA,NA,Site,Index,NA,2,1,1,1,1,1,8,2021,34
AE08C760-E12D-47A8-9128-DC02A499F424,2021-08-20,Nisqually River,District 11,Nisqually salmon 2021,81F26B6A-37D0-4FAD-8ED0-2784C1E78F6B,12,Bank,Fort Lewis,Fort Lewis,9E5C07F8-2874-4E94-8E1E-5707D4B022D1,786,1,NA,NA,Complete,15:30:00,16:45:00,NA,Chinook,NA,NA,NA,NA,1,0,NA,NA,NA,NA,Site,Index,NA,2,1,1,1,1,1,8,2021,34
AE08C760-E12D-47A8-9128-DC02A499F424,2021-08-20,Nisqually River,District 11,Nisqually salmon 2021,4C873B9A-27C8-40CF-B926-9FA794EAC6E6,5,Bank,Fort Lewis,Fort Lewis,9E5C07F8-2874-4E94-8E1E-5707D4B022D1,786,2,NA,NA,Complete,07:00:00,16:00:00,NA,Chinook,NA,NA,NA,NA,1,0,NA,NA,NA,NA,Site,Index,NA,2,1,1,1,1,1,8,2021,34
AE08C760-E12D-47A8-9128-DC02A499F424,2021-08-20,Nisqually River,District 11,Nisqually salmon 2021,D5DA41E0-B322-456A-A611-9E2F6859B873,1,Bank,Fort Lewis,Fort Lewis,9E5C07F8-2874-4E94-8E1E-5707D4B022D1,786,1,NA,NA,Complete,08:00:00,16:40:00,NA,Chinook,NA,NA,NA,NA,1,0,NA,NA,NA,NA,Site,Index,NA,2,1,1,1,1,1,8,2021,34
117F9484-70D0-433B-BBF7-5E319B490660,2021-08-20,Nisqually River,District 11,Nisqually salmon 2021,3111B47B-6E9E-402F-A7E2-05DE113A96FD,42,Bank,Fort Lewis,Fort Lewis,9E5C07F8-2874-4E94-8E1E-5707D4B022D1,786,1,NA,NA,Complete,05:45:00,08:00:00,NA,Chinook,NA,NA,NA,NA,1,0,NA,NA,NA,NA,Site,Index,NA,2,1,1,1,1,1,8,2021,34
9EF0920D-CF30-4447-82DD-9ED21589193A,2021-08-21,Nisqually River,District 11,Nisqually salmon 2021,F0A97D1D-750F-4B99-9EA0-24A8F53797B2,49,Bank,Fort Lewis,Fort Lewis,9E5C07F8-2874-4E94-8E1E-5707D4B022D1,786,1,NA,NA,Complete,05:45:00,11:10:00,NA,Chinook,NA,NA,NA,NA,1,0,NA,NA,NA,NA,Site,Index,NA,2,1,1,1,1,1,8,2021,34
9EF0920D-CF30-4447-82DD-9ED21589193A,2021-08-21,Nisqually River,District 11,Nisqually salmon 2021,FE10698B-33E7-47F2-97C5-D200E24004D8,44,Bank,Fort Lewis,Fort Lewis,9E5C07F8-2874-4E94-8E1E-5707D4B022D1,786,1,NA,NA,Complete,06:15:00,11:30:00,NA,Chinook,NA,NA,NA,NA,1,0,NA,NA,NA,NA,Site,Index,NA,2,1,1,1,1,1,8,2021,34
9EF0920D-CF30-4447-82DD-9ED21589193A,2021-08-21,Nisqually River,District 11,Nisqually salmon 2021,B7ED4A85-FFAA-4C31-A663-71D940343F24,27,Bank,Fort Lewis,Fort Lewis,9E5C07F8-2874-4E94-8E1E-5707D4B022D1,786,1,NA,NA,Complete,05:20:00,07:10:00,NA,Chinook,NA,NA,NA,NA,1,0,NA,NA,NA,NA,Site,Index,NA,2,1,1,1,1,1,8,2021,34
9EF0920D-CF30-4447-82DD-9ED21589193A,2021-08-21,Nisqually River,District 11,Nisqually salmon 2021,77E78CA3-E1FE-4CC9-B1B4-0DA1150CFAA4,26,Bank,Fort Lewis,Fort Lewis,9E5C07F8-2874-4E94-8E1E-5707D4B022D1,786,1,NA,NA,Complete,06:20:00,07:20:00,NA,Chinook,NA,NA,NA,NA,1,0,NA,NA,NA,NA,Site,Index,NA,2,1,1,1,1,1,8,2021,34
0F81E2C9-7157-42DD-82E5-D5AAE9F46FD8,2021-08-21,Nisqually River,District 11,Nisqually salmon 2021,8BF7CED8-76C6-4E88-8BE4-618E61E05051,11,Bank,Fort Lewis,Fort Lewis,9E5C07F8-2874-4E94-8E1E-5707D4B022D1,786,1,NA,NA,Complete,06:30:00,13:05:00,NA,Chinook,NA,NA,NA,NA,1,0,NA,NA,NA,NA,Site,Index,NA,2,1,1,1,1,1,8,2021,34
0F81E2C9-7157-42DD-82E5-D5AAE9F46FD8,2021-08-21,Nisqually River,District 11,Nisqually salmon 2021,1D1B0A2C-053E-46EE-A1A8-E2E8AEB5A27A,13,Bank,Fort Lewis,Fort Lewis,9E5C07F8-2874-4E94-8E1E-5707D4B022D1,786,1,NA,NA,Complete,05:15:00,14:00:00,NA,Chinook,NA,NA,NA,NA,1,0,NA,NA,NA,NA,Site,Index,NA,2,1,1,1,1,1,8,2021,34
0F81E2C9-7157-42DD-82E5-D5AAE9F46FD8,2021-08-21,Nisqually River,District 11,Nisqually salmon 2021,9C99041F-A027-4E9A-86ED-E788E3218732,22,Boat,Fort Lewis,Fort Lewis,9E5C07F8-2874-4E94-8E1E-5707D4B022D1,786,2,NA,NA,Complete,05:00:00,15:00:00,NA,Chinook,NA,NA,NA,NA,1,0,NA,NA,NA,NA,Site,Index,NA,2,1,1,1,1,1,8,2021,34
0F81E2C9-7157-42DD-82E5-D5AAE9F46FD8,2021-08-21,Nisqually River,District 11,Nisqually salmon 2021,E61E601A-BF64-40A4-BE1E-C560FA2A1C22,23,Bank,Fort Lewis,Fort Lewis,9E5C07F8-2874-4E94-8E1E-5707D4B022D1,786,1,NA,NA,Complete,05:15:00,14:15:00,NA,Chinook,NA,NA,NA,NA,1,0,NA,NA,NA,NA,Site,Index,NA,2,1,1,1,1,1,8,2021,34
9EF0920D-CF30-4447-82DD-9ED21589193A,2021-08-21,Nisqually River,District 11,Nisqually salmon 2021,15E5230D-164C-40E9-A91D-1E9C0DD6993B,9,Bank,Fort Lewis,Fort Lewis,9E5C07F8-2874-4E94-8E1E-5707D4B022D1,786,2,NA,NA,Complete,05:30:00,10:40:00,NA,Chinook,NA,NA,NA,NA,1,0,NA,NA,NA,NA,Site,Index,NA,2,1,1,1,1,1,8,2021,34
9EF0920D-CF30-4447-82DD-9ED21589193A,2021-08-21,Nisqually River,District 11,Nisqually salmon 2021,3FD28AE0-9018-4E36-BEE8-76D296C88792,8,Bank,Fort Lewis,Fort Lewis,9E5C07F8-2874-4E94-8E1E-5707D4B022D1,786,1,NA,NA,Complete,05:30:00,10:40:00,NA,Chinook,NA,NA,NA,NA,1,0,NA,NA,NA,NA,Site,Index,NA,2,1,1,1,1,1,8,2021,34
0F81E2C9-7157-42DD-82E5-D5AAE9F46FD8,2021-08-21,Nisqually River,District 11,Nisqually salmon 2021,ACFD6BB6-E1A8-44D8-A222-5B512B4D7534,45,Bank,Fort Lewis,Fort Lewis,9E5C07F8-2874-4E94-8E1E-5707D4B022D1,786,1,NA,NA,Complete,15:00:00,19:00:00,NA,Chinook,NA,NA,NA,NA,1,0,NA,NA,NA,NA,Site,Index,NA,2,1,1,1,1,1,8,2021,34
0F81E2C9-7157-42DD-82E5-D5AAE9F46FD8,2021-08-21,Nisqually River,District 11,Nisqually salmon 2021,0ED6B2E7-4EFD-44C1-A518-73B65031C279,50,Bank,Fort Lewis,Fort Lewis,9E5C07F8-2874-4E94-8E1E-5707D4B022D1,786,1,NA,NA,Complete,12:00:00,14:30:00,NA,Chinook,NA,NA,NA,NA,1,0,NA,NA,NA,NA,Site,Index,NA,2,1,1,1,1,1,8,2021,34
0F81E2C9-7157-42DD-82E5-D5AAE9F46FD8,2021-08-21,Nisqually River,District 11,Nisqually salmon 2021,3DEAFD89-1ED2-487E-A1A7-7E043BF2CED5,58,Bank,Fort Lewis,Fort Lewis,9E5C07F8-2874-4E94-8E1E-5707D4B022D1,786,1,NA,NA,Complete,09:30:00,15:30:00,NA,Chinook,NA,NA,NA,NA,1,0,NA,NA,NA,NA,Site,Index,NA,2,1,1,1,1,1,8,2021,34
0F81E2C9-7157-42DD-82E5-D5AAE9F46FD8,2021-08-21,Nisqually River,District 11,Nisqually salmon 2021,66403276-02A7-445D-BD9B-248148C6CB20,60,Bank,Fort Lewis,Fort Lewis,9E5C07F8-2874-4E94-8E1E-5707D4B022D1,786,1,NA,NA,Complete,05:30:00,17:00:00,NA,Chinook,NA,NA,NA,NA,1,0,NA,NA,NA,NA,Site,Index,NA,2,1,1,1,1,1,8,2021,34
0F81E2C9-7157-42DD-82E5-D5AAE9F46FD8,2021-08-21,Nisqually River,District 11,Nisqually salmon 2021,9F8AE786-86BD-4B95-AD1A-96A46B27B59C,64,Bank,Fort Lewis,Fort Lewis,9E5C07F8-2874-4E94-8E1E-5707D4B022D1,786,1,NA,NA,Complete,16:00:00,17:30:00,NA,Chinook,NA,NA,NA,NA,1,0,NA,NA,NA,NA,Site,Index,NA,2,1,1,1,1,1,8,2021,34
0F81E2C9-7157-42DD-82E5-D5AAE9F46FD8,2021-08-21,Nisqually River,District 11,Nisqually salmon 2021,2E51328B-006A-431E-9BC0-41A5E60F0DF9,65,Bank,Fort Lewis,Fort Lewis,9E5C07F8-2874-4E94-8E1E-5707D4B022D1,786,1,NA,NA,Complete,06:00:00,15:00:00,NA,Chinook,NA,NA,NA,NA,1,0,NA,NA,NA,NA,Site,Index,NA,2,1,1,1,1,1,8,2021,34
0107A0D3-A054-4C9A-A4FC-222566145F1C,2021-08-25,Nisqually River,District 11,Nisqually salmon 2021,B91D3F09-C523-4838-8513-4C09FB8D5FA3,2,Bank,Fort Lewis,Fort Lewis,9E5C07F8-2874-4E94-8E1E-5707D4B022D1,786,1,NA,NA,Complete,06:30:00,11:45:00,NA,Chinook,NA,NA,NA,NA,1,0,NA,NA,NA,NA,Site,Index,NA,2,1,1,1,1,1,8,2021,34
0107A0D3-A054-4C9A-A4FC-222566145F1C,2021-08-25,Nisqually River,District 11,Nisqually salmon 2021,2E4EB5A8-5F1A-4D4D-A0C4-7BE9933449C7,3,Bank,Fort Lewis,Fort Lewis,9E5C07F8-2874-4E94-8E1E-5707D4B022D1,786,1,NA,NA,Complete,05:20:00,11:00:00,NA,Chinook,NA,NA,NA,NA,1,0,NA,NA,NA,NA,Site,Index,NA,2,1,1,1,1,1,8,2021,34
0107A0D3-A054-4C9A-A4FC-222566145F1C,2021-08-25,Nisqually River,District 11,Nisqually salmon 2021,7D6105D6-F253-4335-82FA-F2163EB02EFE,4,Bank,Fort Lewis,Fort Lewis,9E5C07F8-2874-4E94-8E1E-5707D4B022D1,786,1,NA,NA,Complete,07:30:00,11:40:00,NA,Chinook,NA,NA,NA,NA,1,0,NA,NA,NA,NA,Site,Index,NA,2,1,1,1,1,1,8,2021,34
0107A0D3-A054-4C9A-A4FC-222566145F1C,2021-08-25,Nisqually River,District 11,Nisqually salmon 2021,161217AF-879D-4C3B-B1BA-0C0020B2DD48,11,Bank,Fort Lewis,Fort Lewis,9E5C07F8-2874-4E94-8E1E-5707D4B022D1,786,1,NA,NA,Complete,08:00:00,11:15:00,NA,Chinook,NA,NA,NA,NA,1,0,NA,NA,NA,NA,Site,Index,NA,2,1,1,1,1,1,8,2021,34
0107A0D3-A054-4C9A-A4FC-222566145F1C,2021-08-25,Nisqually River,District 11,Nisqually salmon 2021,A21F8E3D-3E5B-4081-92AA-EF1EE8ACAC66,21,Bank,Fort Lewis,Fort Lewis,9E5C07F8-2874-4E94-8E1E-5707D4B022D1,786,1,NA,NA,Complete,05:25:00,13:40:00,NA,Chinook,NA,NA,NA,NA,1,0,NA,NA,NA,NA,Site,Index,NA,2,1,1,1,1,1,8,2021,34
0107A0D3-A054-4C9A-A4FC-222566145F1C,2021-08-25,Nisqually River,District 11,Nisqually salmon 2021,ADAA307E-085E-4C6B-B8EA-1DF83E8DB6DF,28,Bank,Fort Lewis,Fort Lewis,9E5C07F8-2874-4E94-8E1E-5707D4B022D1,786,1,NA,NA,Complete,06:30:00,12:45:00,NA,Chinook,NA,NA,NA,NA,1,0,NA,NA,NA,NA,Site,Index,NA,2,1,1,1,1,1,8,2021,34
0107A0D3-A054-4C9A-A4FC-222566145F1C,2021-08-25,Nisqually River,District 11,Nisqually salmon 2021,D88A9B31-0B15-4C8E-99D1-82CD1E1AB0E7,31,Bank,Fort Lewis,Fort Lewis,9E5C07F8-2874-4E94-8E1E-5707D4B022D1,786,1,NA,NA,Complete,10:30:00,12:35:00,NA,Chinook,NA,NA,NA,NA,1,0,NA,NA,NA,NA,Site,Index,NA,2,1,1,1,1,1,8,2021,34
0107A0D3-A054-4C9A-A4FC-222566145F1C,2021-08-25,Nisqually River,District 11,Nisqually salmon 2021,581FDE34-0D7B-4C88-902D-764B7AC16253,33,Bank,Fort Lewis,Fort Lewis,9E5C07F8-2874-4E94-8E1E-5707D4B022D1,786,1,NA,NA,Complete,05:20:00,12:30:00,NA,Chinook,NA,NA,NA,NA,1,0,NA,NA,NA,NA,Site,Index,NA,2,1,1,1,1,1,8,2021,34
0107A0D3-A054-4C9A-A4FC-222566145F1C,2021-08-25,Nisqually River,District 11,Nisqually salmon 2021,70B7BF9C-0315-4D49-8512-C066002AB070,36,Bank,Fort Lewis,Fort Lewis,9E5C07F8-2874-4E94-8E1E-5707D4B022D1,786,1,NA,NA,Complete,05:30:00,08:40:00,NA,Chinook,NA,NA,NA,NA,1,0,NA,NA,NA,NA,Site,Index,NA,2,1,1,1,1,1,8,2021,34
0107A0D3-A054-4C9A-A4FC-222566145F1C,2021-08-25,Nisqually River,District 11,Nisqually salmon 2021,871B9DC6-B9C9-4448-B739-F98524C80783,39,Bank,Fort Lewis,Fort Lewis,9E5C07F8-2874-4E94-8E1E-5707D4B022D1,786,1,NA,NA,Complete,05:30:00,07:45:00,NA,Chinook,NA,NA,NA,NA,1,0,NA,NA,NA,NA,Site,Index,NA,2,1,1,1,1,1,8,2021,34
0107A0D3-A054-4C9A-A4FC-222566145F1C,2021-08-25,Nisqually River,District 11,Nisqually salmon 2021,DD554E19-E7C7-45C7-B341-1CDFF0F99876,59,Bank,Fort Lewis,Fort Lewis,9E5C07F8-2874-4E94-8E1E-5707D4B022D1,786,1,NA,NA,Complete,05:25:00,09:50:00,NA,Chinook,NA,NA,NA,NA,1,0,NA,NA,NA,NA,Site,Index,NA,2,1,1,1,1,1,8,2021,34
0107A0D3-A054-4C9A-A4FC-222566145F1C,2021-08-25,Nisqually River,District 11,Nisqually salmon 2021,72731FF9-9F8E-45B2-BE9E-4790EED76430,61,Bank,Fort Lewis,Fort Lewis,9E5C07F8-2874-4E94-8E1E-5707D4B022D1,786,2,NA,NA,Complete,05:30:00,09:20:00,NA,Chinook,NA,NA,NA,NA,1,0,NA,NA,NA,NA,Site,Index,NA,2,1,1,1,1,1,8,2021,34
0107A0D3-A054-4C9A-A4FC-222566145F1C,2021-08-25,Nisqually River,District 11,Nisqually salmon 2021,484CA0EC-F834-4285-9173-39ED8D5819D7,62,Bank,Fort Lewis,Fort Lewis,9E5C07F8-2874-4E94-8E1E-5707D4B022D1,786,1,NA,NA,Complete,05:30:00,09:20:00,NA,Chinook,NA,NA,NA,NA,1,0,NA,NA,NA,NA,Site,Index,NA,2,1,1,1,1,1,8,2021,34
0107A0D3-A054-4C9A-A4FC-222566145F1C,2021-08-25,Nisqually River,District 11,Nisqually salmon 2021,3CB09E47-3E32-445B-B6C2-FDE0739A15A1,67,Bank,Fort Lewis,Fort Lewis,9E5C07F8-2874-4E94-8E1E-5707D4B022D1,786,1,NA,NA,Complete,07:00:00,10:20:00,NA,Chinook,NA,NA,NA,NA,1,0,NA,NA,NA,NA,Site,Index,NA,2,1,1,1,1,1,8,2021,34
A064B5A7-108E-4598-9F85-6F6804E2F546,2021-08-25,Nisqually River,District 11,Nisqually salmon 2021,493A7FC5-7D39-4CC9-90BC-3DEC72579B34,3,Bank,Fort Lewis,Fort Lewis,9E5C07F8-2874-4E94-8E1E-5707D4B022D1,786,1,NA,NA,Complete,15:00:00,17:00:00,NA,Chinook,NA,NA,NA,NA,1,0,NA,NA,NA,NA,Site,Index,NA,2,1,1,1,1,1,8,2021,34
6F8077A8-9628-4680-B77B-6B7BD03A2B12,2021-08-26,Nisqually River,District 11,Nisqually salmon 2021,79EEA2FB-321D-4965-984C-39A1ED90EB91,4,Bank,Fort Lewis,Fort Lewis,9E5C07F8-2874-4E94-8E1E-5707D4B022D1,786,1,NA,NA,Complete,12:00:00,14:00:00,NA,Chinook,NA,NA,NA,NA,1,0,NA,NA,NA,NA,Site,Index,NA,2,1,1,1,1,1,8,2021,34
6F8077A8-9628-4680-B77B-6B7BD03A2B12,2021-08-26,Nisqually River,District 11,Nisqually salmon 2021,FEE8E4BB-FD31-4894-87E2-6180ABFF64BF,6,Bank,Fort Lewis,Fort Lewis,9E5C07F8-2874-4E94-8E1E-5707D4B022D1,786,1,NA,NA,Complete,09:00:00,10:00:00,NA,Chinook,NA,NA,NA,NA,1,0,NA,NA,NA,NA,Site,Index,NA,2,1,1,1,1,1,8,2021,34
6F8077A8-9628-4680-B77B-6B7BD03A2B12,2021-08-26,Nisqually River,District 11,Nisqually salmon 2021,358CB250-019F-4B68-8C76-BA6DE43E358F,7,Bank,Fort Lewis,Fort Lewis,9E5C07F8-2874-4E94-8E1E-5707D4B022D1,786,1,NA,NA,Complete,06:30:00,14:00:00,NA,Chinook,NA,NA,NA,NA,1,0,NA,NA,NA,NA,Site,Index,NA,2,1,1,1,1,1,8,2021,34
6F8077A8-9628-4680-B77B-6B7BD03A2B12,2021-08-26,Nisqually River,District 11,Nisqually salmon 2021,0AEF462E-E481-4E04-B4E9-716EE7B428EA,8,Bank,Fort Lewis,Fort Lewis,9E5C07F8-2874-4E94-8E1E-5707D4B022D1,786,1,NA,NA,Complete,09:00:00,12:50:00,NA,Chinook,NA,NA,NA,NA,1,0,NA,NA,NA,NA,Site,Index,NA,2,1,1,1,1,1,8,2021,34
6F8077A8-9628-4680-B77B-6B7BD03A2B12,2021-08-26,Nisqually River,District 11,Nisqually salmon 2021,0EC23BF2-EB4A-428E-ACB7-6E374001124B,13,Bank,Fort Lewis,Fort Lewis,9E5C07F8-2874-4E94-8E1E-5707D4B022D1,786,2,NA,NA,Complete,10:00:00,15:00:00,NA,Chinook,NA,NA,NA,NA,1,0,NA,NA,NA,NA,Site,Index,NA,2,1,1,1,1,1,8,2021,34
6F8077A8-9628-4680-B77B-6B7BD03A2B12,2021-08-26,Nisqually River,District 11,Nisqually salmon 2021,EFB4771B-BBC0-4242-A129-BA153EDEECDB,14,Bank,Fort Lewis,Fort Lewis,9E5C07F8-2874-4E94-8E1E-5707D4B022D1,786,1,NA,NA,Complete,07:00:00,12:55:00,NA,Chinook,NA,NA,NA,NA,1,0,NA,NA,NA,NA,Site,Index,NA,2,1,1,1,1,1,8,2021,34
6F8077A8-9628-4680-B77B-6B7BD03A2B12,2021-08-26,Nisqually River,District 11,Nisqually salmon 2021,C60C0B10-A6FE-4F14-9CE6-B25DDA292B98,22,Bank,Fort Lewis,Fort Lewis,9E5C07F8-2874-4E94-8E1E-5707D4B022D1,786,1,NA,NA,Complete,07:00:00,08:30:00,NA,Chinook,NA,NA,NA,NA,1,0,NA,NA,NA,NA,Site,Index,NA,2,1,1,1,1,1,8,2021,34
6F8077A8-9628-4680-B77B-6B7BD03A2B12,2021-08-26,Nisqually River,District 11,Nisqually salmon 2021,E7F43217-AFCE-4779-A3E2-649C9F79EF00,25,Bank,Fort Lewis,Fort Lewis,9E5C07F8-2874-4E94-8E1E-5707D4B022D1,786,1,NA,NA,Complete,05:25:00,08:05:00,NA,Chinook,NA,NA,NA,NA,1,0,NA,NA,NA,NA,Site,Index,NA,2,1,1,1,1,1,8,2021,34
6F8077A8-9628-4680-B77B-6B7BD03A2B12,2021-08-26,Nisqually River,District 11,Nisqually salmon 2021,C1DC1BB0-9F27-4720-9445-518BE8578A58,26,Bank,Fort Lewis,Fort Lewis,9E5C07F8-2874-4E94-8E1E-5707D4B022D1,786,1,NA,NA,Complete,05:30:00,08:00:00,NA,Chinook,NA,NA,NA,NA,1,0,NA,NA,NA,NA,Site,Index,NA,2,1,1,1,1,1,8,2021,34
6F8077A8-9628-4680-B77B-6B7BD03A2B12,2021-08-26,Nisqually River,District 11,Nisqually salmon 2021,685A82AB-ABBB-4416-84B7-2E7EC7926DA0,29,Bank,Fort Lewis,Fort Lewis,9E5C07F8-2874-4E94-8E1E-5707D4B022D1,786,1,NA,NA,Complete,13:00:00,15:00:00,NA,Chinook,NA,NA,NA,NA,1,0,NA,NA,NA,NA,Site,Index,NA,2,1,1,1,1,1,8,2021,34
6F8077A8-9628-4680-B77B-6B7BD03A2B12,2021-08-26,Nisqually River,District 11,Nisqually salmon 2021,39DC1623-E00B-4461-8F3C-8B22C53915FA,38,Bank,Fort Lewis,Fort Lewis,9E5C07F8-2874-4E94-8E1E-5707D4B022D1,786,1,NA,NA,Complete,07:00:00,09:00:00,NA,Chinook,NA,NA,NA,NA,1,0,NA,NA,NA,NA,Site,Index,NA,2,1,1,1,1,1,8,2021,34
6F8077A8-9628-4680-B77B-6B7BD03A2B12,2021-08-26,Nisqually River,District 11,Nisqually salmon 2021,65A645F3-3993-48C2-95F0-B72600D115BC,40,Bank,Fort Lewis,Fort Lewis,9E5C07F8-2874-4E94-8E1E-5707D4B022D1,786,1,NA,NA,Complete,06:00:00,09:50:00,NA,Chinook,NA,NA,NA,NA,1,0,NA,NA,NA,NA,Site,Index,NA,2,1,1,1,1,1,8,2021,34
6F8077A8-9628-4680-B77B-6B7BD03A2B12,2021-08-26,Nisqually River,District 11,Nisqually salmon 2021,4D54543B-99CB-431B-BFEC-72595D0B142B,41,Bank,Fort Lewis,Fort Lewis,9E5C07F8-2874-4E94-8E1E-5707D4B022D1,786,1,NA,NA,Complete,06:45:00,09:45:00,NA,Chinook,NA,NA,NA,NA,1,0,NA,NA,NA,NA,Site,Index,NA,2,1,1,1,1,1,8,2021,34
6F8077A8-9628-4680-B77B-6B7BD03A2B12,2021-08-26,Nisqually River,District 11,Nisqually salmon 2021,35FB1AA1-26EE-4E8B-85CC-B790C2AF37EE,49,Bank,Fort Lewis,Fort Lewis,9E5C07F8-2874-4E94-8E1E-5707D4B022D1,786,1,NA,NA,Complete,06:30:00,08:50:00,NA,Chinook,NA,NA,NA,NA,1,0,NA,NA,NA,NA,Site,Index,NA,2,1,1,1,1,1,8,2021,34
6F8077A8-9628-4680-B77B-6B7BD03A2B12,2021-08-26,Nisqually River,District 11,Nisqually salmon 2021,F3B71F80-3335-4A2D-A4F1-2961F4FFAD02,51,Bank,Fort Lewis,Fort Lewis,9E5C07F8-2874-4E94-8E1E-5707D4B022D1,786,1,NA,NA,Complete,05:30:00,08:50:00,NA,Chinook,NA,NA,NA,NA,1,0,NA,NA,NA,NA,Site,Index,NA,2,1,1,1,1,1,8,2021,34
6F8077A8-9628-4680-B77B-6B7BD03A2B12,2021-08-26,Nisqually River,District 11,Nisqually salmon 2021,F53E1D22-93AE-4F3E-BE41-BEB0110140E4,54,Bank,Fort Lewis,Fort Lewis,9E5C07F8-2874-4E94-8E1E-5707D4B022D1,786,1,NA,NA,Complete,05:25:00,08:30:00,NA,Chinook,NA,NA,NA,NA,1,0,NA,NA,NA,NA,Site,Index,NA,2,1,1,1,1,1,8,2021,34
6F8077A8-9628-4680-B77B-6B7BD03A2B12,2021-08-26,Nisqually River,District 11,Nisqually salmon 2021,145A9855-009E-4CDB-8CBC-0ECDAB235166,57,Bank,Fort Lewis,Fort Lewis,9E5C07F8-2874-4E94-8E1E-5707D4B022D1,786,1,NA,NA,Complete,10:15:00,12:00:00,NA,Chinook,NA,NA,NA,NA,1,0,NA,NA,NA,NA,Site,Index,NA,2,1,1,1,1,1,8,2021,34
6F8077A8-9628-4680-B77B-6B7BD03A2B12,2021-08-26,Nisqually River,District 11,Nisqually salmon 2021,F82E327B-469A-4289-B645-A59BE02595EF,61,Bank,Fort Lewis,Fort Lewis,9E5C07F8-2874-4E94-8E1E-5707D4B022D1,786,1,NA,NA,Complete,07:00:00,09:20:00,NA,Chinook,NA,NA,NA,NA,1,0,NA,NA,NA,NA,Site,Index,NA,2,1,1,1,1,1,8,2021,34
6F8077A8-9628-4680-B77B-6B7BD03A2B12,2021-08-26,Nisqually River,District 11,Nisqually salmon 2021,24B661F6-24BB-4B93-BC7F-64180321DC3F,63,Bank,Fort Lewis,Fort Lewis,9E5C07F8-2874-4E94-8E1E-5707D4B022D1,786,2,NA,NA,Complete,05:25:00,11:00:00,NA,Chinook,NA,NA,NA,NA,1,0,NA,NA,NA,NA,Site,Index,NA,2,1,1,1,1,1,8,2021,34
6F8077A8-9628-4680-B77B-6B7BD03A2B12,2021-08-26,Nisqually River,District 11,Nisqually salmon 2021,48C1D454-F00B-4DEF-80F6-E9B14F68ABD9,64,Bank,Fort Lewis,Fort Lewis,9E5C07F8-2874-4E94-8E1E-5707D4B022D1,786,1,NA,NA,Complete,07:30:00,12:00:00,NA,Chinook,NA,NA,NA,NA,1,0,NA,NA,NA,NA,Site,Index,NA,2,1,1,1,1,1,8,2021,34
6F8077A8-9628-4680-B77B-6B7BD03A2B12,2021-08-26,Nisqually River,District 11,Nisqually salmon 2021,337494D7-D180-4C8C-BFDA-4A47F228A62E,65,Bank,Fort Lewis,Fort Lewis,9E5C07F8-2874-4E94-8E1E-5707D4B022D1,786,1,NA,NA,Complete,06:00:00,12:00:00,NA,Chinook,NA,NA,NA,NA,1,0,NA,NA,NA,NA,Site,Index,NA,2,1,1,1,1,1,8,2021,34
6F8077A8-9628-4680-B77B-6B7BD03A2B12,2021-08-26,Nisqually River,District 11,Nisqually salmon 2021,8E4B4127-5B19-434E-876D-03045B3E1B6D,70,Bank,Fort Lewis,Fort Lewis,9E5C07F8-2874-4E94-8E1E-5707D4B022D1,786,1,NA,NA,Complete,08:00:00,11:20:00,NA,Chinook,NA,NA,NA,NA,1,0,NA,NA,NA,NA,Site,Index,NA,2,1,1,1,1,1,8,2021,34
6F8077A8-9628-4680-B77B-6B7BD03A2B12,2021-08-26,Nisqually River,District 11,Nisqually salmon 2021,38F24EA8-FAE1-4096-8055-D0A53AC5AEB4,72,Bank,Fort Lewis,Fort Lewis,9E5C07F8-2874-4E94-8E1E-5707D4B022D1,786,1,NA,NA,Complete,05:25:00,11:20:00,NA,Chinook,NA,NA,NA,NA,1,0,NA,NA,NA,NA,Site,Index,NA,2,1,1,1,1,1,8,2021,34
878A5A54-04BB-4642-B823-B4032EA2D11B,2021-08-26,Nisqually River,District 11,Nisqually salmon 2021,DA34BD43-D5C1-4F00-ABBD-8F672E6424F2,22,Bank,Fort Lewis,Fort Lewis,9E5C07F8-2874-4E94-8E1E-5707D4B022D1,786,1,NA,NA,Complete,13:30:00,16:50:00,NA,Chinook,NA,NA,NA,NA,1,0,NA,NA,NA,NA,Site,Index,NA,2,1,1,1,1,1,8,2021,34
878A5A54-04BB-4642-B823-B4032EA2D11B,2021-08-26,Nisqually River,District 11,Nisqually salmon 2021,0C0B77C8-D394-4F49-A24F-DFE92B74059B,20,Boat,Fort Lewis,Fort Lewis,9E5C07F8-2874-4E94-8E1E-5707D4B022D1,786,2,NA,NA,Complete,05:30:00,17:45:00,NA,Chinook,NA,NA,NA,NA,2,1,NA,NA,NA,NA,Site,Index,NA,2,1,1,1,1,1,8,2021,34
878A5A54-04BB-4642-B823-B4032EA2D11B,2021-08-26,Nisqually River,District 11,Nisqually salmon 2021,58F0FA9B-1732-457B-85F0-157449C9A030,19,Bank,Fort Lewis,Fort Lewis,9E5C07F8-2874-4E94-8E1E-5707D4B022D1,786,2,NA,NA,Complete,12:30:00,16:35:00,NA,Chinook,NA,NA,NA,NA,1,0,NA,NA,NA,NA,Site,Index,NA,2,1,1,1,1,1,8,2021,34
878A5A54-04BB-4642-B823-B4032EA2D11B,2021-08-26,Nisqually River,District 11,Nisqually salmon 2021,EB168E6E-27E2-4EB6-A6B5-F8B578B59637,18,Bank,Fort Lewis,Fort Lewis,9E5C07F8-2874-4E94-8E1E-5707D4B022D1,786,1,NA,NA,Complete,14:10:00,16:25:00,NA,Chinook,NA,NA,NA,NA,1,0,NA,NA,NA,NA,Site,Index,NA,2,1,1,1,1,1,8,2021,34
878A5A54-04BB-4642-B823-B4032EA2D11B,2021-08-26,Nisqually River,District 11,Nisqually salmon 2021,0C0471FB-39DE-4E4B-A17E-A3CA3481618A,15,Bank,Fort Lewis,Fort Lewis,9E5C07F8-2874-4E94-8E1E-5707D4B022D1,786,1,NA,NA,Complete,14:30:00,16:45:00,NA,Chinook,NA,NA,NA,NA,1,0,NA,NA,NA,NA,Site,Index,NA,2,1,1,1,1,1,8,2021,34
878A5A54-04BB-4642-B823-B4032EA2D11B,2021-08-26,Nisqually River,District 11,Nisqually salmon 2021,62F3BDA3-9E8A-476F-82D4-F797B785EF4B,12,Bank,Fort Lewis,Fort Lewis,9E5C07F8-2874-4E94-8E1E-5707D4B022D1,786,1,NA,NA,Complete,12:30:00,18:30:00,NA,Chinook,NA,NA,NA,NA,1,0,NA,NA,NA,NA,Site,Index,NA,2,1,1,1,1,1,8,2021,34
878A5A54-04BB-4642-B823-B4032EA2D11B,2021-08-26,Nisqually River,District 11,Nisqually salmon 2021,54737D66-E2DD-45DF-9D8B-6B6C0C97470A,11,Bank,Fort Lewis,Fort Lewis,9E5C07F8-2874-4E94-8E1E-5707D4B022D1,786,1,NA,NA,Complete,15:00:00,17:05:00,NA,Chinook,NA,NA,NA,NA,1,0,NA,NA,NA,NA,Site,Index,NA,2,1,1,1,1,1,8,2021,34
878A5A54-04BB-4642-B823-B4032EA2D11B,2021-08-26,Nisqually River,District 11,Nisqually salmon 2021,096583AD-2839-441E-A2BE-14A9108B938E,9,Bank,Fort Lewis,Fort Lewis,9E5C07F8-2874-4E94-8E1E-5707D4B022D1,786,1,NA,NA,Complete,16:00:00,18:30:00,NA,Chinook,NA,NA,NA,NA,1,0,NA,NA,NA,NA,Site,Index,NA,2,1,1,1,1,1,8,2021,34
878A5A54-04BB-4642-B823-B4032EA2D11B,2021-08-26,Nisqually River,District 11,Nisqually salmon 2021,1CAED735-B90D-4962-8799-70DF1ADFE6EC,8,Bank,Fort Lewis,Fort Lewis,9E5C07F8-2874-4E94-8E1E-5707D4B022D1,786,1,NA,NA,Complete,16:30:00,18:30:00,NA,Chinook,NA,NA,NA,NA,1,0,NA,NA,NA,NA,Site,Index,NA,2,1,1,1,1,1,8,2021,34
878A5A54-04BB-4642-B823-B4032EA2D11B,2021-08-26,Nisqually River,District 11,Nisqually salmon 2021,04E5B63F-75EE-46C6-8816-EA82565A267E,6,Bank,Fort Lewis,Fort Lewis,9E5C07F8-2874-4E94-8E1E-5707D4B022D1,786,1,NA,NA,Complete,06:00:00,18:15:00,NA,Chinook,NA,NA,NA,NA,1,0,NA,NA,NA,NA,Site,Index,NA,2,1,1,1,1,1,8,2021,34
878A5A54-04BB-4642-B823-B4032EA2D11B,2021-08-26,Nisqually River,District 11,Nisqually salmon 2021,223F519B-A121-40F4-B7CF-65E6DC8C7A43,5,Bank,Fort Lewis,Fort Lewis,9E5C07F8-2874-4E94-8E1E-5707D4B022D1,786,1,NA,NA,Complete,11:00:00,18:10:00,NA,Chinook,NA,NA,NA,NA,1,0,NA,NA,NA,NA,Site,Index,NA,2,1,1,1,1,1,8,2021,34
878A5A54-04BB-4642-B823-B4032EA2D11B,2021-08-26,Nisqually River,District 11,Nisqually salmon 2021,07D7CAA3-6B19-47DA-B38F-6048FAB970D4,4,Bank,Fort Lewis,Fort Lewis,9E5C07F8-2874-4E94-8E1E-5707D4B022D1,786,1,NA,NA,Complete,15:00:00,17:55:00,NA,Chinook,NA,NA,NA,NA,1,0,NA,NA,NA,NA,Site,Index,NA,2,1,1,1,1,1,8,2021,34
878A5A54-04BB-4642-B823-B4032EA2D11B,2021-08-26,Nisqually River,District 11,Nisqually salmon 2021,C67BF38F-F1AC-4DF7-9AA7-CEBBF26FD956,2,Bank,Fort Lewis,Fort Lewis,9E5C07F8-2874-4E94-8E1E-5707D4B022D1,786,1,NA,NA,Complete,15:50:00,17:15:00,NA,Chinook,NA,NA,NA,NA,1,0,NA,NA,NA,NA,Site,Index,NA,2,1,1,1,1,1,8,2021,34
878A5A54-04BB-4642-B823-B4032EA2D11B,2021-08-26,Nisqually River,District 11,Nisqually salmon 2021,89FB6477-463E-4011-A93D-509CE38427D9,1,Bank,Fort Lewis,Fort Lewis,9E5C07F8-2874-4E94-8E1E-5707D4B022D1,786,3,NA,NA,Complete,10:30:00,17:15:00,NA,Chinook,NA,NA,NA,NA,1,0,NA,NA,NA,NA,Site,Index,NA,2,1,1,1,1,1,8,2021,34
6F8077A8-9628-4680-B77B-6B7BD03A2B12,2021-08-26,Nisqually River,District 11,Nisqually salmon 2021,F826319E-BA96-4726-BF3F-7998B021FB89,75,Bank,Fort Lewis,Fort Lewis,9E5C07F8-2874-4E94-8E1E-5707D4B022D1,786,1,NA,NA,Complete,07:30:00,11:40:00,NA,Chinook,NA,NA,NA,NA,1,0,NA,NA,NA,NA,Site,Index,NA,2,1,1,1,1,1,8,2021,34
CA628FAB-AB65-4C68-AE95-8FF087E2D0AC,2021-08-27,Nisqually River,District 11,Nisqually salmon 2021,8FAC1102-ADFB-40EF-B656-0A23B9FFD0B5,1,Bank,Fort Lewis,Fort Lewis,9E5C07F8-2874-4E94-8E1E-5707D4B022D1,786,1,NA,NA,Complete,14:00:00,17:15:00,NA,Chinook,NA,NA,NA,NA,1,0,NA,NA,NA,NA,Site,Index,NA,2,1,1,1,1,1,8,2021,35
CA628FAB-AB65-4C68-AE95-8FF087E2D0AC,2021-08-27,Nisqually River,District 11,Nisqually salmon 2021,E879438F-641A-404D-A6D5-A78AAB91D35A,59,Bank,Fort Lewis,Fort Lewis,9E5C07F8-2874-4E94-8E1E-5707D4B022D1,786,1,NA,NA,Complete,07:00:00,13:30:00,NA,Chinook,NA,NA,NA,NA,1,0,NA,NA,NA,NA,Site,Index,NA,2,1,1,1,1,1,8,2021,35
CA628FAB-AB65-4C68-AE95-8FF087E2D0AC,2021-08-27,Nisqually River,District 11,Nisqually salmon 2021,AD29E867-E936-4850-9393-D93F10452B01,57,Bank,Fort Lewis,Fort Lewis,9E5C07F8-2874-4E94-8E1E-5707D4B022D1,786,2,NA,NA,Complete,12:00:00,14:30:00,NA,Chinook,NA,NA,NA,NA,1,0,NA,NA,NA,NA,Site,Index,NA,2,1,1,1,1,1,8,2021,35
CA628FAB-AB65-4C68-AE95-8FF087E2D0AC,2021-08-27,Nisqually River,District 11,Nisqually salmon 2021,64543E28-3567-4114-8FD1-82753CAA7343,53,Bank,Fort Lewis,Fort Lewis,9E5C07F8-2874-4E94-8E1E-5707D4B022D1,786,4,NA,NA,Complete,05:00:00,10:30:00,NA,Chinook,NA,NA,NA,NA,2,0,NA,NA,NA,NA,Site,Index,NA,2,1,1,1,1,1,8,2021,35
CA628FAB-AB65-4C68-AE95-8FF087E2D0AC,2021-08-27,Nisqually River,District 11,Nisqually salmon 2021,82E35FAA-CF2A-4A71-95EE-C4E08D9CFD45,50,Bank,Fort Lewis,Fort Lewis,9E5C07F8-2874-4E94-8E1E-5707D4B022D1,786,2,NA,NA,Complete,05:30:00,12:00:00,NA,Chinook,NA,NA,NA,NA,1,0,NA,NA,NA,NA,Site,Index,NA,2,1,1,1,1,1,8,2021,35
CA628FAB-AB65-4C68-AE95-8FF087E2D0AC,2021-08-27,Nisqually River,District 11,Nisqually salmon 2021,EDFA2E59-8D02-4571-AA55-A4BD2408796D,48,Bank,Fort Lewis,Fort Lewis,9E5C07F8-2874-4E94-8E1E-5707D4B022D1,786,1,NA,NA,Complete,09:30:00,12:15:00,NA,Chinook,NA,NA,NA,NA,1,0,NA,NA,NA,NA,Site,Index,NA,2,1,1,1,1,1,8,2021,35
CA628FAB-AB65-4C68-AE95-8FF087E2D0AC,2021-08-27,Nisqually River,District 11,Nisqually salmon 2021,BDE2A19C-B986-4000-A788-D4523AC762B1,47,Bank,Fort Lewis,Fort Lewis,9E5C07F8-2874-4E94-8E1E-5707D4B022D1,786,1,NA,NA,Complete,05:30:00,12:30:00,NA,Chinook,NA,NA,NA,NA,1,0,NA,NA,NA,NA,Site,Index,NA,2,1,1,1,1,1,8,2021,35
CA628FAB-AB65-4C68-AE95-8FF087E2D0AC,2021-08-27,Nisqually River,District 11,Nisqually salmon 2021,0A69FDDF-7595-42BF-AB5C-BC05D94A33F8,46,Bank,Fort Lewis,Fort Lewis,9E5C07F8-2874-4E94-8E1E-5707D4B022D1,786,1,NA,NA,Complete,07:30:00,13:30:00,NA,Chinook,NA,NA,NA,NA,1,0,NA,NA,NA,NA,Site,Index,NA,2,1,1,1,1,1,8,2021,35
CA628FAB-AB65-4C68-AE95-8FF087E2D0AC,2021-08-27,Nisqually River,District 11,Nisqually salmon 2021,94F0BAE0-510C-48A0-855B-5532F05CDA8F,45,Bank,Fort Lewis,Fort Lewis,9E5C07F8-2874-4E94-8E1E-5707D4B022D1,786,1,NA,NA,Complete,10:30:00,12:45:00,NA,Chinook,NA,NA,NA,NA,1,0,NA,NA,NA,NA,Site,Index,NA,2,1,1,1,1,1,8,2021,35
CA628FAB-AB65-4C68-AE95-8FF087E2D0AC,2021-08-27,Nisqually River,District 11,Nisqually salmon 2021,1FB07137-24DB-4823-BC85-4621BEFC197E,43,Bank,Fort Lewis,Fort Lewis,9E5C07F8-2874-4E94-8E1E-5707D4B022D1,786,1,NA,NA,Complete,11:00:00,12:45:00,NA,Chinook,NA,NA,NA,NA,1,0,NA,NA,NA,NA,Site,Index,NA,2,1,1,1,1,1,8,2021,35
CA628FAB-AB65-4C68-AE95-8FF087E2D0AC,2021-08-27,Nisqually River,District 11,Nisqually salmon 2021,C50AD96C-3042-48F9-A2D6-80CF4FF3F785,42,Bank,Fort Lewis,Fort Lewis,9E5C07F8-2874-4E94-8E1E-5707D4B022D1,786,2,NA,NA,Complete,06:30:00,12:55:00,NA,Chinook,NA,NA,NA,NA,1,0,NA,NA,NA,NA,Site,Index,NA,2,1,1,1,1,1,8,2021,35
CA628FAB-AB65-4C68-AE95-8FF087E2D0AC,2021-08-27,Nisqually River,District 11,Nisqually salmon 2021,EC3CF909-765B-49B7-9100-89BE409F8086,40,Bank,Fort Lewis,Fort Lewis,9E5C07F8-2874-4E94-8E1E-5707D4B022D1,786,3,NA,NA,Complete,10:00:00,13:15:00,NA,Chinook,NA,NA,NA,NA,1,0,NA,NA,NA,NA,Site,Index,NA,2,1,1,1,1,1,8,2021,35
CA628FAB-AB65-4C68-AE95-8FF087E2D0AC,2021-08-27,Nisqually River,District 11,Nisqually salmon 2021,A1911283-CAD1-4B5B-94D9-60A673C04947,38,Bank,Fort Lewis,Fort Lewis,9E5C07F8-2874-4E94-8E1E-5707D4B022D1,786,1,NA,NA,Complete,15:30:00,19:30:00,NA,Chinook,NA,NA,NA,NA,1,0,NA,NA,NA,NA,Site,Index,NA,2,1,1,1,1,1,8,2021,35
CA628FAB-AB65-4C68-AE95-8FF087E2D0AC,2021-08-27,Nisqually River,District 11,Nisqually salmon 2021,333118AC-95D9-41C9-9BDF-22444FDEE81B,35,Bank,Fort Lewis,Fort Lewis,9E5C07F8-2874-4E94-8E1E-5707D4B022D1,786,2,NA,NA,Complete,12:30:00,18:15:00,NA,Chinook,NA,NA,NA,NA,1,0,NA,NA,NA,NA,Site,Index,NA,2,1,1,1,1,1,8,2021,35
CA628FAB-AB65-4C68-AE95-8FF087E2D0AC,2021-08-27,Nisqually River,District 11,Nisqually salmon 2021,C424AEA5-54C9-4387-A20C-59E8917E9FD4,34,Bank,Fort Lewis,Fort Lewis,9E5C07F8-2874-4E94-8E1E-5707D4B022D1,786,1,NA,NA,Complete,13:30:00,18:45:00,NA,Chinook,NA,NA,NA,NA,1,0,NA,NA,NA,NA,Site,Index,NA,2,1,1,1,1,1,8,2021,35
CA628FAB-AB65-4C68-AE95-8FF087E2D0AC,2021-08-27,Nisqually River,District 11,Nisqually salmon 2021,05620A37-34A5-453D-B2A1-E77F3780DD98,31,Bank,Fort Lewis,Fort Lewis,9E5C07F8-2874-4E94-8E1E-5707D4B022D1,786,1,NA,NA,Complete,15:00:00,19:15:00,NA,Chinook,NA,NA,NA,NA,1,0,NA,NA,NA,NA,Site,Index,NA,2,1,1,1,1,1,8,2021,35
CA628FAB-AB65-4C68-AE95-8FF087E2D0AC,2021-08-27,Nisqually River,District 11,Nisqually salmon 2021,720CD802-3C17-49A3-A727-B8EB529124E3,30,Bank,Fort Lewis,Fort Lewis,9E5C07F8-2874-4E94-8E1E-5707D4B022D1,786,1,NA,NA,Complete,16:00:00,18:10:00,NA,Chinook,NA,NA,NA,NA,1,0,NA,NA,NA,NA,Site,Index,NA,2,1,1,1,1,1,8,2021,35
CA628FAB-AB65-4C68-AE95-8FF087E2D0AC,2021-08-27,Nisqually River,District 11,Nisqually salmon 2021,AC4BD535-3AC3-43AE-93BE-02915B5F8907,23,Boat,Fort Lewis,Fort Lewis,9E5C07F8-2874-4E94-8E1E-5707D4B022D1,786,2,NA,NA,Complete,18:30:00,19:30:00,NA,Chinook,NA,NA,NA,NA,1,1,NA,NA,NA,NA,Site,Index,NA,2,1,1,1,1,1,8,2021,35
CA628FAB-AB65-4C68-AE95-8FF087E2D0AC,2021-08-27,Nisqually River,District 11,Nisqually salmon 2021,4B51F678-7C50-4913-8435-0058A8645061,21,Bank,Fort Lewis,Fort Lewis,9E5C07F8-2874-4E94-8E1E-5707D4B022D1,786,1,NA,NA,Complete,06:00:00,15:45:00,NA,Chinook,NA,NA,NA,NA,1,0,NA,NA,NA,NA,Site,Index,NA,2,1,1,1,1,1,8,2021,35
CA628FAB-AB65-4C68-AE95-8FF087E2D0AC,2021-08-27,Nisqually River,District 11,Nisqually salmon 2021,8BE643FB-3BB4-4FAB-9DBB-907352EF4A01,20,Bank,Fort Lewis,Fort Lewis,9E5C07F8-2874-4E94-8E1E-5707D4B022D1,786,1,NA,NA,Complete,16:00:00,19:25:00,NA,Chinook,NA,NA,NA,NA,1,0,NA,NA,NA,NA,Site,Index,NA,2,1,1,1,1,1,8,2021,35
CA628FAB-AB65-4C68-AE95-8FF087E2D0AC,2021-08-27,Nisqually River,District 11,Nisqually salmon 2021,CFBDC4EA-DDE4-4CBF-A166-3411266B5B88,13,Bank,Fort Lewis,Fort Lewis,9E5C07F8-2874-4E94-8E1E-5707D4B022D1,786,1,NA,NA,Complete,12:00:00,16:00:00,NA,Chinook,NA,NA,NA,NA,1,0,NA,NA,NA,NA,Site,Index,NA,2,1,1,1,1,1,8,2021,35
CA628FAB-AB65-4C68-AE95-8FF087E2D0AC,2021-08-27,Nisqually River,District 11,Nisqually salmon 2021,62EAF65A-3B63-4C15-BB4D-6E49025941E1,12,Bank,Fort Lewis,Fort Lewis,9E5C07F8-2874-4E94-8E1E-5707D4B022D1,786,1,NA,NA,Complete,13:00:00,17:00:00,NA,Chinook,NA,NA,NA,NA,1,0,NA,NA,NA,NA,Site,Index,NA,2,1,1,1,1,1,8,2021,35
CA628FAB-AB65-4C68-AE95-8FF087E2D0AC,2021-08-27,Nisqually River,District 11,Nisqually salmon 2021,8D7C4A0F-BA12-4564-8877-76BC5A540EDE,10,Bank,Fort Lewis,Fort Lewis,9E5C07F8-2874-4E94-8E1E-5707D4B022D1,786,1,NA,NA,Complete,14:00:00,17:05:00,NA,Chinook,NA,NA,NA,NA,1,0,NA,NA,NA,NA,Site,Index,NA,2,1,1,1,1,1,8,2021,35
CA628FAB-AB65-4C68-AE95-8FF087E2D0AC,2021-08-27,Nisqually River,District 11,Nisqually salmon 2021,2DFE2472-FEE7-4952-8C81-BB74536A9537,9,Bank,Fort Lewis,Fort Lewis,9E5C07F8-2874-4E94-8E1E-5707D4B022D1,786,1,NA,NA,Complete,14:00:00,17:45:00,NA,Chinook,NA,NA,NA,NA,1,0,NA,NA,NA,NA,Site,Index,NA,2,1,1,1,1,1,8,2021,35
CA628FAB-AB65-4C68-AE95-8FF087E2D0AC,2021-08-27,Nisqually River,District 11,Nisqually salmon 2021,B6AF84A0-1A64-4A9C-8AEE-A9C3AE6E765C,4,Bank,Fort Lewis,Fort Lewis,9E5C07F8-2874-4E94-8E1E-5707D4B022D1,786,1,NA,NA,Complete,15:30:00,17:30:00,NA,Chinook,NA,NA,NA,NA,1,0,NA,NA,NA,NA,Site,Index,NA,2,1,1,1,1,1,8,2021,35
CA628FAB-AB65-4C68-AE95-8FF087E2D0AC,2021-08-27,Nisqually River,District 11,Nisqually salmon 2021,F119A448-5FC8-4B90-9207-78691346BDEA,2,Bank,Fort Lewis,Fort Lewis,9E5C07F8-2874-4E94-8E1E-5707D4B022D1,786,1,NA,NA,Complete,07:00:00,17:30:00,NA,Chinook,NA,NA,NA,NA,1,0,NA,NA,NA,NA,Site,Index,NA,2,1,1,1,1,1,8,2021,35
85DBBB7C-62CA-45BE-95E0-4E57289AB4BC,2021-08-27,Nisqually River,District 11,Nisqually salmon 2021,C9917372-15D6-4E33-AE77-C821C345B7AC,64,Bank,Fort Lewis,Fort Lewis,9E5C07F8-2874-4E94-8E1E-5707D4B022D1,786,2,NA,NA,Complete,05:25:00,09:40:00,NA,Chinook,NA,NA,NA,NA,1,0,NA,NA,NA,NA,Site,Index,NA,2,1,1,1,1,1,8,2021,35
85DBBB7C-62CA-45BE-95E0-4E57289AB4BC,2021-08-27,Nisqually River,District 11,Nisqually salmon 2021,6F9732A1-759F-4E16-8FBE-5666FA6EB0FA,63,Bank,Fort Lewis,Fort Lewis,9E5C07F8-2874-4E94-8E1E-5707D4B022D1,786,1,NA,NA,Complete,07:45:00,10:30:00,NA,Chinook,NA,NA,NA,NA,1,0,NA,NA,NA,NA,Site,Index,NA,2,1,1,1,1,1,8,2021,35
85DBBB7C-62CA-45BE-95E0-4E57289AB4BC,2021-08-27,Nisqually River,District 11,Nisqually salmon 2021,461CD72B-BF74-4DF6-BAF4-C0ADF9E4969B,61,Bank,Fort Lewis,Fort Lewis,9E5C07F8-2874-4E94-8E1E-5707D4B022D1,786,1,NA,NA,Complete,05:30:00,10:00:00,NA,Chinook,NA,NA,NA,NA,1,0,NA,NA,NA,NA,Site,Index,NA,2,1,1,1,1,1,8,2021,35
85DBBB7C-62CA-45BE-95E0-4E57289AB4BC,2021-08-27,Nisqually River,District 11,Nisqually salmon 2021,BF9BF2A0-330D-4268-B262-46DE49D54207,60,Bank,Fort Lewis,Fort Lewis,9E5C07F8-2874-4E94-8E1E-5707D4B022D1,786,1,NA,NA,Complete,07:00:00,10:00:00,NA,Chinook,NA,NA,NA,NA,1,0,NA,NA,NA,NA,Site,Index,NA,2,1,1,1,1,1,8,2021,35
85DBBB7C-62CA-45BE-95E0-4E57289AB4BC,2021-08-27,Nisqually River,District 11,Nisqually salmon 2021,E023BECE-48B6-45F4-95E6-B59779CEA73A,58,Bank,Fort Lewis,Fort Lewis,9E5C07F8-2874-4E94-8E1E-5707D4B022D1,786,1,NA,NA,Complete,06:20:00,10:05:00,NA,Chinook,NA,NA,NA,NA,1,0,NA,NA,NA,NA,Site,Index,NA,2,1,1,1,1,1,8,2021,35
85DBBB7C-62CA-45BE-95E0-4E57289AB4BC,2021-08-27,Nisqually River,District 11,Nisqually salmon 2021,6638FBFA-5F32-4481-BBC5-CAC94B8951F7,56,Bank,Fort Lewis,Fort Lewis,9E5C07F8-2874-4E94-8E1E-5707D4B022D1,786,1,NA,NA,Complete,06:00:00,10:15:00,NA,Chinook,NA,NA,NA,NA,1,0,NA,NA,NA,NA,Site,Index,NA,2,1,1,1,1,1,8,2021,35
85DBBB7C-62CA-45BE-95E0-4E57289AB4BC,2021-08-27,Nisqually River,District 11,Nisqually salmon 2021,5913A520-3DD9-41FF-8E81-690F5DD89571,53,Bank,Fort Lewis,Fort Lewis,9E5C07F8-2874-4E94-8E1E-5707D4B022D1,786,1,NA,NA,Complete,06:00:00,10:30:00,NA,Chinook,NA,NA,NA,NA,1,0,NA,NA,NA,NA,Site,Index,NA,2,1,1,1,1,1,8,2021,35
85DBBB7C-62CA-45BE-95E0-4E57289AB4BC,2021-08-27,Nisqually River,District 11,Nisqually salmon 2021,FC839C8B-6946-4768-BDE1-3C76941714BA,52,Bank,Fort Lewis,Fort Lewis,9E5C07F8-2874-4E94-8E1E-5707D4B022D1,786,1,NA,NA,Complete,06:00:00,09:40:00,NA,Chinook,NA,NA,NA,NA,1,0,NA,NA,NA,NA,Site,Index,NA,2,1,1,1,1,1,8,2021,35
85DBBB7C-62CA-45BE-95E0-4E57289AB4BC,2021-08-27,Nisqually River,District 11,Nisqually salmon 2021,ADDAAF9B-1ABD-45BF-825B-49F375A2D2BE,40,Bank,Fort Lewis,Fort Lewis,9E5C07F8-2874-4E94-8E1E-5707D4B022D1,786,1,NA,NA,Complete,05:25:00,08:00:00,NA,Chinook,NA,NA,NA,NA,1,0,NA,NA,NA,NA,Site,Index,NA,2,1,1,1,1,1,8,2021,35
85DBBB7C-62CA-45BE-95E0-4E57289AB4BC,2021-08-27,Nisqually River,District 11,Nisqually salmon 2021,49BFF1AD-3A21-43C4-B2E7-B586B957840D,39,Bank,Fort Lewis,Fort Lewis,9E5C07F8-2874-4E94-8E1E-5707D4B022D1,786,1,NA,NA,Complete,05:25:00,09:35:00,NA,Chinook,NA,NA,NA,NA,1,0,NA,NA,NA,NA,Site,Index,NA,2,1,1,1,1,1,8,2021,35
85DBBB7C-62CA-45BE-95E0-4E57289AB4BC,2021-08-27,Nisqually River,District 11,Nisqually salmon 2021,9A3544D1-88F3-49B2-A641-6C3B788F8789,37,Bank,Fort Lewis,Fort Lewis,9E5C07F8-2874-4E94-8E1E-5707D4B022D1,786,1,NA,NA,Complete,05:30:00,09:10:00,NA,Chinook,NA,NA,NA,NA,1,0,NA,NA,NA,NA,Site,Index,NA,2,1,1,1,1,1,8,2021,35
85DBBB7C-62CA-45BE-95E0-4E57289AB4BC,2021-08-27,Nisqually River,District 11,Nisqually salmon 2021,ED02DB51-5536-4606-84E0-6ABB12F1E039,34,Bank,Fort Lewis,Fort Lewis,9E5C07F8-2874-4E94-8E1E-5707D4B022D1,786,1,NA,NA,Complete,06:00:00,09:20:00,NA,Chinook,NA,NA,NA,NA,1,0,NA,NA,NA,NA,Site,Index,NA,2,1,1,1,1,1,8,2021,35
85DBBB7C-62CA-45BE-95E0-4E57289AB4BC,2021-08-27,Nisqually River,District 11,Nisqually salmon 2021,99CEF3EA-7E11-45E4-93A5-43605EEE4D78,25,Bank,Fort Lewis,Fort Lewis,9E5C07F8-2874-4E94-8E1E-5707D4B022D1,786,1,NA,NA,Complete,06:30:00,12:00:00,NA,Chinook,NA,NA,NA,NA,1,0,NA,NA,NA,NA,Site,Index,NA,2,1,1,1,1,1,8,2021,35
85DBBB7C-62CA-45BE-95E0-4E57289AB4BC,2021-08-27,Nisqually River,District 11,Nisqually salmon 2021,649F5126-A755-45E7-8B6C-FD927C2EAC6C,17,Bank,Fort Lewis,Fort Lewis,9E5C07F8-2874-4E94-8E1E-5707D4B022D1,786,1,NA,NA,Complete,05:30:00,10:50:00,NA,Chinook,NA,NA,NA,NA,1,0,NA,NA,NA,NA,Site,Index,NA,2,1,1,1,1,1,8,2021,35
85DBBB7C-62CA-45BE-95E0-4E57289AB4BC,2021-08-27,Nisqually River,District 11,Nisqually salmon 2021,7D38912F-ACE2-4A7A-B25E-C27AD87A8739,13,Bank,Fort Lewis,Fort Lewis,9E5C07F8-2874-4E94-8E1E-5707D4B022D1,786,1,NA,NA,Complete,08:00:00,11:00:00,NA,Chinook,NA,NA,NA,NA,1,0,NA,NA,NA,NA,Site,Index,NA,2,1,1,1,1,1,8,2021,35
85DBBB7C-62CA-45BE-95E0-4E57289AB4BC,2021-08-27,Nisqually River,District 11,Nisqually salmon 2021,6D6AEE99-2B3C-4B1C-9B5B-24168943D723,11,Bank,Fort Lewis,Fort Lewis,9E5C07F8-2874-4E94-8E1E-5707D4B022D1,786,1,NA,NA,Complete,07:00:00,11:15:00,NA,Chinook,NA,NA,NA,NA,1,0,NA,NA,NA,NA,Site,Index,NA,2,1,1,1,1,1,8,2021,35
85DBBB7C-62CA-45BE-95E0-4E57289AB4BC,2021-08-27,Nisqually River,District 11,Nisqually salmon 2021,2A076868-CAE9-49BB-9D44-90A80B8EDDE4,8,Bank,Fort Lewis,Fort Lewis,9E5C07F8-2874-4E94-8E1E-5707D4B022D1,786,1,NA,NA,Complete,07:30:00,11:20:00,NA,Chinook,NA,NA,NA,NA,1,0,NA,NA,NA,NA,Site,Index,NA,2,1,1,1,1,1,8,2021,35
85DBBB7C-62CA-45BE-95E0-4E57289AB4BC,2021-08-27,Nisqually River,District 11,Nisqually salmon 2021,C682DAFA-6EB3-4CBB-8033-A30F519496AE,7,Bank,Fort Lewis,Fort Lewis,9E5C07F8-2874-4E94-8E1E-5707D4B022D1,786,2,NA,NA,Complete,07:00:00,11:20:00,NA,Chinook,NA,NA,NA,NA,1,0,NA,NA,NA,NA,Site,Index,NA,2,1,1,1,1,1,8,2021,35
85DBBB7C-62CA-45BE-95E0-4E57289AB4BC,2021-08-27,Nisqually River,District 11,Nisqually salmon 2021,3576B41E-3434-422B-8AF7-E2C5D0413655,4,Bank,Fort Lewis,Fort Lewis,9E5C07F8-2874-4E94-8E1E-5707D4B022D1,786,2,NA,NA,Complete,09:00:00,11:40:00,NA,Chinook,NA,NA,NA,NA,1,0,NA,NA,NA,NA,Site,Index,NA,2,1,1,1,1,1,8,2021,35
85DBBB7C-62CA-45BE-95E0-4E57289AB4BC,2021-08-27,Nisqually River,District 11,Nisqually salmon 2021,36241B9A-5498-4AD9-B6F4-70A8604870B0,3,Bank,Fort Lewis,Fort Lewis,9E5C07F8-2874-4E94-8E1E-5707D4B022D1,786,1,NA,NA,Complete,05:25:00,11:40:00,NA,Chinook,NA,NA,NA,NA,1,0,NA,NA,NA,NA,Site,Index,NA,2,1,1,1,1,1,8,2021,35
85DBBB7C-62CA-45BE-95E0-4E57289AB4BC,2021-08-27,Nisqually River,District 11,Nisqually salmon 2021,984CE252-4865-464C-BA48-87A94F7BBE1B,2,Bank,Fort Lewis,Fort Lewis,9E5C07F8-2874-4E94-8E1E-5707D4B022D1,786,1,NA,NA,Complete,06:30:00,11:20:00,NA,Chinook,NA,NA,NA,NA,1,0,NA,NA,NA,NA,Site,Index,NA,2,1,1,1,1,1,8,2021,35
85DBBB7C-62CA-45BE-95E0-4E57289AB4BC,2021-08-27,Nisqually River,District 11,Nisqually salmon 2021,EC60A2FA-DBD0-4A2C-86E2-1902D84B16C4,1,Bank,Fort Lewis,Fort Lewis,9E5C07F8-2874-4E94-8E1E-5707D4B022D1,786,1,NA,NA,Complete,07:45:00,11:00:00,NA,Chinook,NA,NA,NA,NA,1,0,NA,NA,NA,NA,Site,Index,NA,2,1,1,1,1,1,8,2021,35
CA628FAB-AB65-4C68-AE95-8FF087E2D0AC,2021-08-27,Nisqually River,District 11,Nisqually salmon 2021,8FEA12B6-536F-432D-B039-5A1D7E9B07DD,75,Bank,Fort Lewis,Fort Lewis,9E5C07F8-2874-4E94-8E1E-5707D4B022D1,786,1,NA,NA,Complete,06:30:00,14:10:00,NA,Chinook,NA,NA,NA,NA,1,0,NA,NA,NA,NA,Site,Index,NA,2,1,1,1,1,1,8,2021,35
CA628FAB-AB65-4C68-AE95-8FF087E2D0AC,2021-08-27,Nisqually River,District 11,Nisqually salmon 2021,8531CBAB-1D87-4E25-89E8-7C388E69CDFC,74,Bank,Fort Lewis,Fort Lewis,9E5C07F8-2874-4E94-8E1E-5707D4B022D1,786,1,NA,NA,Complete,10:30:00,14:05:00,NA,Chinook,NA,NA,NA,NA,1,0,NA,NA,NA,NA,Site,Index,NA,2,1,1,1,1,1,8,2021,35
CA628FAB-AB65-4C68-AE95-8FF087E2D0AC,2021-08-27,Nisqually River,District 11,Nisqually salmon 2021,447AE65E-EEFB-41CD-B0B5-BBF7DD2A50B3,73,Bank,Fort Lewis,Fort Lewis,9E5C07F8-2874-4E94-8E1E-5707D4B022D1,786,1,NA,NA,Complete,11:30:00,14:00:00,NA,Chinook,NA,NA,NA,NA,1,0,NA,NA,NA,NA,Site,Index,NA,2,1,1,1,1,1,8,2021,35
CA628FAB-AB65-4C68-AE95-8FF087E2D0AC,2021-08-27,Nisqually River,District 11,Nisqually salmon 2021,63134116-449D-43F8-B161-7B13CD074FFE,72,Bank,Fort Lewis,Fort Lewis,9E5C07F8-2874-4E94-8E1E-5707D4B022D1,786,1,NA,NA,Complete,07:30:00,14:00:00,NA,Chinook,NA,NA,NA,NA,1,0,NA,NA,NA,NA,Site,Index,NA,2,1,1,1,1,1,8,2021,35
CA628FAB-AB65-4C68-AE95-8FF087E2D0AC,2021-08-27,Nisqually River,District 11,Nisqually salmon 2021,1F06A636-C411-41C4-919F-37F78985AA86,71,Bank,Fort Lewis,Fort Lewis,9E5C07F8-2874-4E94-8E1E-5707D4B022D1,786,1,NA,NA,Complete,06:30:00,13:45:00,NA,Chinook,NA,NA,NA,NA,1,0,NA,NA,NA,NA,Site,Index,NA,2,1,1,1,1,1,8,2021,35
CA628FAB-AB65-4C68-AE95-8FF087E2D0AC,2021-08-27,Nisqually River,District 11,Nisqually salmon 2021,BC7DCC19-520B-4A4C-A310-31BCE4E0989B,67,Bank,Fort Lewis,Fort Lewis,9E5C07F8-2874-4E94-8E1E-5707D4B022D1,786,1,NA,NA,Complete,09:30:00,13:35:00,NA,Chinook,NA,NA,NA,NA,1,0,NA,NA,NA,NA,Site,Index,NA,2,1,1,1,1,1,8,2021,35
A9B09E47-3281-4928-A171-019AB31484CA,2021-08-28,Nisqually River,District 11,Nisqually salmon 2021,349970AD-2E52-48CE-903D-88DE17E87B4B,31,Bank,Fort Lewis,Fort Lewis,9E5C07F8-2874-4E94-8E1E-5707D4B022D1,786,1,NA,NA,Complete,05:25:00,08:00:00,NA,Chinook,NA,NA,NA,NA,1,0,NA,NA,NA,NA,Site,Index,NA,2,1,1,1,1,1,8,2021,35
A9B09E47-3281-4928-A171-019AB31484CA,2021-08-28,Nisqually River,District 11,Nisqually salmon 2021,9D615EF5-D883-4F77-A187-FB144A8C5B7F,30,Bank,Fort Lewis,Fort Lewis,9E5C07F8-2874-4E94-8E1E-5707D4B022D1,786,1,NA,NA,Complete,06:00:00,08:15:00,NA,Chinook,NA,NA,NA,NA,1,0,NA,NA,NA,NA,Site,Index,NA,2,1,1,1,1,1,8,2021,35
A9B09E47-3281-4928-A171-019AB31484CA,2021-08-28,Nisqually River,District 11,Nisqually salmon 2021,FC769294-4909-4127-B556-94E2ACBFEAF4,29,Bank,Fort Lewis,Fort Lewis,9E5C07F8-2874-4E94-8E1E-5707D4B022D1,786,1,NA,NA,Complete,05:30:00,12:50:00,NA,Chinook,NA,NA,NA,NA,1,0,NA,NA,NA,NA,Site,Index,NA,2,1,1,1,1,1,8,2021,35
A9B09E47-3281-4928-A171-019AB31484CA,2021-08-28,Nisqually River,District 11,Nisqually salmon 2021,F00D89A3-8A46-4EA4-A217-BE0E71BE9326,28,Bank,Fort Lewis,Fort Lewis,9E5C07F8-2874-4E94-8E1E-5707D4B022D1,786,2,NA,NA,Complete,05:30:00,08:25:00,NA,Chinook,NA,NA,NA,NA,1,0,NA,NA,NA,NA,Site,Index,NA,2,1,1,1,1,1,8,2021,35
A9B09E47-3281-4928-A171-019AB31484CA,2021-08-28,Nisqually River,District 11,Nisqually salmon 2021,A6B3B64B-B056-4A67-8382-3322A8D6408D,21,Bank,Fort Lewis,Fort Lewis,9E5C07F8-2874-4E94-8E1E-5707D4B022D1,786,1,NA,NA,Complete,05:30:00,08:50:00,NA,Chinook,NA,NA,NA,NA,1,0,NA,NA,NA,NA,Site,Index,NA,2,1,1,1,1,1,8,2021,35
A9B09E47-3281-4928-A171-019AB31484CA,2021-08-28,Nisqually River,District 11,Nisqually salmon 2021,1E8B39DE-C4CC-4D47-ADA5-2C9464B70F29,19,Bank,Fort Lewis,Fort Lewis,9E5C07F8-2874-4E94-8E1E-5707D4B022D1,786,1,NA,NA,Complete,05:25:00,09:00:00,NA,Chinook,NA,NA,NA,NA,1,0,NA,NA,NA,NA,Site,Index,NA,2,1,1,1,1,1,8,2021,35
A9B09E47-3281-4928-A171-019AB31484CA,2021-08-28,Nisqually River,District 11,Nisqually salmon 2021,958AC0E8-8EF3-4677-BFB0-B8A31C910B62,15,Bank,Fort Lewis,Fort Lewis,9E5C07F8-2874-4E94-8E1E-5707D4B022D1,786,1,NA,NA,Complete,05:25:00,09:30:00,NA,Chinook,NA,NA,NA,NA,1,0,NA,NA,NA,NA,Site,Index,NA,2,1,1,1,1,1,8,2021,35
A9B09E47-3281-4928-A171-019AB31484CA,2021-08-28,Nisqually River,District 11,Nisqually salmon 2021,BCE7C08B-B207-4206-BEDE-33590A64E964,11,Bank,Fort Lewis,Fort Lewis,9E5C07F8-2874-4E94-8E1E-5707D4B022D1,786,1,NA,NA,Complete,08:00:00,13:00:00,NA,Chinook,NA,NA,NA,NA,1,0,NA,NA,NA,NA,Site,Index,NA,2,1,1,1,1,1,8,2021,35
A9B09E47-3281-4928-A171-019AB31484CA,2021-08-28,Nisqually River,District 11,Nisqually salmon 2021,DB3E27D2-C824-42D6-B6B3-6548B323AFBB,10,Bank,Fort Lewis,Fort Lewis,9E5C07F8-2874-4E94-8E1E-5707D4B022D1,786,1,NA,NA,Complete,06:30:00,12:35:00,NA,Chinook,NA,NA,NA,NA,1,0,NA,NA,NA,NA,Site,Index,NA,2,1,1,1,1,1,8,2021,35
A9B09E47-3281-4928-A171-019AB31484CA,2021-08-28,Nisqually River,District 11,Nisqually salmon 2021,902E56F8-00B3-4C32-90EF-2BFAA1BF714C,8,Bank,Fort Lewis,Fort Lewis,9E5C07F8-2874-4E94-8E1E-5707D4B022D1,786,2,NA,NA,Complete,05:30:00,13:30:00,NA,Chinook,NA,NA,NA,NA,1,0,NA,NA,NA,NA,Site,Index,NA,2,1,1,1,1,1,8,2021,35
A9B09E47-3281-4928-A171-019AB31484CA,2021-08-28,Nisqually River,District 11,Nisqually salmon 2021,8B2EF0FE-7D2E-4F08-8961-AC8FBC9EC01E,7,Bank,Fort Lewis,Fort Lewis,9E5C07F8-2874-4E94-8E1E-5707D4B022D1,786,1,NA,NA,Complete,11:00:00,13:30:00,NA,Chinook,NA,NA,NA,NA,1,0,NA,NA,NA,NA,Site,Index,NA,2,1,1,1,1,1,8,2021,35
A9B09E47-3281-4928-A171-019AB31484CA,2021-08-28,Nisqually River,District 11,Nisqually salmon 2021,AE9AA7C7-E5C5-43C8-B4E9-EBECCA60C46D,6,Bank,Fort Lewis,Fort Lewis,9E5C07F8-2874-4E94-8E1E-5707D4B022D1,786,1,NA,NA,Complete,06:00:00,13:20:00,NA,Chinook,NA,NA,NA,NA,1,0,NA,NA,NA,NA,Site,Index,NA,2,1,1,1,1,1,8,2021,35
A9B09E47-3281-4928-A171-019AB31484CA,2021-08-28,Nisqually River,District 11,Nisqually salmon 2021,015DF834-CC09-4E55-8DB8-11C29671EFAD,3,Bank,Fort Lewis,Fort Lewis,9E5C07F8-2874-4E94-8E1E-5707D4B022D1,786,1,NA,NA,Complete,05:25:00,13:10:00,NA,Chinook,NA,NA,NA,NA,1,0,NA,NA,NA,NA,Site,Index,NA,2,1,1,1,1,1,8,2021,35
4790A394-BA63-4EC8-AD2C-5D974E6F873B,2021-08-28,Nisqually River,District 11,Nisqually salmon 2021,ED1E580F-0335-4116-BBE4-03D392150C1F,40,Bank,Fort Lewis,Fort Lewis,9E5C07F8-2874-4E94-8E1E-5707D4B022D1,786,1,NA,NA,Complete,14:00:00,18:00:00,NA,Chinook,NA,NA,NA,NA,1,0,NA,NA,NA,NA,Site,Index,NA,2,1,1,1,1,1,8,2021,35
4790A394-BA63-4EC8-AD2C-5D974E6F873B,2021-08-28,Nisqually River,District 11,Nisqually salmon 2021,84A15055-7C39-4006-A70E-D3A8FEFEC16D,39,Bank,Fort Lewis,Fort Lewis,9E5C07F8-2874-4E94-8E1E-5707D4B022D1,786,2,NA,NA,Complete,06:30:00,16:30:00,NA,Chinook,NA,NA,NA,NA,2,0,NA,NA,NA,NA,Site,Index,NA,2,1,1,1,1,1,8,2021,35
4790A394-BA63-4EC8-AD2C-5D974E6F873B,2021-08-28,Nisqually River,District 11,Nisqually salmon 2021,84EED3FF-C6F3-45D4-8309-E8093A1F96F4,38,Bank,Fort Lewis,Fort Lewis,9E5C07F8-2874-4E94-8E1E-5707D4B022D1,786,1,NA,NA,Complete,12:00:00,16:45:00,NA,Chinook,NA,NA,NA,NA,1,0,NA,NA,NA,NA,Site,Index,NA,2,1,1,1,1,1,8,2021,35
4790A394-BA63-4EC8-AD2C-5D974E6F873B,2021-08-28,Nisqually River,District 11,Nisqually salmon 2021,6399763E-65BC-48B2-8944-CD8430FA5C6B,37,Bank,Fort Lewis,Fort Lewis,9E5C07F8-2874-4E94-8E1E-5707D4B022D1,786,2,NA,NA,Complete,13:00:00,17:30:00,NA,Chinook,NA,NA,NA,NA,1,0,NA,NA,NA,NA,Site,Index,NA,2,1,1,1,1,1,8,2021,35
4790A394-BA63-4EC8-AD2C-5D974E6F873B,2021-08-28,Nisqually River,District 11,Nisqually salmon 2021,CCB945F6-A23A-40F1-81DA-7CB4CCDEF2A6,36,Bank,Fort Lewis,Fort Lewis,9E5C07F8-2874-4E94-8E1E-5707D4B022D1,786,1,NA,NA,Complete,15:00:00,17:40:00,NA,Chinook,NA,NA,NA,NA,1,0,NA,NA,NA,NA,Site,Index,NA,2,1,1,1,1,1,8,2021,35
4790A394-BA63-4EC8-AD2C-5D974E6F873B,2021-08-28,Nisqually River,District 11,Nisqually salmon 2021,D77BE122-A8D5-4E56-8491-4AE21A3F8302,33,Bank,Fort Lewis,Fort Lewis,9E5C07F8-2874-4E94-8E1E-5707D4B022D1,786,1,NA,NA,Complete,16:00:00,17:50:00,NA,Chinook,NA,NA,NA,NA,1,0,NA,NA,NA,NA,Site,Index,NA,2,1,1,1,1,1,8,2021,35
4790A394-BA63-4EC8-AD2C-5D974E6F873B,2021-08-28,Nisqually River,District 11,Nisqually salmon 2021,E367574D-5B0F-433E-83BE-4B16C38E0AB6,30,Bank,Fort Lewis,Fort Lewis,9E5C07F8-2874-4E94-8E1E-5707D4B022D1,786,2,NA,NA,Complete,16:00:00,18:05:00,NA,Chinook,NA,NA,NA,NA,1,0,NA,NA,NA,NA,Site,Index,NA,2,1,1,1,1,1,8,2021,35
4790A394-BA63-4EC8-AD2C-5D974E6F873B,2021-08-28,Nisqually River,District 11,Nisqually salmon 2021,CC2500F1-BD9B-4509-9AC1-974410E2B6C4,29,Bank,Fort Lewis,Fort Lewis,9E5C07F8-2874-4E94-8E1E-5707D4B022D1,786,1,NA,NA,Complete,15:00:00,18:15:00,NA,Chinook,NA,NA,NA,NA,1,0,NA,NA,NA,NA,Site,Index,NA,2,1,1,1,1,1,8,2021,35
4790A394-BA63-4EC8-AD2C-5D974E6F873B,2021-08-28,Nisqually River,District 11,Nisqually salmon 2021,82BB5686-C9B4-4043-AC21-7363F9847072,26,Bank,Fort Lewis,Fort Lewis,9E5C07F8-2874-4E94-8E1E-5707D4B022D1,786,2,NA,NA,Complete,17:00:00,19:45:00,NA,Chinook,NA,NA,NA,NA,1,0,NA,NA,NA,NA,Site,Index,NA,2,1,1,1,1,1,8,2021,35
4790A394-BA63-4EC8-AD2C-5D974E6F873B,2021-08-28,Nisqually River,District 11,Nisqually salmon 2021,6707CD98-5CEA-4D2E-AA94-5F00B2A983E3,25,Bank,Fort Lewis,Fort Lewis,9E5C07F8-2874-4E94-8E1E-5707D4B022D1,786,1,NA,NA,Complete,13:30:00,17:40:00,NA,Chinook,NA,NA,NA,NA,1,0,NA,NA,NA,NA,Site,Index,NA,2,1,1,1,1,1,8,2021,35
4790A394-BA63-4EC8-AD2C-5D974E6F873B,2021-08-28,Nisqually River,District 11,Nisqually salmon 2021,08F97D54-9B19-4DA8-A378-6969668B0C3C,14,Bank,Fort Lewis,Fort Lewis,9E5C07F8-2874-4E94-8E1E-5707D4B022D1,786,1,NA,NA,Complete,10:00:00,14:00:00,NA,Chinook,NA,NA,NA,NA,1,0,NA,NA,NA,NA,Site,Index,NA,2,1,1,1,1,1,8,2021,35
4790A394-BA63-4EC8-AD2C-5D974E6F873B,2021-08-28,Nisqually River,District 11,Nisqually salmon 2021,CE4299AF-60B8-4779-852A-D822B6CF8713,12,Bank,Fort Lewis,Fort Lewis,9E5C07F8-2874-4E94-8E1E-5707D4B022D1,786,1,NA,NA,Complete,12:00:00,15:20:00,NA,Chinook,NA,NA,NA,NA,1,0,NA,NA,NA,NA,Site,Index,NA,2,1,1,1,1,1,8,2021,35
4790A394-BA63-4EC8-AD2C-5D974E6F873B,2021-08-28,Nisqually River,District 11,Nisqually salmon 2021,6FAB6822-12FA-471B-94DB-2A5C8AB5670F,11,Bank,Fort Lewis,Fort Lewis,9E5C07F8-2874-4E94-8E1E-5707D4B022D1,786,1,NA,NA,Complete,12:00:00,14:30:00,NA,Chinook,NA,NA,NA,NA,1,0,NA,NA,NA,NA,Site,Index,NA,2,1,1,1,1,1,8,2021,35
4790A394-BA63-4EC8-AD2C-5D974E6F873B,2021-08-28,Nisqually River,District 11,Nisqually salmon 2021,58A5811D-DEE0-443C-9386-A0600B3E6DDB,5,Bank,Fort Lewis,Fort Lewis,9E5C07F8-2874-4E94-8E1E-5707D4B022D1,786,1,NA,NA,Complete,06:00:00,15:15:00,NA,Chinook,NA,NA,NA,NA,1,0,NA,NA,NA,NA,Site,Index,NA,2,1,1,1,1,1,8,2021,35
A9B09E47-3281-4928-A171-019AB31484CA,2021-08-28,Nisqually River,District 11,Nisqually salmon 2021,D2F73F68-8DA5-49E0-B3EC-6DA1E1D5BA21,48,Bank,Fort Lewis,Fort Lewis,9E5C07F8-2874-4E94-8E1E-5707D4B022D1,786,1,NA,NA,Complete,06:00:00,12:20:00,NA,Chinook,NA,NA,NA,NA,1,0,NA,NA,NA,NA,Site,Index,NA,2,1,1,1,1,1,8,2021,35
A9B09E47-3281-4928-A171-019AB31484CA,2021-08-28,Nisqually River,District 11,Nisqually salmon 2021,99CFE4FA-2121-4ADE-82FE-03919A1D6F74,50,Bank,Fort Lewis,Fort Lewis,9E5C07F8-2874-4E94-8E1E-5707D4B022D1,786,2,NA,NA,Complete,05:35:00,12:00:00,NA,Chinook,NA,NA,NA,NA,1,0,NA,NA,NA,NA,Site,Index,NA,2,1,1,1,1,1,8,2021,35
A9B09E47-3281-4928-A171-019AB31484CA,2021-08-28,Nisqually River,District 11,Nisqually salmon 2021,60660F5C-7685-4BDA-BF6A-6C2B0E809BB0,53,Bank,Fort Lewis,Fort Lewis,9E5C07F8-2874-4E94-8E1E-5707D4B022D1,786,1,NA,NA,Complete,06:45:00,12:00:00,NA,Chinook,NA,NA,NA,NA,1,0,NA,NA,NA,NA,Site,Index,NA,2,1,1,1,1,1,8,2021,35
A9B09E47-3281-4928-A171-019AB31484CA,2021-08-28,Nisqually River,District 11,Nisqually salmon 2021,1A5ECE2D-C43A-4D02-AC05-F231F957E6D7,64,Bank,Fort Lewis,Fort Lewis,9E5C07F8-2874-4E94-8E1E-5707D4B022D1,786,1,NA,NA,Complete,07:00:00,10:20:00,NA,Chinook,NA,NA,NA,NA,1,0,NA,NA,NA,NA,Site,Index,NA,2,1,1,1,1,1,8,2021,35
A9B09E47-3281-4928-A171-019AB31484CA,2021-08-28,Nisqually River,District 11,Nisqually salmon 2021,C85373A8-AC81-48C2-838F-EDA90D570AD5,66,Bank,Fort Lewis,Fort Lewis,9E5C07F8-2874-4E94-8E1E-5707D4B022D1,786,2,NA,NA,Complete,06:00:00,10:45:00,NA,Chinook,NA,NA,NA,NA,1,0,NA,NA,NA,NA,Site,Index,NA,2,1,1,1,1,1,8,2021,35
A9B09E47-3281-4928-A171-019AB31484CA,2021-08-28,Nisqually River,District 11,Nisqually salmon 2021,73016CD8-DE01-445F-A4DC-C7611DDF66A2,55,Bank,Fort Lewis,Fort Lewis,9E5C07F8-2874-4E94-8E1E-5707D4B022D1,786,1,NA,NA,Complete,07:00:00,11:30:00,NA,Chinook,NA,NA,NA,NA,1,0,NA,NA,NA,NA,Site,Index,NA,2,1,1,1,1,1,8,2021,35
A9B09E47-3281-4928-A171-019AB31484CA,2021-08-28,Nisqually River,District 11,Nisqually salmon 2021,F7A007D2-8C09-4408-833E-83594A800AEF,71,Bank,Fort Lewis,Fort Lewis,9E5C07F8-2874-4E94-8E1E-5707D4B022D1,786,1,NA,NA,Complete,05:30:00,11:00:00,NA,Chinook,NA,NA,NA,NA,1,0,NA,NA,NA,NA,Site,Index,NA,2,1,1,1,1,1,8,2021,35
A9B09E47-3281-4928-A171-019AB31484CA,2021-08-28,Nisqually River,District 11,Nisqually salmon 2021,D1750FB4-076E-43EB-8557-BE19197E2CF0,60,Bank,Fort Lewis,Fort Lewis,9E5C07F8-2874-4E94-8E1E-5707D4B022D1,786,1,NA,NA,Complete,06:30:00,09:50:00,NA,Chinook,NA,NA,NA,NA,1,0,NA,NA,NA,NA,Site,Index,NA,2,1,1,1,1,1,8,2021,35
B6C9281B-5471-4FA3-B285-A2998AD2F47B,2021-08-31,Nisqually River,District 11,Nisqually salmon 2021,2A836434-6907-488D-A2CC-B6F01514CB44,19,Bank,Fort Lewis,Fort Lewis,9E5C07F8-2874-4E94-8E1E-5707D4B022D1,786,1,NA,NA,Complete,07:00:00,11:40:00,NA,Chinook,NA,NA,NA,NA,1,0,NA,NA,NA,NA,Site,Index,NA,2,1,1,1,1,1,8,2021,35
B6C9281B-5471-4FA3-B285-A2998AD2F47B,2021-08-31,Nisqually River,District 11,Nisqually salmon 2021,995282B5-64D4-48C3-B115-6F85EB907967,57,Bank,Fort Lewis,Fort Lewis,9E5C07F8-2874-4E94-8E1E-5707D4B022D1,786,1,NA,NA,Complete,05:30:00,09:25:00,NA,Chinook,NA,NA,NA,NA,1,0,NA,NA,NA,NA,Site,Index,NA,2,1,1,1,1,1,8,2021,35
B6C9281B-5471-4FA3-B285-A2998AD2F47B,2021-08-31,Nisqually River,District 11,Nisqually salmon 2021,1B138EF6-5DAA-45DD-B269-77E59CB38A71,54,Bank,Fort Lewis,Fort Lewis,9E5C07F8-2874-4E94-8E1E-5707D4B022D1,786,1,NA,NA,Complete,06:00:00,09:10:00,NA,Chinook,NA,NA,NA,NA,1,0,NA,NA,NA,NA,Site,Index,NA,2,1,1,1,1,1,8,2021,35
B6C9281B-5471-4FA3-B285-A2998AD2F47B,2021-08-31,Nisqually River,District 11,Nisqually salmon 2021,A9FEC154-0DAC-4B12-B9E6-776326B3166B,51,Bank,Fort Lewis,Fort Lewis,9E5C07F8-2874-4E94-8E1E-5707D4B022D1,786,1,NA,NA,Complete,06:30:00,09:20:00,NA,Chinook,NA,NA,NA,NA,1,0,NA,NA,NA,NA,Site,Index,NA,2,1,1,1,1,1,8,2021,35
B6C9281B-5471-4FA3-B285-A2998AD2F47B,2021-08-31,Nisqually River,District 11,Nisqually salmon 2021,8B96CBE8-7C4A-4058-8E1C-12C0A64AC550,50,Bank,Fort Lewis,Fort Lewis,9E5C07F8-2874-4E94-8E1E-5707D4B022D1,786,1,NA,NA,Complete,05:30:00,09:45:00,NA,Chinook,NA,NA,NA,NA,1,0,NA,NA,NA,NA,Site,Index,NA,2,1,1,1,1,1,8,2021,35
B6C9281B-5471-4FA3-B285-A2998AD2F47B,2021-08-31,Nisqually River,District 11,Nisqually salmon 2021,F8191A74-FBE8-473D-B4EC-5A63FFE35310,46,Bank,Fort Lewis,Fort Lewis,9E5C07F8-2874-4E94-8E1E-5707D4B022D1,786,1,NA,NA,Complete,06:00:00,09:00:00,NA,Chinook,NA,NA,NA,NA,1,0,NA,NA,NA,NA,Site,Index,NA,2,1,1,1,1,1,8,2021,35
B6C9281B-5471-4FA3-B285-A2998AD2F47B,2021-08-31,Nisqually River,District 11,Nisqually salmon 2021,BA44A319-195C-4633-BC23-946A06379CD8,41,Bank,Fort Lewis,Fort Lewis,9E5C07F8-2874-4E94-8E1E-5707D4B022D1,786,1,NA,NA,Complete,05:45:00,07:45:00,NA,Chinook,NA,NA,NA,NA,1,0,NA,NA,NA,NA,Site,Index,NA,2,1,1,1,1,1,8,2021,35
B6C9281B-5471-4FA3-B285-A2998AD2F47B,2021-08-31,Nisqually River,District 11,Nisqually salmon 2021,01057F71-C162-48A2-98A5-3D7C94C3AD59,32,Bank,Fort Lewis,Fort Lewis,9E5C07F8-2874-4E94-8E1E-5707D4B022D1,786,2,NA,NA,Complete,06:00:00,11:55:00,NA,Chinook,NA,NA,NA,NA,1,0,NA,NA,NA,NA,Site,Index,NA,2,1,1,1,1,1,8,2021,35
B6C9281B-5471-4FA3-B285-A2998AD2F47B,2021-08-31,Nisqually River,District 11,Nisqually salmon 2021,CF540589-0872-456D-8CA2-684A2C0324DC,31,Bank,Fort Lewis,Fort Lewis,9E5C07F8-2874-4E94-8E1E-5707D4B022D1,786,1,NA,NA,Complete,07:00:00,10:15:00,NA,Chinook,NA,NA,NA,NA,1,0,NA,NA,NA,NA,Site,Index,NA,2,1,1,1,1,1,8,2021,35
B6C9281B-5471-4FA3-B285-A2998AD2F47B,2021-08-31,Nisqually River,District 11,Nisqually salmon 2021,62DCAC1B-EE92-425B-9223-DE5CE045743C,30,Bank,Fort Lewis,Fort Lewis,9E5C07F8-2874-4E94-8E1E-5707D4B022D1,786,1,NA,NA,Complete,05:31:00,06:30:00,NA,Chinook,NA,NA,NA,NA,1,0,NA,NA,NA,NA,Site,Index,NA,2,1,1,1,1,1,8,2021,35
B6C9281B-5471-4FA3-B285-A2998AD2F47B,2021-08-31,Nisqually River,District 11,Nisqually salmon 2021,11654B34-3E05-410E-BE34-992FAA31BB91,27,Bank,Fort Lewis,Fort Lewis,9E5C07F8-2874-4E94-8E1E-5707D4B022D1,786,2,NA,NA,Complete,09:30:00,11:45:00,NA,Chinook,NA,NA,NA,NA,1,0,NA,NA,NA,NA,Site,Index,NA,2,1,1,1,1,1,8,2021,35
B6C9281B-5471-4FA3-B285-A2998AD2F47B,2021-08-31,Nisqually River,District 11,Nisqually salmon 2021,C316327B-7B6B-478B-B082-4BC5BE61618F,22,Bank,Fort Lewis,Fort Lewis,9E5C07F8-2874-4E94-8E1E-5707D4B022D1,786,1,NA,NA,Complete,06:30:00,12:00:00,NA,Chinook,NA,NA,NA,NA,1,0,NA,NA,NA,NA,Site,Index,NA,2,1,1,1,1,1,8,2021,35
B6C9281B-5471-4FA3-B285-A2998AD2F47B,2021-08-31,Nisqually River,District 11,Nisqually salmon 2021,D0729F11-2981-457E-961C-7E4416D5CE1A,18,Bank,Fort Lewis,Fort Lewis,9E5C07F8-2874-4E94-8E1E-5707D4B022D1,786,1,NA,NA,Complete,06:45:00,11:40:00,NA,Chinook,NA,NA,NA,NA,1,0,NA,NA,NA,NA,Site,Index,NA,2,1,1,1,1,1,8,2021,35
B6C9281B-5471-4FA3-B285-A2998AD2F47B,2021-08-31,Nisqually River,District 11,Nisqually salmon 2021,CFBEDE77-F9B0-48BC-8F86-A23FA5AE46BB,16,Bank,Fort Lewis,Fort Lewis,9E5C07F8-2874-4E94-8E1E-5707D4B022D1,786,1,NA,NA,Complete,09:00:00,11:30:00,NA,Chinook,NA,NA,NA,NA,1,0,NA,NA,NA,NA,Site,Index,NA,2,1,1,1,1,1,8,2021,35
B6C9281B-5471-4FA3-B285-A2998AD2F47B,2021-08-31,Nisqually River,District 11,Nisqually salmon 2021,DCF65365-D21D-4AB4-A984-69C672EF296B,8,Bank,Fort Lewis,Fort Lewis,9E5C07F8-2874-4E94-8E1E-5707D4B022D1,786,2,NA,NA,Complete,06:30:00,10:35:00,NA,Chinook,NA,NA,NA,NA,1,0,NA,NA,NA,NA,Site,Index,NA,2,1,1,1,1,1,8,2021,35
B6C9281B-5471-4FA3-B285-A2998AD2F47B,2021-08-31,Nisqually River,District 11,Nisqually salmon 2021,CD3BE63A-D8BB-4645-BB63-334BE2C1F8E6,6,Bank,Fort Lewis,Fort Lewis,9E5C07F8-2874-4E94-8E1E-5707D4B022D1,786,1,NA,NA,Complete,05:30:00,10:50:00,NA,Chinook,NA,NA,NA,NA,1,0,NA,NA,NA,NA,Site,Index,NA,2,1,1,1,1,1,8,2021,35
B6C9281B-5471-4FA3-B285-A2998AD2F47B,2021-08-31,Nisqually River,District 11,Nisqually salmon 2021,E6B70B7C-E402-4B3C-8256-191B3F27DE65,3,Bank,Fort Lewis,Fort Lewis,9E5C07F8-2874-4E94-8E1E-5707D4B022D1,786,2,NA,NA,Complete,07:30:00,11:00:00,NA,Chinook,NA,NA,NA,NA,1,0,NA,NA,NA,NA,Site,Index,NA,2,1,1,1,1,1,8,2021,35
B6C9281B-5471-4FA3-B285-A2998AD2F47B,2021-08-31,Nisqually River,District 11,Nisqually salmon 2021,D23334C9-972A-428C-AC95-8175BE4C8BC5,2,Bank,Fort Lewis,Fort Lewis,9E5C07F8-2874-4E94-8E1E-5707D4B022D1,786,1,NA,NA,Complete,09:00:00,11:10:00,NA,Chinook,NA,NA,NA,NA,1,0,NA,NA,NA,NA,Site,Index,NA,2,1,1,1,1,1,8,2021,35
6852040D-D75B-4A50-974A-FD88088E633E,2021-08-31,Nisqually River,District 11,Nisqually salmon 2021,11B65D57-B096-4949-861A-141EFAF8FA96,56,Bank,Fort Lewis,Fort Lewis,9E5C07F8-2874-4E94-8E1E-5707D4B022D1,786,1,NA,NA,Complete,13:00:00,14:30:00,NA,Chinook,NA,NA,NA,NA,1,0,NA,NA,NA,NA,Site,Index,NA,2,1,1,1,1,1,8,2021,35
6852040D-D75B-4A50-974A-FD88088E633E,2021-08-31,Nisqually River,District 11,Nisqually salmon 2021,CF33CB3A-AECE-4AD8-B2B6-54CA4598693B,51,Bank,Fort Lewis,Fort Lewis,9E5C07F8-2874-4E94-8E1E-5707D4B022D1,786,1,NA,NA,Complete,06:30:00,15:15:00,NA,Chinook,NA,NA,NA,NA,1,0,NA,NA,NA,NA,Site,Index,NA,2,1,1,1,1,1,8,2021,35
6852040D-D75B-4A50-974A-FD88088E633E,2021-08-31,Nisqually River,District 11,Nisqually salmon 2021,9C54B9CF-7BD4-4C82-A5ED-1103DDF7EBCC,47,Bank,Fort Lewis,Fort Lewis,9E5C07F8-2874-4E94-8E1E-5707D4B022D1,786,1,NA,NA,Complete,11:00:00,15:40:00,NA,Chinook,NA,NA,NA,NA,1,0,NA,NA,NA,NA,Site,Index,NA,2,1,1,1,1,1,8,2021,35
6852040D-D75B-4A50-974A-FD88088E633E,2021-08-31,Nisqually River,District 11,Nisqually salmon 2021,9C33CAF9-185D-4C1D-B846-2530EF99655E,43,Bank,Fort Lewis,Fort Lewis,9E5C07F8-2874-4E94-8E1E-5707D4B022D1,786,1,NA,NA,Complete,11:00:00,14:00:00,NA,Chinook,NA,NA,NA,NA,1,0,NA,NA,NA,NA,Site,Index,NA,2,1,1,1,1,1,8,2021,35
6852040D-D75B-4A50-974A-FD88088E633E,2021-08-31,Nisqually River,District 11,Nisqually salmon 2021,63FE3A23-0E7F-4A5A-BB38-35C6F2E3E805,42,Bank,Fort Lewis,Fort Lewis,9E5C07F8-2874-4E94-8E1E-5707D4B022D1,786,2,NA,NA,Complete,07:30:00,13:20:00,NA,Chinook,NA,NA,NA,NA,2,0,NA,NA,NA,NA,Site,Index,NA,2,1,1,1,1,1,8,2021,35
6852040D-D75B-4A50-974A-FD88088E633E,2021-08-31,Nisqually River,District 11,Nisqually salmon 2021,D1E6785A-773B-4C62-9F3F-4A28CC309DA3,41,Bank,Fort Lewis,Fort Lewis,9E5C07F8-2874-4E94-8E1E-5707D4B022D1,786,1,NA,NA,Complete,07:00:00,13:00:00,NA,Chinook,NA,NA,NA,NA,1,0,NA,NA,NA,NA,Site,Index,NA,2,1,1,1,1,1,8,2021,35
6852040D-D75B-4A50-974A-FD88088E633E,2021-08-31,Nisqually River,District 11,Nisqually salmon 2021,8B086F02-97AB-4D43-8FC6-79E986641875,32,Bank,Fort Lewis,Fort Lewis,9E5C07F8-2874-4E94-8E1E-5707D4B022D1,786,1,NA,NA,Complete,06:00:00,15:45:00,NA,Chinook,NA,NA,NA,NA,1,0,NA,NA,NA,NA,Site,Index,NA,2,1,1,1,1,1,8,2021,35
6852040D-D75B-4A50-974A-FD88088E633E,2021-08-31,Nisqually River,District 11,Nisqually salmon 2021,C1AFBEEF-E10B-49B7-93BC-FCCDAA8FC997,29,Bank,Fort Lewis,Fort Lewis,9E5C07F8-2874-4E94-8E1E-5707D4B022D1,786,1,NA,NA,Complete,16:30:00,19:20:00,NA,Chinook,NA,NA,NA,NA,1,0,NA,NA,NA,NA,Site,Index,NA,2,1,1,1,1,1,8,2021,35
6852040D-D75B-4A50-974A-FD88088E633E,2021-08-31,Nisqually River,District 11,Nisqually salmon 2021,6E987524-7972-45E8-A56F-0859CD61DE05,22,Bank,Fort Lewis,Fort Lewis,9E5C07F8-2874-4E94-8E1E-5707D4B022D1,786,1,NA,NA,Complete,07:00:00,18:40:00,NA,Chinook,NA,NA,NA,NA,1,0,NA,NA,NA,NA,Site,Index,NA,2,1,1,1,1,1,8,2021,35
6852040D-D75B-4A50-974A-FD88088E633E,2021-08-31,Nisqually River,District 11,Nisqually salmon 2021,8D2D59FA-C7B1-4AC6-8600-7D424AE001D2,19,Bank,Fort Lewis,Fort Lewis,9E5C07F8-2874-4E94-8E1E-5707D4B022D1,786,2,NA,NA,Complete,14:00:00,17:00:00,NA,Chinook,NA,NA,NA,NA,2,0,NA,NA,NA,NA,Site,Index,NA,2,1,1,1,1,1,8,2021,35
6852040D-D75B-4A50-974A-FD88088E633E,2021-08-31,Nisqually River,District 11,Nisqually salmon 2021,478048D9-A925-4FE5-9806-2A7EFB0B3191,12,Bank,Fort Lewis,Fort Lewis,9E5C07F8-2874-4E94-8E1E-5707D4B022D1,786,1,NA,NA,Complete,16:00:00,18:20:00,NA,Chinook,NA,NA,NA,NA,1,0,NA,NA,NA,NA,Site,Index,NA,2,1,1,1,1,1,8,2021,35
6852040D-D75B-4A50-974A-FD88088E633E,2021-08-31,Nisqually River,District 11,Nisqually salmon 2021,BE4AE981-5CFF-4CD1-8C20-EFB543DEF58F,11,Bank,Fort Lewis,Fort Lewis,9E5C07F8-2874-4E94-8E1E-5707D4B022D1,786,1,NA,NA,Complete,14:30:00,17:30:00,NA,Chinook,NA,NA,NA,NA,1,0,NA,NA,NA,NA,Site,Index,NA,2,1,1,1,1,1,8,2021,35
6852040D-D75B-4A50-974A-FD88088E633E,2021-08-31,Nisqually River,District 11,Nisqually salmon 2021,08E6B076-4B8B-4203-A90F-3B4358CE946B,10,Bank,Fort Lewis,Fort Lewis,9E5C07F8-2874-4E94-8E1E-5707D4B022D1,786,1,NA,NA,Complete,07:00:00,17:15:00,NA,Chinook,NA,NA,NA,NA,1,0,NA,NA,NA,NA,Site,Index,NA,2,1,1,1,1,1,8,2021,35
6852040D-D75B-4A50-974A-FD88088E633E,2021-08-31,Nisqually River,District 11,Nisqually salmon 2021,4F06E115-84AA-42EE-AA97-B29F332FD912,1,Bank,Fort Lewis,Fort Lewis,9E5C07F8-2874-4E94-8E1E-5707D4B022D1,786,1,NA,NA,Complete,12:00:00,17:20:00,NA,Chinook,NA,NA,NA,NA,1,0,NA,NA,NA,NA,Site,Index,NA,2,1,1,1,1,1,8,2021,35
1DBEB3E1-31F5-4B38-B693-8F8C7891BD1A,2021-09-01,Nisqually River,District 11,Nisqually salmon 2021,8E2C774C-95A1-4744-8349-6DB045836CD2,8,Bank,Fort Lewis,Fort Lewis,9E5C07F8-2874-4E94-8E1E-5707D4B022D1,786,1,NA,NA,Complete,06:45:00,10:50:00,NA,Chinook,NA,NA,NA,NA,1,0,NA,NA,NA,NA,Site,Index,NA,2,1,1,1,1,1,9,2021,35
1DBEB3E1-31F5-4B38-B693-8F8C7891BD1A,2021-09-01,Nisqually River,District 11,Nisqually salmon 2021,80EDC00B-75FB-4192-A773-3738F482F9A4,11,Bank,Fort Lewis,Fort Lewis,9E5C07F8-2874-4E94-8E1E-5707D4B022D1,786,1,NA,NA,Complete,06:00:00,11:10:00,NA,Chinook,NA,NA,NA,NA,1,0,NA,NA,NA,NA,Site,Index,NA,2,1,1,1,1,1,9,2021,35
1DBEB3E1-31F5-4B38-B693-8F8C7891BD1A,2021-09-01,Nisqually River,District 11,Nisqually salmon 2021,85BE7C01-5103-4B48-B47F-3A97AF01CCB0,14,Bank,Fort Lewis,Fort Lewis,9E5C07F8-2874-4E94-8E1E-5707D4B022D1,786,1,NA,NA,Complete,05:00:00,09:05:00,NA,Chinook,NA,NA,NA,NA,1,0,NA,NA,NA,NA,Site,Index,NA,2,1,1,1,1,1,9,2021,35
1DBEB3E1-31F5-4B38-B693-8F8C7891BD1A,2021-09-01,Nisqually River,District 11,Nisqually salmon 2021,24933781-ABB7-44B0-BC83-784F42F6B6ED,15,Bank,Fort Lewis,Fort Lewis,9E5C07F8-2874-4E94-8E1E-5707D4B022D1,786,1,NA,NA,Complete,05:40:00,11:15:00,NA,Chinook,NA,NA,NA,NA,1,0,NA,NA,NA,NA,Site,Index,NA,2,1,1,1,1,1,9,2021,35
8BA0206D-3BCD-42D3-8164-FD7522FFFA7C,2021-09-01,Nisqually River,District 11,Nisqually salmon 2021,CC7CB676-1D29-4E10-8CBD-050936D2B9A0,30,Bank,Fort Lewis,Fort Lewis,9E5C07F8-2874-4E94-8E1E-5707D4B022D1,786,1,NA,NA,Complete,18:10:00,19:10:00,NA,Chinook,NA,NA,NA,NA,1,0,NA,NA,NA,NA,Site,Index,NA,2,1,1,1,1,1,9,2021,35
1DBEB3E1-31F5-4B38-B693-8F8C7891BD1A,2021-09-01,Nisqually River,District 11,Nisqually salmon 2021,CF993266-7B5A-4577-B5F3-CD3475FC4D19,29,Bank,Fort Lewis,Fort Lewis,9E5C07F8-2874-4E94-8E1E-5707D4B022D1,786,2,NA,NA,Complete,06:30:00,09:35:00,NA,Chinook,NA,NA,NA,NA,1,0,NA,NA,NA,NA,Site,Index,NA,2,1,1,1,1,1,9,2021,35
1DBEB3E1-31F5-4B38-B693-8F8C7891BD1A,2021-09-01,Nisqually River,District 11,Nisqually salmon 2021,5A70BB30-A425-42B6-8C30-EA4C84BA8220,30,Bank,Fort Lewis,Fort Lewis,9E5C07F8-2874-4E94-8E1E-5707D4B022D1,786,1,NA,NA,Complete,06:00:00,09:40:00,NA,Chinook,NA,NA,NA,NA,1,0,NA,NA,NA,NA,Site,Index,NA,2,1,1,1,1,1,9,2021,35
8BA0206D-3BCD-42D3-8164-FD7522FFFA7C,2021-09-01,Nisqually River,District 11,Nisqually salmon 2021,8B41C094-35B4-4D23-8393-2964F07D9D06,14,Bank,Fort Lewis,Fort Lewis,9E5C07F8-2874-4E94-8E1E-5707D4B022D1,786,1,NA,NA,Complete,08:30:00,15:00:00,NA,Chinook,NA,NA,NA,NA,1,0,NA,NA,NA,NA,Site,Index,NA,2,1,1,1,1,1,9,2021,35
8BA0206D-3BCD-42D3-8164-FD7522FFFA7C,2021-09-01,Nisqually River,District 11,Nisqually salmon 2021,0688E0FC-E6C5-4391-B2A0-FE57967740A0,11,Bank,Fort Lewis,Fort Lewis,9E5C07F8-2874-4E94-8E1E-5707D4B022D1,786,1,NA,NA,Complete,11:00:00,15:15:00,NA,Chinook,NA,NA,NA,NA,1,0,NA,NA,NA,NA,Site,Index,NA,2,1,1,1,1,1,9,2021,35
1DBEB3E1-31F5-4B38-B693-8F8C7891BD1A,2021-09-01,Nisqually River,District 11,Nisqually salmon 2021,8F2415F5-E062-4E6F-B19E-2CCC2B6B2C3A,33,Bank,Fort Lewis,Fort Lewis,9E5C07F8-2874-4E94-8E1E-5707D4B022D1,786,1,NA,NA,Complete,06:45:00,09:45:00,NA,Chinook,NA,NA,NA,NA,1,0,NA,NA,NA,NA,Site,Index,NA,2,1,1,1,1,1,9,2021,35
8BA0206D-3BCD-42D3-8164-FD7522FFFA7C,2021-09-01,Nisqually River,District 11,Nisqually salmon 2021,0604A6A7-F6F9-4801-819C-D618B3DA75FB,1,Bank,Fort Lewis,Fort Lewis,9E5C07F8-2874-4E94-8E1E-5707D4B022D1,786,1,NA,NA,Complete,09:00:00,15:20:00,NA,Chinook,NA,NA,NA,NA,1,0,NA,NA,NA,NA,Site,Index,NA,2,1,1,1,1,1,9,2021,35
1DBEB3E1-31F5-4B38-B693-8F8C7891BD1A,2021-09-01,Nisqually River,District 11,Nisqually salmon 2021,D14AA269-5027-4815-B8B4-C2D41F70598C,79,Bank,Fort Lewis,Fort Lewis,9E5C07F8-2874-4E94-8E1E-5707D4B022D1,786,1,NA,NA,Complete,05:30:00,08:25:00,NA,Chinook,NA,NA,NA,NA,1,0,NA,NA,NA,NA,Site,Index,NA,2,1,1,1,1,1,9,2021,35
1DBEB3E1-31F5-4B38-B693-8F8C7891BD1A,2021-09-01,Nisqually River,District 11,Nisqually salmon 2021,93562A2B-094D-458E-AD32-38AFD9691D14,68,Bank,Fort Lewis,Fort Lewis,9E5C07F8-2874-4E94-8E1E-5707D4B022D1,786,1,NA,NA,Complete,06:00:00,12:40:00,NA,Chinook,NA,NA,NA,NA,1,0,NA,NA,NA,NA,Site,Index,NA,2,1,1,1,1,1,9,2021,35
1DBEB3E1-31F5-4B38-B693-8F8C7891BD1A,2021-09-01,Nisqually River,District 11,Nisqually salmon 2021,C616A8EC-1A2F-49FC-9A6A-EE2C066816E9,67,Bank,Fort Lewis,Fort Lewis,9E5C07F8-2874-4E94-8E1E-5707D4B022D1,786,1,NA,NA,Complete,09:00:00,12:35:00,NA,Chinook,NA,NA,NA,NA,1,0,NA,NA,NA,NA,Site,Index,NA,2,1,1,1,1,1,9,2021,35
1DBEB3E1-31F5-4B38-B693-8F8C7891BD1A,2021-09-01,Nisqually River,District 11,Nisqually salmon 2021,9BB87CDC-9F45-4E0F-8E62-E53EC5CC8B20,38,Bank,Fort Lewis,Fort Lewis,9E5C07F8-2874-4E94-8E1E-5707D4B022D1,786,1,NA,NA,Complete,08:15:00,13:10:00,NA,Chinook,NA,NA,NA,NA,1,0,NA,NA,NA,NA,Site,Index,NA,2,1,1,1,1,1,9,2021,35
1DBEB3E1-31F5-4B38-B693-8F8C7891BD1A,2021-09-01,Nisqually River,District 11,Nisqually salmon 2021,8D01FF5A-EC8F-489F-908E-15F1F93C3456,40,Bank,Fort Lewis,Fort Lewis,9E5C07F8-2874-4E94-8E1E-5707D4B022D1,786,1,NA,NA,Complete,09:00:00,13:15:00,NA,Chinook,NA,NA,NA,NA,1,0,NA,NA,NA,NA,Site,Index,NA,2,1,1,1,1,1,9,2021,35
1DBEB3E1-31F5-4B38-B693-8F8C7891BD1A,2021-09-01,Nisqually River,District 11,Nisqually salmon 2021,7CA0DF1B-B9E9-4AE2-BFFA-FD98D2992705,49,Bank,Fort Lewis,Fort Lewis,9E5C07F8-2874-4E94-8E1E-5707D4B022D1,786,1,NA,NA,Complete,05:30:00,13:45:00,NA,Chinook,NA,NA,NA,NA,1,0,NA,NA,NA,NA,Site,Index,NA,2,1,1,1,1,1,9,2021,35
1DBEB3E1-31F5-4B38-B693-8F8C7891BD1A,2021-09-01,Nisqually River,District 11,Nisqually salmon 2021,D512C155-32A5-4F04-86FF-F1F4E009A54E,54,Bank,Fort Lewis,Fort Lewis,9E5C07F8-2874-4E94-8E1E-5707D4B022D1,786,1,NA,NA,Complete,07:00:00,11:25:00,NA,Chinook,NA,NA,NA,NA,1,0,NA,NA,NA,NA,Site,Index,NA,2,1,1,1,1,1,9,2021,35
8BA0206D-3BCD-42D3-8164-FD7522FFFA7C,2021-09-01,Nisqually River,District 11,Nisqually salmon 2021,1F11464B-670A-444A-9729-2FDDFB49D119,55,Bank,Fort Lewis,Fort Lewis,9E5C07F8-2874-4E94-8E1E-5707D4B022D1,786,1,NA,NA,Complete,12:00:00,17:15:00,NA,Chinook,NA,NA,NA,NA,1,0,NA,NA,NA,NA,Site,Index,NA,2,1,1,1,1,1,9,2021,35
8BA0206D-3BCD-42D3-8164-FD7522FFFA7C,2021-09-01,Nisqually River,District 11,Nisqually salmon 2021,CF9D4EFA-7070-498E-8546-55C5ADB7E3A5,48,Bank,Fort Lewis,Fort Lewis,9E5C07F8-2874-4E94-8E1E-5707D4B022D1,786,5,NA,NA,Complete,11:00:00,19:30:00,NA,Chinook,NA,NA,NA,NA,3,0,NA,NA,NA,NA,Site,Index,NA,2,1,1,1,1,1,9,2021,35
8BA0206D-3BCD-42D3-8164-FD7522FFFA7C,2021-09-01,Nisqually River,District 11,Nisqually salmon 2021,F69514C5-646B-4A8C-9724-53B0BB9D55C9,46,Bank,Fort Lewis,Fort Lewis,9E5C07F8-2874-4E94-8E1E-5707D4B022D1,786,1,NA,NA,Complete,07:00:00,16:10:00,NA,Chinook,NA,NA,NA,NA,1,0,NA,NA,NA,NA,Site,Index,NA,2,1,1,1,1,1,9,2021,35
8BA0206D-3BCD-42D3-8164-FD7522FFFA7C,2021-09-01,Nisqually River,District 11,Nisqually salmon 2021,FE5425F8-4C72-4505-A175-D0EDDEF504E4,42,Bank,Fort Lewis,Fort Lewis,9E5C07F8-2874-4E94-8E1E-5707D4B022D1,786,1,NA,NA,Complete,17:00:00,19:50:00,NA,Chinook,NA,NA,NA,NA,1,0,NA,NA,NA,NA,Site,Index,NA,2,1,1,1,1,1,9,2021,35
8BA0206D-3BCD-42D3-8164-FD7522FFFA7C,2021-09-01,Nisqually River,District 11,Nisqually salmon 2021,40051E53-7378-40CB-8A0B-74076CAE7C58,41,Bank,Fort Lewis,Fort Lewis,9E5C07F8-2874-4E94-8E1E-5707D4B022D1,786,1,NA,NA,Complete,16:30:00,19:30:00,NA,Chinook,NA,NA,NA,NA,1,0,NA,NA,NA,NA,Site,Index,NA,2,1,1,1,1,1,9,2021,35
1DBEB3E1-31F5-4B38-B693-8F8C7891BD1A,2021-09-01,Nisqually River,District 11,Nisqually salmon 2021,6FDB35DC-B94B-4956-BE8F-35A551EC74AF,21,Bank,Fort Lewis,Fort Lewis,9E5C07F8-2874-4E94-8E1E-5707D4B022D1,786,1,NA,NA,Complete,06:00:00,09:00:00,NA,Chinook,NA,NA,NA,NA,1,0,NA,NA,NA,NA,Site,Index,NA,2,1,1,1,1,1,9,2021,35
8BA0206D-3BCD-42D3-8164-FD7522FFFA7C,2021-09-01,Nisqually River,District 11,Nisqually salmon 2021,AFE7DE69-734D-432D-BAE5-C455B45CD279,37,Bank,Fort Lewis,Fort Lewis,9E5C07F8-2874-4E94-8E1E-5707D4B022D1,786,1,NA,NA,Complete,14:00:00,19:10:00,NA,Chinook,NA,NA,NA,NA,1,0,NA,NA,NA,NA,Site,Index,NA,2,1,1,1,1,1,9,2021,35
99B0A7E0-FE1F-43FE-9BC3-B6DD715451FD,2021-09-03,Nisqually River,District 11,Nisqually salmon 2021,F5A25AB1-5C16-4EA0-8EF1-9FAE1D0E931E,42,Bank,Fort Lewis,Fort Lewis,9E5C07F8-2874-4E94-8E1E-5707D4B022D1,786,1,NA,NA,Complete,05:30:00,08:55:00,NA,Chinook,NA,NA,NA,NA,1,0,NA,NA,NA,NA,Site,Index,NA,2,1,1,1,1,1,9,2021,36
99B0A7E0-FE1F-43FE-9BC3-B6DD715451FD,2021-09-03,Nisqually River,District 11,Nisqually salmon 2021,615DE2E8-E8B7-48CF-9925-4A62340E438F,34,Bank,Fort Lewis,Fort Lewis,9E5C07F8-2874-4E94-8E1E-5707D4B022D1,786,1,NA,NA,Complete,06:00:00,10:30:00,NA,Chinook,NA,NA,NA,NA,1,0,NA,NA,NA,NA,Site,Index,NA,2,1,1,1,1,1,9,2021,36
99B0A7E0-FE1F-43FE-9BC3-B6DD715451FD,2021-09-03,Nisqually River,District 11,Nisqually salmon 2021,A0A52CB0-B984-4530-8E15-BB79FC8E7352,29,Bank,Fort Lewis,Fort Lewis,9E5C07F8-2874-4E94-8E1E-5707D4B022D1,786,1,NA,NA,Complete,12:00:00,13:20:00,NA,Chinook,NA,NA,NA,NA,1,0,NA,NA,NA,NA,Site,Index,NA,2,1,1,1,1,1,9,2021,36
99B0A7E0-FE1F-43FE-9BC3-B6DD715451FD,2021-09-03,Nisqually River,District 11,Nisqually salmon 2021,69DC0C44-E9F2-4975-8EE6-DB0C2D1B5198,28,Bank,Fort Lewis,Fort Lewis,9E5C07F8-2874-4E94-8E1E-5707D4B022D1,786,1,NA,NA,Complete,05:30:00,10:05:00,NA,Chinook,NA,NA,NA,NA,1,0,NA,NA,NA,NA,Site,Index,NA,2,1,1,1,1,1,9,2021,36
99B0A7E0-FE1F-43FE-9BC3-B6DD715451FD,2021-09-03,Nisqually River,District 11,Nisqually salmon 2021,BBC594AE-33BD-40C2-A1C9-19A79E1A62A9,23,Bank,Fort Lewis,Fort Lewis,9E5C07F8-2874-4E94-8E1E-5707D4B022D1,786,1,NA,NA,Complete,06:00:00,11:40:00,NA,Chinook,NA,NA,NA,NA,1,0,NA,NA,NA,NA,Site,Index,NA,2,1,1,1,1,1,9,2021,36
9B3030AF-0EE6-4914-AE7E-66847EF2E3A9,2021-09-03,Nisqually River,District 11,Nisqually salmon 2021,9B285CE5-482A-49E7-9057-7BAB0E7FFE59,68,Bank,Fort Lewis,Fort Lewis,9E5C07F8-2874-4E94-8E1E-5707D4B022D1,786,1,NA,NA,Complete,13:00:00,15:05:00,NA,Chinook,NA,NA,NA,NA,1,0,NA,NA,NA,NA,Site,Index,NA,2,1,1,1,1,1,9,2021,36
9B3030AF-0EE6-4914-AE7E-66847EF2E3A9,2021-09-03,Nisqually River,District 11,Nisqually salmon 2021,49432840-740E-41F5-8B5E-25EA522468C8,71,Bank,Fort Lewis,Fort Lewis,9E5C07F8-2874-4E94-8E1E-5707D4B022D1,786,1,NA,NA,Complete,14:00:00,15:25:00,NA,Chinook,NA,NA,NA,NA,1,0,NA,NA,NA,NA,Site,Index,NA,2,1,1,1,1,1,9,2021,36
9B3030AF-0EE6-4914-AE7E-66847EF2E3A9,2021-09-03,Nisqually River,District 11,Nisqually salmon 2021,C49E9A09-897C-4CB5-9F24-A170C267EB17,48,Bank,Fort Lewis,Fort Lewis,9E5C07F8-2874-4E94-8E1E-5707D4B022D1,786,1,NA,NA,Complete,06:00:00,17:30:00,NA,Chinook,NA,NA,NA,NA,1,0,NA,NA,NA,NA,Site,Index,NA,2,1,1,1,1,1,9,2021,36
99B0A7E0-FE1F-43FE-9BC3-B6DD715451FD,2021-09-03,Nisqually River,District 11,Nisqually salmon 2021,37A29977-62D7-4733-A27E-7EFD84D63360,16,Bank,Fort Lewis,Fort Lewis,9E5C07F8-2874-4E94-8E1E-5707D4B022D1,786,2,NA,NA,Complete,07:30:00,10:55:00,NA,Chinook,NA,NA,NA,NA,1,0,NA,NA,NA,NA,Site,Index,NA,2,1,1,1,1,1,9,2021,36
99B0A7E0-FE1F-43FE-9BC3-B6DD715451FD,2021-09-03,Nisqually River,District 11,Nisqually salmon 2021,FF57D44D-A086-49DC-BBF4-214F45267D0E,14,Bank,Fort Lewis,Fort Lewis,9E5C07F8-2874-4E94-8E1E-5707D4B022D1,786,1,NA,NA,Complete,06:30:00,10:50:00,NA,Chinook,NA,NA,NA,NA,1,0,NA,NA,NA,NA,Site,Index,NA,2,1,1,1,1,1,9,2021,36
99B0A7E0-FE1F-43FE-9BC3-B6DD715451FD,2021-09-03,Nisqually River,District 11,Nisqually salmon 2021,A133D8E2-B749-4E18-8E46-EC936A29B147,11,Bank,Fort Lewis,Fort Lewis,9E5C07F8-2874-4E94-8E1E-5707D4B022D1,786,1,NA,NA,Complete,06:30:00,08:40:00,NA,Chinook,NA,NA,NA,NA,1,0,NA,NA,NA,NA,Site,Index,NA,2,1,1,1,1,1,9,2021,36
99B0A7E0-FE1F-43FE-9BC3-B6DD715451FD,2021-09-03,Nisqually River,District 11,Nisqually salmon 2021,D76443DD-38F7-4A5F-8757-26CC76C77D7E,1,Bank,Fort Lewis,Fort Lewis,9E5C07F8-2874-4E94-8E1E-5707D4B022D1,786,2,NA,NA,Complete,05:35:00,10:45:00,NA,Chinook,NA,NA,NA,NA,1,0,NA,NA,NA,NA,Site,Index,NA,2,1,1,1,1,1,9,2021,36
9B3030AF-0EE6-4914-AE7E-66847EF2E3A9,2021-09-03,Nisqually River,District 11,Nisqually salmon 2021,E6D85620-BEB8-4E4C-A6F3-0D9F5F8F68C2,47,Bank,Fort Lewis,Fort Lewis,9E5C07F8-2874-4E94-8E1E-5707D4B022D1,786,1,NA,NA,Complete,08:45:00,17:20:00,NA,Chinook,NA,NA,NA,NA,1,0,NA,NA,NA,NA,Site,Index,NA,2,1,1,1,1,1,9,2021,36
9B3030AF-0EE6-4914-AE7E-66847EF2E3A9,2021-09-03,Nisqually River,District 11,Nisqually salmon 2021,30225D52-04EF-425A-9020-33AEAE5F3235,42,Bank,Fort Lewis,Fort Lewis,9E5C07F8-2874-4E94-8E1E-5707D4B022D1,786,2,NA,NA,Complete,14:30:00,17:00:00,NA,Chinook,NA,NA,NA,NA,1,0,NA,NA,NA,NA,Site,Index,NA,2,1,1,1,1,1,9,2021,36
9B3030AF-0EE6-4914-AE7E-66847EF2E3A9,2021-09-03,Nisqually River,District 11,Nisqually salmon 2021,4ABF153A-EEE2-4930-953B-A1F5E20C6BDC,41,Bank,Fort Lewis,Fort Lewis,9E5C07F8-2874-4E94-8E1E-5707D4B022D1,786,4,NA,NA,Complete,06:30:00,16:30:00,NA,Chinook,NA,NA,NA,NA,0,1,NA,NA,NA,NA,Site,Index,NA,2,1,1,1,1,1,9,2021,36
9B3030AF-0EE6-4914-AE7E-66847EF2E3A9,2021-09-03,Nisqually River,District 11,Nisqually salmon 2021,9D927088-4241-4A46-AC18-D844F321C544,40,Bank,Fort Lewis,Fort Lewis,9E5C07F8-2874-4E94-8E1E-5707D4B022D1,786,1,NA,NA,Complete,05:30:00,16:05:00,NA,Chinook,NA,NA,NA,NA,1,0,NA,NA,NA,NA,Site,Index,NA,2,1,1,1,1,1,9,2021,36
9B3030AF-0EE6-4914-AE7E-66847EF2E3A9,2021-09-03,Nisqually River,District 11,Nisqually salmon 2021,A6658CEC-7D97-4857-97F1-62E9C5C6877A,1,Bank,Fort Lewis,Fort Lewis,9E5C07F8-2874-4E94-8E1E-5707D4B022D1,786,2,NA,NA,Complete,12:00:00,16:20:00,NA,Chinook,NA,NA,NA,NA,1,0,NA,NA,NA,NA,Site,Index,NA,2,1,1,1,1,1,9,2021,36
99B0A7E0-FE1F-43FE-9BC3-B6DD715451FD,2021-09-03,Nisqually River,District 11,Nisqually salmon 2021,8C059E6B-EBAF-4258-99C6-378959B9DA50,110,Bank,Fort Lewis,Fort Lewis,9E5C07F8-2874-4E94-8E1E-5707D4B022D1,786,2,NA,NA,Complete,12:00:00,14:45:00,NA,Chinook,NA,NA,NA,NA,1,0,NA,NA,NA,NA,Site,Index,NA,2,1,1,1,1,1,9,2021,36
99B0A7E0-FE1F-43FE-9BC3-B6DD715451FD,2021-09-03,Nisqually River,District 11,Nisqually salmon 2021,D85EA837-4AF6-4ED6-9CE3-E498B635D986,103,Bank,Fort Lewis,Fort Lewis,9E5C07F8-2874-4E94-8E1E-5707D4B022D1,786,2,NA,NA,Complete,08:30:00,13:00:00,NA,Chinook,NA,NA,NA,NA,1,0,NA,NA,NA,NA,Site,Index,NA,2,1,1,1,1,1,9,2021,36
99B0A7E0-FE1F-43FE-9BC3-B6DD715451FD,2021-09-03,Nisqually River,District 11,Nisqually salmon 2021,3C56927D-116F-486C-8D23-ED940502059A,97,Bank,Fort Lewis,Fort Lewis,9E5C07F8-2874-4E94-8E1E-5707D4B022D1,786,1,NA,NA,Complete,09:00:00,14:55:00,NA,Chinook,NA,NA,NA,NA,1,0,NA,NA,NA,NA,Site,Index,NA,2,1,1,1,1,1,9,2021,36
99B0A7E0-FE1F-43FE-9BC3-B6DD715451FD,2021-09-03,Nisqually River,District 11,Nisqually salmon 2021,3C6FBB17-BC8B-4AC5-9164-D33D260CFFD7,96,Bank,Fort Lewis,Fort Lewis,9E5C07F8-2874-4E94-8E1E-5707D4B022D1,786,1,NA,NA,Complete,06:00:00,12:10:00,NA,Chinook,NA,NA,NA,NA,1,0,NA,NA,NA,NA,Site,Index,NA,2,1,1,1,1,1,9,2021,36
99B0A7E0-FE1F-43FE-9BC3-B6DD715451FD,2021-09-03,Nisqually River,District 11,Nisqually salmon 2021,9CD6179B-C967-4DC8-BD6E-EDB0ACD21F62,93,Bank,Fort Lewis,Fort Lewis,9E5C07F8-2874-4E94-8E1E-5707D4B022D1,786,1,NA,NA,Complete,09:00:00,12:00:00,NA,Chinook,NA,NA,NA,NA,1,0,NA,NA,NA,NA,Site,Index,NA,2,1,1,1,1,1,9,2021,36
99B0A7E0-FE1F-43FE-9BC3-B6DD715451FD,2021-09-03,Nisqually River,District 11,Nisqually salmon 2021,9B1F1DD4-C339-4793-8AE8-5059CE1C9F70,90,Bank,Fort Lewis,Fort Lewis,9E5C07F8-2874-4E94-8E1E-5707D4B022D1,786,2,NA,NA,Complete,08:00:00,11:50:00,NA,Chinook,NA,NA,NA,NA,1,0,NA,NA,NA,NA,Site,Index,NA,2,1,1,1,1,1,9,2021,36
99B0A7E0-FE1F-43FE-9BC3-B6DD715451FD,2021-09-03,Nisqually River,District 11,Nisqually salmon 2021,7A25E0EC-B7B5-4F0C-B4E7-8A3659FE21B7,88,Bank,Fort Lewis,Fort Lewis,9E5C07F8-2874-4E94-8E1E-5707D4B022D1,786,1,NA,NA,Complete,06:00:00,11:45:00,NA,Chinook,NA,NA,NA,NA,1,0,NA,NA,NA,NA,Site,Index,NA,2,1,1,1,1,1,9,2021,36
99B0A7E0-FE1F-43FE-9BC3-B6DD715451FD,2021-09-03,Nisqually River,District 11,Nisqually salmon 2021,15A1AA58-6B57-462A-996D-B69C99904107,81,Bank,Fort Lewis,Fort Lewis,9E5C07F8-2874-4E94-8E1E-5707D4B022D1,786,1,NA,NA,Complete,08:00:00,14:30:00,NA,Chinook,NA,NA,NA,NA,1,0,NA,NA,NA,NA,Site,Index,NA,2,1,1,1,1,1,9,2021,36
99B0A7E0-FE1F-43FE-9BC3-B6DD715451FD,2021-09-03,Nisqually River,District 11,Nisqually salmon 2021,C9C70A13-860F-43F4-AB50-21C38F0F57F1,74,Bank,Fort Lewis,Fort Lewis,9E5C07F8-2874-4E94-8E1E-5707D4B022D1,786,1,NA,NA,Complete,06:00:00,14:10:00,NA,Chinook,NA,NA,NA,NA,1,0,NA,NA,NA,NA,Site,Index,NA,2,1,1,1,1,1,9,2021,36
99B0A7E0-FE1F-43FE-9BC3-B6DD715451FD,2021-09-03,Nisqually River,District 11,Nisqually salmon 2021,4312AC6B-EF34-4EB2-A8D7-A0ED66580ADF,71,Bank,Fort Lewis,Fort Lewis,9E5C07F8-2874-4E94-8E1E-5707D4B022D1,786,2,NA,NA,Complete,10:00:00,14:05:00,NA,Chinook,NA,NA,NA,NA,1,0,NA,NA,NA,NA,Site,Index,NA,2,1,1,1,1,1,9,2021,36
99B0A7E0-FE1F-43FE-9BC3-B6DD715451FD,2021-09-03,Nisqually River,District 11,Nisqually salmon 2021,DA253DC9-A16F-4B1B-97A7-FA1357A86718,70,Bank,Fort Lewis,Fort Lewis,9E5C07F8-2874-4E94-8E1E-5707D4B022D1,786,2,NA,NA,Complete,09:00:00,14:50:00,NA,Chinook,NA,NA,NA,NA,1,0,NA,NA,NA,NA,Site,Index,NA,2,1,1,1,1,1,9,2021,36
99B0A7E0-FE1F-43FE-9BC3-B6DD715451FD,2021-09-03,Nisqually River,District 11,Nisqually salmon 2021,B388A718-C8EC-4FCF-84D7-9D568A3CED00,69,Bank,Fort Lewis,Fort Lewis,9E5C07F8-2874-4E94-8E1E-5707D4B022D1,786,1,NA,NA,Complete,05:30:00,13:55:00,NA,Chinook,NA,NA,NA,NA,1,0,NA,NA,NA,NA,Site,Index,NA,2,1,1,1,1,1,9,2021,36
99B0A7E0-FE1F-43FE-9BC3-B6DD715451FD,2021-09-03,Nisqually River,District 11,Nisqually salmon 2021,63987BD4-677D-4E3A-83DA-83CE5CA50FEA,64,Bank,Fort Lewis,Fort Lewis,9E5C07F8-2874-4E94-8E1E-5707D4B022D1,786,1,NA,NA,Complete,12:00:00,13:40:00,NA,Chinook,NA,NA,NA,NA,1,0,NA,NA,NA,NA,Site,Index,NA,2,1,1,1,1,1,9,2021,36
99B0A7E0-FE1F-43FE-9BC3-B6DD715451FD,2021-09-03,Nisqually River,District 11,Nisqually salmon 2021,0AA7558D-67BB-4FA1-BFF6-FB80648ABE3D,62,Bank,Fort Lewis,Fort Lewis,9E5C07F8-2874-4E94-8E1E-5707D4B022D1,786,1,NA,NA,Complete,09:30:00,13:25:00,NA,Chinook,NA,NA,NA,NA,1,0,NA,NA,NA,NA,Site,Index,NA,2,1,1,1,1,1,9,2021,36
99B0A7E0-FE1F-43FE-9BC3-B6DD715451FD,2021-09-03,Nisqually River,District 11,Nisqually salmon 2021,36698086-7264-487B-9BC8-F60A5B2A8659,50,Bank,Fort Lewis,Fort Lewis,9E5C07F8-2874-4E94-8E1E-5707D4B022D1,786,1,NA,NA,Complete,06:00:00,09:30:00,NA,Chinook,NA,NA,NA,NA,1,0,NA,NA,NA,NA,Site,Index,NA,2,1,1,1,1,1,9,2021,36
7FC8FFBE-6DD5-4E44-B608-B401BCF57EA7,2021-09-04,Nisqually River,District 11,Nisqually salmon 2021,CA41BA7B-E1F6-454A-994D-327E2948EA03,81,Bank,Fort Lewis,Fort Lewis,9E5C07F8-2874-4E94-8E1E-5707D4B022D1,786,1,NA,NA,Complete,07:00:00,09:55:00,NA,Chinook,NA,NA,NA,NA,1,0,NA,NA,NA,NA,Site,Index,NA,2,1,1,1,1,1,9,2021,36
672ACCE5-32E7-4D50-9C0E-AC84A0F94D55,2021-09-04,Nisqually River,District 11,Nisqually salmon 2021,308B0E12-DFE9-4E46-9E43-DC679F3079AA,25,Boat,Fort Lewis,Fort Lewis,9E5C07F8-2874-4E94-8E1E-5707D4B022D1,786,2,NA,NA,Complete,06:00:00,17:00:00,NA,Chinook,NA,NA,NA,NA,0,1,NA,NA,NA,NA,Site,Index,NA,2,1,1,1,1,1,9,2021,36
672ACCE5-32E7-4D50-9C0E-AC84A0F94D55,2021-09-04,Nisqually River,District 11,Nisqually salmon 2021,661050FF-F0DF-4F53-8EA5-2C3670C041D4,35,Bank,Fort Lewis,Fort Lewis,9E5C07F8-2874-4E94-8E1E-5707D4B022D1,786,3,NA,NA,Complete,06:00:00,12:00:00,NA,Chinook,NA,NA,NA,NA,1,0,NA,NA,NA,NA,Site,Index,NA,2,1,1,1,1,1,9,2021,36
672ACCE5-32E7-4D50-9C0E-AC84A0F94D55,2021-09-04,Nisqually River,District 11,Nisqually salmon 2021,2F763928-3F9D-4E8E-86EB-8964B1D01E5B,41,Boat,Fort Lewis,Fort Lewis,9E5C07F8-2874-4E94-8E1E-5707D4B022D1,786,3,NA,NA,Complete,06:30:00,15:00:00,NA,Chinook,NA,NA,NA,NA,0,1,NA,NA,NA,NA,Site,Index,NA,2,1,1,1,1,1,9,2021,36
672ACCE5-32E7-4D50-9C0E-AC84A0F94D55,2021-09-04,Nisqually River,District 11,Nisqually salmon 2021,CC18D91D-076D-4B83-AC76-B31D99688DFB,46,Bank,Fort Lewis,Fort Lewis,9E5C07F8-2874-4E94-8E1E-5707D4B022D1,786,3,NA,NA,Complete,05:50:00,15:20:00,NA,Chinook,NA,NA,NA,NA,2,0,NA,NA,NA,NA,Site,Index,NA,2,1,1,1,1,1,9,2021,36
672ACCE5-32E7-4D50-9C0E-AC84A0F94D55,2021-09-04,Nisqually River,District 11,Nisqually salmon 2021,1E6D668B-8086-49B7-9737-39D4D879AF7A,48,Bank,Fort Lewis,Fort Lewis,9E5C07F8-2874-4E94-8E1E-5707D4B022D1,786,1,NA,NA,Complete,05:30:00,13:45:00,NA,Chinook,NA,NA,NA,NA,1,0,NA,NA,NA,NA,Site,Index,NA,2,1,1,1,1,1,9,2021,36
672ACCE5-32E7-4D50-9C0E-AC84A0F94D55,2021-09-04,Nisqually River,District 11,Nisqually salmon 2021,6AAC2B01-414B-40C5-8F84-A1F0497AA96C,51,Bank,Fort Lewis,Fort Lewis,9E5C07F8-2874-4E94-8E1E-5707D4B022D1,786,1,NA,NA,Complete,06:00:00,14:30:00,NA,Chinook,NA,NA,NA,NA,1,0,NA,NA,NA,NA,Site,Index,NA,2,1,1,1,1,1,9,2021,36
672ACCE5-32E7-4D50-9C0E-AC84A0F94D55,2021-09-04,Nisqually River,District 11,Nisqually salmon 2021,AB27C824-5A70-496F-AB5C-1152B91C16EC,53,Bank,Fort Lewis,Fort Lewis,9E5C07F8-2874-4E94-8E1E-5707D4B022D1,786,3,NA,NA,Complete,06:00:00,14:00:00,NA,Chinook,NA,NA,NA,NA,1,0,NA,NA,NA,NA,Site,Index,NA,2,1,1,1,1,1,9,2021,36
7FC8FFBE-6DD5-4E44-B608-B401BCF57EA7,2021-09-04,Nisqually River,District 11,Nisqually salmon 2021,ACE05872-5BD5-4286-83A8-A15E8CCC9B97,7,Bank,Fort Lewis,Fort Lewis,9E5C07F8-2874-4E94-8E1E-5707D4B022D1,786,1,NA,NA,Complete,08:30:00,11:30:00,NA,Chinook,NA,NA,NA,NA,1,0,NA,NA,NA,NA,Site,Index,NA,2,1,1,1,1,1,9,2021,36
7FC8FFBE-6DD5-4E44-B608-B401BCF57EA7,2021-09-04,Nisqually River,District 11,Nisqually salmon 2021,AEA9FD37-84E9-449C-899B-85677D564229,14,Bank,Fort Lewis,Fort Lewis,9E5C07F8-2874-4E94-8E1E-5707D4B022D1,786,1,NA,NA,Complete,06:30:00,11:05:00,NA,Chinook,NA,NA,NA,NA,1,0,NA,NA,NA,NA,Site,Index,NA,2,1,1,1,1,1,9,2021,36
7FC8FFBE-6DD5-4E44-B608-B401BCF57EA7,2021-09-04,Nisqually River,District 11,Nisqually salmon 2021,118B4DDA-D4B4-422C-B8A0-15A2C1E351BC,15,Bank,Fort Lewis,Fort Lewis,9E5C07F8-2874-4E94-8E1E-5707D4B022D1,786,2,NA,NA,Complete,06:30:00,11:10:00,NA,Chinook,NA,NA,NA,NA,1,0,NA,NA,NA,NA,Site,Index,NA,2,1,1,1,1,1,9,2021,36
7FC8FFBE-6DD5-4E44-B608-B401BCF57EA7,2021-09-04,Nisqually River,District 11,Nisqually salmon 2021,D31EB815-326C-423A-8A4E-D4F7C34A4318,19,Bank,Fort Lewis,Fort Lewis,9E5C07F8-2874-4E94-8E1E-5707D4B022D1,786,2,NA,NA,Complete,06:30:00,11:00:00,NA,Chinook,NA,NA,NA,NA,1,0,NA,NA,NA,NA,Site,Index,NA,2,1,1,1,1,1,9,2021,36
7FC8FFBE-6DD5-4E44-B608-B401BCF57EA7,2021-09-04,Nisqually River,District 11,Nisqually salmon 2021,E4CD2B74-B81B-42DF-8DE6-A3816D2AC40E,20,Bank,Fort Lewis,Fort Lewis,9E5C07F8-2874-4E94-8E1E-5707D4B022D1,786,1,NA,NA,Complete,09:30:00,11:15:00,NA,Chinook,NA,NA,NA,NA,1,0,NA,NA,NA,NA,Site,Index,NA,2,1,1,1,1,1,9,2021,36
7FC8FFBE-6DD5-4E44-B608-B401BCF57EA7,2021-09-04,Nisqually River,District 11,Nisqually salmon 2021,A2AD314E-308D-4EC7-8170-176DAB70AA01,22,Bank,Fort Lewis,Fort Lewis,9E5C07F8-2874-4E94-8E1E-5707D4B022D1,786,2,NA,NA,Complete,05:35:00,11:20:00,NA,Chinook,NA,NA,NA,NA,1,0,NA,NA,NA,NA,Site,Index,NA,2,1,1,1,1,1,9,2021,36
7FC8FFBE-6DD5-4E44-B608-B401BCF57EA7,2021-09-04,Nisqually River,District 11,Nisqually salmon 2021,CF94EA95-FB69-4EFD-AE94-05B6FE0DD517,23,Bank,Fort Lewis,Fort Lewis,9E5C07F8-2874-4E94-8E1E-5707D4B022D1,786,1,NA,NA,Complete,06:00:00,10:55:00,NA,Chinook,NA,NA,NA,NA,1,0,NA,NA,NA,NA,Site,Index,NA,2,1,1,1,1,1,9,2021,36
7FC8FFBE-6DD5-4E44-B608-B401BCF57EA7,2021-09-04,Nisqually River,District 11,Nisqually salmon 2021,E447558E-9FBB-42E7-A614-0B38B3823C52,24,Bank,Fort Lewis,Fort Lewis,9E5C07F8-2874-4E94-8E1E-5707D4B022D1,786,1,NA,NA,Complete,05:35:00,16:10:00,NA,Chinook,NA,NA,NA,NA,1,0,NA,NA,NA,NA,Site,Index,NA,2,1,1,1,1,1,9,2021,36
7FC8FFBE-6DD5-4E44-B608-B401BCF57EA7,2021-09-04,Nisqually River,District 11,Nisqually salmon 2021,6C8DBF0E-1C65-4AA7-B104-559FC7B7B782,27,Bank,Fort Lewis,Fort Lewis,9E5C07F8-2874-4E94-8E1E-5707D4B022D1,786,1,NA,NA,Complete,11:00:00,14:55:00,NA,Chinook,NA,NA,NA,NA,1,0,NA,NA,NA,NA,Site,Index,NA,2,1,1,1,1,1,9,2021,36
7FC8FFBE-6DD5-4E44-B608-B401BCF57EA7,2021-09-04,Nisqually River,District 11,Nisqually salmon 2021,26A0B1CD-AC69-49A1-8449-BAF6452D8E1F,28,Bank,Fort Lewis,Fort Lewis,9E5C07F8-2874-4E94-8E1E-5707D4B022D1,786,1,NA,NA,Complete,10:00:00,14:50:00,NA,Chinook,NA,NA,NA,NA,1,0,NA,NA,NA,NA,Site,Index,NA,2,1,1,1,1,1,9,2021,36
7FC8FFBE-6DD5-4E44-B608-B401BCF57EA7,2021-09-04,Nisqually River,District 11,Nisqually salmon 2021,15CDB674-C70A-4F5B-8491-715CC5674AC1,36,Bank,Fort Lewis,Fort Lewis,9E5C07F8-2874-4E94-8E1E-5707D4B022D1,786,2,NA,NA,Complete,06:00:00,12:15:00,NA,Chinook,NA,NA,NA,NA,1,0,NA,NA,NA,NA,Site,Index,NA,2,1,1,1,1,1,9,2021,36
7FC8FFBE-6DD5-4E44-B608-B401BCF57EA7,2021-09-04,Nisqually River,District 11,Nisqually salmon 2021,718B4997-D6B1-476B-ACDB-30B8EBBAF671,39,Bank,Fort Lewis,Fort Lewis,9E5C07F8-2874-4E94-8E1E-5707D4B022D1,786,1,NA,NA,Complete,07:30:00,12:05:00,NA,Chinook,NA,NA,NA,NA,1,0,NA,NA,NA,NA,Site,Index,NA,2,1,1,1,1,1,9,2021,36
7FC8FFBE-6DD5-4E44-B608-B401BCF57EA7,2021-09-04,Nisqually River,District 11,Nisqually salmon 2021,8C8EE923-ACAC-418D-8310-5C2754DF1E44,40,Bank,Fort Lewis,Fort Lewis,9E5C07F8-2874-4E94-8E1E-5707D4B022D1,786,1,NA,NA,Complete,11:00:00,12:00:00,NA,Chinook,NA,NA,NA,NA,1,0,NA,NA,NA,NA,Site,Index,NA,2,1,1,1,1,1,9,2021,36
7FC8FFBE-6DD5-4E44-B608-B401BCF57EA7,2021-09-04,Nisqually River,District 11,Nisqually salmon 2021,BC1CCF00-92BA-46E4-BF60-014BF488EBDB,42,Bank,Fort Lewis,Fort Lewis,9E5C07F8-2874-4E94-8E1E-5707D4B022D1,786,1,NA,NA,Complete,05:35:00,08:30:00,NA,Chinook,NA,NA,NA,NA,1,0,NA,NA,NA,NA,Site,Index,NA,2,1,1,1,1,1,9,2021,36
7FC8FFBE-6DD5-4E44-B608-B401BCF57EA7,2021-09-04,Nisqually River,District 11,Nisqually salmon 2021,4A445C5E-CCB6-4A64-B70D-C0AB20CCE36A,45,Bank,Fort Lewis,Fort Lewis,9E5C07F8-2874-4E94-8E1E-5707D4B022D1,786,1,NA,NA,Complete,06:00:00,09:15:00,NA,Chinook,NA,NA,NA,NA,1,0,NA,NA,NA,NA,Site,Index,NA,2,1,1,1,1,1,9,2021,36
7FC8FFBE-6DD5-4E44-B608-B401BCF57EA7,2021-09-04,Nisqually River,District 11,Nisqually salmon 2021,43022555-64F7-4E8A-BF1B-13FA25222309,47,Bank,Fort Lewis,Fort Lewis,9E5C07F8-2874-4E94-8E1E-5707D4B022D1,786,1,NA,NA,Complete,05:30:00,09:15:00,NA,Chinook,NA,NA,NA,NA,1,0,NA,NA,NA,NA,Site,Index,NA,2,1,1,1,1,1,9,2021,36
7FC8FFBE-6DD5-4E44-B608-B401BCF57EA7,2021-09-04,Nisqually River,District 11,Nisqually salmon 2021,7D626036-1438-49C0-8CB5-44BAD4CA9C68,48,Bank,Fort Lewis,Fort Lewis,9E5C07F8-2874-4E94-8E1E-5707D4B022D1,786,2,NA,NA,Complete,07:30:00,09:10:00,NA,Chinook,NA,NA,NA,NA,1,0,NA,NA,NA,NA,Site,Index,NA,2,1,1,1,1,1,9,2021,36
7FC8FFBE-6DD5-4E44-B608-B401BCF57EA7,2021-09-04,Nisqually River,District 11,Nisqually salmon 2021,C1477B01-427B-4718-B1BD-AFD43CB38A4B,52,Bank,Fort Lewis,Fort Lewis,9E5C07F8-2874-4E94-8E1E-5707D4B022D1,786,1,NA,NA,Complete,06:00:00,08:45:00,NA,Chinook,NA,NA,NA,NA,1,0,NA,NA,NA,NA,Site,Index,NA,2,1,1,1,1,1,9,2021,36
7FC8FFBE-6DD5-4E44-B608-B401BCF57EA7,2021-09-04,Nisqually River,District 11,Nisqually salmon 2021,F8AEF001-9DA5-4AA9-8BDD-BADAE4FAF77B,53,Bank,Fort Lewis,Fort Lewis,9E5C07F8-2874-4E94-8E1E-5707D4B022D1,786,2,NA,NA,Complete,05:35:00,09:00:00,NA,Chinook,NA,NA,NA,NA,1,0,NA,NA,NA,NA,Site,Index,NA,2,1,1,1,1,1,9,2021,36
7FC8FFBE-6DD5-4E44-B608-B401BCF57EA7,2021-09-04,Nisqually River,District 11,Nisqually salmon 2021,737BB120-5D2D-45CF-A4C1-7248599D5E05,61,Bank,Fort Lewis,Fort Lewis,9E5C07F8-2874-4E94-8E1E-5707D4B022D1,786,1,NA,NA,Complete,07:00:00,11:25:00,NA,Chinook,NA,NA,NA,NA,1,0,NA,NA,NA,NA,Site,Index,NA,2,1,1,1,1,1,9,2021,36
7FC8FFBE-6DD5-4E44-B608-B401BCF57EA7,2021-09-04,Nisqually River,District 11,Nisqually salmon 2021,F2F9602D-50E1-45DD-AAAE-AADCFF2FBEAF,62,Bank,Fort Lewis,Fort Lewis,9E5C07F8-2874-4E94-8E1E-5707D4B022D1,786,1,NA,NA,Complete,05:35:00,08:55:00,NA,Chinook,NA,NA,NA,NA,1,0,NA,NA,NA,NA,Site,Index,NA,2,1,1,1,1,1,9,2021,36
7FC8FFBE-6DD5-4E44-B608-B401BCF57EA7,2021-09-04,Nisqually River,District 11,Nisqually salmon 2021,3F5C1AA2-EB8C-4005-A64A-8EBB85300651,65,Bank,Fort Lewis,Fort Lewis,9E5C07F8-2874-4E94-8E1E-5707D4B022D1,786,1,NA,NA,Complete,08:15:00,10:35:00,NA,Chinook,NA,NA,NA,NA,1,0,NA,NA,NA,NA,Site,Index,NA,2,1,1,1,1,1,9,2021,36
7FC8FFBE-6DD5-4E44-B608-B401BCF57EA7,2021-09-04,Nisqually River,District 11,Nisqually salmon 2021,39C2B251-C76F-4E1B-BCCF-073C8ADABABA,71,Bank,Fort Lewis,Fort Lewis,9E5C07F8-2874-4E94-8E1E-5707D4B022D1,786,2,NA,NA,Complete,06:00:00,07:30:00,NA,Chinook,NA,NA,NA,NA,1,0,NA,NA,NA,NA,Site,Index,NA,2,1,1,1,1,1,9,2021,36
7FC8FFBE-6DD5-4E44-B608-B401BCF57EA7,2021-09-04,Nisqually River,District 11,Nisqually salmon 2021,B9C71449-FF9F-4629-8A21-1970A6709DE0,72,Bank,Fort Lewis,Fort Lewis,9E5C07F8-2874-4E94-8E1E-5707D4B022D1,786,1,NA,NA,Complete,05:35:00,10:25:00,NA,Chinook,NA,NA,NA,NA,1,0,NA,NA,NA,NA,Site,Index,NA,2,1,1,1,1,1,9,2021,36
7FC8FFBE-6DD5-4E44-B608-B401BCF57EA7,2021-09-04,Nisqually River,District 11,Nisqually salmon 2021,B4D51A40-B93E-4423-AB99-0D213549E3D8,75,Bank,Fort Lewis,Fort Lewis,9E5C07F8-2874-4E94-8E1E-5707D4B022D1,786,1,NA,NA,Complete,06:00:00,09:30:00,NA,Chinook,NA,NA,NA,NA,1,0,NA,NA,NA,NA,Site,Index,NA,2,1,1,1,1,1,9,2021,36
7FC8FFBE-6DD5-4E44-B608-B401BCF57EA7,2021-09-04,Nisqually River,District 11,Nisqually salmon 2021,85180E93-066C-41C8-95DF-EFC0E25D1179,76,Bank,Fort Lewis,Fort Lewis,9E5C07F8-2874-4E94-8E1E-5707D4B022D1,786,1,NA,NA,Complete,05:35:00,09:35:00,NA,Chinook,NA,NA,NA,NA,1,0,NA,NA,NA,NA,Site,Index,NA,2,1,1,1,1,1,9,2021,36
7FC8FFBE-6DD5-4E44-B608-B401BCF57EA7,2021-09-04,Nisqually River,District 11,Nisqually salmon 2021,69382205-A0A2-4161-ADBC-1BDECF18C7F2,79,Bank,Fort Lewis,Fort Lewis,9E5C07F8-2874-4E94-8E1E-5707D4B022D1,786,2,NA,NA,Complete,07:30:00,10:05:00,NA,Chinook,NA,NA,NA,NA,1,0,NA,NA,NA,NA,Site,Index,NA,2,1,1,1,1,1,9,2021,36
672ACCE5-32E7-4D50-9C0E-AC84A0F94D55,2021-09-04,Nisqually River,District 11,Nisqually salmon 2021,26252A5B-677A-4C75-ABA6-1EF5D59F944B,2,Boat,Fort Lewis,Fort Lewis,9E5C07F8-2874-4E94-8E1E-5707D4B022D1,786,2,NA,NA,Complete,06:00:00,14:15:00,NA,Chinook,NA,NA,NA,NA,1,1,NA,NA,NA,NA,Site,Index,NA,2,1,1,1,1,1,9,2021,36
672ACCE5-32E7-4D50-9C0E-AC84A0F94D55,2021-09-04,Nisqually River,District 11,Nisqually salmon 2021,88239D67-3568-4BAD-A7D1-A3E7EEF8C39B,4,Bank,Fort Lewis,Fort Lewis,9E5C07F8-2874-4E94-8E1E-5707D4B022D1,786,1,NA,NA,Complete,14:30:00,16:30:00,NA,Chinook,NA,NA,NA,NA,1,0,NA,NA,NA,NA,Site,Index,NA,2,1,1,1,1,1,9,2021,36
672ACCE5-32E7-4D50-9C0E-AC84A0F94D55,2021-09-04,Nisqually River,District 11,Nisqually salmon 2021,8F408062-E8E0-48AD-BA9D-D7A2AC2F44BE,6,Bank,Fort Lewis,Fort Lewis,9E5C07F8-2874-4E94-8E1E-5707D4B022D1,786,1,NA,NA,Complete,11:00:00,17:00:00,NA,Chinook,NA,NA,NA,NA,1,0,NA,NA,NA,NA,Site,Index,NA,2,1,1,1,1,1,9,2021,36
672ACCE5-32E7-4D50-9C0E-AC84A0F94D55,2021-09-04,Nisqually River,District 11,Nisqually salmon 2021,B5072B3A-4CAA-408F-9831-D38FE79DA22C,7,Bank,Fort Lewis,Fort Lewis,9E5C07F8-2874-4E94-8E1E-5707D4B022D1,786,1,NA,NA,Complete,14:00:00,17:00:00,NA,Chinook,NA,NA,NA,NA,1,0,NA,NA,NA,NA,Site,Index,NA,2,1,1,1,1,1,9,2021,36
672ACCE5-32E7-4D50-9C0E-AC84A0F94D55,2021-09-04,Nisqually River,District 11,Nisqually salmon 2021,E4FDE128-80E8-4B0C-8E20-8CAC81F0200D,14,Bank,Fort Lewis,Fort Lewis,9E5C07F8-2874-4E94-8E1E-5707D4B022D1,786,2,NA,NA,Complete,15:15:00,16:15:00,NA,Chinook,NA,NA,NA,NA,1,0,NA,NA,NA,NA,Site,Index,NA,2,1,1,1,1,1,9,2021,36
672ACCE5-32E7-4D50-9C0E-AC84A0F94D55,2021-09-04,Nisqually River,District 11,Nisqually salmon 2021,9B4157DB-9FF2-4C38-9C8E-9FB6C3B524F7,17,Bank,Fort Lewis,Fort Lewis,9E5C07F8-2874-4E94-8E1E-5707D4B022D1,786,2,NA,NA,Complete,10:30:00,18:15:00,NA,Chinook,NA,NA,NA,NA,1,0,NA,NA,NA,NA,Site,Index,NA,2,1,1,1,1,1,9,2021,36
DDB296B0-53C1-4BB8-97B4-EFB67FF8A3A3,2021-09-07,Nisqually River,District 11,Nisqually salmon 2021,E9D0C2B0-2324-462B-9612-FF32CBE505EA,13,Bank,Fort Lewis,Fort Lewis,9E5C07F8-2874-4E94-8E1E-5707D4B022D1,786,2,NA,NA,Complete,10:00:00,13:30:00,NA,Chinook,NA,NA,NA,NA,1,0,NA,NA,NA,NA,Site,Index,NA,2,1,1,1,1,1,9,2021,36
DDB296B0-53C1-4BB8-97B4-EFB67FF8A3A3,2021-09-07,Nisqually River,District 11,Nisqually salmon 2021,7F943E72-7385-43B4-9B07-D2E26679EA9B,20,Bank,Fort Lewis,Fort Lewis,9E5C07F8-2874-4E94-8E1E-5707D4B022D1,786,1,NA,NA,Complete,10:00:00,14:15:00,NA,Chinook,NA,NA,NA,NA,1,0,NA,NA,NA,NA,Site,Index,NA,2,1,1,1,1,1,9,2021,36
DDB296B0-53C1-4BB8-97B4-EFB67FF8A3A3,2021-09-07,Nisqually River,District 11,Nisqually salmon 2021,88DDD7B4-F4A2-40CB-B489-36D726BED439,22,Bank,Fort Lewis,Fort Lewis,9E5C07F8-2874-4E94-8E1E-5707D4B022D1,786,1,NA,NA,Complete,08:30:00,13:05:00,NA,Chinook,NA,NA,NA,NA,1,0,NA,NA,NA,NA,Site,Index,NA,2,1,1,1,1,1,9,2021,36
DDB296B0-53C1-4BB8-97B4-EFB67FF8A3A3,2021-09-07,Nisqually River,District 11,Nisqually salmon 2021,5F73BC83-16F0-44F9-8805-9C1F79464CC3,48,Bank,Fort Lewis,Fort Lewis,9E5C07F8-2874-4E94-8E1E-5707D4B022D1,786,1,NA,NA,Complete,06:30:00,09:55:00,NA,Chinook,NA,NA,NA,NA,1,0,NA,NA,NA,NA,Site,Index,NA,2,1,1,1,1,1,9,2021,36
DDB296B0-53C1-4BB8-97B4-EFB67FF8A3A3,2021-09-07,Nisqually River,District 11,Nisqually salmon 2021,2E72BDF8-D8ED-4A22-A2F6-316C1C9EAC32,24,Bank,Fort Lewis,Fort Lewis,9E5C07F8-2874-4E94-8E1E-5707D4B022D1,786,1,NA,NA,Complete,07:30:00,09:20:00,NA,Chinook,NA,NA,NA,NA,1,0,NA,NA,NA,NA,Site,Index,NA,2,1,1,1,1,1,9,2021,36
DDB296B0-53C1-4BB8-97B4-EFB67FF8A3A3,2021-09-07,Nisqually River,District 11,Nisqually salmon 2021,3D6213FE-9100-4FB8-9F43-BAC528275881,38,Bank,Fort Lewis,Fort Lewis,9E5C07F8-2874-4E94-8E1E-5707D4B022D1,786,1,NA,NA,Complete,05:35:00,09:15:00,NA,Chinook,NA,NA,NA,NA,1,0,NA,NA,NA,NA,Site,Index,NA,2,1,1,1,1,1,9,2021,36
8025C08A-3CE3-4A7C-B2AB-842303BCA7F6,2021-09-07,Nisqually River,District 11,Nisqually salmon 2021,C9B0167E-782E-41FF-9CD1-3FA13AB82781,2,Bank,Fort Lewis,Fort Lewis,9E5C07F8-2874-4E94-8E1E-5707D4B022D1,786,2,NA,NA,Complete,09:30:00,16:00:00,NA,Chinook,NA,NA,NA,NA,1,0,NA,NA,NA,NA,Site,Index,NA,2,1,1,1,1,1,9,2021,36
8025C08A-3CE3-4A7C-B2AB-842303BCA7F6,2021-09-07,Nisqually River,District 11,Nisqually salmon 2021,1B6DB920-C92D-4B41-AC53-8C294D60FFC6,7,Bank,Fort Lewis,Fort Lewis,9E5C07F8-2874-4E94-8E1E-5707D4B022D1,786,1,NA,NA,Complete,13:00:00,16:25:00,NA,Chinook,NA,NA,NA,NA,1,0,NA,NA,NA,NA,Site,Index,NA,2,1,1,1,1,1,9,2021,36
8025C08A-3CE3-4A7C-B2AB-842303BCA7F6,2021-09-07,Nisqually River,District 11,Nisqually salmon 2021,6D1D5808-57BA-42F0-9A13-64A8F5A0FE78,8,Bank,Fort Lewis,Fort Lewis,9E5C07F8-2874-4E94-8E1E-5707D4B022D1,786,1,NA,NA,Complete,06:15:00,15:45:00,NA,Chinook,NA,NA,NA,NA,1,0,NA,NA,NA,NA,Site,Index,NA,2,1,1,1,1,1,9,2021,36
8025C08A-3CE3-4A7C-B2AB-842303BCA7F6,2021-09-07,Nisqually River,District 11,Nisqually salmon 2021,1AE8CC05-BD5C-4A20-BA6E-F50637CB5FD7,12,Bank,Fort Lewis,Fort Lewis,9E5C07F8-2874-4E94-8E1E-5707D4B022D1,786,1,NA,NA,Complete,12:00:00,18:35:00,NA,Chinook,NA,NA,NA,NA,1,0,NA,NA,NA,NA,Site,Index,NA,2,1,1,1,1,1,9,2021,36
8025C08A-3CE3-4A7C-B2AB-842303BCA7F6,2021-09-07,Nisqually River,District 11,Nisqually salmon 2021,1D3877F3-D973-45CE-8F3F-7BBD6A1B8E34,13,Bank,Fort Lewis,Fort Lewis,9E5C07F8-2874-4E94-8E1E-5707D4B022D1,786,1,NA,NA,Complete,12:00:00,18:46:00,NA,Chinook,NA,NA,NA,NA,1,0,NA,NA,NA,NA,Site,Index,NA,2,1,1,1,1,1,9,2021,36
8025C08A-3CE3-4A7C-B2AB-842303BCA7F6,2021-09-07,Nisqually River,District 11,Nisqually salmon 2021,FAD249BA-7D6C-4683-93E2-A5CFBD4F086B,16,Bank,Fort Lewis,Fort Lewis,9E5C07F8-2874-4E94-8E1E-5707D4B022D1,786,1,NA,NA,Complete,14:00:00,19:00:00,NA,Chinook,NA,NA,NA,NA,1,0,NA,NA,NA,NA,Site,Index,NA,2,1,1,1,1,1,9,2021,36
DDB296B0-53C1-4BB8-97B4-EFB67FF8A3A3,2021-09-07,Nisqually River,District 11,Nisqually salmon 2021,CDA34F70-DA8F-45E2-BB94-265DB10FE187,43,Bank,Fort Lewis,Fort Lewis,9E5C07F8-2874-4E94-8E1E-5707D4B022D1,786,2,NA,NA,Complete,07:00:00,10:45:00,NA,Chinook,NA,NA,NA,NA,1,0,NA,NA,NA,NA,Site,Index,NA,2,1,1,1,1,1,9,2021,36
8025C08A-3CE3-4A7C-B2AB-842303BCA7F6,2021-09-07,Nisqually River,District 11,Nisqually salmon 2021,E15B6D8B-0BED-4C85-963F-B006BB970DA1,25,Bank,Fort Lewis,Fort Lewis,9E5C07F8-2874-4E94-8E1E-5707D4B022D1,786,2,NA,NA,Complete,05:30:00,15:20:00,NA,Chinook,NA,NA,NA,NA,1,0,NA,NA,NA,NA,Site,Index,NA,2,1,1,1,1,1,9,2021,36
DDB296B0-53C1-4BB8-97B4-EFB67FF8A3A3,2021-09-07,Nisqually River,District 11,Nisqually salmon 2021,8BEE5494-CF28-4538-9C6D-D01F137988CB,2,Bank,Fort Lewis,Fort Lewis,9E5C07F8-2874-4E94-8E1E-5707D4B022D1,786,1,NA,NA,Complete,05:40:00,11:50:00,NA,Chinook,NA,NA,NA,NA,1,0,NA,NA,NA,NA,Site,Index,NA,2,1,1,1,1,1,9,2021,36
20205C1C-4E05-41FB-BFC3-66F27C644AE6,2021-09-08,Nisqually River,District 11,Nisqually salmon 2021,2332D4C5-C5A6-4B6C-A523-85AB6B6BCE92,13,Bank,Fort Lewis,Fort Lewis,9E5C07F8-2874-4E94-8E1E-5707D4B022D1,786,1,NA,NA,Complete,06:30:00,11:15:00,NA,Chinook,NA,NA,NA,NA,1,0,NA,NA,NA,NA,Site,Index,NA,2,1,1,1,1,1,9,2021,36
20205C1C-4E05-41FB-BFC3-66F27C644AE6,2021-09-08,Nisqually River,District 11,Nisqually salmon 2021,85AA1D8D-1E6D-45E1-B55C-63847B796D06,14,Bank,Fort Lewis,Fort Lewis,9E5C07F8-2874-4E94-8E1E-5707D4B022D1,786,1,NA,NA,Complete,08:00:00,11:10:00,NA,Chinook,NA,NA,NA,NA,1,0,NA,NA,NA,NA,Site,Index,NA,2,1,1,1,1,1,9,2021,36
20205C1C-4E05-41FB-BFC3-66F27C644AE6,2021-09-08,Nisqually River,District 11,Nisqually salmon 2021,9036D74E-EAAE-4799-B167-01506154A953,17,Bank,Fort Lewis,Fort Lewis,9E5C07F8-2874-4E94-8E1E-5707D4B022D1,786,1,NA,NA,Complete,05:50:00,08:35:00,NA,Chinook,NA,NA,NA,NA,1,0,NA,NA,NA,NA,Site,Index,NA,2,1,1,1,1,1,9,2021,36
20205C1C-4E05-41FB-BFC3-66F27C644AE6,2021-09-08,Nisqually River,District 11,Nisqually salmon 2021,BD1D2976-B863-4FD9-B164-0EDBB93927EF,20,Bank,Fort Lewis,Fort Lewis,9E5C07F8-2874-4E94-8E1E-5707D4B022D1,786,1,NA,NA,Complete,08:20:00,11:20:00,NA,Chinook,NA,NA,NA,NA,1,0,NA,NA,NA,NA,Site,Index,NA,2,1,1,1,1,1,9,2021,36
20205C1C-4E05-41FB-BFC3-66F27C644AE6,2021-09-08,Nisqually River,District 11,Nisqually salmon 2021,DEBC3676-AACA-4A33-A042-8E2E1D03CEE8,35,Bank,Fort Lewis,Fort Lewis,9E5C07F8-2874-4E94-8E1E-5707D4B022D1,786,1,NA,NA,Complete,06:30:00,13:00:00,NA,Chinook,NA,NA,NA,NA,1,0,NA,NA,NA,NA,Site,Index,NA,2,1,1,1,1,1,9,2021,36
20205C1C-4E05-41FB-BFC3-66F27C644AE6,2021-09-08,Nisqually River,District 11,Nisqually salmon 2021,4EBBF3EF-5CF5-4EE2-8198-F3CDF90D890E,38,Bank,Fort Lewis,Fort Lewis,9E5C07F8-2874-4E94-8E1E-5707D4B022D1,786,1,NA,NA,Complete,08:00:00,13:20:00,NA,Chinook,NA,NA,NA,NA,1,0,NA,NA,NA,NA,Site,Index,NA,2,1,1,1,1,1,9,2021,36
20205C1C-4E05-41FB-BFC3-66F27C644AE6,2021-09-08,Nisqually River,District 11,Nisqually salmon 2021,5B72720C-C45F-4CB4-8159-220A13DF58F2,43,Bank,Fort Lewis,Fort Lewis,9E5C07F8-2874-4E94-8E1E-5707D4B022D1,786,2,NA,NA,Complete,09:00:00,13:55:00,NA,Chinook,NA,NA,NA,NA,2,0,NA,NA,NA,NA,Site,Index,NA,2,1,1,1,1,1,9,2021,36
20205C1C-4E05-41FB-BFC3-66F27C644AE6,2021-09-08,Nisqually River,District 11,Nisqually salmon 2021,DCA07A39-8D62-4BA9-A815-9925B21C8E79,44,Bank,Fort Lewis,Fort Lewis,9E5C07F8-2874-4E94-8E1E-5707D4B022D1,786,1,NA,NA,Complete,12:30:00,14:00:00,NA,Chinook,NA,NA,NA,NA,1,0,NA,NA,NA,NA,Site,Index,NA,2,1,1,1,1,1,9,2021,36
20205C1C-4E05-41FB-BFC3-66F27C644AE6,2021-09-08,Nisqually River,District 11,Nisqually salmon 2021,23EC0A50-2D58-42E5-B05B-BA6D51C814DB,45,Bank,Fort Lewis,Fort Lewis,9E5C07F8-2874-4E94-8E1E-5707D4B022D1,786,1,NA,NA,Complete,06:00:00,14:10:00,NA,Chinook,NA,NA,NA,NA,1,0,NA,NA,NA,NA,Site,Index,NA,2,1,1,1,1,1,9,2021,36
20205C1C-4E05-41FB-BFC3-66F27C644AE6,2021-09-08,Nisqually River,District 11,Nisqually salmon 2021,C72FB4B7-08A4-4422-8981-600007E60B87,50,Bank,Fort Lewis,Fort Lewis,9E5C07F8-2874-4E94-8E1E-5707D4B022D1,786,1,NA,NA,Complete,06:00:00,11:40:00,NA,Chinook,NA,NA,NA,NA,1,0,NA,NA,NA,NA,Site,Index,NA,2,1,1,1,1,1,9,2021,36
20205C1C-4E05-41FB-BFC3-66F27C644AE6,2021-09-08,Nisqually River,District 11,Nisqually salmon 2021,9A3FAE6E-F9C1-4DC9-8283-9A656F56F63F,52,Bank,Fort Lewis,Fort Lewis,9E5C07F8-2874-4E94-8E1E-5707D4B022D1,786,1,NA,NA,Complete,07:30:00,11:55:00,NA,Chinook,NA,NA,NA,NA,1,0,NA,NA,NA,NA,Site,Index,NA,2,1,1,1,1,1,9,2021,36
E3463D52-498F-4925-B2DA-36BB78438189,2021-09-08,Nisqually River,District 11,Nisqually salmon 2021,BA608264-05D4-461E-AE73-A458BD27A829,45,Bank,Fort Lewis,Fort Lewis,9E5C07F8-2874-4E94-8E1E-5707D4B022D1,786,1,NA,NA,Complete,15:40:00,16:10:00,NA,Chinook,NA,NA,NA,NA,1,0,NA,NA,NA,NA,Site,Index,NA,2,1,1,1,1,1,9,2021,36
E3463D52-498F-4925-B2DA-36BB78438189,2021-09-08,Nisqually River,District 11,Nisqually salmon 2021,D1F3389E-7A3D-447F-9EA4-5AC7BEDE1723,39,Bank,Fort Lewis,Fort Lewis,9E5C07F8-2874-4E94-8E1E-5707D4B022D1,786,2,NA,NA,Complete,10:00:00,16:00:00,NA,Chinook,NA,NA,NA,NA,1,0,NA,NA,NA,NA,Site,Index,NA,2,1,1,1,1,1,9,2021,36
20205C1C-4E05-41FB-BFC3-66F27C644AE6,2021-09-08,Nisqually River,District 11,Nisqually salmon 2021,91A36CCA-D01A-432E-91A6-2341A660F953,59,Bank,Fort Lewis,Fort Lewis,9E5C07F8-2874-4E94-8E1E-5707D4B022D1,786,1,NA,NA,Complete,07:00:00,10:35:00,NA,Chinook,NA,NA,NA,NA,1,0,NA,NA,NA,NA,Site,Index,NA,2,1,1,1,1,1,9,2021,36
20205C1C-4E05-41FB-BFC3-66F27C644AE6,2021-09-08,Nisqually River,District 11,Nisqually salmon 2021,8A5A3C9B-6079-401B-A231-F286392F9E5C,60,Bank,Fort Lewis,Fort Lewis,9E5C07F8-2874-4E94-8E1E-5707D4B022D1,786,1,NA,NA,Complete,09:15:00,12:30:00,NA,Chinook,NA,NA,NA,NA,1,0,NA,NA,NA,NA,Site,Index,NA,2,1,1,1,1,1,9,2021,36
20205C1C-4E05-41FB-BFC3-66F27C644AE6,2021-09-08,Nisqually River,District 11,Nisqually salmon 2021,4D467176-3C91-41EF-8B20-71E36277BEE4,63,Bank,Fort Lewis,Fort Lewis,9E5C07F8-2874-4E94-8E1E-5707D4B022D1,786,2,NA,NA,Complete,06:00:00,12:05:00,NA,Chinook,NA,NA,NA,NA,1,0,NA,NA,NA,NA,Site,Index,NA,2,1,1,1,1,1,9,2021,36
20205C1C-4E05-41FB-BFC3-66F27C644AE6,2021-09-08,Nisqually River,District 11,Nisqually salmon 2021,AE5FEBF8-DE1A-4A25-B9B0-B4C6AED7CEF7,64,Bank,Fort Lewis,Fort Lewis,9E5C07F8-2874-4E94-8E1E-5707D4B022D1,786,1,NA,NA,Complete,05:40:00,07:55:00,NA,Chinook,NA,NA,NA,NA,1,0,NA,NA,NA,NA,Site,Index,NA,2,1,1,1,1,1,9,2021,36
E3463D52-498F-4925-B2DA-36BB78438189,2021-09-08,Nisqually River,District 11,Nisqually salmon 2021,473B5347-3EE5-4AE6-850C-1E34DD3BB331,28,Bank,Fort Lewis,Fort Lewis,9E5C07F8-2874-4E94-8E1E-5707D4B022D1,786,2,NA,NA,Complete,15:30:00,19:15:00,NA,Chinook,NA,NA,NA,NA,1,0,NA,NA,NA,NA,Site,Index,NA,2,1,1,1,1,1,9,2021,36
E3463D52-498F-4925-B2DA-36BB78438189,2021-09-08,Nisqually River,District 11,Nisqually salmon 2021,BBD26056-66C2-4429-A8AF-B591DA610805,34,Bank,Fort Lewis,Fort Lewis,9E5C07F8-2874-4E94-8E1E-5707D4B022D1,786,1,NA,NA,Complete,15:30:00,17:30:00,NA,Chinook,NA,NA,NA,NA,1,0,NA,NA,NA,NA,Site,Index,NA,2,1,1,1,1,1,9,2021,36
20205C1C-4E05-41FB-BFC3-66F27C644AE6,2021-09-08,Nisqually River,District 11,Nisqually salmon 2021,57B5A4F7-1E8D-4E30-992E-E9786E1C93EE,1,Bank,Fort Lewis,Fort Lewis,9E5C07F8-2874-4E94-8E1E-5707D4B022D1,786,1,NA,NA,Complete,06:10:00,10:20:00,NA,Chinook,NA,NA,NA,NA,1,0,NA,NA,NA,NA,Site,Index,NA,2,1,1,1,1,1,9,2021,36
20205C1C-4E05-41FB-BFC3-66F27C644AE6,2021-09-08,Nisqually River,District 11,Nisqually salmon 2021,02F98980-6617-4077-B2A5-2FAF280905EF,4,Bank,Fort Lewis,Fort Lewis,9E5C07F8-2874-4E94-8E1E-5707D4B022D1,786,1,NA,NA,Complete,06:00:00,10:30:00,NA,Chinook,NA,NA,NA,NA,1,0,NA,NA,NA,NA,Site,Index,NA,2,1,1,1,1,1,9,2021,36
20205C1C-4E05-41FB-BFC3-66F27C644AE6,2021-09-08,Nisqually River,District 11,Nisqually salmon 2021,4BAD813E-11EC-4C7E-9F50-072A61666330,6,Bank,Fort Lewis,Fort Lewis,9E5C07F8-2874-4E94-8E1E-5707D4B022D1,786,1,NA,NA,Complete,05:40:00,10:20:00,NA,Chinook,NA,NA,NA,NA,1,0,NA,NA,NA,NA,Site,Index,NA,2,1,1,1,1,1,9,2021,36
20205C1C-4E05-41FB-BFC3-66F27C644AE6,2021-09-08,Nisqually River,District 11,Nisqually salmon 2021,C295B6F5-C687-4E02-ABE5-2A6D81241C12,9,Bank,Fort Lewis,Fort Lewis,9E5C07F8-2874-4E94-8E1E-5707D4B022D1,786,1,NA,NA,Complete,06:30:00,11:05:00,NA,Chinook,NA,NA,NA,NA,1,0,NA,NA,NA,NA,Site,Index,NA,2,1,1,1,1,1,9,2021,36
20205C1C-4E05-41FB-BFC3-66F27C644AE6,2021-09-08,Nisqually River,District 11,Nisqually salmon 2021,23D241DF-5AE0-4519-8364-31A7FA73407E,10,Bank,Fort Lewis,Fort Lewis,9E5C07F8-2874-4E94-8E1E-5707D4B022D1,786,2,NA,NA,Complete,06:00:00,11:10:00,NA,Chinook,NA,NA,NA,NA,1,0,NA,NA,NA,NA,Site,Index,NA,2,1,1,1,1,1,9,2021,36
F2F1C904-290D-4335-A413-4BFC0030679D,2021-09-11,Nisqually River,District 11,Nisqually salmon 2021,D2CDC6FC-3287-4724-B4E1-A02606C39284,37,Bank,Fort Lewis,Fort Lewis,9E5C07F8-2874-4E94-8E1E-5707D4B022D1,786,1,NA,NA,Complete,07:00:00,08:55:00,NA,Chinook,NA,NA,NA,NA,1,0,NA,NA,NA,NA,Site,Index,NA,2,1,1,1,1,1,9,2021,37
F2F1C904-290D-4335-A413-4BFC0030679D,2021-09-11,Nisqually River,District 11,Nisqually salmon 2021,19218E9D-FC40-4634-9AEE-C3E0076EA41A,30,Bank,Fort Lewis,Fort Lewis,9E5C07F8-2874-4E94-8E1E-5707D4B022D1,786,1,NA,NA,Complete,05:45:00,08:15:00,NA,Chinook,NA,NA,NA,NA,1,0,NA,NA,NA,NA,Site,Index,NA,2,1,1,1,1,1,9,2021,37
F2F1C904-290D-4335-A413-4BFC0030679D,2021-09-11,Nisqually River,District 11,Nisqually salmon 2021,67F009BF-2ABD-4805-8B67-49EC6E1829AF,28,Bank,Fort Lewis,Fort Lewis,9E5C07F8-2874-4E94-8E1E-5707D4B022D1,786,1,NA,NA,Complete,05:50:00,08:00:00,NA,Chinook,NA,NA,NA,NA,1,0,NA,NA,NA,NA,Site,Index,NA,2,1,1,1,1,1,9,2021,37
F2F1C904-290D-4335-A413-4BFC0030679D,2021-09-11,Nisqually River,District 11,Nisqually salmon 2021,A3585268-9109-47F8-B684-71DB79DC78BE,26,Bank,Fort Lewis,Fort Lewis,9E5C07F8-2874-4E94-8E1E-5707D4B022D1,786,2,NA,NA,Complete,05:45:00,13:30:00,NA,Chinook,NA,NA,NA,NA,1,0,NA,NA,NA,NA,Site,Index,NA,2,1,1,1,1,1,9,2021,37
F2F1C904-290D-4335-A413-4BFC0030679D,2021-09-11,Nisqually River,District 11,Nisqually salmon 2021,F3939EA8-AE52-41BE-910E-EA93A6C3C476,25,Bank,Fort Lewis,Fort Lewis,9E5C07F8-2874-4E94-8E1E-5707D4B022D1,786,1,NA,NA,Complete,06:00:00,08:10:00,NA,Chinook,NA,NA,NA,NA,1,0,NA,NA,NA,NA,Site,Index,NA,2,1,1,1,1,1,9,2021,37
F2F1C904-290D-4335-A413-4BFC0030679D,2021-09-11,Nisqually River,District 11,Nisqually salmon 2021,AAEE8551-6DE3-49E0-89B5-DDA8AA8E6267,20,Bank,Fort Lewis,Fort Lewis,9E5C07F8-2874-4E94-8E1E-5707D4B022D1,786,2,NA,NA,Complete,08:15:00,14:10:00,NA,Chinook,NA,NA,NA,NA,1,0,NA,NA,NA,NA,Site,Index,NA,2,1,1,1,1,1,9,2021,37
F2F1C904-290D-4335-A413-4BFC0030679D,2021-09-11,Nisqually River,District 11,Nisqually salmon 2021,FFA65400-3A26-404B-B033-EA764AEAD3DE,15,Bank,Fort Lewis,Fort Lewis,9E5C07F8-2874-4E94-8E1E-5707D4B022D1,786,1,NA,NA,Complete,11:30:00,13:15:00,NA,Chinook,NA,NA,NA,NA,1,0,NA,NA,NA,NA,Site,Index,NA,2,1,1,1,1,1,9,2021,37
F2F1C904-290D-4335-A413-4BFC0030679D,2021-09-11,Nisqually River,District 11,Nisqually salmon 2021,7B0373C4-8EF1-4C62-AC5D-588F0A876D37,14,Bank,Fort Lewis,Fort Lewis,9E5C07F8-2874-4E94-8E1E-5707D4B022D1,786,2,NA,NA,Complete,06:30:00,13:05:00,NA,Chinook,NA,NA,NA,NA,1,0,NA,NA,NA,NA,Site,Index,NA,2,1,1,1,1,1,9,2021,37
F2F1C904-290D-4335-A413-4BFC0030679D,2021-09-11,Nisqually River,District 11,Nisqually salmon 2021,0C7592F2-B25E-4A99-8838-EF5EFC4A1682,13,Bank,Fort Lewis,Fort Lewis,9E5C07F8-2874-4E94-8E1E-5707D4B022D1,786,1,NA,NA,Complete,06:00:00,13:00:00,NA,Chinook,NA,NA,NA,NA,1,0,NA,NA,NA,NA,Site,Index,NA,2,1,1,1,1,1,9,2021,37
F2F1C904-290D-4335-A413-4BFC0030679D,2021-09-11,Nisqually River,District 11,Nisqually salmon 2021,D1598A7B-1F3A-4834-A629-0FE48D18C705,8,Bank,Fort Lewis,Fort Lewis,9E5C07F8-2874-4E94-8E1E-5707D4B022D1,786,1,NA,NA,Complete,06:00:00,12:10:00,NA,Chinook,NA,NA,NA,NA,1,0,NA,NA,NA,NA,Site,Index,NA,2,1,1,1,1,1,9,2021,37
F2F1C904-290D-4335-A413-4BFC0030679D,2021-09-11,Nisqually River,District 11,Nisqually salmon 2021,14FD69BF-C778-4382-B445-AD4DBD3DCFA0,6,Bank,Fort Lewis,Fort Lewis,9E5C07F8-2874-4E94-8E1E-5707D4B022D1,786,1,NA,NA,Complete,06:15:00,12:25:00,NA,Chinook,NA,NA,NA,NA,1,0,NA,NA,NA,NA,Site,Index,NA,2,1,1,1,1,1,9,2021,37
C5342288-5284-4326-BFAE-3E6B8EA0F79E,2021-09-11,Nisqually River,District 11,Nisqually salmon 2021,FF47D18F-A4F1-4F3F-949F-163A56EDED6B,13,Bank,Fort Lewis,Fort Lewis,9E5C07F8-2874-4E94-8E1E-5707D4B022D1,786,1,NA,NA,Complete,09:00:00,12:05:00,NA,NA,NA,NA,NA,NA,1,0,NA,NA,NA,NA,Site,Index,NA,2,1,1,1,1,1,9,2021,37
C5342288-5284-4326-BFAE-3E6B8EA0F79E,2021-09-11,Nisqually River,District 11,Nisqually salmon 2021,3D3E2A04-84A5-496A-BF70-D3250F87B4ED,10,Bank,Fort Lewis,Fort Lewis,9E5C07F8-2874-4E94-8E1E-5707D4B022D1,786,2,NA,NA,Complete,08:00:00,13:58:00,NA,NA,NA,NA,NA,NA,1,0,NA,NA,NA,NA,Site,Index,NA,2,1,1,1,1,1,9,2021,37
C5342288-5284-4326-BFAE-3E6B8EA0F79E,2021-09-11,Nisqually River,District 11,Nisqually salmon 2021,CF94D0C5-5827-422B-8F83-6D26811A8137,6,Bank,Fort Lewis,Fort Lewis,9E5C07F8-2874-4E94-8E1E-5707D4B022D1,786,1,NA,NA,Complete,06:30:00,13:00:00,NA,NA,NA,NA,NA,NA,1,0,NA,NA,NA,NA,Site,Index,NA,2,1,1,1,1,1,9,2021,37
C5342288-5284-4326-BFAE-3E6B8EA0F79E,2021-09-11,Nisqually River,District 11,Nisqually salmon 2021,270A0C74-EBFA-4343-98C4-8EB3B3CF9A5A,3,Bank,Fort Lewis,Fort Lewis,9E5C07F8-2874-4E94-8E1E-5707D4B022D1,786,1,NA,NA,Complete,11:00:00,12:34:00,NA,NA,NA,NA,NA,NA,1,0,NA,NA,NA,NA,Site,Index,NA,2,1,1,1,1,1,9,2021,37
C5342288-5284-4326-BFAE-3E6B8EA0F79E,2021-09-11,Nisqually River,District 11,Nisqually salmon 2021,C14CBD78-2D61-4A1A-8858-E272D844003A,1,Bank,Fort Lewis,Fort Lewis,9E5C07F8-2874-4E94-8E1E-5707D4B022D1,786,2,NA,NA,Complete,09:30:00,13:10:00,NA,NA,NA,NA,NA,NA,1,0,NA,NA,NA,NA,Site,Index,NA,2,1,1,1,1,1,9,2021,37
7213CBC4-9E97-42EE-B159-A701623549BF,2021-09-11,Nisqually River,District 11,Nisqually salmon 2021,C058701A-1586-4AC3-BA81-0D3C5972475F,19,Bank,Fort Lewis,Fort Lewis,9E5C07F8-2874-4E94-8E1E-5707D4B022D1,786,3,NA,NA,Complete,07:00:00,17:30:00,NA,Chinook,NA,NA,NA,NA,0,0,NA,NA,NA,NA,Site,Index,NA,2,1,1,1,1,1,9,2021,37
7213CBC4-9E97-42EE-B159-A701623549BF,2021-09-11,Nisqually River,District 11,Nisqually salmon 2021,310B8111-72F9-4F52-A3C1-D06724033172,18,Bank,Fort Lewis,Fort Lewis,9E5C07F8-2874-4E94-8E1E-5707D4B022D1,786,2,NA,NA,Complete,07:00:00,17:10:00,NA,Chinook,NA,NA,NA,NA,1,0,NA,NA,NA,NA,Site,Index,NA,2,1,1,1,1,1,9,2021,37
AEC558FB-F14D-4AD7-949A-4D832348DF01,2021-09-14,Nisqually River,District 11,Nisqually salmon 2021,A54E6F01-3FF0-4C7B-BE06-73841FED21ED,10,Bank,Fort Lewis,Fort Lewis,9E5C07F8-2874-4E94-8E1E-5707D4B022D1,786,1,NA,NA,Complete,15:00:00,17:35:00,NA,Chinook,NA,NA,NA,NA,1,0,NA,NA,NA,NA,Site,Index,NA,2,1,1,1,1,1,9,2021,37
AEC558FB-F14D-4AD7-949A-4D832348DF01,2021-09-14,Nisqually River,District 11,Nisqually salmon 2021,BAF97F7A-3FE7-49A1-AE3E-16206477C4CF,16,Bank,Fort Lewis,Fort Lewis,9E5C07F8-2874-4E94-8E1E-5707D4B022D1,786,1,NA,NA,Complete,12:00:00,18:30:00,NA,Chinook,NA,NA,NA,NA,1,0,NA,NA,NA,NA,Site,Index,NA,2,1,1,1,1,1,9,2021,37
AEC558FB-F14D-4AD7-949A-4D832348DF01,2021-09-14,Nisqually River,District 11,Nisqually salmon 2021,2B3E302C-1B0D-479D-9F26-E4A85D3B6A14,30,Bank,Fort Lewis,Fort Lewis,9E5C07F8-2874-4E94-8E1E-5707D4B022D1,786,1,NA,NA,Complete,13:00:00,16:30:00,NA,Chinook,NA,NA,NA,NA,1,0,NA,NA,NA,NA,Site,Index,NA,2,1,1,1,1,1,9,2021,37
FDFBB89A-01BB-43E1-B011-E26CD61F2378,2021-09-14,Nisqually River,District 11,Nisqually salmon 2021,39E07252-84A6-4A1D-814E-D403817200CB,6,Bank,Fort Lewis,Fort Lewis,9E5C07F8-2874-4E94-8E1E-5707D4B022D1,786,1,NA,NA,Complete,07:00:00,11:50:00,NA,Chinook,NA,NA,NA,NA,1,0,NA,NA,NA,NA,Site,Index,NA,2,1,1,1,1,1,9,2021,37
FDFBB89A-01BB-43E1-B011-E26CD61F2378,2021-09-14,Nisqually River,District 11,Nisqually salmon 2021,3F383053-F652-4E99-955F-D8E204838838,7,Bank,Fort Lewis,Fort Lewis,9E5C07F8-2874-4E94-8E1E-5707D4B022D1,786,1,NA,NA,Complete,06:00:00,12:10:00,NA,Chinook,NA,NA,NA,NA,1,0,NA,NA,NA,NA,Site,Index,NA,2,1,1,1,1,1,9,2021,37
FDFBB89A-01BB-43E1-B011-E26CD61F2378,2021-09-14,Nisqually River,District 11,Nisqually salmon 2021,014B661B-6C09-4460-9A33-80FB93BF8535,9,Bank,Fort Lewis,Fort Lewis,9E5C07F8-2874-4E94-8E1E-5707D4B022D1,786,1,NA,NA,Complete,05:45:00,11:40:00,NA,Chinook,NA,NA,NA,NA,1,0,NA,NA,NA,NA,Site,Index,NA,2,1,1,1,1,1,9,2021,37
FDFBB89A-01BB-43E1-B011-E26CD61F2378,2021-09-14,Nisqually River,District 11,Nisqually salmon 2021,B5FFFEAB-9376-4602-A980-EFB93F3C9E13,13,Bank,Fort Lewis,Fort Lewis,9E5C07F8-2874-4E94-8E1E-5707D4B022D1,786,1,NA,NA,Complete,05:45:00,12:45:00,NA,Chinook,NA,NA,NA,NA,1,0,NA,NA,NA,NA,Site,Index,NA,2,1,1,1,1,1,9,2021,37
FDFBB89A-01BB-43E1-B011-E26CD61F2378,2021-09-14,Nisqually River,District 11,Nisqually salmon 2021,A34DB153-397C-4703-85BF-CD1927F1F074,15,Bank,Fort Lewis,Fort Lewis,9E5C07F8-2874-4E94-8E1E-5707D4B022D1,786,1,NA,NA,Complete,09:45:00,11:10:00,NA,Chinook,NA,NA,NA,NA,1,0,NA,NA,NA,NA,Site,Index,NA,2,1,1,1,1,1,9,2021,37
FDFBB89A-01BB-43E1-B011-E26CD61F2378,2021-09-14,Nisqually River,District 11,Nisqually salmon 2021,5FEE8D53-2C6E-492A-9978-56035DA701BF,16,Bank,Fort Lewis,Fort Lewis,9E5C07F8-2874-4E94-8E1E-5707D4B022D1,786,2,NA,NA,Complete,05:45:00,11:25:00,NA,Chinook,NA,NA,NA,NA,1,0,NA,NA,NA,NA,Site,Index,NA,2,1,1,1,1,1,9,2021,37
FDFBB89A-01BB-43E1-B011-E26CD61F2378,2021-09-14,Nisqually River,District 11,Nisqually salmon 2021,98B01A34-BC9F-4F98-AD7E-785547F6F3FC,19,Bank,Fort Lewis,Fort Lewis,9E5C07F8-2874-4E94-8E1E-5707D4B022D1,786,2,NA,NA,Complete,12:45:00,15:50:00,NA,Chinook,NA,NA,NA,NA,1,0,NA,NA,NA,NA,Site,Index,NA,2,1,1,1,1,1,9,2021,37
FDFBB89A-01BB-43E1-B011-E26CD61F2378,2021-09-14,Nisqually River,District 11,Nisqually salmon 2021,64F08B4C-2D9E-4294-8BB7-C772E1FA5FFC,20,Bank,Fort Lewis,Fort Lewis,9E5C07F8-2874-4E94-8E1E-5707D4B022D1,786,1,NA,NA,Complete,11:00:00,15:50:00,NA,Chinook,NA,NA,NA,NA,1,0,NA,NA,NA,NA,Site,Index,NA,2,1,1,1,1,1,9,2021,37
FDFBB89A-01BB-43E1-B011-E26CD61F2378,2021-09-14,Nisqually River,District 11,Nisqually salmon 2021,32C56C3E-3D32-4773-B046-ECD562E97559,23,Bank,Fort Lewis,Fort Lewis,9E5C07F8-2874-4E94-8E1E-5707D4B022D1,786,2,NA,NA,Complete,09:00:00,13:05:00,NA,Chinook,NA,NA,NA,NA,1,0,NA,NA,NA,NA,Site,Index,NA,2,1,1,1,1,1,9,2021,37
FDFBB89A-01BB-43E1-B011-E26CD61F2378,2021-09-14,Nisqually River,District 11,Nisqually salmon 2021,65EE2573-145E-49F3-ADEC-695414142A08,36,Bank,Fort Lewis,Fort Lewis,9E5C07F8-2874-4E94-8E1E-5707D4B022D1,786,1,NA,NA,Complete,06:00:00,09:00:00,NA,Chinook,NA,NA,NA,NA,1,0,NA,NA,NA,NA,Site,Index,NA,2,1,1,1,1,1,9,2021,37
FDFBB89A-01BB-43E1-B011-E26CD61F2378,2021-09-14,Nisqually River,District 11,Nisqually salmon 2021,B9AC0150-DBBC-4B4D-856A-7C4D04F62452,46,Bank,Fort Lewis,Fort Lewis,9E5C07F8-2874-4E94-8E1E-5707D4B022D1,786,1,NA,NA,Complete,06:15:00,07:40:00,NA,Chinook,NA,NA,NA,NA,1,0,NA,NA,NA,NA,Site,Index,NA,2,1,1,1,1,1,9,2021,37
FDFBB89A-01BB-43E1-B011-E26CD61F2378,2021-09-14,Nisqually River,District 11,Nisqually salmon 2021,41C16455-63A4-4986-AC53-A301608ABE9A,45,Bank,Fort Lewis,Fort Lewis,9E5C07F8-2874-4E94-8E1E-5707D4B022D1,786,1,NA,NA,Complete,06:00:00,07:45:00,NA,Chinook,NA,NA,NA,NA,1,0,NA,NA,NA,NA,Site,Index,NA,2,1,1,1,1,1,9,2021,37
FDFBB89A-01BB-43E1-B011-E26CD61F2378,2021-09-14,Nisqually River,District 11,Nisqually salmon 2021,832C8E07-F6EE-40B1-B90C-032E1C82A504,42,Bank,Fort Lewis,Fort Lewis,9E5C07F8-2874-4E94-8E1E-5707D4B022D1,786,1,NA,NA,Complete,06:30:00,08:10:00,NA,Chinook,NA,NA,NA,NA,1,0,NA,NA,NA,NA,Site,Index,NA,2,1,1,1,1,1,9,2021,37
FDFBB89A-01BB-43E1-B011-E26CD61F2378,2021-09-14,Nisqually River,District 11,Nisqually salmon 2021,A8B7D95B-E84B-4717-9992-472CA40713CE,66,Bank,Fort Lewis,Fort Lewis,9E5C07F8-2874-4E94-8E1E-5707D4B022D1,786,1,NA,NA,Complete,07:00:00,09:35:00,NA,Chinook,NA,NA,NA,NA,1,0,NA,NA,NA,NA,Site,Index,NA,2,1,1,1,1,1,9,2021,37
FDFBB89A-01BB-43E1-B011-E26CD61F2378,2021-09-14,Nisqually River,District 11,Nisqually salmon 2021,409C2F83-916C-46D6-91E5-D91A69B8F555,59,Bank,Fort Lewis,Fort Lewis,9E5C07F8-2874-4E94-8E1E-5707D4B022D1,786,1,NA,NA,Complete,05:48:00,10:20:00,NA,Chinook,NA,NA,NA,NA,1,0,NA,NA,NA,NA,Site,Index,NA,2,1,1,1,1,1,9,2021,37
FDFBB89A-01BB-43E1-B011-E26CD61F2378,2021-09-14,Nisqually River,District 11,Nisqually salmon 2021,F1E0DA61-2D4A-4C2D-AFB0-6DD3C311A6EE,52,Bank,Fort Lewis,Fort Lewis,9E5C07F8-2874-4E94-8E1E-5707D4B022D1,786,1,NA,NA,Complete,05:45:00,10:35:00,NA,Chinook,NA,NA,NA,NA,1,0,NA,NA,NA,NA,Site,Index,NA,2,1,1,1,1,1,9,2021,37
FB4E21C4-B5DE-4ABE-89C0-5052DF511203,2021-09-15,Nisqually River,District 11,Nisqually salmon 2021,EB26D191-02CD-47CC-8F87-2658C690D74E,32,Bank,Fort Lewis,Fort Lewis,9E5C07F8-2874-4E94-8E1E-5707D4B022D1,786,1,NA,NA,Complete,15:30:00,17:30:00,NA,Chinook,NA,NA,NA,NA,1,0,NA,NA,NA,NA,Site,Index,NA,2,1,1,1,1,1,9,2021,37
FC9F76CD-5A50-49BA-95D9-FF9DE6F1D3AC,2021-09-15,Nisqually River,District 11,Nisqually salmon 2021,0D1E65AD-B0ED-42E7-850A-8FDFC36BCB37,1,Bank,Fort Lewis,Fort Lewis,9E5C07F8-2874-4E94-8E1E-5707D4B022D1,786,1,NA,NA,Complete,06:00:00,12:35:00,NA,Chinook,NA,NA,NA,NA,1,0,NA,NA,NA,NA,Site,Index,NA,2,1,1,1,1,1,9,2021,37
FC9F76CD-5A50-49BA-95D9-FF9DE6F1D3AC,2021-09-15,Nisqually River,District 11,Nisqually salmon 2021,FBE0B78B-1052-438B-B948-A4A822729AA3,13,Bank,Fort Lewis,Fort Lewis,9E5C07F8-2874-4E94-8E1E-5707D4B022D1,786,1,NA,NA,Complete,08:00:00,11:45:00,NA,Chinook,NA,NA,NA,NA,1,0,NA,NA,NA,NA,Site,Index,NA,2,1,1,1,1,1,9,2021,37
FC9F76CD-5A50-49BA-95D9-FF9DE6F1D3AC,2021-09-15,Nisqually River,District 11,Nisqually salmon 2021,F6B7129F-F4F8-4CA2-8CEB-38B9101F536B,18,Bank,Fort Lewis,Fort Lewis,9E5C07F8-2874-4E94-8E1E-5707D4B022D1,786,1,NA,NA,Complete,08:00:00,11:30:00,NA,Chinook,NA,NA,NA,NA,1,0,NA,NA,NA,NA,Site,Index,NA,2,1,1,1,1,1,9,2021,37
FC9F76CD-5A50-49BA-95D9-FF9DE6F1D3AC,2021-09-15,Nisqually River,District 11,Nisqually salmon 2021,4D73BEE9-7039-47E5-BD14-0EAAB0FBD914,40,Bank,Fort Lewis,Fort Lewis,9E5C07F8-2874-4E94-8E1E-5707D4B022D1,786,1,NA,NA,Complete,10:30:00,15:15:00,NA,Chinook,NA,NA,NA,NA,1,0,NA,NA,NA,NA,Site,Index,NA,2,1,1,1,1,1,9,2021,37
FC9F76CD-5A50-49BA-95D9-FF9DE6F1D3AC,2021-09-15,Nisqually River,District 11,Nisqually salmon 2021,7B2D3855-EAEC-4EC8-80A8-F51860024487,19,Bank,Fort Lewis,Fort Lewis,9E5C07F8-2874-4E94-8E1E-5707D4B022D1,786,2,NA,NA,Complete,06:00:00,11:25:00,NA,Chinook,NA,NA,NA,NA,1,0,NA,NA,NA,NA,Site,Index,NA,2,1,1,1,1,1,9,2021,37
FC9F76CD-5A50-49BA-95D9-FF9DE6F1D3AC,2021-09-15,Nisqually River,District 11,Nisqually salmon 2021,C7C5843E-56EE-4BB7-9F88-59A2D32A4571,33,Bank,Fort Lewis,Fort Lewis,9E5C07F8-2874-4E94-8E1E-5707D4B022D1,786,1,NA,NA,Complete,11:00:00,13:35:00,NA,Chinook,NA,NA,NA,NA,1,0,NA,NA,NA,NA,Site,Index,NA,2,1,1,1,1,1,9,2021,37
FC9F76CD-5A50-49BA-95D9-FF9DE6F1D3AC,2021-09-15,Nisqually River,District 11,Nisqually salmon 2021,A949A369-4C0E-4CA1-8117-A33025556CA7,37,Bank,Fort Lewis,Fort Lewis,9E5C07F8-2874-4E94-8E1E-5707D4B022D1,786,1,NA,NA,Complete,07:00:00,13:05:00,NA,Chinook,NA,NA,NA,NA,1,0,NA,NA,NA,NA,Site,Index,NA,2,1,1,1,1,1,9,2021,37
FC9F76CD-5A50-49BA-95D9-FF9DE6F1D3AC,2021-09-15,Nisqually River,District 11,Nisqually salmon 2021,1DE7C55E-92BF-411D-9997-9ACC82242646,63,Bank,Fort Lewis,Fort Lewis,9E5C07F8-2874-4E94-8E1E-5707D4B022D1,786,2,NA,NA,Complete,06:00:00,11:10:00,NA,Chinook,NA,NA,NA,NA,1,0,NA,NA,NA,NA,Site,Index,NA,2,1,1,1,1,1,9,2021,37
FC9F76CD-5A50-49BA-95D9-FF9DE6F1D3AC,2021-09-15,Nisqually River,District 11,Nisqually salmon 2021,EE38DA41-26FA-4044-BCE2-8880F7955F66,69,Bank,Fort Lewis,Fort Lewis,9E5C07F8-2874-4E94-8E1E-5707D4B022D1,786,2,NA,NA,Complete,06:00:00,10:45:00,NA,Chinook,NA,NA,NA,NA,1,0,NA,NA,NA,NA,Site,Index,NA,2,1,1,1,1,1,9,2021,37
FC9F76CD-5A50-49BA-95D9-FF9DE6F1D3AC,2021-09-15,Nisqually River,District 11,Nisqually salmon 2021,B042598A-159F-4CD5-8D46-2A6FC3F87F51,72,Bank,Fort Lewis,Fort Lewis,9E5C07F8-2874-4E94-8E1E-5707D4B022D1,786,1,NA,NA,Complete,06:00:00,09:25:00,NA,Chinook,NA,NA,NA,NA,1,0,NA,NA,NA,NA,Site,Index,NA,2,1,1,1,1,1,9,2021,37
FC9F76CD-5A50-49BA-95D9-FF9DE6F1D3AC,2021-09-15,Nisqually River,District 11,Nisqually salmon 2021,29486437-4D3E-4688-8F05-87C40F84A91D,74,Bank,Fort Lewis,Fort Lewis,9E5C07F8-2874-4E94-8E1E-5707D4B022D1,786,1,NA,NA,Complete,06:30:00,09:45:00,NA,Chinook,NA,NA,NA,NA,1,0,NA,NA,NA,NA,Site,Index,NA,2,1,1,1,1,1,9,2021,37
FC9F76CD-5A50-49BA-95D9-FF9DE6F1D3AC,2021-09-15,Nisqually River,District 11,Nisqually salmon 2021,0DB2FAD6-170D-4C3A-AC23-7F531FC1D906,76,Bank,Fort Lewis,Fort Lewis,9E5C07F8-2874-4E94-8E1E-5707D4B022D1,786,1,NA,NA,Complete,06:00:00,09:50:00,NA,Chinook,NA,NA,NA,NA,1,0,NA,NA,NA,NA,Site,Index,NA,2,1,1,1,1,1,9,2021,37
FC9F76CD-5A50-49BA-95D9-FF9DE6F1D3AC,2021-09-15,Nisqually River,District 11,Nisqually salmon 2021,291BE7D3-7FFC-4D7F-97EE-C0B3009E5568,78,Bank,Fort Lewis,Fort Lewis,9E5C07F8-2874-4E94-8E1E-5707D4B022D1,786,1,NA,NA,Complete,07:30:00,10:10:00,NA,Chinook,NA,NA,NA,NA,1,0,NA,NA,NA,NA,Site,Index,NA,2,1,1,1,1,1,9,2021,37
FC9F76CD-5A50-49BA-95D9-FF9DE6F1D3AC,2021-09-15,Nisqually River,District 11,Nisqually salmon 2021,D49D9F8C-637C-41CF-9CFA-B3AAA63CA265,49,Bank,Fort Lewis,Fort Lewis,9E5C07F8-2874-4E94-8E1E-5707D4B022D1,786,1,NA,NA,Complete,07:00:00,09:05:00,NA,Chinook,NA,NA,NA,NA,1,0,NA,NA,NA,NA,Site,Index,NA,2,1,1,1,1,1,9,2021,37
FC9F76CD-5A50-49BA-95D9-FF9DE6F1D3AC,2021-09-15,Nisqually River,District 11,Nisqually salmon 2021,33033B4F-5A79-4848-BE4D-B7DF3F1EF8DD,58,Bank,Fort Lewis,Fort Lewis,9E5C07F8-2874-4E94-8E1E-5707D4B022D1,786,1,NA,NA,Complete,11:00:00,15:45:00,NA,Chinook,NA,NA,NA,NA,1,0,NA,NA,NA,NA,Site,Index,NA,2,1,1,1,1,1,9,2021,37
FC9F76CD-5A50-49BA-95D9-FF9DE6F1D3AC,2021-09-15,Nisqually River,District 11,Nisqually salmon 2021,C57FBD6C-D65D-4A79-9798-EC6847BE0AEA,47,Bank,Fort Lewis,Fort Lewis,9E5C07F8-2874-4E94-8E1E-5707D4B022D1,786,1,NA,NA,Complete,05:48:00,08:45:00,NA,Chinook,NA,NA,NA,NA,1,0,NA,NA,NA,NA,Site,Index,NA,2,1,1,1,1,1,9,2021,37
EC6152B1-191F-4182-AA12-8FDD74866A47,2021-09-17,Nisqually River,District 11,Nisqually salmon 2021,71D7A95F-4E93-4447-8A39-FFAE43F06E8E,49,Bank,Fort Lewis,Fort Lewis,9E5C07F8-2874-4E94-8E1E-5707D4B022D1,786,1,NA,NA,Complete,07:00:00,09:00:00,NA,Chinook,NA,NA,NA,NA,1,0,NA,NA,NA,NA,Site,Index,NA,2,1,1,1,1,1,9,2021,38
EC6152B1-191F-4182-AA12-8FDD74866A47,2021-09-17,Nisqually River,District 11,Nisqually salmon 2021,9C492BFB-14C2-44E7-A2E1-21C17702BB98,40,Bank,Fort Lewis,Fort Lewis,9E5C07F8-2874-4E94-8E1E-5707D4B022D1,786,1,NA,NA,Complete,06:10:00,08:55:00,NA,Chinook,NA,NA,NA,NA,1,0,NA,NA,NA,NA,Site,Index,NA,2,1,1,1,1,1,9,2021,38
EC6152B1-191F-4182-AA12-8FDD74866A47,2021-09-17,Nisqually River,District 11,Nisqually salmon 2021,34EA5985-DBB2-4B50-9052-76B7B08CDF0D,39,Bank,Fort Lewis,Fort Lewis,9E5C07F8-2874-4E94-8E1E-5707D4B022D1,786,1,NA,NA,Complete,08:00:00,15:45:00,NA,Chinook,NA,NA,NA,NA,1,0,NA,NA,NA,NA,Site,Index,NA,2,1,1,1,1,1,9,2021,38
EC6152B1-191F-4182-AA12-8FDD74866A47,2021-09-17,Nisqually River,District 11,Nisqually salmon 2021,8A68D23C-5D4C-488A-B86F-BE1D89F2907A,26,Bank,Fort Lewis,Fort Lewis,9E5C07F8-2874-4E94-8E1E-5707D4B022D1,786,1,NA,NA,Complete,14:15:00,15:55:00,NA,Chinook,NA,NA,NA,NA,1,0,NA,NA,NA,NA,Site,Index,NA,2,1,1,1,1,1,9,2021,38
EC6152B1-191F-4182-AA12-8FDD74866A47,2021-09-17,Nisqually River,District 11,Nisqually salmon 2021,B106DC59-13BB-47A1-AF5F-ED84C9DECF62,7,Bank,Fort Lewis,Fort Lewis,9E5C07F8-2874-4E94-8E1E-5707D4B022D1,786,1,NA,NA,Complete,12:15:00,12:55:00,NA,Chinook,NA,NA,NA,NA,1,0,NA,NA,NA,NA,Site,Index,NA,2,1,1,1,1,1,9,2021,38
EC6152B1-191F-4182-AA12-8FDD74866A47,2021-09-17,Nisqually River,District 11,Nisqually salmon 2021,FEA6B0A8-CA8C-497E-B9B3-01214255FD5C,2,Bank,Fort Lewis,Fort Lewis,9E5C07F8-2874-4E94-8E1E-5707D4B022D1,786,1,NA,NA,Complete,08:00:00,13:55:00,NA,Chinook,NA,NA,NA,NA,1,0,NA,NA,NA,NA,Site,Index,NA,2,1,1,1,1,1,9,2021,38
083DFCAC-ACA6-43B8-8374-B09633CAF594,2021-09-17,Nisqually River,District 11,Nisqually salmon 2021,6792CC3D-E670-4E6C-9927-1C73FD0B32AC,29,Boat,Fort Lewis,Fort Lewis,9E5C07F8-2874-4E94-8E1E-5707D4B022D1,786,2,NA,NA,Complete,06:30:00,16:00:00,NA,Chinook,NA,NA,NA,NA,0,1,NA,NA,NA,NA,Site,Index,NA,2,1,1,1,1,1,9,2021,38
083DFCAC-ACA6-43B8-8374-B09633CAF594,2021-09-17,Nisqually River,District 11,Nisqually salmon 2021,51CD74D0-627A-4C41-A042-1A124205D345,8,Bank,Fort Lewis,Fort Lewis,9E5C07F8-2874-4E94-8E1E-5707D4B022D1,786,2,NA,NA,Complete,10:00:00,17:00:00,NA,Chinook,NA,NA,NA,NA,1,0,NA,NA,NA,NA,Site,Index,NA,2,1,1,1,1,1,9,2021,38
EC6152B1-191F-4182-AA12-8FDD74866A47,2021-09-17,Nisqually River,District 11,Nisqually salmon 2021,6B089DA3-6E60-4137-B92B-3855EF247F35,71,Bank,Fort Lewis,Fort Lewis,9E5C07F8-2874-4E94-8E1E-5707D4B022D1,786,1,NA,NA,Complete,10:30:00,11:30:00,NA,Chinook,NA,NA,NA,NA,1,0,NA,NA,NA,NA,Site,Index,NA,2,1,1,1,1,1,9,2021,38
EC6152B1-191F-4182-AA12-8FDD74866A47,2021-09-17,Nisqually River,District 11,Nisqually salmon 2021,A66D3B60-34A4-4985-ACE8-50E267C5E9AA,54,Bank,Fort Lewis,Fort Lewis,9E5C07F8-2874-4E94-8E1E-5707D4B022D1,786,1,NA,NA,Complete,06:15:00,07:55:00,NA,Chinook,NA,NA,NA,NA,1,0,NA,NA,NA,NA,Site,Index,NA,2,1,1,1,1,1,9,2021,38
EC6152B1-191F-4182-AA12-8FDD74866A47,2021-09-17,Nisqually River,District 11,Nisqually salmon 2021,6FCC41E9-605F-413E-92C7-E631CAEAAE62,52,Bank,Fort Lewis,Fort Lewis,9E5C07F8-2874-4E94-8E1E-5707D4B022D1,786,1,NA,NA,Complete,06:00:00,08:40:00,NA,Chinook,NA,NA,NA,NA,1,0,NA,NA,NA,NA,Site,Index,NA,2,1,1,1,1,1,9,2021,38
F6C4D90C-7206-4850-9C61-B1DD26226D00,2021-09-18,Nisqually River,District 11,Nisqually salmon 2021,004B6C66-439C-4C7A-9549-E53809E0AE56,21,Bank,Fort Lewis,Fort Lewis,9E5C07F8-2874-4E94-8E1E-5707D4B022D1,786,2,NA,NA,Complete,06:15:00,13:35:00,NA,Chinook,NA,NA,NA,NA,1,0,NA,NA,NA,NA,Site,Index,NA,2,1,1,1,1,1,9,2021,38
F6C4D90C-7206-4850-9C61-B1DD26226D00,2021-09-18,Nisqually River,District 11,Nisqually salmon 2021,AF4646FD-CF69-4EEF-B744-47AA5B394AEC,26,Bank,Fort Lewis,Fort Lewis,9E5C07F8-2874-4E94-8E1E-5707D4B022D1,786,1,NA,NA,Complete,06:30:00,11:25:00,NA,Chinook,NA,NA,NA,NA,1,0,NA,NA,NA,NA,Site,Index,NA,2,1,1,1,1,1,9,2021,38
F6C4D90C-7206-4850-9C61-B1DD26226D00,2021-09-18,Nisqually River,District 11,Nisqually salmon 2021,0091F6CF-FE8C-416F-9597-43CB99741255,54,Bank,Fort Lewis,Fort Lewis,9E5C07F8-2874-4E94-8E1E-5707D4B022D1,786,1,NA,NA,Complete,06:00:00,09:35:00,NA,Chinook,NA,NA,NA,NA,1,0,NA,NA,NA,NA,Site,Index,NA,2,1,1,1,1,1,9,2021,38
F6C4D90C-7206-4850-9C61-B1DD26226D00,2021-09-18,Nisqually River,District 11,Nisqually salmon 2021,233777E2-D953-4752-B314-8CE6F273D593,55,Bank,Fort Lewis,Fort Lewis,9E5C07F8-2874-4E94-8E1E-5707D4B022D1,786,1,NA,NA,Complete,06:00:00,09:30:00,NA,Chinook,NA,NA,NA,NA,1,0,NA,NA,NA,NA,Site,Index,NA,2,1,1,1,1,1,9,2021,38
BC859AFE-7C64-415F-B5F5-50244C6E1907,2021-09-18,Nisqually River,District 11,Nisqually salmon 2021,F05C765C-99A2-484A-B155-44DF09C15905,23,Bank,Fort Lewis,Fort Lewis,9E5C07F8-2874-4E94-8E1E-5707D4B022D1,786,2,NA,NA,Complete,07:00:00,10:15:00,NA,Chinook,NA,NA,NA,NA,1,0,NA,NA,NA,NA,Site,Index,NA,2,1,1,1,1,1,9,2021,38
BC859AFE-7C64-415F-B5F5-50244C6E1907,2021-09-18,Nisqually River,District 11,Nisqually salmon 2021,731F38A0-361A-4E0E-B335-C922D576419D,19,Bank,Fort Lewis,Fort Lewis,9E5C07F8-2874-4E94-8E1E-5707D4B022D1,786,1,NA,NA,Complete,06:30:00,09:50:00,NA,Chinook,NA,NA,NA,NA,1,0,NA,NA,NA,NA,Site,Index,NA,2,1,1,1,1,1,9,2021,38
BC859AFE-7C64-415F-B5F5-50244C6E1907,2021-09-18,Nisqually River,District 11,Nisqually salmon 2021,FA540639-6BF6-4D8C-B24A-8F0F2F280134,9,Bank,Fort Lewis,Fort Lewis,9E5C07F8-2874-4E94-8E1E-5707D4B022D1,786,2,NA,NA,Complete,06:00:00,11:00:00,NA,Chinook,NA,NA,NA,NA,1,0,NA,NA,NA,NA,Site,Index,NA,2,1,1,1,1,1,9,2021,38
BC859AFE-7C64-415F-B5F5-50244C6E1907,2021-09-18,Nisqually River,District 11,Nisqually salmon 2021,1AFAD093-4363-4ED5-8285-0710ABB75B5A,3,Boat,Fort Lewis,Fort Lewis,9E5C07F8-2874-4E94-8E1E-5707D4B022D1,786,2,NA,NA,Complete,06:30:00,10:00:00,NA,Chinook,NA,NA,NA,NA,0,1,NA,NA,NA,NA,Site,Index,NA,2,1,1,1,1,1,9,2021,38
BC859AFE-7C64-415F-B5F5-50244C6E1907,2021-09-18,Nisqually River,District 11,Nisqually salmon 2021,9D3436D2-6058-440A-A748-0CBDDE4BF985,25,Bank,Fort Lewis,Fort Lewis,9E5C07F8-2874-4E94-8E1E-5707D4B022D1,786,2,NA,NA,Complete,06:30:00,10:40:00,NA,Chinook,NA,NA,NA,NA,1,0,NA,NA,NA,NA,Site,Index,NA,2,1,1,1,1,1,9,2021,38
BC859AFE-7C64-415F-B5F5-50244C6E1907,2021-09-18,Nisqually River,District 11,Nisqually salmon 2021,2B1E3A21-235F-4619-A2FD-9DC6BF5BAEBA,32,Bank,Fort Lewis,Fort Lewis,9E5C07F8-2874-4E94-8E1E-5707D4B022D1,786,1,NA,NA,Complete,09:00:00,15:20:00,NA,Chinook,NA,NA,NA,NA,1,0,NA,NA,NA,NA,Site,Index,NA,2,1,1,1,1,1,9,2021,38
BC859AFE-7C64-415F-B5F5-50244C6E1907,2021-09-18,Nisqually River,District 11,Nisqually salmon 2021,2E522EC9-E25A-4E23-9F54-04A6C7063CD9,39,Bank,Fort Lewis,Fort Lewis,9E5C07F8-2874-4E94-8E1E-5707D4B022D1,786,1,NA,NA,Complete,09:30:00,16:00:00,NA,Chinook,NA,NA,NA,NA,1,0,NA,NA,NA,NA,Site,Index,NA,2,1,1,1,1,1,9,2021,38
BC859AFE-7C64-415F-B5F5-50244C6E1907,2021-09-18,Nisqually River,District 11,Nisqually salmon 2021,511E2BD4-585F-41C1-8C98-9865231852EB,46,Bank,Fort Lewis,Fort Lewis,9E5C07F8-2874-4E94-8E1E-5707D4B022D1,786,1,NA,NA,Complete,11:00:00,14:45:00,NA,Chinook,NA,NA,NA,NA,1,0,NA,NA,NA,NA,Site,Index,NA,2,1,1,1,1,1,9,2021,38
BC859AFE-7C64-415F-B5F5-50244C6E1907,2021-09-18,Nisqually River,District 11,Nisqually salmon 2021,F13B6D47-C012-45AB-BFBC-223E9171F0B0,53,Bank,Fort Lewis,Fort Lewis,9E5C07F8-2874-4E94-8E1E-5707D4B022D1,786,1,NA,NA,Complete,07:30:00,14:50:00,NA,Chinook,NA,NA,NA,NA,1,0,NA,NA,NA,NA,Site,Index,NA,2,1,1,1,1,1,9,2021,38
BC859AFE-7C64-415F-B5F5-50244C6E1907,2021-09-18,Nisqually River,District 11,Nisqually salmon 2021,BE7773C9-581B-4FD2-9578-5C9991438E45,54,Bank,Fort Lewis,Fort Lewis,9E5C07F8-2874-4E94-8E1E-5707D4B022D1,786,1,NA,NA,Complete,13:10:00,16:10:00,NA,Chinook,NA,NA,NA,NA,1,0,NA,NA,NA,NA,Site,Index,NA,2,1,1,1,1,1,9,2021,38
BC859AFE-7C64-415F-B5F5-50244C6E1907,2021-09-18,Nisqually River,District 11,Nisqually salmon 2021,C1493372-9FBA-4953-99C1-4E52ADF8F6A1,56,Bank,Fort Lewis,Fort Lewis,9E5C07F8-2874-4E94-8E1E-5707D4B022D1,786,1,NA,NA,Complete,11:00:00,17:00:00,NA,Chinook,NA,NA,NA,NA,1,0,NA,NA,NA,NA,Site,Index,NA,2,1,1,1,1,1,9,2021,38
F6C4D90C-7206-4850-9C61-B1DD26226D00,2021-09-18,Nisqually River,District 11,Nisqually salmon 2021,5C1785DB-A415-4B1E-97B1-263E53041EE2,1,Bank,Fort Lewis,Fort Lewis,9E5C07F8-2874-4E94-8E1E-5707D4B022D1,786,1,NA,NA,Complete,07:00:00,12:10:00,NA,Chinook,NA,NA,NA,NA,1,0,NA,NA,NA,NA,Site,Index,NA,2,1,1,1,1,1,9,2021,38
F6C4D90C-7206-4850-9C61-B1DD26226D00,2021-09-18,Nisqually River,District 11,Nisqually salmon 2021,C18C4678-1C3A-4074-BD3D-A3C35E33F649,12,Bank,Fort Lewis,Fort Lewis,9E5C07F8-2874-4E94-8E1E-5707D4B022D1,786,1,NA,NA,Complete,05:55:00,13:30:00,NA,Chinook,NA,NA,NA,NA,1,0,NA,NA,NA,NA,Site,Index,NA,2,1,1,1,1,1,9,2021,38
ECEA4917-5633-4C17-8723-301B83103DA8,2021-09-19,Nisqually River,District 11,Nisqually salmon 2021,DD821394-C7BC-4251-BA09-8D5B63DC1179,44,Boat,Fort Lewis,Fort Lewis,9E5C07F8-2874-4E94-8E1E-5707D4B022D1,786,3,NA,NA,Complete,06:30:00,09:30:00,NA,Chinook,NA,NA,NA,NA,1,1,NA,NA,NA,NA,Site,Index,NA,2,1,1,1,1,1,9,2021,38
ECEA4917-5633-4C17-8723-301B83103DA8,2021-09-19,Nisqually River,District 11,Nisqually salmon 2021,494FE7DB-7330-45F9-ACA9-1754345B8B83,37,Bank,Fort Lewis,Fort Lewis,9E5C07F8-2874-4E94-8E1E-5707D4B022D1,786,1,NA,NA,Complete,13:30:00,15:45:00,NA,Chinook,NA,NA,NA,NA,1,0,NA,NA,NA,NA,Site,Index,NA,2,1,1,1,1,1,9,2021,38
ECEA4917-5633-4C17-8723-301B83103DA8,2021-09-19,Nisqually River,District 11,Nisqually salmon 2021,6882EA4A-39D9-46C2-9F89-1A221823EE89,31,Bank,Fort Lewis,Fort Lewis,9E5C07F8-2874-4E94-8E1E-5707D4B022D1,786,1,NA,NA,Complete,06:00:00,09:00:00,NA,Chinook,NA,NA,NA,NA,1,0,NA,NA,NA,NA,Site,Index,NA,2,1,1,1,1,1,9,2021,38
ECEA4917-5633-4C17-8723-301B83103DA8,2021-09-19,Nisqually River,District 11,Nisqually salmon 2021,35BDAC5F-1386-42A8-A338-A947B9799F26,27,Bank,Fort Lewis,Fort Lewis,9E5C07F8-2874-4E94-8E1E-5707D4B022D1,786,1,NA,NA,Complete,10:00:00,12:00:00,NA,Chinook,NA,NA,NA,NA,1,0,NA,NA,NA,NA,Site,Index,NA,2,1,1,1,1,1,9,2021,38
ECEA4917-5633-4C17-8723-301B83103DA8,2021-09-19,Nisqually River,District 11,Nisqually salmon 2021,B77A7AB0-40B6-4658-9371-16FE6DC5CFDE,19,Bank,Fort Lewis,Fort Lewis,9E5C07F8-2874-4E94-8E1E-5707D4B022D1,786,2,NA,NA,Complete,06:15:00,10:15:00,NA,Chinook,NA,NA,NA,NA,1,0,NA,NA,NA,NA,Site,Index,NA,2,1,1,1,1,1,9,2021,38
ECEA4917-5633-4C17-8723-301B83103DA8,2021-09-19,Nisqually River,District 11,Nisqually salmon 2021,B0F455CA-FA62-442E-95B5-6720DFB0D905,17,Bank,Fort Lewis,Fort Lewis,9E5C07F8-2874-4E94-8E1E-5707D4B022D1,786,1,NA,NA,Complete,13:00:00,13:49:00,NA,Chinook,NA,NA,NA,NA,1,0,NA,NA,NA,NA,Site,Index,NA,2,1,1,1,1,1,9,2021,38
ECEA4917-5633-4C17-8723-301B83103DA8,2021-09-19,Nisqually River,District 11,Nisqually salmon 2021,6BD1AE6B-58EE-4C36-86B3-D38C07163C30,15,Boat,Fort Lewis,Fort Lewis,9E5C07F8-2874-4E94-8E1E-5707D4B022D1,786,3,NA,NA,Complete,06:30:00,15:00:00,NA,Chinook,NA,NA,NA,NA,1,0,NA,NA,NA,NA,Site,Index,NA,2,1,1,1,1,1,9,2021,38
ECEA4917-5633-4C17-8723-301B83103DA8,2021-09-19,Nisqually River,District 11,Nisqually salmon 2021,73C0D1FD-D4EE-4FCC-AEE3-8347FC55F455,2,Bank,Fort Lewis,Fort Lewis,9E5C07F8-2874-4E94-8E1E-5707D4B022D1,786,1,NA,NA,Complete,09:30:00,17:40:00,NA,Chinook,NA,NA,NA,NA,1,0,NA,NA,NA,NA,Site,Index,NA,2,1,1,1,1,1,9,2021,38
ECEA4917-5633-4C17-8723-301B83103DA8,2021-09-19,Nisqually River,District 11,Nisqually salmon 2021,34CFFF97-C477-425C-87A0-AECEB76C963E,1,Bank,Fort Lewis,Fort Lewis,9E5C07F8-2874-4E94-8E1E-5707D4B022D1,786,1,NA,NA,Complete,13:30:00,17:40:00,NA,Chinook,NA,NA,NA,NA,1,0,NA,NA,NA,NA,Site,Index,NA,2,1,1,1,1,1,9,2021,38
C42216F9-6880-47BB-A373-7234C99300A4,2021-09-20,Nisqually River,District 11,Nisqually salmon 2021,AB5E7EF2-8FC5-4417-A49B-E7A38E876F37,24,Bank,Fort Lewis,Fort Lewis,9E5C07F8-2874-4E94-8E1E-5707D4B022D1,786,1,NA,NA,Complete,07:00:00,08:35:00,NA,Chinook,NA,NA,NA,NA,1,0,NA,NA,NA,NA,Site,Index,NA,2,1,1,1,1,1,9,2021,38
C42216F9-6880-47BB-A373-7234C99300A4,2021-09-20,Nisqually River,District 11,Nisqually salmon 2021,6C25A6E8-9ACA-4D1A-BE3F-396FFC27A050,23,Bank,Fort Lewis,Fort Lewis,9E5C07F8-2874-4E94-8E1E-5707D4B022D1,786,1,NA,NA,Complete,06:00:00,09:15:00,NA,Chinook,NA,NA,NA,NA,1,0,NA,NA,NA,NA,Site,Index,NA,2,1,1,1,1,1,9,2021,38
C42216F9-6880-47BB-A373-7234C99300A4,2021-09-20,Nisqually River,District 11,Nisqually salmon 2021,B2785AF0-6D4A-42D2-8F07-4C94EDC70C7B,21,Bank,Fort Lewis,Fort Lewis,9E5C07F8-2874-4E94-8E1E-5707D4B022D1,786,1,NA,NA,Complete,06:00:00,08:10:00,NA,Chinook,NA,NA,NA,NA,1,0,NA,NA,NA,NA,Site,Index,NA,2,1,1,1,1,1,9,2021,38
C42216F9-6880-47BB-A373-7234C99300A4,2021-09-20,Nisqually River,District 11,Nisqually salmon 2021,17145201-0229-4485-8344-8007E7DF232E,17,Bank,Fort Lewis,Fort Lewis,9E5C07F8-2874-4E94-8E1E-5707D4B022D1,786,1,NA,NA,Complete,06:00:00,09:30:00,NA,Chinook,NA,NA,NA,NA,1,0,NA,NA,NA,NA,Site,Index,NA,2,1,1,1,1,1,9,2021,38
C42216F9-6880-47BB-A373-7234C99300A4,2021-09-20,Nisqually River,District 11,Nisqually salmon 2021,DA781A33-6F6E-48DA-9935-1EBBEC4320D7,15,Bank,Fort Lewis,Fort Lewis,9E5C07F8-2874-4E94-8E1E-5707D4B022D1,786,1,NA,NA,Complete,06:15:00,08:00:00,NA,Chinook,NA,NA,NA,NA,1,0,NA,NA,NA,NA,Site,Index,NA,2,1,1,1,1,1,9,2021,38
C42216F9-6880-47BB-A373-7234C99300A4,2021-09-20,Nisqually River,District 11,Nisqually salmon 2021,2667127F-3E2B-4DC5-A197-35D0136A0A65,13,Bank,Fort Lewis,Fort Lewis,9E5C07F8-2874-4E94-8E1E-5707D4B022D1,786,1,NA,NA,Complete,08:30:00,10:15:00,NA,Chinook,NA,NA,NA,NA,1,0,NA,NA,NA,NA,Site,Index,NA,2,1,1,1,1,1,9,2021,38
3D9F756A-2D55-4E58-A977-E016A93A62E6,2021-09-20,Nisqually River,District 11,Nisqually salmon 2021,69F37875-897A-4FCF-9B7E-A6BBE837778A,6,Bank,Fort Lewis,Fort Lewis,9E5C07F8-2874-4E94-8E1E-5707D4B022D1,786,1,NA,NA,Complete,15:00:00,16:30:00,NA,Chinook,NA,NA,NA,NA,1,0,NA,NA,NA,NA,Site,Index,NA,2,1,1,1,1,1,9,2021,38
0912CB38-BC05-40C5-9491-4990BA0EF9A3,2021-09-23,Nisqually River,District 11,Nisqually salmon 2021,9DE6C603-27FC-4492-AE07-02CDFE374577,20,Bank,Fort Lewis,Fort Lewis,9E5C07F8-2874-4E94-8E1E-5707D4B022D1,786,1,NA,NA,Complete,07:30:00,09:00:00,NA,Chinook,NA,NA,NA,NA,1,0,NA,NA,NA,NA,Site,Index,NA,2,1,1,1,1,1,9,2021,38
0912CB38-BC05-40C5-9491-4990BA0EF9A3,2021-09-23,Nisqually River,District 11,Nisqually salmon 2021,897B1656-49EE-430E-AC12-DEFE57A7B0A0,23,Bank,Fort Lewis,Fort Lewis,9E5C07F8-2874-4E94-8E1E-5707D4B022D1,786,1,NA,NA,Complete,06:00:00,08:20:00,NA,Chinook,NA,NA,NA,NA,1,0,NA,NA,NA,NA,Site,Index,NA,2,1,1,1,1,1,9,2021,38
83EAA66B-129D-439F-8D2E-737D8F5777A1,2021-09-26,Nisqually River,District 11,Nisqually salmon 2021,C60A1F33-B2C4-4D5C-9B24-FAB4C0FC9D7B,32,Bank,Fort Lewis,Fort Lewis,9E5C07F8-2874-4E94-8E1E-5707D4B022D1,786,1,NA,NA,Complete,06:00:00,08:25:00,NA,Chinook,NA,NA,NA,NA,1,0,NA,NA,NA,NA,Site,Index,NA,2,1,1,1,1,1,9,2021,39
83EAA66B-129D-439F-8D2E-737D8F5777A1,2021-09-26,Nisqually River,District 11,Nisqually salmon 2021,A02F72B5-3CE1-4D02-8BBE-1BFBB3E39CAE,36,Bank,Fort Lewis,Fort Lewis,9E5C07F8-2874-4E94-8E1E-5707D4B022D1,786,1,NA,NA,Complete,06:30:00,09:30:00,NA,Chinook,NA,NA,NA,NA,1,0,NA,NA,NA,NA,Site,Index,NA,2,1,1,1,1,1,9,2021,39
DC56A3CF-7D60-49D7-B867-874923CEBCA1,2021-09-26,Nisqually River,District 11,Nisqually salmon 2021,C061DBF7-AF17-4557-A9A3-F8AC87C099FD,16,Boat,Fort Lewis,Fort Lewis,9E5C07F8-2874-4E94-8E1E-5707D4B022D1,786,1,NA,NA,Complete,07:30:00,17:50:00,NA,NA,NA,NA,NA,NA,1,1,NA,NA,NA,NA,Site,Index,NA,2,1,1,1,1,1,9,2021,39
DC56A3CF-7D60-49D7-B867-874923CEBCA1,2021-09-26,Nisqually River,District 11,Nisqually salmon 2021,7695D233-FA16-4474-ACFF-661910CA0035,17,Boat,Fort Lewis,Fort Lewis,9E5C07F8-2874-4E94-8E1E-5707D4B022D1,786,1,NA,NA,Complete,07:30:00,13:20:00,NA,NA,NA,NA,NA,NA,0,1,NA,NA,NA,NA,Site,Index,NA,2,1,1,1,1,1,9,2021,39
320F8527-5DFA-4D83-A443-24902CB3CA9A,2021-09-28,Nisqually River,District 11,Nisqually salmon 2021,C607AAD7-2CFD-4809-8A21-6C2A37A58364,3,Bank,Fort Lewis,Fort Lewis,9E5C07F8-2874-4E94-8E1E-5707D4B022D1,786,1,NA,NA,Complete,07:00:00,09:40:00,NA,Chinook,NA,NA,NA,NA,1,0,NA,NA,NA,NA,Site,Index,NA,2,1,1,1,1,1,9,2021,39
320F8527-5DFA-4D83-A443-24902CB3CA9A,2021-09-28,Nisqually River,District 11,Nisqually salmon 2021,DB5E54DC-4A35-4018-BAE1-123E98DB5C75,4,Bank,Fort Lewis,Fort Lewis,9E5C07F8-2874-4E94-8E1E-5707D4B022D1,786,1,NA,NA,Complete,06:05:00,10:00:00,NA,Chinook,NA,NA,NA,NA,1,0,NA,NA,NA,NA,Site,Index,NA,2,1,1,1,1,1,9,2021,39
77C7D3A1-C2B2-49B9-A10F-91707F8DEE99,2021-10-02,Nisqually River,District 11,Nisqually salmon 2021,DB513CC9-83D9-4E06-B64D-D4991C5C2561,16,Boat,Fort Lewis,Fort Lewis,9E5C07F8-2874-4E94-8E1E-5707D4B022D1,786,5,NA,NA,Complete,07:00:00,15:30:00,NA,NA,NA,NA,NA,NA,2,1,NA,NA,NA,NA,Site,Index,NA,2,1,1,1,1,1,10,2021,40
2D4B92D5-AB50-48B2-929B-08CF4C824C17,2022-09-02,Nisqually River,District 11,Nisqually salmon 2022,6C12F7C2-F4F3-4245-A014-4AC3AA945323,9,NA,NA,Handicap Access,0691BAF7-E5D2-423C-B157-CF0255A5D961,786,1,2,1,Complete,10:30:00,17:55:00,17:55:00,Chinook,NA,NA,No,NA,1,0,NA,NA,NA,NA,Site,Index,NA,2,1,NA,NA,NA,NA,9,2022,35
3D5EC9BC-7310-45EE-B4DF-C965F0FE8F87,2022-09-03,Nisqually River,District 11,Nisqually salmon 2022,BA66ADBD-E285-4C52-B7FD-75A257B2A8CF,5,Bank,NA,Handicap Access,0691BAF7-E5D2-423C-B157-CF0255A5D961,786,1,2,1,Complete,05:30:00,13:45:00,13:45:00,Chinook,NA,NA,No,NA,1,0,NA,NA,NA,NA,Site,Index,NA,2,1,NA,NA,NA,NA,9,2022,36
C0F5635E-1151-4B36-97E4-CD8A35A977EA,2022-09-14,Nisqually River,District 11,Nisqually salmon 2022,8486E51E-7260-4215-8C44-04E52175060C,8,NA,NA,Handicap Access,0691BAF7-E5D2-423C-B157-CF0255A5D961,786,1,3,1,Complete,06:30:00,08:30:00,08:30:00,Chinook,NA,NA,No,NA,3,0,NA,NA,NA,NA,Site,Index,NA,2,1,NA,NA,NA,NA,9,2022,37
3ADBAE77-3979-469A-81BD-4F3766F9F80A,2022-09-16,Nisqually River,District 11,Nisqually salmon 2022,1FD137D6-B10E-4029-82CE-9D4EAC8C6E74,8,NA,NA,Handicap Access,0691BAF7-E5D2-423C-B157-CF0255A5D961,786,1,1,1,Complete,07:45:00,10:22:00,10:22:00,Chinook,NA,NA,No,NA,1,0,NA,NA,NA,NA,Site,Index,NA,2,1,NA,NA,NA,NA,9,2022,37
538A4AAF-E27F-4B57-A91A-041FE9162125,2022-09-20,Nisqually River,District 11,Nisqually salmon 2022,C4ADBAEB-DF6C-4644-8D13-177798B6DF0C,15,NA,NA,Handicap Access,0691BAF7-E5D2-423C-B157-CF0255A5D961,786,1,2,2,Complete,16:00:00,18:15:00,18:15:00,Chinook,NA,NA,No,NA,1,0,NA,NA,NA,NA,Site,Index,NA,2,1,NA,NA,NA,NA,9,2022,38
538A4AAF-E27F-4B57-A91A-041FE9162125,2022-09-20,Nisqually River,District 11,Nisqually salmon 2022,AB3B9838-6ACA-4CDB-800F-E5DCF8036304,4,NA,NA,Handicap Access,0691BAF7-E5D2-423C-B157-CF0255A5D961,786,1,1,1,Complete,11:40:00,12:54:00,12:54:00,Coho,NA,NA,No,NA,1,0,NA,NA,NA,NA,Site,Index,NA,2,1,NA,NA,NA,NA,9,2022,38
527A963D-CA74-4876-BFEA-F1D837D7E1B5,2022-09-22,Nisqually River,District 11,Nisqually salmon 2022,F9B3BCA5-7E22-4E3F-A2F0-79B818026BA8,10,NA,NA,Handicap Access,0691BAF7-E5D2-423C-B157-CF0255A5D961,786,1,1,1,Complete,16:18:00,18:18:00,18:18:00,Chinook,NA,NA,No,NA,1,0,NA,NA,NA,NA,Site,Index,NA,2,1,NA,NA,NA,NA,9,2022,38
527A963D-CA74-4876-BFEA-F1D837D7E1B5,2022-09-22,Nisqually River,District 11,Nisqually salmon 2022,31AA0912-4923-45A7-BFEE-BCCD0565C982,9,NA,NA,Handicap Access,0691BAF7-E5D2-423C-B157-CF0255A5D961,786,2,2,2,Complete,12:00:00,15:03:00,15:03:00,Chinook,NA,NA,No,NA,1,0,NA,NA,NA,NA,Site,Index,NA,2,1,NA,NA,NA,NA,9,2022,38
26C07673-6A3E-4198-BF4F-E300A186C786,2022-09-23,Nisqually River,District 11,Nisqually salmon 2022,A2B6D51C-90A6-4EE5-A457-5195BD8D1EE8,15,NA,NA,Handicap Access,0691BAF7-E5D2-423C-B157-CF0255A5D961,786,1,1,1,Complete,13:15:00,17:16:00,17:16:00,Chinook,NA,NA,No,NA,1,0,NA,NA,NA,NA,Site,Index,NA,2,1,NA,NA,NA,NA,9,2022,38
26C07673-6A3E-4198-BF4F-E300A186C786,2022-09-23,Nisqually River,District 11,Nisqually salmon 2022,D2C7FAF2-C12B-458D-8F50-C482EDA84A98,13,NA,NA,Handicap Access,0691BAF7-E5D2-423C-B157-CF0255A5D961,786,1,1,1,Complete,13:15:00,16:37:00,16:37:00,Chinook,NA,NA,No,NA,1,0,NA,NA,NA,NA,Site,Index,NA,2,1,NA,NA,NA,NA,9,2022,38
E2487CD8-ADD7-40A5-B41F-38FB4BCC6B42,2022-09-30,Nisqually River,District 11,Nisqually salmon 2022,E9DB3B3E-5C78-4105-A8EF-29F992020482,13,NA,NA,Handicap Access,0691BAF7-E5D2-423C-B157-CF0255A5D961,786,1,1,1,Complete,06:05:00,13:08:00,13:08:00,Chinook,NA,NA,No,NA,1,0,NA,NA,NA,NA,Site,Index,NA,2,1,NA,NA,NA,NA,9,2022,39
DB12E1BA-54D6-4F19-A484-EE9F6D0EBE95,2022-10-05,Nisqually River,District 11,Nisqually salmon 2022,D71ED7C4-4A4A-4723-98BC-78E8FB5E6B80,10,NA,NA,Handicap Access,0691BAF7-E5D2-423C-B157-CF0255A5D961,786,1,1,1,Complete,09:00:00,13:24:00,13:24:00,Coho,NA,NA,No,NA,1,0,NA,NA,NA,NA,Site,Index,NA,2,1,NA,NA,NA,NA,10,2022,40
F9A299E3-5103-4766-BC8D-DBC736FA44F4,2022-09-03,Nisqually River,District 11,Nisqually salmon 2022,13E80EDE-292B-466F-9533-B7E4DDE8DC4E,72,NA,NA,Riverbend Campground Upper,1B1A8A44-E8C3-4D1A-8565-1E62789E716C,786,1,1,1,Complete,11:00:00,15:18:00,15:18:00,Chinook,NA,NA,No,NA,1,0,NA,NA,NA,NA,Site,Index,NA,2,1,NA,NA,NA,NA,9,2022,36
3ADBAE77-3979-469A-81BD-4F3766F9F80A,2022-09-16,Nisqually River,District 11,Nisqually salmon 2022,083A9875-EE27-48F2-A526-0AEFF51FC47F,16,NA,NA,Riverbend Campground Upper,1B1A8A44-E8C3-4D1A-8565-1E62789E716C,786,2,4,2,Complete,08:30:00,14:24:00,14:24:00,Chinook,NA,NA,No,NA,2,0,NA,NA,NA,NA,Site,Index,NA,2,1,NA,NA,NA,NA,9,2022,37
0FAE8CA0-376C-4922-977E-188D7BE8A654,2022-09-20,Nisqually River,District 11,Nisqually salmon 2022,2AC77777-EE6D-4223-8200-45D5DE6F3E3B,1,NA,NA,Riverbend Campground Upper,1B1A8A44-E8C3-4D1A-8565-1E62789E716C,786,1,1,1,Complete,08:30:00,12:30:00,12:30:00,Chinook,NA,NA,No,NA,1,0,NA,NA,NA,NA,Site,Index,NA,2,1,NA,NA,NA,NA,9,2022,38
EE9BEFD3-9062-4DC3-BB0E-59F2E613CF17,2022-09-24,Nisqually River,District 11,Nisqually salmon 2022,4EA2EF8D-8A43-4561-8EAE-CF2C94961309,23,NA,NA,Riverbend Campground Upper,1B1A8A44-E8C3-4D1A-8565-1E62789E716C,786,3,3,3,Complete,10:00:00,18:01:00,18:01:00,Chinook,NA,NA,No,NA,2,0,NA,NA,NA,NA,Site,Index,NA,2,1,NA,NA,NA,NA,9,2022,39
706AB77A-C519-475B-8170-EE46774F0BD1,2022-09-28,Nisqually River,District 11,Nisqually salmon 2022,EBE262D3-A697-471D-B907-030C9DC5BA41,4,NA,NA,Riverbend Campground Upper,1B1A8A44-E8C3-4D1A-8565-1E62789E716C,786,2,2,2,Complete,06:30:00,08:18:00,08:18:00,Chinook,NA,NA,No,NA,2,0,NA,NA,NA,NA,Site,Index,NA,2,1,NA,NA,NA,NA,9,2022,39
706AB77A-C519-475B-8170-EE46774F0BD1,2022-09-28,Nisqually River,District 11,Nisqually salmon 2022,C2BB14BF-AB52-456B-8858-D399BFD4CBFF,6,NA,NA,Riverbend Campground Upper,1B1A8A44-E8C3-4D1A-8565-1E62789E716C,786,4,4,4,Complete,06:05:00,08:56:00,08:56:00,Chinook,NA,NA,No,NA,3,0,NA,NA,NA,NA,Site,Index,NA,2,1,NA,NA,NA,NA,9,2022,39
706AB77A-C519-475B-8170-EE46774F0BD1,2022-09-28,Nisqually River,District 11,Nisqually salmon 2022,D55FA417-CA0E-4338-B42D-4EDF3DCB7A47,7,NA,NA,Riverbend Campground Upper,1B1A8A44-E8C3-4D1A-8565-1E62789E716C,786,1,1,1,Complete,07:30:00,09:08:00,09:08:00,Chinook,NA,NA,No,NA,1,0,NA,NA,NA,NA,Site,Index,NA,2,1,NA,NA,NA,NA,9,2022,39
706AB77A-C519-475B-8170-EE46774F0BD1,2022-09-28,Nisqually River,District 11,Nisqually salmon 2022,5156F5F2-279E-4D85-A766-9451A5F99719,10,NA,NA,Riverbend Campground Upper,1B1A8A44-E8C3-4D1A-8565-1E62789E716C,786,1,1,1,Complete,07:00:00,10:34:00,10:34:00,Chinook,NA,NA,No,NA,1,0,NA,NA,NA,NA,Site,Index,NA,2,1,NA,NA,NA,NA,9,2022,39
706AB77A-C519-475B-8170-EE46774F0BD1,2022-09-28,Nisqually River,District 11,Nisqually salmon 2022,6443BD28-0ACA-4668-8E1C-68360DDDC7B3,15,NA,NA,Riverbend Campground Upper,1B1A8A44-E8C3-4D1A-8565-1E62789E716C,786,2,2,2,Complete,06:30:00,13:15:00,13:15:00,Chinook,NA,NA,No,NA,1,0,NA,NA,NA,NA,Site,Index,NA,2,1,NA,NA,NA,NA,9,2022,39
706AB77A-C519-475B-8170-EE46774F0BD1,2022-09-28,Nisqually River,District 11,Nisqually salmon 2022,172071D6-CF06-4521-85BC-72658FEBCCD1,16,NA,NA,Riverbend Campground Upper,1B1A8A44-E8C3-4D1A-8565-1E62789E716C,786,1,1,1,Complete,06:05:00,13:20:00,13:20:00,Chinook,NA,NA,No,NA,1,0,NA,NA,NA,NA,Site,Index,NA,2,1,NA,NA,NA,NA,9,2022,39
7009EAAB-FE13-4BFF-982C-D50518FAF6C0,2022-10-01,Nisqually River,District 11,Nisqually salmon 2022,627D2ACC-94DD-4446-840E-7FABEE975663,19,NA,NA,Riverbend Campground Upper,1B1A8A44-E8C3-4D1A-8565-1E62789E716C,786,2,2,2,Complete,07:30:00,12:40:00,12:40:00,Chinook,NA,NA,No,NA,1,0,NA,NA,NA,NA,Site,Index,NA,2,1,NA,NA,NA,NA,10,2022,40
7009EAAB-FE13-4BFF-982C-D50518FAF6C0,2022-10-01,Nisqually River,District 11,Nisqually salmon 2022,AF9213D5-E2E6-4CD1-A7F1-F307FEA18E1D,9,NA,NA,Riverbend Campground Upper,1B1A8A44-E8C3-4D1A-8565-1E62789E716C,786,2,2,2,Complete,06:15:00,09:47:00,09:47:00,Chinook,NA,NA,No,NA,1,0,NA,NA,NA,NA,Site,Index,NA,2,1,NA,NA,NA,NA,10,2022,40
7009EAAB-FE13-4BFF-982C-D50518FAF6C0,2022-10-01,Nisqually River,District 11,Nisqually salmon 2022,3DBAC6FE-FE64-47FF-8E93-DDB6BFFAD95B,17,NA,NA,Riverbend Campground Upper,1B1A8A44-E8C3-4D1A-8565-1E62789E716C,786,1,1,1,Complete,10:00:00,12:15:00,12:15:00,Chinook,NA,NA,No,NA,1,0,NA,NA,NA,NA,Site,Index,NA,2,1,NA,NA,NA,NA,10,2022,40
37CC2660-55CB-4B68-951F-42EBAB7456C9,2022-10-05,Nisqually River,District 11,Nisqually salmon 2022,6AE13C0E-9D9B-4F81-8B08-AE3D7F623130,1,NA,NA,Riverbend Campground Upper,1B1A8A44-E8C3-4D1A-8565-1E62789E716C,786,1,1,1,Complete,06:15:00,11:16:00,11:16:00,Coho,NA,NA,No,NA,1,0,NA,NA,NA,NA,Site,Index,NA,2,1,NA,NA,NA,NA,10,2022,40
58A108F6-7A65-4FA4-90EC-8023AB136910,2022-10-14,Nisqually River,District 11,Nisqually salmon 2022,D941B08B-CE1B-4466-9531-9F32BF541C85,2,NA,NA,Riverbend Campground Upper,1B1A8A44-E8C3-4D1A-8565-1E62789E716C,786,1,1,1,Complete,06:30:00,11:03:00,11:03:00,Coho,NA,NA,No,NA,1,0,NA,NA,NA,NA,Site,Index,NA,2,1,NA,NA,NA,NA,10,2022,41
A86703E2-1BBC-424D-BD5B-13433C6F4042,2022-10-15,Nisqually River,District 11,Nisqually salmon 2022,0457A0E5-C22A-458E-97FF-293F88CCD630,4,NA,NA,Riverbend Campground Upper,1B1A8A44-E8C3-4D1A-8565-1E62789E716C,786,1,1,1,Complete,06:40:00,09:28:00,09:28:00,Coho,NA,NA,No,NA,1,0,NA,NA,NA,NA,Site,Index,NA,2,1,NA,NA,NA,NA,10,2022,42
16F50EE3-EE37-4FE7-AB39-1AE91B1B21D5,2022-10-15,Nisqually River,District 11,Nisqually salmon 2022,73BFE5D8-8227-42BB-9766-68D7941136FE,2,NA,NA,Riverbend Campground Upper,1B1A8A44-E8C3-4D1A-8565-1E62789E716C,786,4,4,4,Complete,10:15:00,12:41:00,12:41:00,Coho,NA,NA,No,NA,2,0,NA,NA,NA,NA,Site,Index,NA,2,1,NA,NA,NA,NA,10,2022,42
684AE660-2C46-4644-ADE3-CE54F785827D,2022-09-22,Nisqually River,District 11,Nisqually salmon 2022,D0685A1A-D6D0-43E0-B29A-EE39E42BD595,3,NA,NA,I-5,6DCE6A0F-3E49-490F-979A-125F97981743,786,1,1,1,Complete,11:00:00,13:18:00,13:18:00,Chinook,NA,NA,No,NA,1,0,NA,NA,NA,NA,Site,Index,NA,2,1,NA,NA,NA,NA,9,2022,38
26C07673-6A3E-4198-BF4F-E300A186C786,2022-09-23,Nisqually River,District 11,Nisqually salmon 2022,6155ADBE-50DA-43D1-869A-417C0FAE3F21,2,NA,NA,I-5,6DCE6A0F-3E49-490F-979A-125F97981743,786,2,2,2,Complete,10:00:00,11:33:00,11:33:00,Chinook,NA,NA,No,NA,1,0,NA,NA,NA,NA,Site,Index,NA,2,1,NA,NA,NA,NA,9,2022,38
26C07673-6A3E-4198-BF4F-E300A186C786,2022-09-23,Nisqually River,District 11,Nisqually salmon 2022,283EEDA4-7CCF-4891-92A5-5B08626772CD,7,NA,NA,I-5,6DCE6A0F-3E49-490F-979A-125F97981743,786,3,3,3,Complete,09:30:00,13:11:00,13:11:00,Chinook,NA,NA,No,NA,3,0,NA,NA,NA,NA,Site,Index,NA,2,1,NA,NA,NA,NA,9,2022,38
CC0163F7-A12E-4904-B194-ECD489201C65,2022-09-24,Nisqually River,District 11,Nisqually salmon 2022,4DBEE4C8-C698-4101-AF8C-BEB6F2CFFE10,10,NA,NA,I-5,6DCE6A0F-3E49-490F-979A-125F97981743,786,2,2,2,Complete,00:00:00,12:47:00,12:47:00,Chinook,NA,NA,No,NA,1,0,NA,NA,NA,NA,Site,Index,NA,2,1,NA,NA,NA,NA,9,2022,39
9FDC41B6-B4EA-49C9-8D32-EAC70A588AFA,2022-08-19,Nisqually River,District 11,Nisqually salmon 2022,55E01BD3-7BF7-43FA-891A-7D750B6296DF,8,NA,NA,Riverbend Campground Lower,6FA0995E-398E-4558-A8F7-14EC168C09C7,786,2,2,2,Complete,07:00:00,14:41:00,14:41:00,Chinook,NA,NA,No,NA,1,1,NA,NA,NA,NA,Site,Index,NA,2,1,NA,NA,NA,NA,8,2022,33
04A42C99-5397-470D-9751-82938AAC7F56,2022-09-03,Nisqually River,District 11,Nisqually salmon 2022,87662BCE-86F3-4343-904D-EB39F2BAF028,6,NA,NA,Riverbend Campground Lower,6FA0995E-398E-4558-A8F7-14EC168C09C7,786,1,1,1,Complete,06:00:00,10:57:00,10:57:00,Chinook,NA,NA,No,NA,1,0,NA,NA,NA,NA,Site,Index,NA,2,1,NA,NA,NA,NA,9,2022,36
7F6D942E-D1CB-4D2C-BF3B-5306C8852CF9,2022-09-08,Nisqually River,District 11,Nisqually salmon 2022,A920FDA9-97FE-40EE-B160-B7D1B68734ED,10,NA,NA,Riverbend Campground Lower,6FA0995E-398E-4558-A8F7-14EC168C09C7,786,1,3,1,Complete,13:39:00,17:58:00,17:58:00,Chinook,NA,NA,No,NA,1,0,NA,NA,NA,NA,Site,Index,NA,2,1,NA,NA,NA,NA,9,2022,36
816E5ABC-C4B7-4C71-A6A8-286CF7703D4F,2022-09-10,Nisqually River,District 11,Nisqually salmon 2022,2E1B7E16-16E0-4BE3-829A-9A639EA7425A,14,NA,NA,Riverbend Campground Lower,6FA0995E-398E-4558-A8F7-14EC168C09C7,786,3,4,4,Complete,08:00:00,15:42:00,15:42:00,Chinook,NA,NA,No,NA,1,1,NA,NA,NA,NA,Site,Index,NA,2,1,NA,NA,NA,NA,9,2022,37
538A4AAF-E27F-4B57-A91A-041FE9162125,2022-09-20,Nisqually River,District 11,Nisqually salmon 2022,D639A7C6-7A71-43A3-8F27-6A490BFCC754,7,NA,NA,Riverbend Campground Lower,6FA0995E-398E-4558-A8F7-14EC168C09C7,786,1,1,1,Complete,11:00:00,14:20:00,14:20:00,Chinook,NA,NA,No,NA,1,0,NA,NA,NA,NA,Site,Index,NA,2,1,NA,NA,NA,NA,9,2022,38
538A4AAF-E27F-4B57-A91A-041FE9162125,2022-09-20,Nisqually River,District 11,Nisqually salmon 2022,5952FFC3-16D9-47DE-8927-700416577AF3,6,Boat,NA,Riverbend Campground Lower,6FA0995E-398E-4558-A8F7-14EC168C09C7,786,2,2,2,Complete,13:00:00,13:49:00,13:49:00,Chinook,NA,Trailered Motorized Boat,Yes,Boat,1,1,NA,NA,NA,Launched at lower river bend fished zone 2 for 30min,Site,Index,NA,2,1,NA,NA,NA,NA,9,2022,38
527A963D-CA74-4876-BFEA-F1D837D7E1B5,2022-09-22,Nisqually River,District 11,Nisqually salmon 2022,4D0A5C8F-2285-4640-B0A3-EF5BCA623C7B,5,NA,NA,Riverbend Campground Lower,6FA0995E-398E-4558-A8F7-14EC168C09C7,786,1,1,1,Complete,06:00:00,12:40:00,12:40:00,Chinook,NA,NA,No,NA,1,0,NA,NA,NA,NA,Site,Index,NA,2,1,NA,NA,NA,NA,9,2022,38
527A963D-CA74-4876-BFEA-F1D837D7E1B5,2022-09-22,Nisqually River,District 11,Nisqually salmon 2022,FE784137-74BC-4C63-975B-7698E39B7263,7,NA,NA,Riverbend Campground Lower,6FA0995E-398E-4558-A8F7-14EC168C09C7,786,1,1,1,Complete,06:00:00,13:14:00,13:14:00,Chinook,NA,NA,No,NA,1,0,NA,NA,NA,NA,Site,Index,NA,2,1,NA,NA,NA,NA,9,2022,38
527A963D-CA74-4876-BFEA-F1D837D7E1B5,2022-09-22,Nisqually River,District 11,Nisqually salmon 2022,8D0570E2-AABA-4A26-A13A-AAB2906269BF,16,NA,NA,Riverbend Campground Lower,6FA0995E-398E-4558-A8F7-14EC168C09C7,786,1,2,1,Complete,16:30:00,19:18:00,19:18:00,Chinook,NA,NA,No,NA,1,0,NA,NA,NA,Lower bend fished zone 2,Site,Index,NA,2,1,NA,NA,NA,NA,9,2022,38
527A963D-CA74-4876-BFEA-F1D837D7E1B5,2022-09-22,Nisqually River,District 11,Nisqually salmon 2022,A7B7CA7D-EB7B-4125-8BCB-112C88883037,17,Bank,NA,Riverbend Campground Lower,6FA0995E-398E-4558-A8F7-14EC168C09C7,786,1,2,2,Complete,17:30:00,19:22:00,19:22:00,Chinook,NA,NA,No,NA,1,0,NA,NA,NA,NA,Site,Index,NA,2,1,NA,NA,NA,NA,9,2022,38
34F98B52-BCEF-4FD7-967D-5DBFDF108256,2022-09-23,Nisqually River,District 11,Nisqually salmon 2022,E7F30D6E-5FB4-45B0-8D03-5DFCE1CD7852,17,NA,NA,Riverbend Campground Lower,6FA0995E-398E-4558-A8F7-14EC168C09C7,786,1,1,1,Complete,06:30:00,13:08:00,13:08:00,Chinook,NA,NA,No,NA,1,0,NA,NA,NA,NA,Site,Index,NA,2,1,NA,NA,NA,NA,9,2022,38
34F98B52-BCEF-4FD7-967D-5DBFDF108256,2022-09-23,Nisqually River,District 11,Nisqually salmon 2022,920AC606-016D-482B-8386-26844148C2C8,18,NA,NA,Riverbend Campground Lower,6FA0995E-398E-4558-A8F7-14EC168C09C7,786,1,1,1,Complete,07:00:00,13:12:00,13:12:00,Chinook,NA,NA,No,NA,1,0,NA,NA,NA,NA,Site,Index,NA,2,1,NA,NA,NA,NA,9,2022,38
EE9BEFD3-9062-4DC3-BB0E-59F2E613CF17,2022-09-24,Nisqually River,District 11,Nisqually salmon 2022,3E0DB9BE-2C5A-4C64-82D6-BF98D0131B3F,15,NA,NA,Riverbend Campground Lower,6FA0995E-398E-4558-A8F7-14EC168C09C7,786,1,1,2,Complete,06:30:00,16:23:00,16:23:00,Chinook,NA,NA,No,NA,1,0,NA,NA,NA,NA,Site,Index,NA,2,1,NA,NA,NA,NA,9,2022,39
EE9BEFD3-9062-4DC3-BB0E-59F2E613CF17,2022-09-24,Nisqually River,District 11,Nisqually salmon 2022,4504124F-5037-40E8-8260-20EE60181DFC,14,NA,NA,Riverbend Campground Lower,6FA0995E-398E-4558-A8F7-14EC168C09C7,786,1,3,1,Complete,05:30:00,15:53:00,15:53:00,Chinook,NA,NA,No,NA,1,1,NA,NA,NA,NA,Site,Index,NA,2,1,NA,NA,NA,NA,9,2022,39
EE9BEFD3-9062-4DC3-BB0E-59F2E613CF17,2022-09-24,Nisqually River,District 11,Nisqually salmon 2022,56BB9C0F-DC7A-4B89-A71A-BB4ABE382107,16,NA,NA,Riverbend Campground Lower,6FA0995E-398E-4558-A8F7-14EC168C09C7,786,1,1,1,Complete,15:20:00,16:40:00,16:40:00,Chinook,NA,NA,No,NA,1,0,NA,NA,NA,NA,Site,Index,NA,2,1,NA,NA,NA,NA,9,2022,39
478345A9-B8C4-4FE2-82C2-ECB841F61FA5,2022-09-28,Nisqually River,District 11,Nisqually salmon 2022,25F8DAD2-3968-42CB-9499-97DF56892A92,30,NA,NA,Riverbend Campground Lower,6FA0995E-398E-4558-A8F7-14EC168C09C7,786,4,4,4,Complete,12:58:00,14:58:00,14:58:00,Coho,NA,NA,No,NA,1,0,NA,NA,NA,NA,Site,Index,NA,2,1,NA,NA,NA,NA,9,2022,39
CC9235FD-6509-46A6-AF25-7D62EBF14A23,2022-09-29,Nisqually River,District 11,Nisqually salmon 2022,34AEE851-64D1-4A4E-8D95-DAECB264B1B6,5,NA,NA,Riverbend Campground Lower,6FA0995E-398E-4558-A8F7-14EC168C09C7,786,2,2,2,Complete,08:15:00,14:08:00,14:08:00,Chinook,NA,NA,No,NA,1,0,NA,NA,NA,NA,Site,Index,NA,2,1,NA,NA,NA,NA,9,2022,39
CC9235FD-6509-46A6-AF25-7D62EBF14A23,2022-09-29,Nisqually River,District 11,Nisqually salmon 2022,0F5BCD04-ED84-4477-A7E3-49F3391F096B,3,NA,NA,Riverbend Campground Lower,6FA0995E-398E-4558-A8F7-14EC168C09C7,786,1,1,1,Complete,06:05:00,12:48:00,12:48:00,Chinook,NA,NA,No,NA,1,0,NA,NA,NA,NA,Site,Index,NA,2,1,NA,NA,NA,NA,9,2022,39
AE63CD7B-B012-4252-9888-5F80BD9754F6,2022-09-30,Nisqually River,District 11,Nisqually salmon 2022,BF71DBCD-C352-40D2-A152-F2E7CEB28515,21,Boat,NA,Riverbend Campground Lower,6FA0995E-398E-4558-A8F7-14EC168C09C7,786,2,2,2,Complete,08:03:00,13:03:00,13:03:00,Chinook,NA,Drift Boat/ Raft,Yes,Boat,1,1,NA,NA,NA,Launched at 6 iat power plant fished zone 2,Site,Index,NA,2,1,NA,NA,NA,NA,9,2022,39
AE63CD7B-B012-4252-9888-5F80BD9754F6,2022-09-30,Nisqually River,District 11,Nisqually salmon 2022,BCBE38F1-5A45-4E23-A571-4A3326AE3AFA,11,Bank,NA,Riverbend Campground Lower,6FA0995E-398E-4558-A8F7-14EC168C09C7,786,1,1,1,Complete,06:00:00,11:03:00,11:03:00,Chinook,NA,NA,No,NA,1,0,NA,NA,NA,NA,Site,Index,NA,2,1,NA,NA,NA,NA,9,2022,39
AE63CD7B-B012-4252-9888-5F80BD9754F6,2022-09-30,Nisqually River,District 11,Nisqually salmon 2022,730E294E-99BC-4B60-A198-3E5EB5EAF04C,3,NA,NA,Riverbend Campground Lower,6FA0995E-398E-4558-A8F7-14EC168C09C7,786,1,1,1,Complete,07:00:00,08:44:00,08:44:00,Chinook,NA,NA,No,NA,1,0,NA,NA,NA,NA,Site,Index,NA,2,1,NA,NA,NA,NA,9,2022,39
AE63CD7B-B012-4252-9888-5F80BD9754F6,2022-09-30,Nisqually River,District 11,Nisqually salmon 2022,61B3C30D-7E4B-40BE-BC93-6CC793643C16,25,NA,NA,Riverbend Campground Lower,6FA0995E-398E-4558-A8F7-14EC168C09C7,786,2,2,2,Complete,07:00:00,13:31:00,13:31:00,Chinook,NA,NA,No,NA,1,1,NA,NA,NA,NA,Site,Index,NA,2,1,NA,NA,NA,NA,9,2022,39
99F29ECC-DA48-4CF6-B8DA-3FF09B03315F,2022-10-01,Nisqually River,District 11,Nisqually salmon 2022,A4A1EE1D-A816-4B86-BA18-F3033E9783F3,20,NA,NA,Riverbend Campground Lower,6FA0995E-398E-4558-A8F7-14EC168C09C7,786,3,3,3,Complete,06:00:00,15:04:00,15:04:00,Coho,NA,Drift Boat/ Raft,Yes,Boat,0,0,NA,NA,NA,NA,Site,Index,NA,2,1,NA,NA,NA,NA,10,2022,40
99F29ECC-DA48-4CF6-B8DA-3FF09B03315F,2022-10-01,Nisqually River,District 11,Nisqually salmon 2022,7FCFDC10-4746-4E15-A06D-7E251B9EBD41,22,NA,NA,Riverbend Campground Lower,6FA0995E-398E-4558-A8F7-14EC168C09C7,786,3,3,3,Complete,06:30:00,15:28:00,15:28:00,Coho,NA,Drift Boat/ Raft,Yes,Boat,2,2,NA,NA,NA,NA,Site,Index,NA,2,1,NA,NA,NA,NA,10,2022,40
02318AC5-9755-4E6C-89DB-2B21E533EDAC,2022-10-06,Nisqually River,District 11,Nisqually salmon 2022,87F1F145-C32C-4332-A2AB-1C1B531A86FB,17,NA,NA,Riverbend Campground Lower,6FA0995E-398E-4558-A8F7-14EC168C09C7,786,4,4,4,Complete,10:20:00,14:31:00,14:31:00,Coho,NA,Drift Boat/ Raft,Yes,Boat,1,0,NA,NA,NA,Fished zone 2 launched from power plant around 9,Site,Index,NA,2,1,NA,NA,NA,NA,10,2022,40
02318AC5-9755-4E6C-89DB-2B21E533EDAC,2022-10-06,Nisqually River,District 11,Nisqually salmon 2022,9F865D2E-2C5D-4443-AFEF-2F4BDBC01234,19,Bank,NA,Riverbend Campground Lower,6FA0995E-398E-4558-A8F7-14EC168C09C7,786,1,1,1,Complete,08:30:00,16:08:00,16:09:00,Chinook,NA,NA,No,NA,1,0,NA,NA,NA,NA,Site,Index,NA,2,1,NA,NA,NA,NA,10,2022,40
02318AC5-9755-4E6C-89DB-2B21E533EDAC,2022-10-06,Nisqually River,District 11,Nisqually salmon 2022,42C32EA5-401B-4205-AD92-52ABC3C670F6,14,NA,NA,Riverbend Campground Lower,6FA0995E-398E-4558-A8F7-14EC168C09C7,786,4,4,4,Complete,07:30:00,13:46:00,13:46:00,Coho,NA,Pontoon/Kick/Kayak/Dinghy,Yes,Boat,1,0,NA,NA,NA,"Launched at power plant, fished zone 2 and launched around 6:00",Site,Index,NA,2,1,NA,NA,NA,NA,10,2022,40
7080FC74-0416-48E9-AD3B-8C0A534F6F3A,2022-10-08,Nisqually River,District 11,Nisqually salmon 2022,3FDC1949-9698-4627-8D74-BD25E2C38B6F,13,Boat,NA,Riverbend Campground Lower,6FA0995E-398E-4558-A8F7-14EC168C09C7,786,3,5,3,Complete,07:20:00,14:37:00,14:37:00,Coho,NA,Drift Boat/ Raft,Yes,Boat,3,1,NA,NA,NA,Launched at power plant fished zone 2-3 started fishinng @ 7:20,Site,Index,NA,2,1,NA,NA,NA,NA,10,2022,41
2EDD413E-1D04-4FB0-A512-016ECA5CF4AF,2022-10-20,Nisqually River,District 11,Nisqually salmon 2022,236011BE-5744-4A30-A1FE-212A1EA6A1DF,5,NA,NA,Riverbend Campground Lower,6FA0995E-398E-4558-A8F7-14EC168C09C7,786,3,3,3,Complete,10:00:00,15:59:00,15:59:00,Coho,NA,Drift Boat/ Raft,Yes,Boat,1,0,NA,NA,NA,NA,Site,Index,NA,2,1,NA,NA,NA,NA,10,2022,42
A2D2523F-B04E-48D1-BC20-FBB214E609D3,2022-10-29,Nisqually River,District 11,Nisqually salmon 2022,5D7A6AC4-4E8C-4BBE-A8A8-A691F5A40831,4,NA,NA,Nisqually section 3,76BEAFBA-74A5-4FF4-8F4A-A76B3D37312D,786,3,3,3,Complete,07:00:00,12:03:00,12:03:00,Coho,NA,Drift Boat/ Raft,Yes,Boat,1,0,NA,NA,NA,NA,Section,Census,NA,3,1,1,1,NA,NA,10,2022,44
B1441306-84E9-4A71-8EED-35195F139D1F,2022-07-01,Nisqually River,District 11,Nisqually salmon 2022,40C5F39E-29FA-4918-A381-DA2F4B18B52E,2,NA,Fort Lewis,Fort Lewis,9E5C07F8-2874-4E94-8E1E-5707D4B022D1,786,1,1,1,Complete,06:00:00,14:00:00,14:00:00,Chinook,NA,NA,No,NA,1,0,NA,NA,NA,NA,Site,Index,NA,2,1,NA,NA,NA,NA,7,2022,26
B290ED56-189F-47AE-A62A-1DCCE3F0B3C8,2022-08-13,Nisqually River,District 11,Nisqually salmon 2022,854E1C8F-1536-4959-A1D3-AB2D7ED6D260,22,NA,NA,Fort Lewis,9E5C07F8-2874-4E94-8E1E-5707D4B022D1,786,1,1,1,Complete,10:45:00,17:16:00,17:16:00,Chinook,NA,NA,No,NA,1,0,NA,NA,NA,NA,Site,Index,NA,2,1,NA,NA,NA,NA,8,2022,33
A35EB263-4E9F-4F14-A69B-F4E9650851F3,2022-08-18,Nisqually River,District 11,Nisqually salmon 2022,1C943936-0F23-47A9-84EB-206B089E640A,18,NA,NA,Fort Lewis,9E5C07F8-2874-4E94-8E1E-5707D4B022D1,786,1,1,1,Complete,07:30:00,10:05:00,10:05:00,Chinook,NA,NA,No,NA,1,0,NA,NA,NA,NA,Site,Index,NA,2,1,NA,NA,NA,NA,8,2022,33
A35EB263-4E9F-4F14-A69B-F4E9650851F3,2022-08-18,Nisqually River,District 11,Nisqually salmon 2022,2BD4C762-2439-44A3-8778-93798883B9AE,7,NA,NA,Fort Lewis,9E5C07F8-2874-4E94-8E1E-5707D4B022D1,786,1,1,1,Complete,05:15:00,08:37:00,08:37:00,Chinook,NA,NA,No,NA,1,0,NA,NA,NA,NA,Site,Index,NA,2,1,NA,NA,NA,NA,8,2022,33
A35EB263-4E9F-4F14-A69B-F4E9650851F3,2022-08-18,Nisqually River,District 11,Nisqually salmon 2022,7EB17940-2D4D-4E29-AF75-EBDB501C88C3,28,NA,NA,Fort Lewis,9E5C07F8-2874-4E94-8E1E-5707D4B022D1,786,1,1,1,Complete,08:00:00,10:44:00,10:44:00,Chinook,NA,NA,No,NA,1,0,NA,NA,NA,NA,Site,Index,NA,2,1,NA,NA,NA,NA,8,2022,33
A35EB263-4E9F-4F14-A69B-F4E9650851F3,2022-08-18,Nisqually River,District 11,Nisqually salmon 2022,63465906-E0C2-4127-B8E2-CFC60FD23299,34,NA,NA,Fort Lewis,9E5C07F8-2874-4E94-8E1E-5707D4B022D1,786,1,1,1,Complete,07:30:00,11:43:00,11:43:00,Chinook,NA,NA,No,NA,1,0,NA,NA,NA,NA,Site,Index,NA,2,1,NA,NA,NA,NA,8,2022,33
A35EB263-4E9F-4F14-A69B-F4E9650851F3,2022-08-18,Nisqually River,District 11,Nisqually salmon 2022,F322627F-E7BE-4B60-BEC7-9D449F697B95,40,NA,NA,Fort Lewis,9E5C07F8-2874-4E94-8E1E-5707D4B022D1,786,1,1,1,Complete,08:30:00,12:32:00,12:32:00,Chinook,NA,NA,No,NA,1,0,NA,NA,NA,NA,Site,Index,NA,2,1,NA,NA,NA,NA,8,2022,33
A7E3FCB4-1E5B-43C9-9C41-0F187422BC79,2022-08-19,Nisqually River,District 11,Nisqually salmon 2022,6FA1C64A-E7E2-4870-902D-114661D58F61,21,NA,NA,Fort Lewis,9E5C07F8-2874-4E94-8E1E-5707D4B022D1,786,1,1,1,Complete,06:00:00,11:00:00,11:00:00,Chinook,NA,NA,No,NA,1,0,NA,NA,NA,NA,Site,Index,NA,2,1,NA,NA,NA,NA,8,2022,33
A7E3FCB4-1E5B-43C9-9C41-0F187422BC79,2022-08-19,Nisqually River,District 11,Nisqually salmon 2022,C1252901-4755-43D9-9D44-7427312CE229,24,NA,NA,Fort Lewis,9E5C07F8-2874-4E94-8E1E-5707D4B022D1,786,1,1,1,Complete,07:00:00,11:28:00,11:28:00,Chinook,NA,NA,No,NA,1,0,NA,NA,NA,NA,Site,Index,NA,2,1,NA,NA,NA,NA,8,2022,33
A7E3FCB4-1E5B-43C9-9C41-0F187422BC79,2022-08-19,Nisqually River,District 11,Nisqually salmon 2022,ABE0F3C8-6D81-4978-B386-EEA92F32A6C7,28,NA,NA,Fort Lewis,9E5C07F8-2874-4E94-8E1E-5707D4B022D1,786,1,1,1,Complete,07:00:00,12:07:00,12:07:00,Chinook,NA,NA,No,NA,1,0,NA,NA,NA,NA,Site,Index,NA,2,1,NA,NA,NA,NA,8,2022,33
4C986D4F-38D1-42F4-94FF-2212162D7FB2,2022-08-20,Nisqually River,District 11,Nisqually salmon 2022,C363579C-8575-4B7E-A8B3-79B2F46B5A53,6,NA,NA,Fort Lewis,9E5C07F8-2874-4E94-8E1E-5707D4B022D1,786,1,1,1,Complete,12:00:00,16:05:00,16:05:00,Chinook,NA,NA,No,NA,1,0,NA,NA,NA,NA,Site,Index,NA,2,1,NA,NA,NA,NA,8,2022,34
4C986D4F-38D1-42F4-94FF-2212162D7FB2,2022-08-20,Nisqually River,District 11,Nisqually salmon 2022,6CC03F93-6CBD-4BE3-8B96-AD729F7D17D6,27,NA,NA,Fort Lewis,9E5C07F8-2874-4E94-8E1E-5707D4B022D1,786,2,2,2,Complete,06:00:00,20:10:00,20:10:00,Chinook,NA,Trailered Motorized Boat,Yes,Boat,1,1,NA,NA,NA,NA,Site,Index,NA,2,1,NA,NA,NA,NA,8,2022,34
4C986D4F-38D1-42F4-94FF-2212162D7FB2,2022-08-20,Nisqually River,District 11,Nisqually salmon 2022,CA276E61-00CC-46D5-A8DF-0FC08EFAF19E,30,NA,NA,Fort Lewis,9E5C07F8-2874-4E94-8E1E-5707D4B022D1,786,2,2,2,Complete,06:00:00,20:13:00,20:13:00,Chinook,NA,Trailered Motorized Boat,Yes,Boat,1,1,NA,NA,NA,NA,Site,Index,NA,2,1,NA,NA,NA,NA,8,2022,34
4C986D4F-38D1-42F4-94FF-2212162D7FB2,2022-08-20,Nisqually River,District 11,Nisqually salmon 2022,4100048B-453E-44DD-86D3-EE9E70950452,35,NA,NA,Fort Lewis,9E5C07F8-2874-4E94-8E1E-5707D4B022D1,786,1,1,1,Complete,07:00:00,20:40:00,20:40:00,Chinook,NA,NA,No,NA,1,0,NA,NA,NA,NA,Site,Index,NA,2,1,NA,NA,NA,NA,8,2022,34
1CBF1118-D2D5-4312-838F-3BE51726696E,2022-08-20,Nisqually River,District 11,Nisqually salmon 2022,935864FE-DC19-4818-8FA9-073D4EBD74EF,34,NA,NA,Fort Lewis,9E5C07F8-2874-4E94-8E1E-5707D4B022D1,786,2,2,2,Complete,07:15:00,13:59:00,13:59:00,Chinook,NA,Drift Boat/ Raft,Yes,Boat,1,1,NA,NA,NA,NA,Site,Index,NA,2,1,NA,NA,NA,NA,8,2022,34
9D562E70-4164-4DB1-8596-766579580915,2022-08-20,Nisqually River,District 11,Nisqually salmon 2022,D954C197-B1C8-4974-B844-6D1993D6135F,28,NA,NA,Fort Lewis,9E5C07F8-2874-4E94-8E1E-5707D4B022D1,786,1,1,1,Complete,05:16:00,09:16:00,09:16:00,Chinook,NA,NA,No,NA,1,0,NA,NA,NA,NA,Site,Index,NA,2,1,NA,NA,NA,NA,8,2022,34
9D562E70-4164-4DB1-8596-766579580915,2022-08-20,Nisqually River,District 11,Nisqually salmon 2022,1CBA4DC5-56BF-4A12-A60B-050A82177771,36,NA,NA,Fort Lewis,9E5C07F8-2874-4E94-8E1E-5707D4B022D1,786,1,1,1,Complete,06:15:00,10:55:00,10:55:00,Chinook,NA,NA,No,NA,1,0,NA,NA,NA,NA,Site,Index,NA,2,1,NA,NA,NA,NA,8,2022,34
9D562E70-4164-4DB1-8596-766579580915,2022-08-20,Nisqually River,District 11,Nisqually salmon 2022,B9CBB34A-D40A-40D7-BE12-75580959E106,37,NA,NA,Fort Lewis,9E5C07F8-2874-4E94-8E1E-5707D4B022D1,786,2,2,2,Complete,06:30:00,11:01:00,11:01:00,Chinook,NA,NA,No,NA,1,0,NA,NA,NA,NA,Site,Index,NA,2,1,NA,NA,NA,NA,8,2022,34
300D3FDE-463D-409A-8838-10263E70A19C,2022-08-25,Nisqually River,District 11,Nisqually salmon 2022,695A2417-1EF1-4DD8-AA0E-47D2665266A8,27,NA,NA,Fort Lewis,9E5C07F8-2874-4E94-8E1E-5707D4B022D1,786,1,1,1,Complete,08:00:00,11:11:00,11:11:00,Chinook,NA,NA,No,NA,1,0,NA,NA,NA,NA,Site,Index,NA,2,1,NA,NA,NA,NA,8,2022,34
300D3FDE-463D-409A-8838-10263E70A19C,2022-08-25,Nisqually River,District 11,Nisqually salmon 2022,F6D9F984-879A-482F-AF9D-DFCD32D01752,35,NA,NA,Fort Lewis,9E5C07F8-2874-4E94-8E1E-5707D4B022D1,786,1,1,1,Complete,07:00:00,11:36:00,11:36:00,Chinook,NA,NA,No,NA,1,0,NA,NA,NA,NA,Site,Index,NA,2,1,NA,NA,NA,NA,8,2022,34
43470EBE-EECC-4F77-9956-CDB83E6F4F68,2022-08-25,Nisqually River,District 11,Nisqually salmon 2022,33E9D160-B2A7-4732-83D3-7852DA27B02F,1,NA,NA,Fort Lewis,9E5C07F8-2874-4E94-8E1E-5707D4B022D1,786,1,1,1,Complete,06:00:00,12:01:00,12:01:00,Chinook,NA,NA,No,NA,1,0,NA,NA,NA,NA,Site,Index,NA,2,1,NA,NA,NA,NA,8,2022,34
300D3FDE-463D-409A-8838-10263E70A19C,2022-08-25,Nisqually River,District 11,Nisqually salmon 2022,F04B57CE-8965-4E9F-B69C-686619A320F9,30,NA,NA,Fort Lewis,9E5C07F8-2874-4E94-8E1E-5707D4B022D1,786,1,1,1,Complete,07:00:00,11:17:00,11:17:00,Chinook,NA,NA,No,NA,1,0,NA,NA,NA,NA,Site,Index,NA,2,1,NA,NA,NA,NA,8,2022,34
300D3FDE-463D-409A-8838-10263E70A19C,2022-08-25,Nisqually River,District 11,Nisqually salmon 2022,666C1831-292D-434A-A030-1611DB7C2F62,46,NA,NA,Fort Lewis,9E5C07F8-2874-4E94-8E1E-5707D4B022D1,786,1,1,1,Complete,07:00:00,14:52:00,14:52:00,Chinook,NA,NA,No,NA,1,0,NA,NA,NA,NA,Site,Index,NA,2,1,NA,NA,NA,NA,8,2022,34
6BF5FAE4-9F8F-4ABB-B0FA-AFBDE063A757,2022-08-26,Nisqually River,District 11,Nisqually salmon 2022,EE301218-9278-4E4E-BD90-8872574A6833,1,NA,NA,Fort Lewis,9E5C07F8-2874-4E94-8E1E-5707D4B022D1,786,1,1,1,Complete,07:00:00,12:20:00,12:20:00,Chinook,NA,NA,No,NA,1,0,NA,NA,NA,NA,Site,Index,NA,2,1,NA,NA,NA,NA,8,2022,34
6BF5FAE4-9F8F-4ABB-B0FA-AFBDE063A757,2022-08-26,Nisqually River,District 11,Nisqually salmon 2022,A6596608-A38F-421A-98F8-FA69714F2914,2,NA,NA,Fort Lewis,9E5C07F8-2874-4E94-8E1E-5707D4B022D1,786,1,1,1,Complete,05:20:00,12:31:00,12:31:00,Chinook,NA,NA,No,NA,1,0,NA,NA,NA,NA,Site,Index,NA,2,1,NA,NA,NA,NA,8,2022,34
23D23F33-01C2-43D4-AE1B-6E1443A4E2AC,2022-08-26,Nisqually River,District 11,Nisqually salmon 2022,1F0BB9A5-EDB8-4698-931D-81D9EEA4001E,54,NA,NA,Fort Lewis,9E5C07F8-2874-4E94-8E1E-5707D4B022D1,786,1,1,1,Complete,07:00:00,13:52:00,13:52:00,Chinook,NA,NA,No,NA,1,0,NA,NA,NA,NA,Site,Index,NA,2,1,NA,NA,NA,NA,8,2022,34
23D23F33-01C2-43D4-AE1B-6E1443A4E2AC,2022-08-26,Nisqually River,District 11,Nisqually salmon 2022,F34581EF-8104-4733-A337-389041929880,45,NA,NA,Fort Lewis,9E5C07F8-2874-4E94-8E1E-5707D4B022D1,786,1,1,1,Complete,06:00:00,12:34:00,12:34:00,Chinook,NA,NA,No,NA,1,0,NA,NA,NA,NA,Site,Index,NA,2,1,NA,NA,NA,NA,8,2022,34
23D23F33-01C2-43D4-AE1B-6E1443A4E2AC,2022-08-26,Nisqually River,District 11,Nisqually salmon 2022,6C1BD131-D58F-42D2-AAFB-ACACA13A14C0,43,NA,NA,Fort Lewis,9E5C07F8-2874-4E94-8E1E-5707D4B022D1,786,1,1,1,Complete,06:00:00,12:15:00,12:15:00,Chinook,NA,NA,No,NA,1,0,NA,NA,NA,NA,Site,Index,NA,2,1,NA,NA,NA,NA,8,2022,34
6BF5FAE4-9F8F-4ABB-B0FA-AFBDE063A757,2022-08-26,Nisqually River,District 11,Nisqually salmon 2022,C5C40CFD-83B9-498D-873E-1F4708C66C25,9,NA,NA,Fort Lewis,9E5C07F8-2874-4E94-8E1E-5707D4B022D1,786,1,1,1,Complete,05:20:00,15:55:00,15:55:00,Chinook,NA,NA,No,NA,1,0,NA,NA,NA,NA,Site,Index,NA,2,1,NA,NA,NA,NA,8,2022,34
6BF5FAE4-9F8F-4ABB-B0FA-AFBDE063A757,2022-08-26,Nisqually River,District 11,Nisqually salmon 2022,FF269314-AFB1-451E-BA2C-64D2FB36D180,10,NA,NA,Fort Lewis,9E5C07F8-2874-4E94-8E1E-5707D4B022D1,786,2,2,2,Complete,09:30:00,16:17:00,16:17:00,Chinook,NA,NA,No,NA,1,0,NA,NA,NA,NA,Site,Index,NA,2,1,NA,NA,NA,NA,8,2022,34
6BF5FAE4-9F8F-4ABB-B0FA-AFBDE063A757,2022-08-26,Nisqually River,District 11,Nisqually salmon 2022,9C3189E2-9826-4EA0-9E2D-3F6C31B6DEEA,15,NA,NA,Fort Lewis,9E5C07F8-2874-4E94-8E1E-5707D4B022D1,786,1,2,1,Complete,09:30:00,16:50:00,16:50:00,Chinook,NA,Pontoon/Kick/Kayak/Dinghy,Yes,Boat,1,0,NA,NA,NA,NA,Site,Index,NA,2,1,NA,NA,NA,NA,8,2022,34
6BF5FAE4-9F8F-4ABB-B0FA-AFBDE063A757,2022-08-26,Nisqually River,District 11,Nisqually salmon 2022,1B3FE261-D458-441C-8C5D-B72EBF21FDAA,17,NA,NA,Fort Lewis,9E5C07F8-2874-4E94-8E1E-5707D4B022D1,786,3,4,3,Complete,06:20:00,17:19:00,17:19:00,Chinook,NA,Trailered Motorized Boat,Yes,Boat,1,1,NA,NA,NA,NA,Site,Index,NA,2,1,NA,NA,NA,NA,8,2022,34
6BF5FAE4-9F8F-4ABB-B0FA-AFBDE063A757,2022-08-26,Nisqually River,District 11,Nisqually salmon 2022,42A4525F-F4AC-4FEE-9825-110829609274,19,NA,NA,Fort Lewis,9E5C07F8-2874-4E94-8E1E-5707D4B022D1,786,1,1,1,Complete,12:30:00,17:31:00,17:31:00,Chinook,NA,NA,No,NA,1,0,NA,NA,NA,NA,Site,Index,NA,2,1,NA,NA,NA,NA,8,2022,34
23D23F33-01C2-43D4-AE1B-6E1443A4E2AC,2022-08-26,Nisqually River,District 11,Nisqually salmon 2022,F2F0460B-3170-4F95-A593-A7BBD9CDF192,40,NA,NA,Fort Lewis,9E5C07F8-2874-4E94-8E1E-5707D4B022D1,786,1,1,1,Complete,05:30:00,12:00:00,12:00:00,Chinook,NA,NA,No,NA,1,0,NA,NA,NA,NA,Site,Index,NA,2,1,NA,NA,NA,NA,8,2022,34
23D23F33-01C2-43D4-AE1B-6E1443A4E2AC,2022-08-26,Nisqually River,District 11,Nisqually salmon 2022,21795A7B-9AFC-4EAA-85AD-25D3DE6689AE,6,NA,NA,Fort Lewis,9E5C07F8-2874-4E94-8E1E-5707D4B022D1,786,1,1,1,Complete,05:22:00,07:27:00,07:27:00,Chinook,NA,NA,No,NA,1,0,NA,NA,NA,NA,Site,Index,NA,2,1,NA,NA,NA,NA,8,2022,34
23D23F33-01C2-43D4-AE1B-6E1443A4E2AC,2022-08-26,Nisqually River,District 11,Nisqually salmon 2022,677F9FFA-D2C2-4587-A0B2-1FED062B685E,8,NA,NA,Fort Lewis,9E5C07F8-2874-4E94-8E1E-5707D4B022D1,786,1,1,1,Complete,05:22:00,07:47:00,07:47:00,Chinook,NA,NA,No,NA,1,0,NA,NA,NA,NA,Site,Index,NA,2,1,NA,NA,NA,NA,8,2022,34
4F972141-2CDD-418D-A757-7FC08C68FB15,2022-08-27,Nisqually River,District 11,Nisqually salmon 2022,F1321DA2-2564-4027-882A-01F29715B5EE,18,NA,NA,Fort Lewis,9E5C07F8-2874-4E94-8E1E-5707D4B022D1,786,1,1,1,Complete,16:00:00,18:41:00,18:41:00,Chinook,NA,NA,No,NA,1,0,NA,NA,NA,NA,Site,Index,NA,2,1,NA,NA,NA,NA,8,2022,35
4F972141-2CDD-418D-A757-7FC08C68FB15,2022-08-27,Nisqually River,District 11,Nisqually salmon 2022,804E34BF-5F2F-4F68-BDA7-BB40C0702117,16,NA,NA,Fort Lewis,9E5C07F8-2874-4E94-8E1E-5707D4B022D1,786,1,1,1,Complete,13:00:00,18:36:00,18:36:00,Chinook,NA,NA,No,NA,1,0,NA,NA,NA,NA,Site,Index,NA,2,1,NA,NA,NA,NA,8,2022,35
4F972141-2CDD-418D-A757-7FC08C68FB15,2022-08-27,Nisqually River,District 11,Nisqually salmon 2022,88B59F76-109C-49BA-9BAE-64FB9E83DD78,22,NA,NA,Fort Lewis,9E5C07F8-2874-4E94-8E1E-5707D4B022D1,786,2,2,2,Complete,12:00:00,19:16:00,19:16:00,Chinook,NA,Drift Boat/ Raft,Yes,Boat,1,1,NA,NA,NA,"All hookups upstream of clear creek hatchery, section 3",Site,Index,NA,2,1,NA,NA,NA,NA,8,2022,35
DFD6C941-278D-49EF-B06E-3D725413D573,2022-08-27,Nisqually River,District 11,Nisqually salmon 2022,B206F766-7D30-4458-AB46-9B38D9C1438D,1,NA,NA,Fort Lewis,9E5C07F8-2874-4E94-8E1E-5707D4B022D1,786,2,2,2,Complete,05:30:00,07:27:00,07:27:00,Chinook,NA,NA,No,NA,1,0,NA,NA,NA,NA,Site,Index,NA,2,1,NA,NA,NA,NA,8,2022,35
4F972141-2CDD-418D-A757-7FC08C68FB15,2022-08-27,Nisqually River,District 11,Nisqually salmon 2022,FBAC5D82-3742-4196-B35D-3CD3E85B72F7,11,NA,NA,Fort Lewis,9E5C07F8-2874-4E94-8E1E-5707D4B022D1,786,1,1,1,Complete,05:45:00,17:37:00,17:37:00,Chinook,NA,NA,No,NA,1,0,NA,NA,NA,NA,Site,Index,NA,2,1,NA,NA,NA,NA,8,2022,35
4F972141-2CDD-418D-A757-7FC08C68FB15,2022-08-27,Nisqually River,District 11,Nisqually salmon 2022,06E7A1C2-574E-4726-B86D-49DE1420766D,10,NA,NA,Fort Lewis,9E5C07F8-2874-4E94-8E1E-5707D4B022D1,786,2,2,2,Complete,06:00:00,17:35:00,17:35:00,Chinook,NA,Trailered Motorized Boat,Yes,Boat,1,1,NA,NA,NA,Fished clear creek hatchery down,Site,Index,NA,2,1,NA,NA,NA,NA,8,2022,35
4F972141-2CDD-418D-A757-7FC08C68FB15,2022-08-27,Nisqually River,District 11,Nisqually salmon 2022,BB408BD6-7490-4434-BC1D-BB23F8F9F13B,12,NA,NA,Fort Lewis,9E5C07F8-2874-4E94-8E1E-5707D4B022D1,786,1,1,1,Complete,12:00:00,17:52:00,17:52:00,Chinook,NA,NA,No,NA,1,0,NA,NA,NA,NA,Site,Index,NA,2,1,NA,NA,NA,NA,8,2022,35
DFD6C941-278D-49EF-B06E-3D725413D573,2022-08-27,Nisqually River,District 11,Nisqually salmon 2022,CE3A0E1B-6301-4CC1-B9E7-988AEE8B713C,5,NA,NA,Fort Lewis,9E5C07F8-2874-4E94-8E1E-5707D4B022D1,786,1,1,1,Complete,05:30:00,07:50:00,07:50:00,Chinook,NA,NA,No,NA,1,0,NA,NA,NA,NA,Site,Index,NA,2,1,NA,NA,NA,NA,8,2022,35
DFD6C941-278D-49EF-B06E-3D725413D573,2022-08-27,Nisqually River,District 11,Nisqually salmon 2022,0D2D1E5D-8C10-4DFC-AABD-3B13AE034D45,19,NA,NA,Fort Lewis,9E5C07F8-2874-4E94-8E1E-5707D4B022D1,786,1,1,1,Complete,05:00:00,08:46:00,08:46:00,Chinook,NA,NA,No,NA,1,0,NA,NA,NA,NA,Site,Index,NA,2,1,NA,NA,NA,NA,8,2022,35
3D5EC9BC-7310-45EE-B4DF-C965F0FE8F87,2022-09-03,Nisqually River,District 11,Nisqually salmon 2022,65F10470-CD8E-451C-AED4-6ABE0955EB32,20,NA,NA,Fort Lewis,9E5C07F8-2874-4E94-8E1E-5707D4B022D1,786,1,1,1,Complete,12:00:00,17:07:00,17:07:00,Chinook,NA,NA,No,NA,1,0,NA,NA,NA,NA,Site,Index,NA,2,1,NA,NA,NA,NA,9,2022,36
3D5EC9BC-7310-45EE-B4DF-C965F0FE8F87,2022-09-03,Nisqually River,District 11,Nisqually salmon 2022,517D39C2-530A-46F6-8316-9EE44D4A74BA,18,NA,NA,Fort Lewis,9E5C07F8-2874-4E94-8E1E-5707D4B022D1,786,1,1,1,Complete,06:00:00,16:42:00,16:42:00,Chinook,NA,NA,No,NA,1,0,NA,NA,NA,NA,Site,Index,NA,2,1,NA,NA,NA,NA,9,2022,36
3D5EC9BC-7310-45EE-B4DF-C965F0FE8F87,2022-09-03,Nisqually River,District 11,Nisqually salmon 2022,93F5CECD-AA8F-44DF-B96F-00D1249BF689,10,NA,NA,Fort Lewis,9E5C07F8-2874-4E94-8E1E-5707D4B022D1,786,1,1,1,Complete,05:30:00,16:09:00,16:09:00,Chinook,NA,NA,No,NA,1,0,NA,NA,NA,NA,Site,Index,NA,2,1,NA,NA,NA,NA,9,2022,36
3D5EC9BC-7310-45EE-B4DF-C965F0FE8F87,2022-09-03,Nisqually River,District 11,Nisqually salmon 2022,6780E28A-778A-422E-ADFC-910E92F9FDB8,23,NA,NA,Fort Lewis,9E5C07F8-2874-4E94-8E1E-5707D4B022D1,786,3,3,3,Complete,07:00:00,17:31:00,17:31:00,Chinook,NA,Trailered Motorized Boat,Yes,Boat,1,0,NA,NA,NA,Section 3,Site,Index,NA,2,1,NA,NA,NA,NA,9,2022,36
F9A299E3-5103-4766-BC8D-DBC736FA44F4,2022-09-03,Nisqually River,District 11,Nisqually salmon 2022,4AF3F9A0-FB28-45B1-8C6D-6CF367348463,64,NA,NA,Fort Lewis,9E5C07F8-2874-4E94-8E1E-5707D4B022D1,786,1,1,1,Complete,05:35:00,12:25:00,12:25:00,Chinook,NA,NA,No,NA,1,0,NA,NA,NA,NA,Site,Index,NA,2,1,NA,NA,NA,NA,9,2022,36
F9A299E3-5103-4766-BC8D-DBC736FA44F4,2022-09-03,Nisqually River,District 11,Nisqually salmon 2022,361DE568-E038-4DB3-BEBF-CC0E6B67A116,61,NA,NA,Fort Lewis,9E5C07F8-2874-4E94-8E1E-5707D4B022D1,786,1,1,1,Complete,05:30:00,12:16:00,12:16:00,Chinook,NA,NA,No,NA,1,0,NA,NA,NA,NA,Site,Index,NA,2,1,NA,NA,NA,NA,9,2022,36
F9A299E3-5103-4766-BC8D-DBC736FA44F4,2022-09-03,Nisqually River,District 11,Nisqually salmon 2022,10D6D743-C852-4C85-89CC-2811A9D17587,60,NA,NA,Fort Lewis,9E5C07F8-2874-4E94-8E1E-5707D4B022D1,786,2,2,2,Complete,07:00:00,11:51:00,11:51:00,Chinook,NA,NA,No,NA,1,0,NA,NA,NA,NA,Site,Index,NA,2,1,NA,NA,NA,NA,9,2022,36
F9A299E3-5103-4766-BC8D-DBC736FA44F4,2022-09-03,Nisqually River,District 11,Nisqually salmon 2022,F9C0233A-41E3-470E-94C5-3B76311DBE5F,57,NA,NA,Fort Lewis,9E5C07F8-2874-4E94-8E1E-5707D4B022D1,786,1,1,1,Complete,05:35:00,11:28:00,11:28:00,Chinook,NA,NA,No,NA,1,0,NA,NA,NA,NA,Site,Index,NA,2,1,NA,NA,NA,NA,9,2022,36
F9A299E3-5103-4766-BC8D-DBC736FA44F4,2022-09-03,Nisqually River,District 11,Nisqually salmon 2022,5AFB9DDD-C4AD-4515-9A7E-51B1C5E397C1,54,NA,NA,Fort Lewis,9E5C07F8-2874-4E94-8E1E-5707D4B022D1,786,1,1,1,Complete,06:00:00,11:04:00,11:04:00,Chinook,NA,NA,No,NA,1,0,NA,NA,NA,NA,Site,Index,NA,2,1,NA,NA,NA,NA,9,2022,36
F9A299E3-5103-4766-BC8D-DBC736FA44F4,2022-09-03,Nisqually River,District 11,Nisqually salmon 2022,B44D79BB-D225-4AC1-93CA-0F2E179693A7,49,NA,NA,Fort Lewis,9E5C07F8-2874-4E94-8E1E-5707D4B022D1,786,1,1,1,Complete,06:00:00,10:49:00,10:49:00,Chinook,NA,NA,No,NA,1,0,NA,NA,NA,NA,Site,Index,NA,2,1,NA,NA,NA,NA,9,2022,36
F9A299E3-5103-4766-BC8D-DBC736FA44F4,2022-09-03,Nisqually River,District 11,Nisqually salmon 2022,84892CF1-D824-47CE-9564-FC0FBAA869CB,47,NA,NA,Fort Lewis,9E5C07F8-2874-4E94-8E1E-5707D4B022D1,786,2,2,2,Complete,05:35:00,10:29:00,10:29:00,Chinook,NA,NA,No,NA,1,0,NA,NA,NA,NA,Site,Index,NA,2,1,NA,NA,NA,NA,9,2022,36
F9A299E3-5103-4766-BC8D-DBC736FA44F4,2022-09-03,Nisqually River,District 11,Nisqually salmon 2022,EA864E41-53B1-4712-804A-35A8D3017354,33,NA,NA,Fort Lewis,9E5C07F8-2874-4E94-8E1E-5707D4B022D1,786,1,1,1,Complete,06:30:00,09:27:00,09:27:00,Chinook,NA,NA,No,NA,1,0,NA,NA,NA,NA,Site,Index,NA,2,1,NA,NA,NA,NA,9,2022,36
F9A299E3-5103-4766-BC8D-DBC736FA44F4,2022-09-03,Nisqually River,District 11,Nisqually salmon 2022,0FC4CCDE-D1CE-4E71-8BF7-433DCCC97674,32,NA,NA,Fort Lewis,9E5C07F8-2874-4E94-8E1E-5707D4B022D1,786,1,1,1,Complete,06:00:00,09:19:00,09:19:00,Chinook,NA,NA,No,NA,1,0,NA,NA,NA,NA,Site,Index,NA,2,1,NA,NA,NA,NA,9,2022,36
F9A299E3-5103-4766-BC8D-DBC736FA44F4,2022-09-03,Nisqually River,District 11,Nisqually salmon 2022,CDA64A80-9533-4DE5-A4FE-4762BBDF8425,31,NA,NA,Fort Lewis,9E5C07F8-2874-4E94-8E1E-5707D4B022D1,786,1,1,1,Complete,05:35:00,09:14:00,09:14:00,Chinook,NA,NA,No,NA,1,0,NA,NA,NA,NA,Site,Index,NA,2,1,NA,NA,NA,NA,9,2022,36
F9A299E3-5103-4766-BC8D-DBC736FA44F4,2022-09-03,Nisqually River,District 11,Nisqually salmon 2022,B0F1461A-1518-41AB-AEAE-32487CB9E232,28,NA,NA,Fort Lewis,9E5C07F8-2874-4E94-8E1E-5707D4B022D1,786,1,1,1,Complete,06:30:00,08:59:00,08:59:00,Chinook,NA,NA,No,NA,1,0,NA,NA,NA,NA,Site,Index,NA,2,1,NA,NA,NA,NA,9,2022,36
F9A299E3-5103-4766-BC8D-DBC736FA44F4,2022-09-03,Nisqually River,District 11,Nisqually salmon 2022,887DB70B-472B-4A7E-8A1D-B56062593D55,25,NA,NA,Fort Lewis,9E5C07F8-2874-4E94-8E1E-5707D4B022D1,786,1,1,1,Complete,05:45:00,08:52:00,08:52:00,Chinook,NA,NA,No,NA,1,0,NA,NA,NA,NA,Site,Index,NA,2,1,NA,NA,NA,NA,9,2022,36
F9A299E3-5103-4766-BC8D-DBC736FA44F4,2022-09-03,Nisqually River,District 11,Nisqually salmon 2022,9AC7CD49-10AA-4148-B6F4-BB37F1EC0F1E,24,NA,NA,Fort Lewis,9E5C07F8-2874-4E94-8E1E-5707D4B022D1,786,2,2,2,Complete,05:35:00,08:45:00,08:45:00,Chinook,NA,NA,No,NA,1,0,NA,NA,NA,NA,Site,Index,NA,2,1,NA,NA,NA,NA,9,2022,36
F9A299E3-5103-4766-BC8D-DBC736FA44F4,2022-09-03,Nisqually River,District 11,Nisqually salmon 2022,FAC11F92-2153-405F-8245-11B448ECB0A0,15,NA,NA,Fort Lewis,9E5C07F8-2874-4E94-8E1E-5707D4B022D1,786,1,1,1,Complete,05:35:00,08:26:00,08:26:00,Chinook,NA,NA,No,NA,1,0,NA,NA,NA,NA,Site,Index,NA,2,1,NA,NA,NA,NA,9,2022,36
F9A299E3-5103-4766-BC8D-DBC736FA44F4,2022-09-03,Nisqually River,District 11,Nisqually salmon 2022,4C6B9E21-D0B4-4DE6-BCA7-EF0EB801E81D,13,NA,NA,Fort Lewis,9E5C07F8-2874-4E94-8E1E-5707D4B022D1,786,2,2,2,Complete,06:30:00,08:18:00,08:18:00,Chinook,NA,NA,No,NA,1,0,NA,NA,NA,NA,Site,Index,NA,2,1,NA,NA,NA,NA,9,2022,36
F9A299E3-5103-4766-BC8D-DBC736FA44F4,2022-09-03,Nisqually River,District 11,Nisqually salmon 2022,DF9EDCEF-C86B-4C87-A3A5-2B030D6FE389,8,NA,NA,Fort Lewis,9E5C07F8-2874-4E94-8E1E-5707D4B022D1,786,1,1,1,Complete,05:35:00,07:56:00,07:56:00,Chinook,NA,NA,No,NA,1,0,NA,NA,NA,NA,Site,Index,NA,2,1,NA,NA,NA,NA,9,2022,36
F9A299E3-5103-4766-BC8D-DBC736FA44F4,2022-09-03,Nisqually River,District 11,Nisqually salmon 2022,D07941DE-B25B-4710-A2BC-5227469E965F,6,NA,NA,Fort Lewis,9E5C07F8-2874-4E94-8E1E-5707D4B022D1,786,1,1,1,Complete,05:35:00,07:37:00,07:37:00,Chinook,NA,NA,No,NA,1,0,NA,NA,NA,NA,Site,Index,NA,2,1,NA,NA,NA,NA,9,2022,36
F9A299E3-5103-4766-BC8D-DBC736FA44F4,2022-09-03,Nisqually River,District 11,Nisqually salmon 2022,68D0CB4E-830F-4931-9318-C9EDEAAA34F7,4,NA,NA,Fort Lewis,9E5C07F8-2874-4E94-8E1E-5707D4B022D1,786,1,1,1,Complete,05:35:00,07:35:00,07:35:00,Chinook,NA,NA,No,NA,1,0,NA,NA,NA,NA,Site,Index,NA,2,1,NA,NA,NA,NA,9,2022,36
F9A299E3-5103-4766-BC8D-DBC736FA44F4,2022-09-03,Nisqually River,District 11,Nisqually salmon 2022,9F13FEC5-D753-42C6-B157-326FD9B11E9B,3,NA,NA,Fort Lewis,9E5C07F8-2874-4E94-8E1E-5707D4B022D1,786,1,1,1,Complete,05:35:00,07:22:00,07:22:00,Chinook,NA,NA,No,NA,1,0,NA,NA,NA,NA,Site,Index,NA,2,1,NA,NA,NA,NA,9,2022,36
04A42C99-5397-470D-9751-82938AAC7F56,2022-09-03,Nisqually River,District 11,Nisqually salmon 2022,BC59B99D-45C5-4C61-A923-3B86AF00D487,31,NA,NA,Fort Lewis,9E5C07F8-2874-4E94-8E1E-5707D4B022D1,786,1,1,1,Complete,06:30:00,15:29:00,15:29:00,Chinook,NA,NA,No,NA,1,0,NA,NA,NA,NA,Site,Index,NA,2,1,NA,NA,NA,NA,9,2022,36
7F6D942E-D1CB-4D2C-BF3B-5306C8852CF9,2022-09-08,Nisqually River,District 11,Nisqually salmon 2022,C757B819-9090-4D62-AE5E-462A75D08DB4,2,NA,NA,Fort Lewis,9E5C07F8-2874-4E94-8E1E-5707D4B022D1,786,1,1,1,Complete,06:00:00,12:57:00,12:57:00,Chinook,NA,NA,No,NA,1,0,NA,NA,NA,NA,Site,Index,NA,2,1,NA,NA,NA,NA,9,2022,36
7F6D942E-D1CB-4D2C-BF3B-5306C8852CF9,2022-09-08,Nisqually River,District 11,Nisqually salmon 2022,1D2EEDAF-65EC-4871-AE02-CD5504F58ED5,1,NA,NA,Fort Lewis,9E5C07F8-2874-4E94-8E1E-5707D4B022D1,786,1,1,1,Complete,09:00:00,11:57:00,11:57:00,Chinook,NA,NA,No,NA,1,0,NA,NA,NA,NA,Site,Index,NA,2,1,NA,NA,NA,NA,9,2022,36
7E308B00-7482-4548-B78D-D85B362BDBD9,2022-09-08,Nisqually River,District 11,Nisqually salmon 2022,CAE2ACA9-6F13-46C5-A183-FDF0D24C3B42,26,NA,NA,Fort Lewis,9E5C07F8-2874-4E94-8E1E-5707D4B022D1,786,1,1,1,Complete,07:30:00,11:57:00,11:57:00,Chinook,NA,NA,No,NA,1,0,NA,NA,NA,NA,Site,Index,NA,2,1,NA,NA,NA,NA,9,2022,36
7F6D942E-D1CB-4D2C-BF3B-5306C8852CF9,2022-09-08,Nisqually River,District 11,Nisqually salmon 2022,20CE3F4D-0EDE-441A-92FF-C7D8FCF08FB1,4,NA,NA,Fort Lewis,9E5C07F8-2874-4E94-8E1E-5707D4B022D1,786,1,1,1,Complete,07:30:00,13:13:00,13:13:00,Chinook,NA,NA,No,NA,1,0,NA,NA,NA,NA,Site,Index,NA,2,1,NA,NA,NA,NA,9,2022,36
7E308B00-7482-4548-B78D-D85B362BDBD9,2022-09-08,Nisqually River,District 11,Nisqually salmon 2022,242755D1-758B-4F08-9BA8-AAB5A710235B,20,NA,NA,Fort Lewis,9E5C07F8-2874-4E94-8E1E-5707D4B022D1,786,1,1,1,Complete,06:00:00,11:13:00,11:13:00,Chinook,NA,NA,No,NA,1,0,NA,NA,NA,NA,Site,Index,NA,2,1,NA,NA,NA,NA,9,2022,36
7E308B00-7482-4548-B78D-D85B362BDBD9,2022-09-08,Nisqually River,District 11,Nisqually salmon 2022,76198DCD-2017-4744-A34E-1D40B2729A4B,17,NA,NA,Fort Lewis,9E5C07F8-2874-4E94-8E1E-5707D4B022D1,786,1,1,1,Complete,05:38:00,10:52:00,10:52:00,Chinook,NA,NA,No,NA,1,0,NA,NA,NA,NA,Site,Index,NA,2,1,NA,NA,NA,NA,9,2022,36
7E308B00-7482-4548-B78D-D85B362BDBD9,2022-09-08,Nisqually River,District 11,Nisqually salmon 2022,C440FE97-0D7E-427B-BA98-93E8793AB66E,12,NA,NA,Fort Lewis,9E5C07F8-2874-4E94-8E1E-5707D4B022D1,786,1,1,1,Complete,05:38:00,10:24:00,10:24:00,Chinook,NA,NA,No,NA,1,0,NA,NA,NA,NA,Site,Index,NA,2,1,NA,NA,NA,NA,9,2022,36
7E308B00-7482-4548-B78D-D85B362BDBD9,2022-09-08,Nisqually River,District 11,Nisqually salmon 2022,1CC93DD5-2CF4-49A4-8E1C-B6B74075F18D,1,NA,NA,Fort Lewis,9E5C07F8-2874-4E94-8E1E-5707D4B022D1,786,1,1,1,Complete,05:38:00,07:17:00,07:17:00,Chinook,NA,NA,No,NA,1,0,NA,NA,NA,NA,Site,Index,NA,2,1,NA,NA,NA,NA,9,2022,36
7F6D942E-D1CB-4D2C-BF3B-5306C8852CF9,2022-09-08,Nisqually River,District 11,Nisqually salmon 2022,2FB06326-D44A-4348-BDD8-0D869510054A,7,NA,NA,Fort Lewis,9E5C07F8-2874-4E94-8E1E-5707D4B022D1,786,1,1,1,Complete,14:30:00,15:34:00,15:34:00,Chinook,NA,NA,No,NA,1,0,NA,NA,NA,NA,Site,Index,NA,2,1,NA,NA,NA,NA,9,2022,36
7F6D942E-D1CB-4D2C-BF3B-5306C8852CF9,2022-09-08,Nisqually River,District 11,Nisqually salmon 2022,601DDE57-5F53-4051-97ED-CD6401F3605F,6,NA,NA,Fort Lewis,9E5C07F8-2874-4E94-8E1E-5707D4B022D1,786,1,1,1,Complete,12:00:00,13:52:00,13:52:00,Chinook,NA,NA,No,NA,1,0,NA,NA,NA,NA,Site,Index,NA,2,1,NA,NA,NA,NA,9,2022,36
7F6D942E-D1CB-4D2C-BF3B-5306C8852CF9,2022-09-08,Nisqually River,District 11,Nisqually salmon 2022,942ADDEF-AE00-4418-AE8B-B84E7A572C0A,5,NA,NA,Fort Lewis,9E5C07F8-2874-4E94-8E1E-5707D4B022D1,786,1,1,1,Complete,08:30:00,13:21:00,13:21:00,Chinook,NA,NA,No,NA,1,0,NA,NA,NA,NA,Site,Index,NA,2,1,NA,NA,NA,NA,9,2022,36
C93BA8B4-128D-4BD0-9D4B-F8B421856CD6,2022-09-09,Nisqually River,District 11,Nisqually salmon 2022,CDB30C97-16A7-4BC7-B430-F3F16E90FE22,17,NA,NA,Fort Lewis,9E5C07F8-2874-4E94-8E1E-5707D4B022D1,786,1,1,1,Complete,08:30:00,14:21:00,14:21:00,Chinook,NA,NA,No,NA,1,0,NA,NA,NA,NA,Site,Index,NA,2,1,NA,NA,NA,NA,9,2022,36
C93BA8B4-128D-4BD0-9D4B-F8B421856CD6,2022-09-09,Nisqually River,District 11,Nisqually salmon 2022,F2F90B57-CBA7-426F-A5DA-D8EF35AB8701,23,NA,NA,Fort Lewis,9E5C07F8-2874-4E94-8E1E-5707D4B022D1,786,1,1,1,Complete,05:43:00,15:02:00,15:02:00,Chinook,NA,NA,No,NA,1,0,NA,NA,NA,NA,Site,Index,NA,2,1,NA,NA,NA,NA,9,2022,36
C93BA8B4-128D-4BD0-9D4B-F8B421856CD6,2022-09-09,Nisqually River,District 11,Nisqually salmon 2022,2C3692E4-5625-4BBD-9AE9-FA7EF7DDCD21,24,NA,NA,Fort Lewis,9E5C07F8-2874-4E94-8E1E-5707D4B022D1,786,1,2,2,Complete,06:30:00,15:27:00,15:27:00,Chinook,NA,Trailered Motorized Boat,Yes,Boat,1,1,NA,NA,NA,NA,Site,Index,NA,2,1,NA,NA,NA,NA,9,2022,36
E20E3D07-BAA9-4C85-BD75-CFBAD9C9682E,2022-09-09,Nisqually River,District 11,Nisqually salmon 2022,B3E82CA6-3CA0-43E8-969A-630A8977A818,12,NA,NA,Fort Lewis,9E5C07F8-2874-4E94-8E1E-5707D4B022D1,786,1,1,1,Complete,06:45:00,08:25:00,08:25:00,Chinook,NA,NA,No,NA,1,0,NA,NA,NA,NA,Site,Index,NA,2,1,NA,NA,NA,NA,9,2022,36
E20E3D07-BAA9-4C85-BD75-CFBAD9C9682E,2022-09-09,Nisqually River,District 11,Nisqually salmon 2022,50CA5DEB-068E-48D9-AC0C-DA7D1BA18E28,1,NA,NA,Fort Lewis,9E5C07F8-2874-4E94-8E1E-5707D4B022D1,786,1,1,1,Complete,05:40:00,07:21:00,07:21:00,Chinook,NA,NA,No,NA,1,0,NA,NA,NA,NA,Site,Index,NA,2,1,NA,NA,NA,NA,9,2022,36
C93BA8B4-128D-4BD0-9D4B-F8B421856CD6,2022-09-09,Nisqually River,District 11,Nisqually salmon 2022,B730A2B1-78EE-406A-993F-9C1626B1E7ED,7,NA,NA,Fort Lewis,9E5C07F8-2874-4E94-8E1E-5707D4B022D1,786,1,1,1,Complete,11:00:00,12:30:00,12:30:00,Chinook,NA,NA,No,NA,1,0,NA,NA,NA,NA,Site,Index,NA,2,1,NA,NA,NA,NA,9,2022,36
C93BA8B4-128D-4BD0-9D4B-F8B421856CD6,2022-09-09,Nisqually River,District 11,Nisqually salmon 2022,B3E9DBD9-2634-4289-B36A-C0F46F695400,13,NA,NA,Fort Lewis,9E5C07F8-2874-4E94-8E1E-5707D4B022D1,786,1,1,1,Complete,06:31:00,13:56:00,13:56:00,Chinook,NA,NA,No,NA,1,0,NA,NA,NA,NA,Site,Index,NA,2,1,NA,NA,NA,NA,9,2022,36
C93BA8B4-128D-4BD0-9D4B-F8B421856CD6,2022-09-09,Nisqually River,District 11,Nisqually salmon 2022,9642C8BE-916B-4567-BD2A-11DC6B13324D,14,NA,NA,Fort Lewis,9E5C07F8-2874-4E94-8E1E-5707D4B022D1,786,1,1,1,Complete,08:30:00,13:58:00,13:58:00,Chinook,NA,NA,No,NA,1,0,NA,NA,NA,NA,Site,Index,NA,2,1,NA,NA,NA,NA,9,2022,36
C93BA8B4-128D-4BD0-9D4B-F8B421856CD6,2022-09-09,Nisqually River,District 11,Nisqually salmon 2022,28342495-0C6C-4FC4-9993-FD50A53D1E72,15,NA,NA,Fort Lewis,9E5C07F8-2874-4E94-8E1E-5707D4B022D1,786,2,2,2,Complete,09:30:00,14:03:00,14:03:00,Chinook,NA,NA,No,NA,1,0,NA,NA,NA,NA,Site,Index,NA,2,1,NA,NA,NA,NA,9,2022,36
C93BA8B4-128D-4BD0-9D4B-F8B421856CD6,2022-09-09,Nisqually River,District 11,Nisqually salmon 2022,92E824AB-B1C7-4BE1-92F4-258A2120719B,16,NA,NA,Fort Lewis,9E5C07F8-2874-4E94-8E1E-5707D4B022D1,786,1,1,1,Complete,08:30:00,14:12:00,14:12:00,Coho,NA,NA,No,NA,1,0,NA,NA,NA,NA,Site,Index,NA,2,1,NA,NA,NA,NA,9,2022,36
816E5ABC-C4B7-4C71-A6A8-286CF7703D4F,2022-09-10,Nisqually River,District 11,Nisqually salmon 2022,60E4FD12-2AEA-4402-9591-B78F2484BB3C,10,NA,NA,Fort Lewis,9E5C07F8-2874-4E94-8E1E-5707D4B022D1,786,1,1,1,Complete,12:30:00,14:20:00,14:20:00,Chinook,NA,NA,No,NA,1,0,NA,NA,NA,NA,Site,Index,NA,2,1,NA,NA,NA,NA,9,2022,37
816E5ABC-C4B7-4C71-A6A8-286CF7703D4F,2022-09-10,Nisqually River,District 11,Nisqually salmon 2022,671F8243-3F51-4DF8-A115-82340BAE9389,8,NA,NA,Fort Lewis,9E5C07F8-2874-4E94-8E1E-5707D4B022D1,786,1,1,1,Complete,07:00:00,13:53:00,13:53:00,Chinook,NA,NA,No,NA,1,0,NA,NA,NA,NA,Site,Index,NA,2,1,NA,NA,NA,NA,9,2022,37
8BA9B2A0-91BB-4D1B-8DBF-48F5384E75F1,2022-09-13,Nisqually River,District 11,Nisqually salmon 2022,EA6DFFF1-C178-4B81-A5D3-21CEE9732567,7,NA,NA,Fort Lewis,9E5C07F8-2874-4E94-8E1E-5707D4B022D1,786,2,2,2,Complete,09:00:00,17:23:00,17:23:00,Chinook,NA,NA,No,NA,1,0,NA,NA,NA,NA,Site,Index,NA,2,1,NA,NA,NA,NA,9,2022,37
8BA9B2A0-91BB-4D1B-8DBF-48F5384E75F1,2022-09-13,Nisqually River,District 11,Nisqually salmon 2022,933A25AD-7192-469F-B66D-7E7238ACD44C,14,NA,NA,Fort Lewis,9E5C07F8-2874-4E94-8E1E-5707D4B022D1,786,1,1,1,Complete,07:00:00,18:03:00,18:03:00,Chinook,NA,NA,No,NA,1,0,NA,NA,NA,NA,Site,Index,NA,2,1,NA,NA,NA,NA,9,2022,37
404EC56D-D0B7-43F8-9068-CA48D043799F,2022-09-13,Nisqually River,District 11,Nisqually salmon 2022,479C6261-4610-4DCE-9CB8-F2C78209E278,9,NA,NA,Fort Lewis,9E5C07F8-2874-4E94-8E1E-5707D4B022D1,786,1,1,1,Complete,05:45:00,09:36:00,09:36:00,Chinook,NA,NA,No,NA,1,0,NA,NA,NA,NA,Site,Index,NA,2,1,NA,NA,NA,NA,9,2022,37
8BA9B2A0-91BB-4D1B-8DBF-48F5384E75F1,2022-09-13,Nisqually River,District 11,Nisqually salmon 2022,561F5089-1149-436F-98C2-04992F357F47,11,NA,NA,Fort Lewis,9E5C07F8-2874-4E94-8E1E-5707D4B022D1,786,1,1,1,Complete,07:00:00,17:50:00,17:50:00,Chinook,NA,NA,No,NA,1,0,NA,NA,NA,NA,Site,Index,NA,2,1,NA,NA,NA,NA,9,2022,37
8BA9B2A0-91BB-4D1B-8DBF-48F5384E75F1,2022-09-13,Nisqually River,District 11,Nisqually salmon 2022,EC92C43A-22A1-4D22-9A5B-C56494DF9E86,3,NA,NA,Fort Lewis,9E5C07F8-2874-4E94-8E1E-5707D4B022D1,786,2,2,2,Complete,05:47:00,15:49:00,15:49:00,Chinook,NA,NA,No,NA,1,0,NA,NA,NA,NA,Site,Index,NA,2,1,NA,NA,NA,NA,9,2022,37
8CD20FCA-4E24-4BEC-B97E-CD5575A6A2A1,2022-09-14,Nisqually River,District 11,Nisqually salmon 2022,2996F761-7B11-4C8F-9597-F47E5B3C67D5,16,NA,NA,Fort Lewis,9E5C07F8-2874-4E94-8E1E-5707D4B022D1,786,1,1,1,Complete,14:00:00,16:47:00,16:47:00,Chinook,NA,NA,No,NA,1,0,NA,NA,NA,NA,Site,Index,NA,2,1,NA,NA,NA,NA,9,2022,37
8CD20FCA-4E24-4BEC-B97E-CD5575A6A2A1,2022-09-14,Nisqually River,District 11,Nisqually salmon 2022,E32E6132-02CE-455C-A2FC-684B72BAAAF7,4,NA,NA,Fort Lewis,9E5C07F8-2874-4E94-8E1E-5707D4B022D1,786,1,1,1,Complete,11:00:00,12:40:00,12:40:00,Chinook,NA,NA,No,NA,1,0,NA,NA,NA,NA,Site,Index,NA,2,1,NA,NA,NA,NA,9,2022,37
8CD20FCA-4E24-4BEC-B97E-CD5575A6A2A1,2022-09-14,Nisqually River,District 11,Nisqually salmon 2022,7103059B-AC23-4A3A-8EC8-5F1B944DB04A,9,NA,NA,Fort Lewis,9E5C07F8-2874-4E94-8E1E-5707D4B022D1,786,1,1,1,Complete,10:15:00,13:17:00,13:17:00,Chinook,NA,NA,No,NA,1,0,NA,NA,NA,NA,Site,Index,NA,2,1,NA,NA,NA,NA,9,2022,37
8CD20FCA-4E24-4BEC-B97E-CD5575A6A2A1,2022-09-14,Nisqually River,District 11,Nisqually salmon 2022,2408686C-C40A-42F9-8362-B7379E053D5B,12,NA,NA,Fort Lewis,9E5C07F8-2874-4E94-8E1E-5707D4B022D1,786,3,3,3,Complete,05:45:00,14:19:00,14:19:00,Chinook,NA,Trailered Motorized Boat,Yes,Boat,1,1,NA,NA,NA,NA,Site,Index,NA,2,1,NA,NA,NA,NA,9,2022,37
C0F5635E-1151-4B36-97E4-CD8A35A977EA,2022-09-14,Nisqually River,District 11,Nisqually salmon 2022,7E1B5AA6-5D51-4FF1-B13A-A4A3F07F68F0,12,NA,NA,Fort Lewis,9E5C07F8-2874-4E94-8E1E-5707D4B022D1,786,1,2,1,Complete,06:50:00,09:26:00,09:26:00,Chinook,NA,NA,No,NA,1,0,NA,NA,NA,NA,Site,Index,NA,2,1,NA,NA,NA,NA,9,2022,37
C0F5635E-1151-4B36-97E4-CD8A35A977EA,2022-09-14,Nisqually River,District 11,Nisqually salmon 2022,F024DF97-2C71-4124-BC5E-6DD0418D5FDE,11,NA,NA,Fort Lewis,9E5C07F8-2874-4E94-8E1E-5707D4B022D1,786,2,2,2,Complete,07:00:00,09:03:00,09:03:00,Chinook,NA,NA,No,NA,1,0,NA,NA,NA,NA,Site,Index,NA,2,1,NA,NA,NA,NA,9,2022,37
C0F5635E-1151-4B36-97E4-CD8A35A977EA,2022-09-14,Nisqually River,District 11,Nisqually salmon 2022,011CD530-9B44-4830-8BDC-8A8A2C1552A0,10,NA,NA,Fort Lewis,9E5C07F8-2874-4E94-8E1E-5707D4B022D1,786,1,1,1,Complete,08:40:00,09:01:00,09:01:00,Chinook,NA,NA,No,NA,1,0,NA,NA,NA,NA,Site,Index,NA,2,1,NA,NA,NA,NA,9,2022,37
C0F5635E-1151-4B36-97E4-CD8A35A977EA,2022-09-14,Nisqually River,District 11,Nisqually salmon 2022,D8BC4849-2DE1-426A-89CD-B985ECD932BC,9,NA,NA,Fort Lewis,9E5C07F8-2874-4E94-8E1E-5707D4B022D1,786,1,1,1,Complete,05:54:00,08:54:00,08:54:00,Chinook,NA,NA,No,NA,1,0,NA,NA,NA,NA,Site,Index,NA,2,1,NA,NA,NA,NA,9,2022,37
8CD20FCA-4E24-4BEC-B97E-CD5575A6A2A1,2022-09-14,Nisqually River,District 11,Nisqually salmon 2022,EBDB6E5F-BEA7-44B0-9B39-A18F67154E29,13,NA,NA,Fort Lewis,9E5C07F8-2874-4E94-8E1E-5707D4B022D1,786,2,2,2,Complete,05:45:00,14:20:00,14:20:00,Chinook,NA,NA,No,NA,1,0,NA,NA,NA,NA,Site,Index,NA,2,1,NA,NA,NA,NA,9,2022,37
C0F5635E-1151-4B36-97E4-CD8A35A977EA,2022-09-14,Nisqually River,District 11,Nisqually salmon 2022,1C7BC8F3-6EB6-49C0-B49F-DFE613DF3909,4,NA,NA,Fort Lewis,9E5C07F8-2874-4E94-8E1E-5707D4B022D1,786,2,2,2,Complete,05:47:00,07:35:00,07:35:00,Chinook,NA,NA,No,NA,1,0,NA,NA,NA,NA,Site,Index,NA,2,1,NA,NA,NA,NA,9,2022,37
C0F5635E-1151-4B36-97E4-CD8A35A977EA,2022-09-14,Nisqually River,District 11,Nisqually salmon 2022,DE929BF3-07E9-4B50-B118-7CDA0141DAC1,3,NA,NA,Fort Lewis,9E5C07F8-2874-4E94-8E1E-5707D4B022D1,786,1,1,1,Complete,05:45:00,07:24:00,07:24:00,Chinook,NA,NA,No,NA,1,0,NA,NA,NA,NA,Site,Index,NA,2,1,NA,NA,NA,NA,9,2022,37
C0F5635E-1151-4B36-97E4-CD8A35A977EA,2022-09-14,Nisqually River,District 11,Nisqually salmon 2022,E05B33D2-0D9E-483F-A819-18FD6CB98565,1,Bank,NA,Fort Lewis,9E5C07F8-2874-4E94-8E1E-5707D4B022D1,786,1,2,1,Complete,05:55:00,07:08:00,07:08:00,Chinook,NA,NA,No,NA,1,0,NA,NA,NA,NA,Site,Index,NA,2,1,NA,NA,NA,NA,9,2022,37
90067B88-3949-483C-B4D2-032D35849A2C,2022-09-16,Nisqually River,District 11,Nisqually salmon 2022,CC4D32DE-D74E-4AA3-BFDB-451CBF404E60,5,NA,NA,Fort Lewis,9E5C07F8-2874-4E94-8E1E-5707D4B022D1,786,1,1,1,Complete,08:30:00,12:45:00,12:45:00,Chinook,NA,NA,No,NA,1,0,NA,NA,NA,NA,Site,Index,NA,2,1,NA,NA,NA,NA,9,2022,37
90067B88-3949-483C-B4D2-032D35849A2C,2022-09-16,Nisqually River,District 11,Nisqually salmon 2022,324EE3C3-E610-4E0D-A1BD-68E9E1886353,9,NA,NA,Fort Lewis,9E5C07F8-2874-4E94-8E1E-5707D4B022D1,786,1,1,1,Complete,06:30:00,13:08:00,13:08:00,Chinook,NA,NA,No,Boat,1,0,NA,NA,NA,NA,Site,Index,NA,2,1,NA,NA,NA,NA,9,2022,37
90067B88-3949-483C-B4D2-032D35849A2C,2022-09-16,Nisqually River,District 11,Nisqually salmon 2022,2929C5AD-0550-4D79-BE48-6FCCAE15E126,10,NA,NA,Fort Lewis,9E5C07F8-2874-4E94-8E1E-5707D4B022D1,786,1,1,1,Complete,07:30:00,13:22:00,13:22:00,Chinook,NA,NA,No,NA,1,0,NA,NA,NA,NA,Site,Index,NA,2,1,NA,NA,NA,NA,9,2022,37
90067B88-3949-483C-B4D2-032D35849A2C,2022-09-16,Nisqually River,District 11,Nisqually salmon 2022,7BFD9ADA-395F-4B5E-A6AD-F930E1DF4855,13,NA,NA,Fort Lewis,9E5C07F8-2874-4E94-8E1E-5707D4B022D1,786,1,1,1,Complete,10:00:00,13:38:00,13:38:00,Chinook,NA,NA,No,NA,1,0,NA,NA,NA,NA,Site,Index,NA,2,1,NA,NA,NA,NA,9,2022,37
90067B88-3949-483C-B4D2-032D35849A2C,2022-09-16,Nisqually River,District 11,Nisqually salmon 2022,66F4F63C-8641-4E1A-A0F4-5E5C3CF0895B,27,NA,NA,Fort Lewis,9E5C07F8-2874-4E94-8E1E-5707D4B022D1,786,1,2,2,Complete,09:00:00,15:02:00,15:02:00,Chinook,NA,NA,No,NA,1,0,NA,NA,NA,NA,Site,Index,NA,2,1,NA,NA,NA,NA,9,2022,37
90067B88-3949-483C-B4D2-032D35849A2C,2022-09-16,Nisqually River,District 11,Nisqually salmon 2022,8169BC12-20F9-492E-93DF-AC832DE85BE6,19,NA,NA,Fort Lewis,9E5C07F8-2874-4E94-8E1E-5707D4B022D1,786,1,1,1,Complete,06:30:00,13:57:00,13:57:00,Chinook,NA,NA,No,NA,1,0,NA,NA,NA,NA,Site,Index,NA,2,1,NA,NA,NA,NA,9,2022,37
3ADBAE77-3979-469A-81BD-4F3766F9F80A,2022-09-16,Nisqually River,District 11,Nisqually salmon 2022,973203FE-0970-4BDE-9983-0D53B07E7C10,11,NA,NA,Fort Lewis,9E5C07F8-2874-4E94-8E1E-5707D4B022D1,786,1,1,1,Complete,08:00:00,11:35:00,11:35:00,Chinook,NA,NA,No,NA,1,0,NA,NA,NA,NA,Site,Index,NA,2,1,NA,NA,NA,NA,9,2022,37
90067B88-3949-483C-B4D2-032D35849A2C,2022-09-16,Nisqually River,District 11,Nisqually salmon 2022,BFCBE600-EC74-48B1-8E8B-A358E469153F,2,NA,NA,Fort Lewis,9E5C07F8-2874-4E94-8E1E-5707D4B022D1,786,1,1,1,Complete,05:50:00,12:02:00,12:02:00,Chinook,NA,NA,No,NA,1,0,NA,NA,NA,NA,Site,Index,NA,2,1,NA,NA,NA,NA,9,2022,37
D73A53C2-CC94-4ADE-8AFD-CDE4D76220CD,2022-09-17,Nisqually River,District 11,Nisqually salmon 2022,862D5F5E-2B5F-4824-A47B-2C8E6FD04BB6,22,NA,NA,Fort Lewis,9E5C07F8-2874-4E94-8E1E-5707D4B022D1,786,3,3,3,Complete,06:00:00,18:15:00,18:15:00,Chinook,NA,Drift Boat/ Raft,Yes,Boat,1,1,NA,NA,NA,Luanched at power plant and fished at zone 1&2  ended at fort lewis,Site,Index,NA,2,1,NA,NA,NA,NA,9,2022,38
D73A53C2-CC94-4ADE-8AFD-CDE4D76220CD,2022-09-17,Nisqually River,District 11,Nisqually salmon 2022,4F6CA7BE-6FF5-4AEC-BF3C-45F8E61142C9,7,NA,NA,Fort Lewis,9E5C07F8-2874-4E94-8E1E-5707D4B022D1,786,2,2,2,Complete,06:30:00,15:16:00,15:16:00,Chinook,NA,NA,No,NA,1,0,NA,NA,NA,NA,Site,Index,NA,2,1,NA,NA,NA,NA,9,2022,38
B95A7802-2370-4C8A-951A-E3B5554F0685,2022-09-17,Nisqually River,District 11,Nisqually salmon 2022,2D8D0DCD-2ED8-4B99-9A1B-108100267BE1,51,NA,NA,Fort Lewis,9E5C07F8-2874-4E94-8E1E-5707D4B022D1,786,2,2,2,Complete,09:30:00,13:34:00,13:34:00,Chinook,NA,NA,No,NA,1,0,NA,NA,NA,NA,Site,Index,NA,2,1,NA,NA,NA,NA,9,2022,38
B95A7802-2370-4C8A-951A-E3B5554F0685,2022-09-17,Nisqually River,District 11,Nisqually salmon 2022,61209074-0F14-4DB0-916D-5B9584AA7D0D,49,NA,NA,Fort Lewis,9E5C07F8-2874-4E94-8E1E-5707D4B022D1,786,2,2,2,Complete,09:30:00,13:29:00,13:29:00,Chinook,NA,NA,No,NA,1,0,NA,NA,NA,NA,Site,Index,NA,2,1,NA,NA,NA,NA,9,2022,38
B95A7802-2370-4C8A-951A-E3B5554F0685,2022-09-17,Nisqually River,District 11,Nisqually salmon 2022,08CCFB15-62EA-47CA-86FA-303936A23241,48,NA,NA,Fort Lewis,9E5C07F8-2874-4E94-8E1E-5707D4B022D1,786,1,1,1,Complete,07:00:00,13:15:00,13:15:00,Chinook,NA,NA,No,NA,1,0,NA,NA,NA,NA,Site,Index,NA,2,1,NA,NA,NA,NA,9,2022,38
B95A7802-2370-4C8A-951A-E3B5554F0685,2022-09-17,Nisqually River,District 11,Nisqually salmon 2022,269B3821-E7D5-4F2F-979E-967A2823EE0E,45,NA,NA,Fort Lewis,9E5C07F8-2874-4E94-8E1E-5707D4B022D1,786,1,1,1,Complete,10:00:00,12:46:00,12:46:00,Chinook,NA,NA,No,NA,1,0,NA,NA,NA,NA,Site,Index,NA,2,1,NA,NA,NA,NA,9,2022,38
B95A7802-2370-4C8A-951A-E3B5554F0685,2022-09-17,Nisqually River,District 11,Nisqually salmon 2022,DEAEEB0E-B993-4357-BA34-B9A1978A808C,42,NA,NA,Fort Lewis,9E5C07F8-2874-4E94-8E1E-5707D4B022D1,786,2,2,2,Complete,10:00:00,12:34:00,12:34:00,Chinook,NA,NA,No,NA,1,0,NA,NA,NA,NA,Site,Index,NA,2,1,NA,NA,NA,NA,9,2022,38
B95A7802-2370-4C8A-951A-E3B5554F0685,2022-09-17,Nisqually River,District 11,Nisqually salmon 2022,4E85C228-64E7-41EC-9ECE-67C328EFDF2D,41,NA,NA,Fort Lewis,9E5C07F8-2874-4E94-8E1E-5707D4B022D1,786,1,1,1,Complete,05:55:00,12:29:00,12:29:00,Chinook,NA,NA,No,NA,1,0,NA,NA,NA,NA,Site,Index,NA,2,1,NA,NA,NA,NA,9,2022,38
B95A7802-2370-4C8A-951A-E3B5554F0685,2022-09-17,Nisqually River,District 11,Nisqually salmon 2022,6F7DF9DE-CB17-48DC-B388-8631C753B013,38,NA,NA,Fort Lewis,9E5C07F8-2874-4E94-8E1E-5707D4B022D1,786,1,1,1,Complete,07:00:00,12:21:00,12:21:00,Chinook,NA,NA,No,NA,1,0,NA,NA,NA,NA,Site,Index,NA,2,1,NA,NA,NA,NA,9,2022,38
B95A7802-2370-4C8A-951A-E3B5554F0685,2022-09-17,Nisqually River,District 11,Nisqually salmon 2022,516E702C-3EB7-4D1D-9C20-DEABC26ADF3B,37,NA,NA,Fort Lewis,9E5C07F8-2874-4E94-8E1E-5707D4B022D1,786,1,1,1,Complete,09:30:00,12:18:00,12:18:00,Chinook,NA,NA,No,NA,1,0,NA,NA,NA,NA,Site,Index,NA,2,1,NA,NA,NA,NA,9,2022,38
B95A7802-2370-4C8A-951A-E3B5554F0685,2022-09-17,Nisqually River,District 11,Nisqually salmon 2022,95CB1EE9-C812-4F12-AA6D-F5DF361FE14F,34,NA,NA,Fort Lewis,9E5C07F8-2874-4E94-8E1E-5707D4B022D1,786,1,1,1,Complete,05:55:00,12:05:00,12:05:00,Chinook,NA,NA,No,NA,1,0,NA,NA,NA,NA,Site,Index,NA,2,1,NA,NA,NA,NA,9,2022,38
B95A7802-2370-4C8A-951A-E3B5554F0685,2022-09-17,Nisqually River,District 11,Nisqually salmon 2022,C132E998-EF62-4361-95E5-166325669B74,33,NA,NA,Fort Lewis,9E5C07F8-2874-4E94-8E1E-5707D4B022D1,786,1,2,1,Complete,08:00:00,12:04:00,12:04:00,Chinook,NA,NA,No,NA,1,0,NA,NA,NA,NA,Site,Index,NA,2,1,NA,NA,NA,NA,9,2022,38
B95A7802-2370-4C8A-951A-E3B5554F0685,2022-09-17,Nisqually River,District 11,Nisqually salmon 2022,4AC3C0BE-D8A1-4CF3-8816-245DAD2B091D,31,NA,NA,Fort Lewis,9E5C07F8-2874-4E94-8E1E-5707D4B022D1,786,1,1,1,Complete,06:00:00,12:00:00,12:00:00,Chinook,NA,NA,No,NA,1,0,NA,NA,NA,NA,Site,Index,NA,2,1,NA,NA,NA,NA,9,2022,38
B95A7802-2370-4C8A-951A-E3B5554F0685,2022-09-17,Nisqually River,District 11,Nisqually salmon 2022,F1C5579A-34BD-4913-A8BC-4B07C0D0EE9B,29,NA,NA,Fort Lewis,9E5C07F8-2874-4E94-8E1E-5707D4B022D1,786,2,2,2,Complete,07:30:00,11:51:00,11:51:00,Chinook,NA,NA,No,NA,1,0,NA,NA,NA,NA,Site,Index,NA,2,1,NA,NA,NA,NA,9,2022,38
B95A7802-2370-4C8A-951A-E3B5554F0685,2022-09-17,Nisqually River,District 11,Nisqually salmon 2022,5EBA2783-9181-411B-A053-21261629BC56,27,NA,NA,Fort Lewis,9E5C07F8-2874-4E94-8E1E-5707D4B022D1,786,1,1,1,Complete,06:15:00,11:28:00,11:28:00,Chinook,NA,NA,No,NA,1,0,NA,NA,NA,NA,Site,Index,NA,2,1,NA,NA,NA,NA,9,2022,38
B95A7802-2370-4C8A-951A-E3B5554F0685,2022-09-17,Nisqually River,District 11,Nisqually salmon 2022,F34BD4EA-D610-48CE-BD3C-00C74F4F3D2A,22,NA,NA,Fort Lewis,9E5C07F8-2874-4E94-8E1E-5707D4B022D1,786,1,1,1,Complete,06:00:00,11:08:00,11:08:00,Chinook,NA,NA,No,NA,1,0,NA,NA,NA,NA,Site,Index,NA,2,1,NA,NA,NA,NA,9,2022,38
B95A7802-2370-4C8A-951A-E3B5554F0685,2022-09-17,Nisqually River,District 11,Nisqually salmon 2022,8A5F352E-C2C2-4CB3-9174-61D23D22B3F4,21,NA,NA,Fort Lewis,9E5C07F8-2874-4E94-8E1E-5707D4B022D1,786,1,1,1,Complete,05:55:00,11:01:00,11:01:00,Chinook,NA,NA,No,NA,1,0,NA,NA,NA,NA,Site,Index,NA,2,1,NA,NA,NA,NA,9,2022,38
B95A7802-2370-4C8A-951A-E3B5554F0685,2022-09-17,Nisqually River,District 11,Nisqually salmon 2022,904B881C-014E-4C3B-8F52-4ECE82BEFDBC,15,NA,NA,Fort Lewis,9E5C07F8-2874-4E94-8E1E-5707D4B022D1,786,1,1,1,Complete,06:30:00,10:40:00,10:40:00,Chinook,NA,NA,No,NA,1,0,NA,NA,NA,NA,Site,Index,NA,2,1,NA,NA,NA,NA,9,2022,38
B95A7802-2370-4C8A-951A-E3B5554F0685,2022-09-17,Nisqually River,District 11,Nisqually salmon 2022,6AF0F4A4-90FA-4EC1-83B8-340AE03BA2BB,14,NA,NA,Fort Lewis,9E5C07F8-2874-4E94-8E1E-5707D4B022D1,786,2,2,2,Complete,06:00:00,10:36:00,10:36:00,Chinook,NA,NA,No,NA,1,0,NA,NA,NA,NA,Site,Index,NA,2,1,NA,NA,NA,NA,9,2022,38
B95A7802-2370-4C8A-951A-E3B5554F0685,2022-09-17,Nisqually River,District 11,Nisqually salmon 2022,2F025485-06D0-4297-99A9-CC965A70531B,13,NA,NA,Fort Lewis,9E5C07F8-2874-4E94-8E1E-5707D4B022D1,786,1,1,1,Complete,05:55:00,10:32:00,10:32:00,Chinook,NA,NA,No,NA,1,0,NA,NA,NA,NA,Site,Index,NA,2,1,NA,NA,NA,NA,9,2022,38
B95A7802-2370-4C8A-951A-E3B5554F0685,2022-09-17,Nisqually River,District 11,Nisqually salmon 2022,FBF88300-3D93-4663-B1E4-342655184963,11,NA,NA,Fort Lewis,9E5C07F8-2874-4E94-8E1E-5707D4B022D1,786,1,1,1,Complete,06:00:00,10:22:00,10:22:00,Chinook,NA,NA,No,NA,1,0,NA,NA,NA,NA,Site,Index,NA,2,1,NA,NA,NA,NA,9,2022,38
B95A7802-2370-4C8A-951A-E3B5554F0685,2022-09-17,Nisqually River,District 11,Nisqually salmon 2022,9245C25E-576E-4C75-9845-EA7828C50F24,9,NA,NA,Fort Lewis,9E5C07F8-2874-4E94-8E1E-5707D4B022D1,786,2,2,2,Complete,06:15:00,10:14:00,10:14:00,Chinook,NA,NA,No,NA,1,0,NA,NA,NA,NA,Site,Index,NA,2,1,NA,NA,NA,NA,9,2022,38
B95A7802-2370-4C8A-951A-E3B5554F0685,2022-09-17,Nisqually River,District 11,Nisqually salmon 2022,55ECBDCE-3126-43E9-A8F9-C1BE21410834,1,NA,NA,Fort Lewis,9E5C07F8-2874-4E94-8E1E-5707D4B022D1,786,1,1,1,Complete,06:00:00,09:19:00,09:19:00,Chinook,NA,NA,No,NA,1,0,NA,NA,NA,NA,Site,Index,NA,2,1,NA,NA,NA,NA,9,2022,38
4CA1FB9A-6B2B-42A6-A4F3-EF94C7D04567,2022-09-20,Nisqually River,District 11,Nisqually salmon 2022,EB2D2DBC-B5B6-41F4-ADAB-08D1C30A782D,35,NA,NA,Fort Lewis,9E5C07F8-2874-4E94-8E1E-5707D4B022D1,786,1,1,1,Complete,09:00:00,13:23:00,13:23:00,Chinook,NA,NA,No,NA,1,0,NA,NA,NA,NA,Site,Index,NA,2,1,NA,NA,NA,NA,9,2022,38
4CA1FB9A-6B2B-42A6-A4F3-EF94C7D04567,2022-09-20,Nisqually River,District 11,Nisqually salmon 2022,766C157F-4894-4A9F-9B83-321BD661824B,37,NA,NA,Fort Lewis,9E5C07F8-2874-4E94-8E1E-5707D4B022D1,786,1,1,1,Complete,06:30:00,13:30:00,13:30:00,Chinook,NA,NA,No,NA,1,0,NA,NA,NA,NA,Site,Index,NA,2,1,NA,NA,NA,NA,9,2022,38
4CA1FB9A-6B2B-42A6-A4F3-EF94C7D04567,2022-09-20,Nisqually River,District 11,Nisqually salmon 2022,4ADD7047-E112-4071-80E6-EFD870EC224A,52,NA,NA,Fort Lewis,9E5C07F8-2874-4E94-8E1E-5707D4B022D1,786,1,1,1,Complete,11:00:00,14:54:00,14:54:00,Chinook,NA,NA,No,NA,1,0,NA,NA,NA,NA,Site,Index,NA,2,1,NA,NA,NA,NA,9,2022,38
4CA1FB9A-6B2B-42A6-A4F3-EF94C7D04567,2022-09-20,Nisqually River,District 11,Nisqually salmon 2022,662BCAA0-33DD-4177-A7DC-070697088586,57,NA,NA,Fort Lewis,9E5C07F8-2874-4E94-8E1E-5707D4B022D1,786,1,1,1,Complete,10:00:00,15:15:00,15:15:00,Chinook,NA,NA,No,NA,1,0,NA,NA,NA,NA,Site,Index,NA,2,1,NA,NA,NA,NA,9,2022,38
538A4AAF-E27F-4B57-A91A-041FE9162125,2022-09-20,Nisqually River,District 11,Nisqually salmon 2022,2F9C7F80-8E14-4676-923F-641EFC30403A,16,NA,NA,Fort Lewis,9E5C07F8-2874-4E94-8E1E-5707D4B022D1,786,2,2,2,Complete,16:30:00,18:30:00,18:30:00,Chinook,NA,NA,No,NA,1,0,NA,NA,NA,NA,Site,Index,NA,2,1,NA,NA,NA,NA,9,2022,38
538A4AAF-E27F-4B57-A91A-041FE9162125,2022-09-20,Nisqually River,District 11,Nisqually salmon 2022,284DE1C7-3DD4-4E15-8845-F887E225B371,10,NA,NA,Fort Lewis,9E5C07F8-2874-4E94-8E1E-5707D4B022D1,786,1,1,1,Complete,10:30:00,15:23:00,15:23:00,Chinook,NA,NA,No,NA,1,0,NA,NA,NA,NA,Site,Index,NA,2,1,NA,NA,NA,NA,9,2022,38
538A4AAF-E27F-4B57-A91A-041FE9162125,2022-09-20,Nisqually River,District 11,Nisqually salmon 2022,1AB94EED-E82C-434E-B342-196A06448606,13,NA,NA,Fort Lewis,9E5C07F8-2874-4E94-8E1E-5707D4B022D1,786,1,1,1,Complete,15:56:00,17:57:00,17:57:00,Chinook,NA,NA,No,NA,1,0,NA,NA,NA,NA,Site,Index,NA,2,1,NA,NA,NA,NA,9,2022,38
538A4AAF-E27F-4B57-A91A-041FE9162125,2022-09-20,Nisqually River,District 11,Nisqually salmon 2022,4520B327-472E-4D7B-8B7D-1E3E4432807D,14,NA,NA,Fort Lewis,9E5C07F8-2874-4E94-8E1E-5707D4B022D1,786,1,1,1,Complete,14:30:00,18:05:00,18:05:00,Chinook,NA,NA,No,NA,1,0,NA,NA,NA,NA,Site,Index,NA,2,1,NA,NA,NA,NA,9,2022,38
4CA1FB9A-6B2B-42A6-A4F3-EF94C7D04567,2022-09-20,Nisqually River,District 11,Nisqually salmon 2022,B4655DAB-9712-495A-BE84-5961E4F404F9,12,NA,NA,Fort Lewis,9E5C07F8-2874-4E94-8E1E-5707D4B022D1,786,1,1,1,Complete,07:00:00,11:52:00,11:52:00,Chinook,NA,NA,No,NA,1,0,NA,NA,NA,NA,Site,Index,NA,2,1,NA,NA,NA,NA,9,2022,38
4CA1FB9A-6B2B-42A6-A4F3-EF94C7D04567,2022-09-20,Nisqually River,District 11,Nisqually salmon 2022,155C961D-50A4-439A-96AE-6F3EABAAB9D5,14,NA,NA,Fort Lewis,9E5C07F8-2874-4E94-8E1E-5707D4B022D1,786,1,1,1,Complete,06:00:00,12:05:00,12:05:00,Chinook,NA,NA,No,NA,1,0,NA,NA,NA,NA,Site,Index,NA,2,1,NA,NA,NA,NA,9,2022,38
4CA1FB9A-6B2B-42A6-A4F3-EF94C7D04567,2022-09-20,Nisqually River,District 11,Nisqually salmon 2022,6E03642F-BC15-44BB-838E-0C0B7DE3F783,15,NA,NA,Fort Lewis,9E5C07F8-2874-4E94-8E1E-5707D4B022D1,786,1,1,1,Complete,09:30:00,12:10:00,12:10:00,Chinook,NA,NA,No,NA,1,0,NA,NA,NA,NA,Site,Index,NA,2,1,NA,NA,NA,NA,9,2022,38
4CA1FB9A-6B2B-42A6-A4F3-EF94C7D04567,2022-09-20,Nisqually River,District 11,Nisqually salmon 2022,65167167-8A8B-4453-823A-10D3ABFAD6BF,17,NA,NA,Fort Lewis,9E5C07F8-2874-4E94-8E1E-5707D4B022D1,786,1,1,1,Complete,06:30:00,12:16:00,12:16:00,Chinook,NA,NA,No,NA,1,0,NA,NA,NA,NA,Site,Index,NA,2,1,NA,NA,NA,NA,9,2022,38
4CA1FB9A-6B2B-42A6-A4F3-EF94C7D04567,2022-09-20,Nisqually River,District 11,Nisqually salmon 2022,95DE4A07-D6FD-4611-840A-D78C47EA42F6,21,NA,NA,Fort Lewis,9E5C07F8-2874-4E94-8E1E-5707D4B022D1,786,1,1,1,Complete,10:00:00,12:30:00,12:30:00,Chinook,NA,NA,No,NA,1,0,NA,NA,NA,NA,Site,Index,NA,2,1,NA,NA,NA,NA,9,2022,38
4CA1FB9A-6B2B-42A6-A4F3-EF94C7D04567,2022-09-20,Nisqually River,District 11,Nisqually salmon 2022,09F8908C-E969-4F70-A076-025B6FF914DD,26,NA,NA,Fort Lewis,9E5C07F8-2874-4E94-8E1E-5707D4B022D1,786,1,1,1,Complete,07:00:00,12:48:00,12:48:00,Chinook,NA,NA,No,NA,1,0,NA,NA,NA,NA,Site,Index,NA,2,1,NA,NA,NA,NA,9,2022,38
4CA1FB9A-6B2B-42A6-A4F3-EF94C7D04567,2022-09-20,Nisqually River,District 11,Nisqually salmon 2022,C09A6AE3-60FF-4830-87EB-95FE1CC9B0D6,49,NA,NA,Fort Lewis,9E5C07F8-2874-4E94-8E1E-5707D4B022D1,786,1,1,1,Complete,06:00:00,14:40:00,14:40:00,Chinook,NA,NA,No,NA,1,0,NA,NA,NA,NA,Site,Index,NA,2,1,NA,NA,NA,NA,9,2022,38
4CA1FB9A-6B2B-42A6-A4F3-EF94C7D04567,2022-09-20,Nisqually River,District 11,Nisqually salmon 2022,94851ACA-6615-4BB8-AE09-EF044E0E9CEF,48,NA,NA,Fort Lewis,9E5C07F8-2874-4E94-8E1E-5707D4B022D1,786,1,1,1,Complete,07:00:00,14:38:00,14:38:00,Chinook,NA,NA,No,NA,1,0,NA,NA,NA,NA,Site,Index,NA,2,1,NA,NA,NA,NA,9,2022,38
4CA1FB9A-6B2B-42A6-A4F3-EF94C7D04567,2022-09-20,Nisqually River,District 11,Nisqually salmon 2022,04393770-D4D9-42BC-ADBD-A605A34E6DB9,28,NA,NA,Fort Lewis,9E5C07F8-2874-4E94-8E1E-5707D4B022D1,786,1,1,1,Complete,06:30:00,12:53:00,12:53:00,Chinook,NA,NA,No,NA,1,0,NA,NA,NA,NA,Site,Index,NA,2,1,NA,NA,NA,NA,9,2022,38
4CA1FB9A-6B2B-42A6-A4F3-EF94C7D04567,2022-09-20,Nisqually River,District 11,Nisqually salmon 2022,C7521FD9-0C61-4B6C-AC7A-8A84FBBC36F1,31,NA,NA,Fort Lewis,9E5C07F8-2874-4E94-8E1E-5707D4B022D1,786,1,1,1,Complete,10:00:00,13:02:00,13:02:00,Chinook,NA,NA,No,NA,1,0,NA,NA,NA,NA,Site,Index,NA,2,1,NA,NA,NA,NA,9,2022,38
4CA1FB9A-6B2B-42A6-A4F3-EF94C7D04567,2022-09-20,Nisqually River,District 11,Nisqually salmon 2022,2BB6C61D-9492-4278-97FD-05763971BCF9,23,NA,NA,Fort Lewis,9E5C07F8-2874-4E94-8E1E-5707D4B022D1,786,1,1,1,Complete,08:00:00,12:41:00,12:41:00,Chinook,NA,NA,No,NA,1,0,NA,NA,NA,NA,Site,Index,NA,2,1,NA,NA,NA,NA,9,2022,38
4CA1FB9A-6B2B-42A6-A4F3-EF94C7D04567,2022-09-20,Nisqually River,District 11,Nisqually salmon 2022,9E76C463-E747-44F1-A24A-C44C99E5E21D,24,NA,NA,Fort Lewis,9E5C07F8-2874-4E94-8E1E-5707D4B022D1,786,2,2,2,Complete,11:30:00,12:44:00,12:44:00,Chinook,NA,NA,No,NA,2,0,NA,NA,NA,NA,Site,Index,NA,2,1,NA,NA,NA,NA,9,2022,38
4CA1FB9A-6B2B-42A6-A4F3-EF94C7D04567,2022-09-20,Nisqually River,District 11,Nisqually salmon 2022,A534DE59-AAC8-463C-A2D1-EC904BFFFDB9,41,NA,NA,Fort Lewis,9E5C07F8-2874-4E94-8E1E-5707D4B022D1,786,1,1,1,Complete,06:00:00,13:46:00,13:46:00,Chinook,NA,NA,No,NA,1,0,NA,NA,NA,NA,Site,Index,NA,2,1,NA,NA,NA,NA,9,2022,38
4CA1FB9A-6B2B-42A6-A4F3-EF94C7D04567,2022-09-20,Nisqually River,District 11,Nisqually salmon 2022,181C96EB-04AB-4EAF-A36F-7F7CBE731FA8,42,NA,NA,Fort Lewis,9E5C07F8-2874-4E94-8E1E-5707D4B022D1,786,1,1,1,Complete,08:00:00,13:49:00,13:49:00,Chinook,NA,NA,No,NA,1,0,NA,NA,NA,NA,Site,Index,NA,2,1,NA,NA,NA,NA,9,2022,38
4CA1FB9A-6B2B-42A6-A4F3-EF94C7D04567,2022-09-20,Nisqually River,District 11,Nisqually salmon 2022,C37EFF9E-70B2-4DB4-88E2-D587B158B75E,43,NA,NA,Fort Lewis,9E5C07F8-2874-4E94-8E1E-5707D4B022D1,786,1,1,1,Complete,06:30:00,13:50:00,13:50:00,Chinook,NA,NA,No,NA,1,0,NA,NA,NA,NA,Site,Index,NA,2,1,NA,NA,NA,NA,9,2022,38
6C0A1D5D-4BE5-4DAD-ABCD-D3E99B22157A,2022-09-22,Nisqually River,District 11,Nisqually salmon 2022,DBA17251-D052-40E9-B7E9-23B233DDF168,44,NA,NA,Fort Lewis,9E5C07F8-2874-4E94-8E1E-5707D4B022D1,786,1,1,1,Complete,11:00:00,15:25:00,15:25:00,Chinook,NA,NA,No,NA,1,0,NA,NA,NA,NA,Site,Index,NA,2,1,NA,NA,NA,NA,9,2022,38
6C0A1D5D-4BE5-4DAD-ABCD-D3E99B22157A,2022-09-22,Nisqually River,District 11,Nisqually salmon 2022,1869BAC8-3BA4-48A1-B845-F00AD1CA217E,1,NA,NA,Fort Lewis,9E5C07F8-2874-4E94-8E1E-5707D4B022D1,786,1,1,1,Complete,07:30:00,10:44:00,10:44:00,Chinook,NA,NA,No,NA,1,0,NA,NA,NA,NA,Site,Index,NA,2,1,NA,NA,NA,NA,9,2022,38
6C0A1D5D-4BE5-4DAD-ABCD-D3E99B22157A,2022-09-22,Nisqually River,District 11,Nisqually salmon 2022,023E38DF-E8CA-4AC2-B443-E75DF187380D,2,NA,NA,Fort Lewis,9E5C07F8-2874-4E94-8E1E-5707D4B022D1,786,1,1,1,Complete,06:00:00,10:57:00,10:57:00,Chinook,NA,NA,No,NA,1,0,NA,NA,NA,NA,Site,Index,NA,2,1,NA,NA,NA,NA,9,2022,38
6C0A1D5D-4BE5-4DAD-ABCD-D3E99B22157A,2022-09-22,Nisqually River,District 11,Nisqually salmon 2022,957ED8E0-9E4C-4BE2-9785-F5FFAE41C5BB,9,NA,NA,Fort Lewis,9E5C07F8-2874-4E94-8E1E-5707D4B022D1,786,1,1,1,Complete,09:00:00,11:34:00,11:34:00,Chinook,NA,NA,No,NA,1,0,NA,NA,NA,NA,Site,Index,NA,2,1,NA,NA,NA,NA,9,2022,38
6C0A1D5D-4BE5-4DAD-ABCD-D3E99B22157A,2022-09-22,Nisqually River,District 11,Nisqually salmon 2022,6204C684-E688-4CE7-9F36-ED422DC8E24E,11,NA,NA,Fort Lewis,9E5C07F8-2874-4E94-8E1E-5707D4B022D1,786,1,1,1,Complete,10:30:00,12:03:00,12:03:00,Chinook,NA,NA,No,NA,1,0,NA,NA,NA,NA,Site,Index,NA,2,1,NA,NA,NA,NA,9,2022,38
6C0A1D5D-4BE5-4DAD-ABCD-D3E99B22157A,2022-09-22,Nisqually River,District 11,Nisqually salmon 2022,7C23B7E1-4DF3-440A-A09A-C9EB7C410D60,12,NA,NA,Fort Lewis,9E5C07F8-2874-4E94-8E1E-5707D4B022D1,786,1,1,1,Complete,06:30:00,12:08:00,12:08:00,Chinook,NA,NA,No,NA,1,0,NA,NA,NA,NA,Site,Index,NA,2,1,NA,NA,NA,NA,9,2022,38
6C0A1D5D-4BE5-4DAD-ABCD-D3E99B22157A,2022-09-22,Nisqually River,District 11,Nisqually salmon 2022,75B115A2-B687-4E4D-AAE9-CD85E54A499C,13,NA,NA,Fort Lewis,9E5C07F8-2874-4E94-8E1E-5707D4B022D1,786,2,2,2,Complete,06:00:00,12:12:00,12:12:00,Chinook,NA,NA,No,NA,1,0,NA,NA,NA,NA,Site,Index,NA,2,1,NA,NA,NA,NA,9,2022,38
6C0A1D5D-4BE5-4DAD-ABCD-D3E99B22157A,2022-09-22,Nisqually River,District 11,Nisqually salmon 2022,DE7FFF21-8F87-41C5-8ACE-CCA0FFB3B139,14,NA,NA,Fort Lewis,9E5C07F8-2874-4E94-8E1E-5707D4B022D1,786,1,1,1,Complete,10:00:00,12:26:00,12:26:00,Chinook,NA,NA,No,NA,1,0,NA,NA,NA,NA,Site,Index,NA,2,1,NA,NA,NA,NA,9,2022,38
6C0A1D5D-4BE5-4DAD-ABCD-D3E99B22157A,2022-09-22,Nisqually River,District 11,Nisqually salmon 2022,4E9082EF-18D8-4611-83DF-4232E1815703,18,NA,NA,Fort Lewis,9E5C07F8-2874-4E94-8E1E-5707D4B022D1,786,1,1,1,Complete,06:00:00,13:03:00,13:03:00,Chinook,NA,NA,No,NA,1,0,NA,NA,NA,NA,Site,Index,NA,2,1,NA,NA,NA,NA,9,2022,38
6C0A1D5D-4BE5-4DAD-ABCD-D3E99B22157A,2022-09-22,Nisqually River,District 11,Nisqually salmon 2022,E45EF52B-F5B2-4CB9-9D6A-E96CFA8A0436,20,NA,NA,Fort Lewis,9E5C07F8-2874-4E94-8E1E-5707D4B022D1,786,1,1,1,Complete,06:30:00,13:08:00,13:08:00,Chinook,NA,NA,No,NA,1,0,NA,NA,NA,NA,Site,Index,NA,2,1,NA,NA,NA,NA,9,2022,38
6C0A1D5D-4BE5-4DAD-ABCD-D3E99B22157A,2022-09-22,Nisqually River,District 11,Nisqually salmon 2022,BBB808F8-ED2A-4038-8902-74281D9B836E,24,NA,NA,Fort Lewis,9E5C07F8-2874-4E94-8E1E-5707D4B022D1,786,1,1,1,Complete,10:15:00,13:22:00,13:22:00,Chinook,NA,NA,No,NA,1,0,NA,NA,NA,NA,Site,Index,NA,2,1,NA,NA,NA,NA,9,2022,38
6C0A1D5D-4BE5-4DAD-ABCD-D3E99B22157A,2022-09-22,Nisqually River,District 11,Nisqually salmon 2022,7FE95FB0-325C-4BBF-8B5A-3A51F0ACEFCA,25,NA,NA,Fort Lewis,9E5C07F8-2874-4E94-8E1E-5707D4B022D1,786,1,1,1,Complete,06:30:00,13:33:00,13:33:00,Chinook,NA,NA,No,NA,1,0,NA,NA,NA,NA,Site,Index,NA,2,1,NA,NA,NA,NA,9,2022,38
6C0A1D5D-4BE5-4DAD-ABCD-D3E99B22157A,2022-09-22,Nisqually River,District 11,Nisqually salmon 2022,4435D675-8D20-45DC-A0FA-517E2DE16029,29,NA,NA,Fort Lewis,9E5C07F8-2874-4E94-8E1E-5707D4B022D1,786,1,1,1,Complete,08:00:00,13:56:00,13:56:00,Chinook,NA,NA,No,NA,1,0,NA,NA,NA,NA,Site,Index,NA,2,1,NA,NA,NA,NA,9,2022,38
6C0A1D5D-4BE5-4DAD-ABCD-D3E99B22157A,2022-09-22,Nisqually River,District 11,Nisqually salmon 2022,FC8A846E-9C0C-4E79-A1E4-F9B0A4E577FD,31,NA,NA,Fort Lewis,9E5C07F8-2874-4E94-8E1E-5707D4B022D1,786,1,1,1,Complete,08:45:00,14:05:00,14:05:00,Chinook,NA,NA,No,NA,1,0,NA,NA,NA,NA,Site,Index,NA,2,1,NA,NA,NA,NA,9,2022,38
6C0A1D5D-4BE5-4DAD-ABCD-D3E99B22157A,2022-09-22,Nisqually River,District 11,Nisqually salmon 2022,54C3132C-AA4E-49C4-A514-1159B1CC40B0,32,NA,NA,Fort Lewis,9E5C07F8-2874-4E94-8E1E-5707D4B022D1,786,2,2,2,Complete,11:00:00,14:13:00,14:13:00,Chinook,NA,NA,No,NA,1,0,NA,NA,NA,NA,Site,Index,NA,2,1,NA,NA,NA,NA,9,2022,38
6C0A1D5D-4BE5-4DAD-ABCD-D3E99B22157A,2022-09-22,Nisqually River,District 11,Nisqually salmon 2022,5EFBE444-BB48-4C76-B186-D373B5308DD9,33,NA,NA,Fort Lewis,9E5C07F8-2874-4E94-8E1E-5707D4B022D1,786,1,1,1,Complete,06:00:00,14:15:00,14:15:00,Chinook,NA,NA,No,NA,1,0,NA,NA,NA,NA,Site,Index,NA,2,1,NA,NA,NA,NA,9,2022,38
6C0A1D5D-4BE5-4DAD-ABCD-D3E99B22157A,2022-09-22,Nisqually River,District 11,Nisqually salmon 2022,F42507BE-85BE-4867-89CF-7BEC0D4E4770,34,NA,NA,Fort Lewis,9E5C07F8-2874-4E94-8E1E-5707D4B022D1,786,1,1,1,Complete,06:00:00,14:20:00,14:20:00,Chinook,NA,NA,No,NA,1,0,NA,NA,NA,NA,Site,Index,NA,2,1,NA,NA,NA,NA,9,2022,38
6C0A1D5D-4BE5-4DAD-ABCD-D3E99B22157A,2022-09-22,Nisqually River,District 11,Nisqually salmon 2022,D1C4050A-312E-451F-B867-D398DA4CEF55,35,NA,NA,Fort Lewis,9E5C07F8-2874-4E94-8E1E-5707D4B022D1,786,1,1,1,Complete,10:15:00,14:22:00,14:22:00,Chinook,NA,NA,No,NA,1,0,NA,NA,NA,NA,Site,Index,NA,2,1,NA,NA,NA,NA,9,2022,38
6C0A1D5D-4BE5-4DAD-ABCD-D3E99B22157A,2022-09-22,Nisqually River,District 11,Nisqually salmon 2022,77F21F47-ACC4-49D9-ADA6-A0D938FDA762,36,NA,NA,Fort Lewis,9E5C07F8-2874-4E94-8E1E-5707D4B022D1,786,2,2,2,Complete,09:15:00,14:31:00,14:31:00,Chinook,NA,NA,No,NA,2,0,NA,NA,NA,NA,Site,Index,NA,2,1,NA,NA,NA,NA,9,2022,38
6C0A1D5D-4BE5-4DAD-ABCD-D3E99B22157A,2022-09-22,Nisqually River,District 11,Nisqually salmon 2022,90A12397-58AE-4AC6-9FEA-54B062971781,37,NA,NA,Fort Lewis,9E5C07F8-2874-4E94-8E1E-5707D4B022D1,786,1,1,1,Complete,06:00:00,14:37:00,14:37:00,Chinook,NA,NA,No,NA,1,0,NA,NA,NA,NA,Site,Index,NA,2,1,NA,NA,NA,NA,9,2022,38
684AE660-2C46-4644-ADE3-CE54F785827D,2022-09-22,Nisqually River,District 11,Nisqually salmon 2022,C53466DE-DFC6-4C2C-8311-AF24311ECEAA,2,NA,NA,Fort Lewis,9E5C07F8-2874-4E94-8E1E-5707D4B022D1,786,1,1,1,Complete,06:15:00,12:44:00,12:44:00,Chinook,NA,NA,No,NA,1,0,NA,NA,NA,NA,Site,Index,NA,2,1,NA,NA,NA,NA,9,2022,38
AEA855DC-439A-495F-AFFB-D2662C9C9BFF,2022-09-23,Nisqually River,District 11,Nisqually salmon 2022,38FD91BC-BC67-4333-B402-E5218159A713,6,NA,NA,Fort Lewis,9E5C07F8-2874-4E94-8E1E-5707D4B022D1,786,1,1,1,Complete,06:00:00,08:45:00,08:45:00,Chinook,NA,NA,No,NA,1,0,NA,NA,NA,NA,Site,Index,NA,2,1,NA,NA,NA,NA,9,2022,38
AEA855DC-439A-495F-AFFB-D2662C9C9BFF,2022-09-23,Nisqually River,District 11,Nisqually salmon 2022,41A60788-7D79-4BDB-A862-F3D9B588B6D3,13,NA,NA,Fort Lewis,9E5C07F8-2874-4E94-8E1E-5707D4B022D1,786,1,1,1,Complete,07:00:00,12:48:00,12:48:00,Chinook,NA,NA,No,NA,1,0,NA,NA,NA,NA,Site,Index,NA,2,1,NA,NA,NA,NA,9,2022,38
34F98B52-BCEF-4FD7-967D-5DBFDF108256,2022-09-23,Nisqually River,District 11,Nisqually salmon 2022,583290FF-9C0F-4F53-9B9D-F6BBFAD5BCCD,14,NA,NA,Fort Lewis,9E5C07F8-2874-4E94-8E1E-5707D4B022D1,786,1,1,1,Complete,06:00:00,12:30:00,12:30:00,Chinook,NA,NA,No,NA,1,0,NA,NA,NA,NA,Site,Index,NA,2,1,NA,NA,NA,NA,9,2022,38
AEA855DC-439A-495F-AFFB-D2662C9C9BFF,2022-09-23,Nisqually River,District 11,Nisqually salmon 2022,20533ADF-11B5-4A0A-934F-BBBAF385D89A,16,NA,NA,Fort Lewis,9E5C07F8-2874-4E94-8E1E-5707D4B022D1,786,1,1,1,Complete,07:00:00,13:01:00,13:01:00,Chinook,NA,NA,No,NA,1,0,NA,NA,NA,NA,Site,Index,NA,2,1,NA,NA,NA,NA,9,2022,38
AEA855DC-439A-495F-AFFB-D2662C9C9BFF,2022-09-23,Nisqually River,District 11,Nisqually salmon 2022,3414CFD6-E5DA-4E32-BC0B-BF65C3BF9BD1,18,NA,NA,Fort Lewis,9E5C07F8-2874-4E94-8E1E-5707D4B022D1,786,2,2,2,Complete,08:00:00,13:16:00,13:16:00,Chinook,NA,Trailered Motorized Boat,Yes,Boat,1,1,NA,NA,NA,NA,Site,Index,NA,2,1,NA,NA,NA,NA,9,2022,38
AEA855DC-439A-495F-AFFB-D2662C9C9BFF,2022-09-23,Nisqually River,District 11,Nisqually salmon 2022,C9FF9744-141C-44E8-9DEE-DB85EB6F4A3A,1,NA,NA,Fort Lewis,9E5C07F8-2874-4E94-8E1E-5707D4B022D1,786,1,1,1,Complete,06:00:00,07:45:00,07:45:00,Chinook,NA,NA,No,NA,1,0,NA,NA,NA,NA,Site,Index,NA,2,1,NA,NA,NA,NA,9,2022,38
AEA855DC-439A-495F-AFFB-D2662C9C9BFF,2022-09-23,Nisqually River,District 11,Nisqually salmon 2022,C64F9577-3432-4C79-B218-961CE719FB73,19,NA,NA,Fort Lewis,9E5C07F8-2874-4E94-8E1E-5707D4B022D1,786,1,1,1,Complete,10:00:00,13:22:00,13:22:00,Chinook,NA,NA,No,NA,1,0,NA,NA,NA,NA,Site,Index,NA,2,1,NA,NA,NA,NA,9,2022,38
AEA855DC-439A-495F-AFFB-D2662C9C9BFF,2022-09-23,Nisqually River,District 11,Nisqually salmon 2022,C1F879D6-267A-41A5-B7A9-EA7EAF04C165,23,NA,NA,Fort Lewis,9E5C07F8-2874-4E94-8E1E-5707D4B022D1,786,1,1,1,Complete,07:00:00,13:47:00,13:47:00,Chinook,NA,NA,No,NA,1,0,NA,NA,NA,NA,Site,Index,NA,2,1,NA,NA,NA,NA,9,2022,38
34F98B52-BCEF-4FD7-967D-5DBFDF108256,2022-09-23,Nisqually River,District 11,Nisqually salmon 2022,4D5332A6-ECB8-4548-BFB2-4C732A2138CF,9,NA,NA,Fort Lewis,9E5C07F8-2874-4E94-8E1E-5707D4B022D1,786,1,1,1,Complete,06:30:00,11:34:00,11:34:00,Chinook,NA,NA,No,NA,1,0,NA,NA,NA,NA,Site,Index,NA,2,1,NA,NA,NA,NA,9,2022,38
34F98B52-BCEF-4FD7-967D-5DBFDF108256,2022-09-23,Nisqually River,District 11,Nisqually salmon 2022,DBCC0C98-1301-455A-B76F-FF5E6B148ED5,6,NA,NA,Fort Lewis,9E5C07F8-2874-4E94-8E1E-5707D4B022D1,786,1,1,1,Complete,06:30:00,06:30:00,06:30:00,Chinook,NA,NA,No,NA,1,0,NA,NA,NA,NA,Site,Index,NA,2,1,NA,NA,NA,NA,9,2022,38
34F98B52-BCEF-4FD7-967D-5DBFDF108256,2022-09-23,Nisqually River,District 11,Nisqually salmon 2022,16EE942A-3C63-410F-AE6D-150F59022A38,3,NA,NA,Fort Lewis,9E5C07F8-2874-4E94-8E1E-5707D4B022D1,786,1,1,1,Complete,06:36:00,10:47:00,10:47:00,Chinook,NA,NA,No,NA,1,0,NA,NA,NA,NA,Site,Index,NA,2,1,NA,NA,NA,NA,9,2022,38
34F98B52-BCEF-4FD7-967D-5DBFDF108256,2022-09-23,Nisqually River,District 11,Nisqually salmon 2022,9686530F-051C-481A-A985-3555522D8E8D,13,NA,NA,Fort Lewis,9E5C07F8-2874-4E94-8E1E-5707D4B022D1,786,2,2,2,Complete,06:24:00,12:18:00,12:18:00,Chinook,NA,NA,No,NA,1,0,NA,NA,NA,NA,Site,Index,NA,2,1,NA,NA,NA,NA,9,2022,38
AEA855DC-439A-495F-AFFB-D2662C9C9BFF,2022-09-23,Nisqually River,District 11,Nisqually salmon 2022,32E4FFF2-DFFE-4679-974F-E905A5B52E67,3,NA,NA,Fort Lewis,9E5C07F8-2874-4E94-8E1E-5707D4B022D1,786,1,1,1,Complete,06:10:00,08:14:00,08:14:00,Chinook,NA,NA,No,NA,1,0,NA,NA,NA,NA,Site,Index,NA,2,1,NA,NA,NA,NA,9,2022,38
CC0163F7-A12E-4904-B194-ECD489201C65,2022-09-24,Nisqually River,District 11,Nisqually salmon 2022,6A0C86FC-247C-43A5-AEAF-4C87BE844855,22,NA,NA,Fort Lewis,9E5C07F8-2874-4E94-8E1E-5707D4B022D1,786,1,1,1,Complete,12:00:00,15:44:00,15:44:00,Chinook,NA,NA,No,NA,1,0,NA,NA,NA,NA,Site,Index,NA,2,1,NA,NA,NA,NA,9,2022,39
CC0163F7-A12E-4904-B194-ECD489201C65,2022-09-24,Nisqually River,District 11,Nisqually salmon 2022,E54D0A98-1F09-4196-BE1C-8CF499094A13,18,NA,NA,Fort Lewis,9E5C07F8-2874-4E94-8E1E-5707D4B022D1,786,1,1,1,Complete,07:00:00,15:09:00,15:09:00,Chinook,NA,NA,No,NA,1,0,NA,NA,NA,NA,Site,Index,NA,2,1,NA,NA,NA,NA,9,2022,39
CC0163F7-A12E-4904-B194-ECD489201C65,2022-09-24,Nisqually River,District 11,Nisqually salmon 2022,61014A11-50B1-44B9-AE14-01C10A7352E8,15,NA,NA,Fort Lewis,9E5C07F8-2874-4E94-8E1E-5707D4B022D1,786,1,1,1,Complete,06:00:00,14:16:00,14:16:00,Chinook,NA,NA,No,NA,1,0,NA,NA,NA,NA,Site,Index,NA,2,1,NA,NA,NA,NA,9,2022,39
CC0163F7-A12E-4904-B194-ECD489201C65,2022-09-24,Nisqually River,District 11,Nisqually salmon 2022,8D4BC8E2-E5A1-4543-A613-EEA277D3ADD9,9,NA,NA,Fort Lewis,9E5C07F8-2874-4E94-8E1E-5707D4B022D1,786,1,1,1,Complete,06:00:00,10:37:00,10:37:00,Chinook,NA,NA,No,NA,1,0,NA,NA,NA,NA,Site,Index,NA,2,1,NA,NA,NA,NA,9,2022,39
CC0163F7-A12E-4904-B194-ECD489201C65,2022-09-24,Nisqually River,District 11,Nisqually salmon 2022,80B87748-0579-458B-8744-5342197515B0,4,NA,NA,Fort Lewis,9E5C07F8-2874-4E94-8E1E-5707D4B022D1,786,1,1,1,Complete,07:30:00,10:01:00,10:01:00,Chinook,NA,NA,No,NA,1,0,NA,NA,NA,NA,Site,Index,NA,2,1,NA,NA,NA,NA,9,2022,39
4BFF39E7-7CBE-4EA9-947C-992DF239ECED,2022-09-24,Nisqually River,District 11,Nisqually salmon 2022,8650938C-6637-403F-9BE5-429394024DA5,1,NA,NA,Fort Lewis,9E5C07F8-2874-4E94-8E1E-5707D4B022D1,786,1,2,2,Complete,06:00:00,10:37:00,10:37:00,Chinook,NA,NA,No,NA,1,0,NA,NA,NA,NA,Site,Index,NA,2,1,NA,NA,NA,NA,9,2022,39
4BFF39E7-7CBE-4EA9-947C-992DF239ECED,2022-09-24,Nisqually River,District 11,Nisqually salmon 2022,E092AAC1-7F00-4714-A56A-096133CCB2D4,4,NA,NA,Fort Lewis,9E5C07F8-2874-4E94-8E1E-5707D4B022D1,786,1,1,1,Complete,09:30:00,10:43:00,10:43:00,Chinook,NA,NA,No,NA,1,0,NA,NA,NA,NA,Site,Index,NA,2,1,NA,NA,NA,NA,9,2022,39
4BFF39E7-7CBE-4EA9-947C-992DF239ECED,2022-09-24,Nisqually River,District 11,Nisqually salmon 2022,3FBA9E3C-EB09-4EE1-9C2D-1F0B5A649F4B,6,NA,NA,Fort Lewis,9E5C07F8-2874-4E94-8E1E-5707D4B022D1,786,1,1,1,Complete,06:30:00,10:50:00,10:50:00,Chinook,NA,NA,No,NA,1,0,NA,NA,NA,NA,Site,Index,NA,2,1,NA,NA,NA,NA,9,2022,39
4BFF39E7-7CBE-4EA9-947C-992DF239ECED,2022-09-24,Nisqually River,District 11,Nisqually salmon 2022,94280C93-E2B5-4160-A596-7A5511908EF1,7,NA,NA,Fort Lewis,9E5C07F8-2874-4E94-8E1E-5707D4B022D1,786,1,1,1,Complete,06:00:00,10:51:00,10:51:00,Chinook,NA,NA,No,NA,1,0,NA,NA,NA,NA,Site,Index,NA,2,1,NA,NA,NA,NA,9,2022,39
4BFF39E7-7CBE-4EA9-947C-992DF239ECED,2022-09-24,Nisqually River,District 11,Nisqually salmon 2022,0A29CA66-7D1D-4B55-95B1-C9DED03AF467,10,NA,NA,Fort Lewis,9E5C07F8-2874-4E94-8E1E-5707D4B022D1,786,2,2,2,Complete,06:30:00,11:24:00,11:24:00,Chinook,NA,NA,No,NA,1,0,NA,NA,NA,NA,Site,Index,NA,2,1,NA,NA,NA,NA,9,2022,39
4BFF39E7-7CBE-4EA9-947C-992DF239ECED,2022-09-24,Nisqually River,District 11,Nisqually salmon 2022,57BD9C44-ABC7-4AB6-89C7-DF2D08B0D55F,16,NA,NA,Fort Lewis,9E5C07F8-2874-4E94-8E1E-5707D4B022D1,786,1,1,1,Complete,07:00:00,12:01:00,12:01:00,Chinook,NA,NA,No,NA,1,0,NA,NA,NA,NA,Site,Index,NA,2,1,NA,NA,NA,NA,9,2022,39
4BFF39E7-7CBE-4EA9-947C-992DF239ECED,2022-09-24,Nisqually River,District 11,Nisqually salmon 2022,83670AE9-5369-44A3-9B9A-63A5A7244B5B,17,NA,NA,Fort Lewis,9E5C07F8-2874-4E94-8E1E-5707D4B022D1,786,1,1,1,Complete,07:00:00,12:01:00,12:01:00,Chinook,NA,NA,No,NA,1,0,NA,NA,NA,NA,Site,Index,NA,2,1,NA,NA,NA,NA,9,2022,39
4BFF39E7-7CBE-4EA9-947C-992DF239ECED,2022-09-24,Nisqually River,District 11,Nisqually salmon 2022,B312DB7C-9191-42AE-A63D-B884B7C620B5,18,NA,NA,Fort Lewis,9E5C07F8-2874-4E94-8E1E-5707D4B022D1,786,1,1,1,Complete,07:00:00,12:04:00,12:04:00,Chinook,NA,NA,No,NA,1,0,NA,NA,NA,NA,Site,Index,NA,2,1,NA,NA,NA,NA,9,2022,39
4BFF39E7-7CBE-4EA9-947C-992DF239ECED,2022-09-24,Nisqually River,District 11,Nisqually salmon 2022,7E7F6F21-4D71-4DD9-AA08-2683B516F16B,21,NA,NA,Fort Lewis,9E5C07F8-2874-4E94-8E1E-5707D4B022D1,786,1,1,1,Complete,08:00:00,12:34:00,12:34:00,Chinook,NA,NA,No,NA,1,0,NA,NA,NA,NA,Site,Index,NA,2,1,NA,NA,NA,NA,9,2022,39
4BFF39E7-7CBE-4EA9-947C-992DF239ECED,2022-09-24,Nisqually River,District 11,Nisqually salmon 2022,8653C8E6-B3C5-482C-AD74-3DA796F553C4,25,NA,NA,Fort Lewis,9E5C07F8-2874-4E94-8E1E-5707D4B022D1,786,1,1,1,Complete,06:00:00,13:03:00,13:03:00,Chinook,NA,NA,No,NA,1,0,NA,NA,NA,NA,Site,Index,NA,2,1,NA,NA,NA,NA,9,2022,39
4BFF39E7-7CBE-4EA9-947C-992DF239ECED,2022-09-24,Nisqually River,District 11,Nisqually salmon 2022,A726DB93-F455-4DA7-9347-E15274B68308,26,NA,NA,Fort Lewis,9E5C07F8-2874-4E94-8E1E-5707D4B022D1,786,1,1,1,Complete,06:00:00,13:16:00,13:16:00,Chinook,NA,NA,No,NA,1,0,NA,NA,NA,NA,Site,Index,NA,2,1,NA,NA,NA,NA,9,2022,39
4BFF39E7-7CBE-4EA9-947C-992DF239ECED,2022-09-24,Nisqually River,District 11,Nisqually salmon 2022,F3436E5F-BE00-4CD0-BC3A-99C5322F8EFC,29,NA,NA,Fort Lewis,9E5C07F8-2874-4E94-8E1E-5707D4B022D1,786,1,1,1,Complete,10:00:00,13:44:00,13:44:00,Chinook,NA,NA,No,NA,1,0,NA,NA,NA,NA,Site,Index,NA,2,1,NA,NA,NA,NA,9,2022,39
4BFF39E7-7CBE-4EA9-947C-992DF239ECED,2022-09-24,Nisqually River,District 11,Nisqually salmon 2022,FEC4B6B7-A3D6-465E-8BA0-BF94FE8C0414,33,NA,NA,Fort Lewis,9E5C07F8-2874-4E94-8E1E-5707D4B022D1,786,1,1,1,Complete,06:00:00,15:06:00,15:06:00,Chinook,NA,NA,No,NA,1,0,NA,NA,NA,NA,Site,Index,NA,2,1,NA,NA,NA,NA,9,2022,39
4BFF39E7-7CBE-4EA9-947C-992DF239ECED,2022-09-24,Nisqually River,District 11,Nisqually salmon 2022,312B2879-8998-4185-AB0C-57C4ED42C154,34,NA,NA,Fort Lewis,9E5C07F8-2874-4E94-8E1E-5707D4B022D1,786,1,1,1,Complete,06:00:00,15:21:00,15:21:00,Chinook,NA,NA,No,NA,1,0,NA,NA,NA,NA,Site,Index,NA,2,1,NA,NA,NA,NA,9,2022,39
4BFF39E7-7CBE-4EA9-947C-992DF239ECED,2022-09-24,Nisqually River,District 11,Nisqually salmon 2022,07752B64-C0C0-4AE0-A239-CC9B052E0B58,39,NA,NA,Fort Lewis,9E5C07F8-2874-4E94-8E1E-5707D4B022D1,786,1,1,1,Complete,14:30:00,15:51:00,15:51:00,Chinook,NA,NA,No,NA,1,0,NA,NA,NA,NA,Site,Index,NA,2,1,NA,NA,NA,NA,9,2022,39
4BFF39E7-7CBE-4EA9-947C-992DF239ECED,2022-09-24,Nisqually River,District 11,Nisqually salmon 2022,F6A14824-9335-4708-BFA1-0935FB3D79D5,41,NA,NA,Fort Lewis,9E5C07F8-2874-4E94-8E1E-5707D4B022D1,786,1,1,1,Complete,12:00:00,16:40:00,16:40:00,Chinook,NA,NA,No,NA,1,0,NA,NA,NA,NA,Site,Index,NA,2,1,NA,NA,NA,NA,9,2022,39
EE9BEFD3-9062-4DC3-BB0E-59F2E613CF17,2022-09-24,Nisqually River,District 11,Nisqually salmon 2022,63926771-BB3A-45A6-89D3-CC0D92F8BCF1,4,NA,NA,Fort Lewis,9E5C07F8-2874-4E94-8E1E-5707D4B022D1,786,1,1,1,Complete,09:00:00,11:27:00,11:27:00,Chinook,NA,NA,No,NA,1,0,NA,NA,NA,NA,Site,Index,NA,2,1,NA,NA,NA,NA,9,2022,39
EE9BEFD3-9062-4DC3-BB0E-59F2E613CF17,2022-09-24,Nisqually River,District 11,Nisqually salmon 2022,595D9F78-8C05-48B4-8DA6-68806DBDA1CB,6,NA,NA,Fort Lewis,9E5C07F8-2874-4E94-8E1E-5707D4B022D1,786,1,1,1,Complete,06:45:00,11:42:00,11:42:00,Chinook,NA,NA,No,NA,1,0,NA,NA,NA,NA,Site,Index,NA,2,1,NA,NA,NA,NA,9,2022,39
478345A9-B8C4-4FE2-82C2-ECB841F61FA5,2022-09-28,Nisqually River,District 11,Nisqually salmon 2022,73E484A1-342C-4196-818F-69C784E96370,14,NA,NA,Fort Lewis,9E5C07F8-2874-4E94-8E1E-5707D4B022D1,786,1,1,1,Complete,06:00:00,09:05:00,09:05:00,Chinook,NA,NA,No,NA,1,0,NA,NA,NA,NA,Site,Index,NA,2,1,NA,NA,NA,NA,9,2022,39
478345A9-B8C4-4FE2-82C2-ECB841F61FA5,2022-09-28,Nisqually River,District 11,Nisqually salmon 2022,285DE8E5-AD57-4C71-AD8F-39CD9C1A30DC,21,NA,NA,Fort Lewis,9E5C07F8-2874-4E94-8E1E-5707D4B022D1,786,1,1,1,Complete,06:06:00,12:44:00,12:44:00,Coho,NA,NA,No,NA,1,0,NA,NA,NA,NA,Site,Index,NA,2,1,NA,NA,NA,NA,9,2022,39
478345A9-B8C4-4FE2-82C2-ECB841F61FA5,2022-09-28,Nisqually River,District 11,Nisqually salmon 2022,DF24C33D-2F94-4561-AE86-9079FBC842E1,25,NA,NA,Fort Lewis,9E5C07F8-2874-4E94-8E1E-5707D4B022D1,786,1,1,1,Complete,07:00:00,13:22:00,13:22:00,Chinook,NA,NA,No,NA,1,0,NA,NA,NA,NA,Site,Index,NA,2,1,NA,NA,NA,NA,9,2022,39
E2652186-2446-4220-AE15-D0FFE517047F,2022-09-28,Nisqually River,District 11,Nisqually salmon 2022,42DC0936-0FB1-4F3D-8F18-75C36508D75E,11,NA,NA,Fort Lewis,9E5C07F8-2874-4E94-8E1E-5707D4B022D1,786,1,1,1,Complete,07:00:00,12:13:00,12:13:00,Coho,NA,NA,No,NA,1,0,NA,NA,NA,NA,Site,Index,NA,2,1,NA,NA,NA,NA,9,2022,39
478345A9-B8C4-4FE2-82C2-ECB841F61FA5,2022-09-28,Nisqually River,District 11,Nisqually salmon 2022,10A09192-CC65-4147-8CBD-C5C46D3FC8EF,7,NA,NA,Fort Lewis,9E5C07F8-2874-4E94-8E1E-5707D4B022D1,786,1,1,1,Complete,06:33:00,08:33:00,08:33:00,Chinook,NA,NA,No,NA,1,0,NA,NA,NA,NA,Site,Index,NA,2,1,NA,NA,NA,NA,9,2022,39
478345A9-B8C4-4FE2-82C2-ECB841F61FA5,2022-09-28,Nisqually River,District 11,Nisqually salmon 2022,BAE7D1F9-F9B7-4BC6-9530-21CC5BBED6EA,10,NA,NA,Fort Lewis,9E5C07F8-2874-4E94-8E1E-5707D4B022D1,786,1,1,1,Complete,06:05:00,08:50:00,08:50:00,Chinook,NA,NA,No,NA,1,0,NA,NA,NA,NA,Site,Index,NA,2,1,NA,NA,NA,NA,9,2022,39
478345A9-B8C4-4FE2-82C2-ECB841F61FA5,2022-09-28,Nisqually River,District 11,Nisqually salmon 2022,0E2D044B-CD6D-4439-AA32-908580FB1778,12,NA,NA,Fort Lewis,9E5C07F8-2874-4E94-8E1E-5707D4B022D1,786,1,1,1,Complete,07:00:00,08:56:00,08:56:00,Chinook,NA,NA,No,NA,1,0,NA,NA,NA,NA,Site,Index,NA,2,1,NA,NA,NA,NA,9,2022,39
32C86556-D5E5-4DDE-BB87-E2DFCEDE81F8,2022-09-29,Nisqually River,District 11,Nisqually salmon 2022,34979F26-A54B-4B66-9FA8-C64A2C9E5B86,35,NA,NA,Fort Lewis,9E5C07F8-2874-4E94-8E1E-5707D4B022D1,786,1,1,1,Complete,06:05:00,13:41:00,13:41:00,Chinook,NA,NA,No,NA,1,0,NA,NA,NA,NA,Site,Index,NA,2,1,NA,NA,NA,NA,9,2022,39
32C86556-D5E5-4DDE-BB87-E2DFCEDE81F8,2022-09-29,Nisqually River,District 11,Nisqually salmon 2022,3614C3BF-B67C-4CA8-A6FE-E99313C0F981,31,NA,NA,Fort Lewis,9E5C07F8-2874-4E94-8E1E-5707D4B022D1,786,1,1,1,Complete,06:05:00,13:18:00,13:18:00,Chinook,NA,NA,No,NA,1,0,NA,NA,NA,NA,Site,Index,NA,2,1,NA,NA,NA,NA,9,2022,39
32C86556-D5E5-4DDE-BB87-E2DFCEDE81F8,2022-09-29,Nisqually River,District 11,Nisqually salmon 2022,C88ED763-FC34-40E0-8838-CC622845B671,16,NA,NA,Fort Lewis,9E5C07F8-2874-4E94-8E1E-5707D4B022D1,786,1,1,1,Complete,07:00:00,11:58:00,11:58:00,Chinook,NA,NA,No,NA,1,0,NA,NA,NA,NA,Site,Index,NA,2,1,NA,NA,NA,NA,9,2022,39
7F284022-710E-431D-9E89-269F3FFCBD92,2022-09-29,Nisqually River,District 11,Nisqually salmon 2022,B84D1640-BB23-4537-B7BB-9AE1ED070547,14,NA,NA,Fort Lewis,9E5C07F8-2874-4E94-8E1E-5707D4B022D1,786,1,1,1,Complete,07:00:00,09:31:00,09:31:00,Chinook,NA,NA,No,NA,1,0,NA,NA,NA,NA,Site,Index,NA,2,1,NA,NA,NA,NA,9,2022,39
32C86556-D5E5-4DDE-BB87-E2DFCEDE81F8,2022-09-29,Nisqually River,District 11,Nisqually salmon 2022,633B1FD1-8F6A-42D1-9353-3CF3FBEBE273,3,NA,NA,Fort Lewis,9E5C07F8-2874-4E94-8E1E-5707D4B022D1,786,1,1,1,Complete,07:00:00,10:36:00,10:36:00,Chinook,NA,NA,No,NA,1,0,NA,NA,NA,NA,Site,Index,NA,2,1,NA,NA,NA,NA,9,2022,39
32C86556-D5E5-4DDE-BB87-E2DFCEDE81F8,2022-09-29,Nisqually River,District 11,Nisqually salmon 2022,08AFAF21-2C14-41D4-B447-9D7E90770131,7,NA,NA,Fort Lewis,9E5C07F8-2874-4E94-8E1E-5707D4B022D1,786,1,1,1,Complete,07:30:00,11:15:00,11:15:00,Chinook,NA,NA,No,NA,1,0,NA,NA,NA,NA,Site,Index,NA,2,1,NA,NA,NA,NA,9,2022,39
32C86556-D5E5-4DDE-BB87-E2DFCEDE81F8,2022-09-29,Nisqually River,District 11,Nisqually salmon 2022,43EDA3D1-DF7C-4977-9CB1-E55774C4D034,38,NA,NA,Fort Lewis,9E5C07F8-2874-4E94-8E1E-5707D4B022D1,786,2,2,2,Complete,07:00:00,13:50:00,13:50:00,Chinook,NA,NA,No,NA,1,0,NA,NA,NA,NA,Site,Index,NA,2,1,NA,NA,NA,NA,9,2022,39
ADCBA8DB-70F2-47D9-8AF0-D32683F0A2A3,2022-09-30,Nisqually River,District 11,Nisqually salmon 2022,14982796-536D-4EA9-A698-808D9364BB1C,8,NA,NA,Fort Lewis,9E5C07F8-2874-4E94-8E1E-5707D4B022D1,786,1,1,1,Complete,07:00:00,12:45:00,12:45:00,Coho,NA,NA,No,NA,1,0,NA,NA,NA,NA,Site,Index,NA,2,1,NA,NA,NA,NA,9,2022,39
ADCBA8DB-70F2-47D9-8AF0-D32683F0A2A3,2022-09-30,Nisqually River,District 11,Nisqually salmon 2022,6BB9FB39-5C00-4C90-8DF8-A2C54CE17382,10,NA,NA,Fort Lewis,9E5C07F8-2874-4E94-8E1E-5707D4B022D1,786,1,1,1,Complete,09:00:00,12:54:00,12:54:00,Coho,NA,NA,No,NA,1,0,NA,NA,NA,NA,Site,Index,NA,2,1,NA,NA,NA,NA,9,2022,39
ADCBA8DB-70F2-47D9-8AF0-D32683F0A2A3,2022-09-30,Nisqually River,District 11,Nisqually salmon 2022,7F4716CA-1E92-4F59-9DF6-5727A10FEA9D,11,NA,NA,Fort Lewis,9E5C07F8-2874-4E94-8E1E-5707D4B022D1,786,1,1,1,Complete,09:00:00,12:59:00,12:59:00,Coho,NA,NA,No,NA,1,0,NA,NA,NA,NA,Site,Index,NA,2,1,NA,NA,NA,NA,9,2022,39
E2487CD8-ADD7-40A5-B41F-38FB4BCC6B42,2022-09-30,Nisqually River,District 11,Nisqually salmon 2022,28C3528B-E39C-41A4-8787-E649D4F5BB6F,12,NA,NA,Fort Lewis,9E5C07F8-2874-4E94-8E1E-5707D4B022D1,786,1,1,1,Complete,06:15:00,08:49:00,08:49:00,Chinook,NA,NA,No,NA,1,0,NA,NA,NA,NA,Site,Index,NA,2,1,NA,NA,NA,NA,9,2022,39
ADCBA8DB-70F2-47D9-8AF0-D32683F0A2A3,2022-09-30,Nisqually River,District 11,Nisqually salmon 2022,E4A146C9-BF1F-4F37-B0A6-D415E4D726A5,18,NA,NA,Fort Lewis,9E5C07F8-2874-4E94-8E1E-5707D4B022D1,786,1,1,1,Complete,12:30:00,14:30:00,14:30:00,Chinook,NA,NA,No,NA,1,0,NA,NA,NA,NA,Site,Index,NA,2,1,NA,NA,NA,NA,9,2022,39
ADCBA8DB-70F2-47D9-8AF0-D32683F0A2A3,2022-09-30,Nisqually River,District 11,Nisqually salmon 2022,DE08B174-9F22-4F78-9EDB-DA8ADB9C5EF5,20,NA,NA,Fort Lewis,9E5C07F8-2874-4E94-8E1E-5707D4B022D1,786,3,3,3,Complete,07:30:00,16:28:00,16:28:00,Coho,NA,NA,No,NA,2,0,NA,NA,NA,NA,Site,Index,NA,2,1,NA,NA,NA,NA,9,2022,39
ADCBA8DB-70F2-47D9-8AF0-D32683F0A2A3,2022-09-30,Nisqually River,District 11,Nisqually salmon 2022,B7A9D6AC-6C89-4960-9DD7-92E88BD8FC59,29,NA,NA,Fort Lewis,9E5C07F8-2874-4E94-8E1E-5707D4B022D1,786,1,1,1,Complete,12:00:00,17:20:00,17:20:00,Coho,NA,NA,No,NA,1,0,NA,NA,NA,NA,Site,Index,NA,2,1,NA,NA,NA,NA,9,2022,39
AE63CD7B-B012-4252-9888-5F80BD9754F6,2022-09-30,Nisqually River,District 11,Nisqually salmon 2022,7E3317C3-837C-4621-96E9-C42C32875313,27,NA,NA,Fort Lewis,9E5C07F8-2874-4E94-8E1E-5707D4B022D1,786,1,1,1,Complete,07:15:00,15:34:00,15:34:00,Chinook,NA,NA,No,NA,1,0,NA,NA,NA,NA,Site,Index,NA,2,1,NA,NA,NA,NA,9,2022,39
534B6975-49EF-454C-B875-8BAC71C6259D,2022-10-01,Nisqually River,District 11,Nisqually salmon 2022,C70E12F2-4BB7-4636-B9D8-7099B42085D7,35,NA,NA,Fort Lewis,9E5C07F8-2874-4E94-8E1E-5707D4B022D1,786,1,1,1,Complete,06:09:00,10:57:00,10:57:00,Chinook,NA,NA,No,NA,1,0,NA,NA,NA,NA,Site,Index,NA,2,1,NA,NA,NA,NA,10,2022,40
534B6975-49EF-454C-B875-8BAC71C6259D,2022-10-01,Nisqually River,District 11,Nisqually salmon 2022,06FDB383-5579-4E2C-B31C-333D661F5F23,2,NA,NA,Fort Lewis,9E5C07F8-2874-4E94-8E1E-5707D4B022D1,786,1,1,1,Complete,06:18:00,07:58:00,07:58:00,Chinook,NA,NA,No,NA,1,0,NA,NA,NA,NA,Site,Index,NA,2,1,NA,NA,NA,NA,10,2022,40
534B6975-49EF-454C-B875-8BAC71C6259D,2022-10-01,Nisqually River,District 11,Nisqually salmon 2022,3AE6CCF9-F231-4A0C-8FC3-C7511588CF40,11,NA,NA,Fort Lewis,9E5C07F8-2874-4E94-8E1E-5707D4B022D1,786,2,2,2,Complete,06:10:00,09:04:00,09:04:00,Coho,NA,NA,No,NA,1,0,NA,NA,NA,NA,Site,Index,NA,2,1,NA,NA,NA,NA,10,2022,40
534B6975-49EF-454C-B875-8BAC71C6259D,2022-10-01,Nisqually River,District 11,Nisqually salmon 2022,439458C9-E421-49C7-9097-E2CDAB2FD3FE,19,NA,NA,Fort Lewis,9E5C07F8-2874-4E94-8E1E-5707D4B022D1,786,1,1,1,Complete,06:10:00,09:40:00,09:40:00,Chinook,NA,NA,No,NA,1,0,NA,NA,NA,NA,Site,Index,NA,2,1,NA,NA,NA,NA,10,2022,40
534B6975-49EF-454C-B875-8BAC71C6259D,2022-10-01,Nisqually River,District 11,Nisqually salmon 2022,3F949FB4-EABA-4F51-A035-33032ADC4F96,23,NA,NA,Fort Lewis,9E5C07F8-2874-4E94-8E1E-5707D4B022D1,786,1,1,1,Complete,07:00:00,10:08:00,10:08:00,Chinook,NA,NA,No,NA,1,0,NA,NA,NA,NA,Site,Index,NA,2,1,NA,NA,NA,NA,10,2022,40
54287E4E-BB1C-4DC4-9AE4-6B4205957679,2022-10-05,Nisqually River,District 11,Nisqually salmon 2022,9FBD2937-E345-4191-9905-0410533E1F35,22,NA,NA,Fort Lewis,9E5C07F8-2874-4E94-8E1E-5707D4B022D1,786,1,1,1,Complete,06:30:00,10:43:00,10:43:00,Coho,NA,NA,No,NA,1,0,NA,NA,NA,NA,Site,Index,NA,2,1,NA,NA,NA,NA,10,2022,40
54287E4E-BB1C-4DC4-9AE4-6B4205957679,2022-10-05,Nisqually River,District 11,Nisqually salmon 2022,895EA3C2-85AA-4589-9D2A-05CEA4522C09,4,NA,NA,Fort Lewis,9E5C07F8-2874-4E94-8E1E-5707D4B022D1,786,1,1,1,Complete,06:06:00,08:06:00,08:06:00,Coho,NA,NA,No,NA,1,0,NA,NA,NA,NA,Site,Index,NA,2,1,NA,NA,NA,NA,10,2022,40
54287E4E-BB1C-4DC4-9AE4-6B4205957679,2022-10-05,Nisqually River,District 11,Nisqually salmon 2022,BCEDE396-0D2A-44D2-AEE1-D963D285117B,37,NA,NA,Fort Lewis,9E5C07F8-2874-4E94-8E1E-5707D4B022D1,786,1,1,1,Complete,07:00:00,13:13:00,13:13:00,Chinook,NA,NA,No,NA,1,0,NA,NA,NA,NA,Site,Index,NA,2,1,NA,NA,NA,NA,10,2022,40
D61C324F-E7B5-426C-9F87-DD836722D8A8,2022-10-07,Nisqually River,District 11,Nisqually salmon 2022,6865C5CE-9121-46A6-83D2-CB6A8331F692,38,NA,NA,Fort Lewis,9E5C07F8-2874-4E94-8E1E-5707D4B022D1,786,3,3,3,Complete,06:20:00,13:21:00,13:21:00,Coho,NA,NA,No,NA,1,0,NA,NA,NA,Launched at power plant and fished zone 2,Site,Index,NA,2,1,NA,NA,NA,NA,10,2022,40
50EF16E8-C49E-4DE3-BF2C-5BF523B6CF9E,2022-10-08,Nisqually River,District 11,Nisqually salmon 2022,75D8AF4B-4218-493D-B8AB-07B2B25844D5,21,NA,NA,Fort Lewis,9E5C07F8-2874-4E94-8E1E-5707D4B022D1,786,1,1,1,Complete,07:30:00,10:35:00,10:35:00,Coho,NA,NA,No,NA,1,0,NA,NA,NA,NA,Site,Index,NA,2,1,NA,NA,NA,NA,10,2022,41
1C61DB41-A2E4-47F5-BEEF-DB5570F71CBD,2023-08-30,Nisqually River,District 11,Nisqually salmon 2023,41A8D809-5F88-4917-AB1A-DB0269FCE898,3,NA,NA,Handicap Access,0691BAF7-E5D2-423C-B157-CF0255A5D961,786,1,1,1,Complete,08:30:00,14:48:00,14:48:00,Chinook,NA,NA,No,NA,1,0,NA,NA,NA,NA,Site,Index,NA,2,1,NA,NA,NA,NA,8,2023,35
1C61DB41-A2E4-47F5-BEEF-DB5570F71CBD,2023-08-30,Nisqually River,District 11,Nisqually salmon 2023,0C570AE8-6094-4D99-B029-C79DD0BC0A34,2,NA,NA,Handicap Access,0691BAF7-E5D2-423C-B157-CF0255A5D961,786,1,1,1,Complete,06:30:00,14:19:00,14:19:00,Chinook,NA,NA,No,NA,1,0,NA,NA,NA,NA,Site,Index,NA,2,1,NA,NA,NA,NA,8,2023,35
70ABF75E-D21B-4BCE-9791-D60F762F011D,2023-09-07,Nisqually River,District 11,Nisqually salmon 2023,DFE772DB-2764-4C8D-B322-4AD9AF14E05D,4,NA,NA,Handicap Access,0691BAF7-E5D2-423C-B157-CF0255A5D961,786,1,1,1,Complete,07:30:00,11:41:00,11:41:00,Chinook,NA,NA,No,NA,1,0,NA,NA,NA,NA,Site,Index,NA,2,1,NA,NA,NA,NA,9,2023,36
70ABF75E-D21B-4BCE-9791-D60F762F011D,2023-09-07,Nisqually River,District 11,Nisqually salmon 2023,05C2FA6A-54C8-4E8B-A5F9-73A6D9FB0660,11,NA,NA,Handicap Access,0691BAF7-E5D2-423C-B157-CF0255A5D961,786,2,2,2,Complete,06:30:00,14:08:00,14:08:00,Chinook,NA,NA,No,NA,2,0,NA,NA,NA,NA,Site,Index,NA,2,1,NA,NA,NA,NA,9,2023,36
70ABF75E-D21B-4BCE-9791-D60F762F011D,2023-09-07,Nisqually River,District 11,Nisqually salmon 2023,6E699C71-EFBD-430B-9682-9ED02A7CDEA0,5,NA,NA,Handicap Access,0691BAF7-E5D2-423C-B157-CF0255A5D961,786,1,1,1,Complete,08:00:00,11:52:00,11:52:00,Chinook,NA,NA,No,NA,1,0,NA,98597,NA,NA,Site,Index,NA,2,1,NA,NA,NA,NA,9,2023,36
70ABF75E-D21B-4BCE-9791-D60F762F011D,2023-09-07,Nisqually River,District 11,Nisqually salmon 2023,4B2BAD79-908A-4BBE-8E09-40537C371804,3,NA,NA,Handicap Access,0691BAF7-E5D2-423C-B157-CF0255A5D961,786,1,1,1,Complete,08:00:00,11:38:00,11:38:00,Chinook,NA,NA,No,NA,1,0,NA,NA,NA,NA,Site,Index,NA,2,1,NA,NA,NA,NA,9,2023,36
C3D0AA3C-10FB-474B-8792-F46847AEC173,2023-09-08,Nisqually River,District 11,Nisqually salmon 2023,73706281-E692-4F49-86AE-7116106052FD,7,NA,NA,Handicap Access,0691BAF7-E5D2-423C-B157-CF0255A5D961,786,3,3,3,Complete,07:00:00,11:03:00,11:03:00,Chinook,NA,NA,No,NA,1,0,NA,NA,NA,NA,Site,Index,NA,2,1,NA,NA,NA,NA,9,2023,36
C3D0AA3C-10FB-474B-8792-F46847AEC173,2023-09-08,Nisqually River,District 11,Nisqually salmon 2023,5703A3C5-CCD8-4AE0-8AE7-C80575D6EA95,5,NA,NA,Handicap Access,0691BAF7-E5D2-423C-B157-CF0255A5D961,786,1,1,1,Complete,08:00:00,10:27:00,10:27:00,Chinook,NA,NA,No,NA,1,0,NA,NA,NA,NA,Site,Index,NA,2,1,NA,NA,NA,NA,9,2023,36
37BDCE48-2049-49F7-90B0-7B37D7A68587,2023-09-14,Nisqually River,District 11,Nisqually salmon 2023,2B6CACE8-6C1A-44C2-95FB-B5F5324C710D,10,NA,NA,Handicap Access,0691BAF7-E5D2-423C-B157-CF0255A5D961,786,1,1,1,Complete,07:30:00,12:05:00,12:05:00,Chinook,NA,NA,No,NA,1,0,NA,NA,NA,NA,Site,Index,NA,2,1,NA,NA,NA,NA,9,2023,37
37BDCE48-2049-49F7-90B0-7B37D7A68587,2023-09-14,Nisqually River,District 11,Nisqually salmon 2023,E24BFC7D-19AA-4033-B9F1-88A153901609,6,NA,NA,Handicap Access,0691BAF7-E5D2-423C-B157-CF0255A5D961,786,1,1,1,Complete,06:15:00,10:44:00,10:44:00,Chinook,NA,NA,No,NA,1,0,NA,NA,NA,NA,Site,Index,NA,2,1,NA,NA,NA,NA,9,2023,37
8BA9FC94-F607-44FE-8D8D-D679D3105F67,2023-09-14,Nisqually River,District 11,Nisqually salmon 2023,F468CCDD-87A0-486B-BB35-6545D03A1D15,34,NA,NA,Handicap Access,0691BAF7-E5D2-423C-B157-CF0255A5D961,786,1,1,1,Complete,17:30:00,19:53:00,19:53:00,Chinook,NA,NA,No,NA,1,0,NA,NA,NA,NA,Site,Index,NA,2,1,NA,NA,NA,NA,9,2023,37
A8CC5E9F-C06F-40B6-B377-5E1F81788282,2023-09-15,Nisqually River,District 11,Nisqually salmon 2023,4A5EEA66-6C48-4A8A-B69E-EF6ABD0EB56B,1,NA,NA,Handicap Access,0691BAF7-E5D2-423C-B157-CF0255A5D961,786,2,2,2,Complete,07:00:00,11:47:00,11:47:00,Chinook,NA,NA,No,NA,1,0,NA,98408,NA,NA,Site,Index,NA,2,1,NA,NA,NA,NA,9,2023,37
1EADC01A-9E08-4A1B-81FE-26C6722944B8,2023-09-16,Nisqually River,District 11,Nisqually salmon 2023,923D17BF-E97F-4DD2-8C70-256C2C39C5AA,1,NA,NA,Handicap Access,0691BAF7-E5D2-423C-B157-CF0255A5D961,786,4,4,4,Complete,07:32:00,14:33:00,14:33:00,Chinook,NA,Drift Boat/ Raft,Yes,Boat,3,2,NA,NA,NA,I started sampling fish then one guy was like i gotta go now so i didnt get to the rest,Site,Index,NA,2,1,NA,NA,NA,NA,9,2023,37
1EADC01A-9E08-4A1B-81FE-26C6722944B8,2023-09-16,Nisqually River,District 11,Nisqually salmon 2023,0310AA28-9B58-452B-988C-A50D65EB17A2,2,NA,NA,Handicap Access,0691BAF7-E5D2-423C-B157-CF0255A5D961,786,1,1,1,Complete,08:00:00,14:44:00,14:44:00,Chinook,NA,NA,No,NA,1,0,NA,NA,NA,NA,Site,Index,NA,2,1,NA,NA,NA,NA,9,2023,37
25E95FE6-D1F7-4200-B137-45D7B4C49FA1,2023-09-19,Nisqually River,District 11,Nisqually salmon 2023,F17133F0-61E8-4CED-BD92-5D0E1D796353,14,NA,NA,Handicap Access,0691BAF7-E5D2-423C-B157-CF0255A5D961,786,1,1,1,Complete,09:50:00,10:23:00,10:23:00,Chinook,NA,NA,No,NA,1,0,NA,NA,NA,NA,Site,Index,NA,2,1,NA,NA,NA,NA,9,2023,38
9E50CEB5-D844-42AC-9061-D87BA4273C68,2023-09-21,Nisqually River,District 11,Nisqually salmon 2023,D79E29B0-A77F-42BF-8AD9-EBBA566687C3,7,NA,NA,Handicap Access,0691BAF7-E5D2-423C-B157-CF0255A5D961,786,2,2,2,Complete,14:30:00,16:03:00,16:03:00,Chinook,NA,NA,No,NA,1,0,NA,NA,NA,NA,Site,Index,NA,2,1,NA,NA,NA,NA,9,2023,38
F5FD07C9-9E90-4799-B8F1-F3ECC253DACC,2023-09-22,Nisqually River,District 11,Nisqually salmon 2023,B9579B42-EED1-4E2C-A91F-212985DB5F1D,39,NA,NA,Handicap Access,0691BAF7-E5D2-423C-B157-CF0255A5D961,786,1,1,1,Complete,09:00:00,12:14:00,12:14:00,Chinook,NA,NA,No,NA,1,0,NA,98503,NA,NA,Site,Index,NA,2,1,NA,NA,NA,NA,9,2023,38
EF2CEFDE-7B90-4AB2-A945-5CA52B56B44D,2023-09-23,Nisqually River,District 11,Nisqually salmon 2023,3C975992-B3F7-4C9C-8A26-04A547D562BF,15,NA,NA,Handicap Access,0691BAF7-E5D2-423C-B157-CF0255A5D961,786,2,2,2,Complete,11:00:00,17:39:00,17:39:00,Chinook,NA,NA,No,NA,1,0,NA,NA,NA,NA,Site,Index,NA,2,1,NA,NA,NA,NA,9,2023,38
F4C6BE8F-3EAE-43CA-92ED-63D1D038B3A2,2023-09-29,Nisqually River,District 11,Nisqually salmon 2023,F0F16C95-4011-4C20-B38F-D6D1A609EA6C,5,NA,NA,Handicap Access,0691BAF7-E5D2-423C-B157-CF0255A5D961,786,1,3,1,Complete,11:53:00,14:53:00,14:53:00,Coho,NA,NA,No,NA,2,0,NA,NA,NA,NA,Site,Index,NA,2,1,NA,NA,NA,NA,9,2023,39
FED71DDE-7154-4706-8022-8ADF352F5F15,2023-08-24,Nisqually River,District 11,Nisqually salmon 2023,28F1D5C3-A29B-45BC-B349-CAA9812508B5,2,NA,NA,Riverbend Campground Upper,1B1A8A44-E8C3-4D1A-8565-1E62789E716C,786,1,1,1,Complete,11:30:00,17:22:00,17:22:00,Chinook,NA,NA,No,NA,1,0,NA,NA,NA,NA,Site,Index,NA,2,1,NA,NA,NA,NA,8,2023,34
43299BB7-222F-46D1-A176-7929AB32F05A,2023-08-25,Nisqually River,District 11,Nisqually salmon 2023,55F437BA-5662-4351-AEFA-309F34F4FE12,5,NA,NA,Riverbend Campground Upper,1B1A8A44-E8C3-4D1A-8565-1E62789E716C,786,1,1,1,Complete,10:30:00,14:10:00,14:10:00,Chinook,NA,NA,No,NA,1,0,NA,NA,NA,NA,Site,Index,NA,2,1,NA,NA,NA,NA,8,2023,34
42C4B493-9719-4933-B885-EF30DD4DE980,2023-09-01,Nisqually River,District 11,Nisqually salmon 2023,7952A5B2-8D2E-49BE-8FD3-61A7DD8144A6,2,NA,NA,Riverbend Campground Upper,1B1A8A44-E8C3-4D1A-8565-1E62789E716C,786,2,2,2,Complete,08:00:00,12:00:00,12:00:00,Chinook,NA,NA,No,NA,1,0,NA,NA,NA,NA,Site,Index,NA,2,1,NA,NA,NA,NA,9,2023,35
42C4B493-9719-4933-B885-EF30DD4DE980,2023-09-01,Nisqually River,District 11,Nisqually salmon 2023,A37569B2-3BE5-4595-A5E8-0A78A2C203B6,9,NA,NA,Riverbend Campground Upper,1B1A8A44-E8C3-4D1A-8565-1E62789E716C,786,1,1,1,Complete,07:00:00,13:16:00,13:16:00,Chinook,NA,NA,No,NA,1,0,NA,NA,NA,NA,Site,Index,NA,2,1,NA,NA,NA,NA,9,2023,35
42C4B493-9719-4933-B885-EF30DD4DE980,2023-09-01,Nisqually River,District 11,Nisqually salmon 2023,77E59E52-0596-4D29-A7B6-ED639EB82CBF,13,NA,NA,Riverbend Campground Upper,1B1A8A44-E8C3-4D1A-8565-1E62789E716C,786,2,2,2,Complete,08:00:00,17:09:00,17:09:00,Chinook,NA,NA,No,NA,2,0,NA,NA,NA,NA,Site,Index,NA,2,1,NA,NA,NA,NA,9,2023,35
B5831054-DC13-4B80-8B41-02FBCE2D5C10,2023-09-02,Nisqually River,District 11,Nisqually salmon 2023,418577E8-0CD1-4AEF-8385-FBC23124C1D8,4,NA,NA,Riverbend Campground Upper,1B1A8A44-E8C3-4D1A-8565-1E62789E716C,786,5,8,5,Complete,07:00:00,12:44:00,12:44:00,Chinook,NA,NA,No,NA,2,0,NA,NA,NA,NA,Site,Index,NA,2,1,NA,NA,NA,NA,9,2023,35
1C0DF817-3250-44A7-8E64-00010E475F3A,2023-09-07,Nisqually River,District 11,Nisqually salmon 2023,9B5225AB-22D3-4AA7-8D39-D2E93D99DE6F,41,NA,NA,Riverbend Campground Upper,1B1A8A44-E8C3-4D1A-8565-1E62789E716C,786,1,1,1,Complete,08:00:00,13:43:00,13:43:00,Chinook,NA,NA,No,NA,1,0,NA,NA,NA,NA,Site,Index,NA,2,1,NA,NA,NA,NA,9,2023,36
E4FC75D8-1374-44C9-91F7-6FEBFA47F153,2023-09-08,Nisqually River,District 11,Nisqually salmon 2023,A42256BC-8050-47A9-98B8-DAA613510F06,10,NA,NA,Riverbend Campground Upper,1B1A8A44-E8C3-4D1A-8565-1E62789E716C,786,1,1,1,Complete,06:30:00,13:00:00,13:00:00,Chinook,NA,NA,No,NA,1,0,NA,NA,NA,NA,Site,Index,NA,2,1,NA,NA,NA,NA,9,2023,36
E4FC75D8-1374-44C9-91F7-6FEBFA47F153,2023-09-08,Nisqually River,District 11,Nisqually salmon 2023,D2D013F0-3789-4E7B-B823-675579BEA74A,6,NA,NA,Riverbend Campground Upper,1B1A8A44-E8C3-4D1A-8565-1E62789E716C,786,2,2,2,Complete,07:28:00,10:28:00,10:28:00,Chinook,NA,NA,No,NA,1,0,NA,98580,NA,NA,Site,Index,NA,2,1,NA,NA,NA,NA,9,2023,36
E4FC75D8-1374-44C9-91F7-6FEBFA47F153,2023-09-08,Nisqually River,District 11,Nisqually salmon 2023,9CBF97CD-667F-4AEB-8C3C-4216A68543A1,4,NA,NA,Riverbend Campground Upper,1B1A8A44-E8C3-4D1A-8565-1E62789E716C,786,1,1,1,Complete,05:30:00,10:09:00,10:09:00,Chinook,NA,NA,No,NA,1,0,NA,98422,NA,NA,Site,Index,NA,2,1,NA,NA,NA,NA,9,2023,36
E4FC75D8-1374-44C9-91F7-6FEBFA47F153,2023-09-08,Nisqually River,District 11,Nisqually salmon 2023,4336FC98-0657-4B07-944C-33A15DAC81DD,2,NA,NA,Riverbend Campground Upper,1B1A8A44-E8C3-4D1A-8565-1E62789E716C,786,1,1,1,Complete,06:00:00,08:33:00,08:33:00,Chinook,NA,NA,No,NA,1,0,NA,98466,NA,NA,Site,Index,NA,2,1,NA,NA,NA,NA,9,2023,36
A3D8FE82-B7B3-492B-845F-0A822661951E,2023-09-12,Nisqually River,District 11,Nisqually salmon 2023,2FAAE540-9421-4CFE-A210-F372D195F239,7,NA,NA,Riverbend Campground Upper,1B1A8A44-E8C3-4D1A-8565-1E62789E716C,786,2,2,2,Complete,05:45:00,09:53:00,09:53:00,Chinook,NA,NA,No,NA,1,0,NA,98374,NA,NA,Site,Index,NA,2,1,NA,NA,NA,NA,9,2023,37
A3D8FE82-B7B3-492B-845F-0A822661951E,2023-09-12,Nisqually River,District 11,Nisqually salmon 2023,8048F9E9-537A-4E8B-9560-CE4F4A703E66,8,NA,NA,Riverbend Campground Upper,1B1A8A44-E8C3-4D1A-8565-1E62789E716C,786,2,2,2,Complete,06:00:00,10:10:00,10:10:00,Chinook,NA,NA,No,NA,2,0,NA,NA,NA,NA,Site,Index,NA,2,1,NA,NA,NA,NA,9,2023,37
A3D8FE82-B7B3-492B-845F-0A822661951E,2023-09-12,Nisqually River,District 11,Nisqually salmon 2023,4B86CFD4-4B47-4F8B-B68D-08671398EDE8,9,NA,NA,Riverbend Campground Upper,1B1A8A44-E8C3-4D1A-8565-1E62789E716C,786,1,1,1,Complete,06:00:00,10:25:00,10:25:00,Chinook,NA,NA,No,NA,1,0,NA,NA,NA,"Wanted me to check the fish when he brought it to his car, then returned to keep fishing.",Site,Index,NA,2,1,NA,NA,NA,NA,9,2023,37
52C5D8CB-CFF8-40BE-84A6-0245C2E5E8D3,2023-09-12,Nisqually River,District 11,Nisqually salmon 2023,18950D6C-DE86-41BB-8BCE-ABA8DEC96328,5,NA,NA,Riverbend Campground Upper,1B1A8A44-E8C3-4D1A-8565-1E62789E716C,786,1,1,1,Complete,09:00:00,15:16:00,15:16:00,Chinook,NA,NA,No,NA,1,0,NA,NA,NA,NA,Site,Index,NA,2,1,NA,NA,NA,NA,9,2023,37
FA30B35D-7D8B-404E-9AC7-52C214571B8E,2023-09-14,Nisqually River,District 11,Nisqually salmon 2023,6FAC51D5-67FA-45AD-9579-62511212D947,1,NA,NA,Riverbend Campground Upper,1B1A8A44-E8C3-4D1A-8565-1E62789E716C,786,1,1,1,Complete,06:15:00,11:57:00,11:57:00,Chinook,NA,NA,No,NA,1,0,NA,NA,NA,NA,Site,Index,NA,2,1,NA,NA,NA,NA,9,2023,37
4684D659-D944-4F72-9F0F-CA9C387F2A07,2023-09-15,Nisqually River,District 11,Nisqually salmon 2023,0F7B838F-1143-420E-A469-0B8F3FF788CC,3,NA,NA,Riverbend Campground Upper,1B1A8A44-E8C3-4D1A-8565-1E62789E716C,786,1,1,1,Complete,05:45:00,08:36:00,08:36:00,Chinook,NA,NA,No,NA,1,0,NA,NA,NA,NA,Site,Index,NA,2,1,NA,NA,NA,NA,9,2023,37
4684D659-D944-4F72-9F0F-CA9C387F2A07,2023-09-15,Nisqually River,District 11,Nisqually salmon 2023,19EF39BF-D96E-4D39-B88B-29B052C85863,4,NA,NA,Riverbend Campground Upper,1B1A8A44-E8C3-4D1A-8565-1E62789E716C,786,1,1,1,Complete,08:15:00,08:43:00,08:43:00,Chinook,NA,NA,No,NA,1,0,NA,NA,NA,NA,Site,Index,NA,2,1,NA,NA,NA,NA,9,2023,37
4684D659-D944-4F72-9F0F-CA9C387F2A07,2023-09-15,Nisqually River,District 11,Nisqually salmon 2023,670A67FF-0000-47E3-8D82-C5A2679AEAFF,6,NA,NA,Riverbend Campground Upper,1B1A8A44-E8C3-4D1A-8565-1E62789E716C,786,1,1,1,Complete,05:45:00,09:57:00,09:57:00,Chinook,NA,NA,No,NA,1,0,NA,NA,NA,NA,Site,Index,NA,2,1,NA,NA,NA,NA,9,2023,37
4684D659-D944-4F72-9F0F-CA9C387F2A07,2023-09-15,Nisqually River,District 11,Nisqually salmon 2023,478F31BD-2B2D-4451-81E5-7815D502835E,11,NA,NA,Riverbend Campground Upper,1B1A8A44-E8C3-4D1A-8565-1E62789E716C,786,4,4,4,Complete,05:45:00,11:02:00,11:02:00,Chinook,NA,NA,No,NA,3,0,NA,NA,NA,NA,Site,Index,NA,2,1,NA,NA,NA,NA,9,2023,37
4684D659-D944-4F72-9F0F-CA9C387F2A07,2023-09-15,Nisqually River,District 11,Nisqually salmon 2023,F87572C6-4808-41F4-9773-70871E4EC76A,17,NA,NA,Riverbend Campground Upper,1B1A8A44-E8C3-4D1A-8565-1E62789E716C,786,1,1,1,Complete,08:30:00,13:37:00,13:37:00,Chinook,NA,NA,No,NA,1,0,NA,NA,NA,NA,Site,Index,NA,2,1,NA,NA,NA,NA,9,2023,37
4684D659-D944-4F72-9F0F-CA9C387F2A07,2023-09-15,Nisqually River,District 11,Nisqually salmon 2023,0D55228A-0D51-49C7-A11B-144873667972,20,NA,NA,Riverbend Campground Upper,1B1A8A44-E8C3-4D1A-8565-1E62789E716C,786,2,2,2,Complete,10:00:00,14:59:00,14:59:00,Chinook,NA,NA,No,NA,1,0,NA,NA,NA,NA,Site,Index,NA,2,1,NA,NA,NA,NA,9,2023,37
F6F25A04-7F8D-4957-B34A-E0D67694C0F4,2023-09-16,Nisqually River,District 11,Nisqually salmon 2023,9DA80D7A-5F03-4CAD-A1AA-0B1FC9D7C8ED,1,NA,NA,Riverbend Campground Upper,1B1A8A44-E8C3-4D1A-8565-1E62789E716C,786,2,2,2,Complete,06:00:00,11:41:00,11:41:00,Pink,NA,NA,No,NA,1,1,NA,98030,NA,NA,Site,Index,NA,2,1,NA,NA,NA,NA,9,2023,37
F6F25A04-7F8D-4957-B34A-E0D67694C0F4,2023-09-16,Nisqually River,District 11,Nisqually salmon 2023,2DBEA988-D109-466F-94C1-6ABC8B7077AC,15,NA,NA,Riverbend Campground Upper,1B1A8A44-E8C3-4D1A-8565-1E62789E716C,786,1,1,1,Complete,09:00:00,13:36:00,13:36:00,Chinook,NA,NA,No,NA,1,0,NA,98503,NA,NA,Site,Index,NA,2,1,NA,NA,NA,NA,9,2023,37
F6F25A04-7F8D-4957-B34A-E0D67694C0F4,2023-09-16,Nisqually River,District 11,Nisqually salmon 2023,E9AA96B6-69CA-48C1-96E2-B361C394B01F,5,NA,NA,Riverbend Campground Upper,1B1A8A44-E8C3-4D1A-8565-1E62789E716C,786,2,2,2,Complete,09:00:00,12:35:00,12:35:00,Chinook,NA,NA,No,NA,1,0,NA,98058,NA,NA,Site,Index,NA,2,1,NA,NA,NA,NA,9,2023,37
F6F25A04-7F8D-4957-B34A-E0D67694C0F4,2023-09-16,Nisqually River,District 11,Nisqually salmon 2023,F222DAD0-D249-4E3E-9D4E-28C75B6922D6,2,NA,NA,Riverbend Campground Upper,1B1A8A44-E8C3-4D1A-8565-1E62789E716C,786,2,2,2,Complete,06:00:00,12:22:00,12:22:00,Coho,NA,NA,No,NA,1,0,NA,98503,NA,NA,Site,Index,NA,2,1,NA,NA,NA,NA,9,2023,37
DFED4AB5-881A-4C13-B18B-A02F23C956A9,2023-09-19,Nisqually River,District 11,Nisqually salmon 2023,B14ED7C4-6D11-429F-94CA-F59A9B745491,5,NA,NA,Riverbend Campground Upper,1B1A8A44-E8C3-4D1A-8565-1E62789E716C,786,2,2,2,Complete,06:00:00,10:13:00,10:13:00,Chinook,NA,NA,No,NA,1,0,NA,98374,NA,NA,Site,Index,NA,2,1,NA,NA,NA,NA,9,2023,38
5D2C19F9-8D3F-4A4F-84E2-4DC6FEA806FD,2023-09-19,Nisqually River,District 11,Nisqually salmon 2023,112E291C-0BE4-459D-ADC8-7BE09A41852D,6,NA,NA,Riverbend Campground Upper,1B1A8A44-E8C3-4D1A-8565-1E62789E716C,786,1,1,1,Complete,16:45:00,17:47:00,17:47:00,Chinook,NA,NA,No,NA,1,0,NA,NA,NA,NA,Site,Index,NA,2,1,NA,NA,NA,NA,9,2023,38
DFED4AB5-881A-4C13-B18B-A02F23C956A9,2023-09-19,Nisqually River,District 11,Nisqually salmon 2023,F13C44C8-A525-4DBB-A024-B2A4691054CA,1,NA,NA,Riverbend Campground Upper,1B1A8A44-E8C3-4D1A-8565-1E62789E716C,786,2,2,2,Complete,07:00:00,09:25:00,09:25:00,Chinook,NA,NA,No,NA,1,0,NA,NA,NA,NA,Site,Index,NA,2,1,NA,NA,NA,NA,9,2023,38
DFED4AB5-881A-4C13-B18B-A02F23C956A9,2023-09-19,Nisqually River,District 11,Nisqually salmon 2023,18D5E7DC-E21A-4E77-9056-26DF89A8D77E,7,NA,NA,Riverbend Campground Upper,1B1A8A44-E8C3-4D1A-8565-1E62789E716C,786,1,1,1,Complete,08:34:00,10:34:00,10:34:00,Chinook,NA,NA,No,NA,1,0,NA,NA,NA,NA,Site,Index,NA,2,1,NA,NA,NA,NA,9,2023,38
449DF14B-AD0A-4752-856E-369106226A20,2023-09-21,Nisqually River,District 11,Nisqually salmon 2023,66385785-2F4A-412C-9C35-55FAFC9DC675,10,NA,NA,Riverbend Campground Upper,1B1A8A44-E8C3-4D1A-8565-1E62789E716C,786,1,1,1,Complete,07:30:00,11:56:00,11:56:00,Chinook,NA,NA,No,NA,1,0,NA,98597,NA,NA,Site,Index,NA,2,1,NA,NA,NA,NA,9,2023,38
2E5E117A-5299-4FE1-8DF5-2FF5B06B9F61,2023-09-21,Nisqually River,District 11,Nisqually salmon 2023,01F3B31A-5CA2-4B20-95BB-A957C08AB4B9,27,NA,NA,Riverbend Campground Upper,1B1A8A44-E8C3-4D1A-8565-1E62789E716C,786,2,2,2,Complete,09:00:00,13:42:00,13:42:00,Chinook,NA,NA,No,NA,1,0,NA,NA,NA,NA,Site,Index,NA,2,1,NA,NA,NA,NA,9,2023,38
06B9BC9B-A953-4714-9D52-69E1F90C9929,2023-09-23,Nisqually River,District 11,Nisqually salmon 2023,6172CC4B-8DC5-47F8-B262-F50BE00150B3,4,NA,NA,Riverbend Campground Upper,1B1A8A44-E8C3-4D1A-8565-1E62789E716C,786,2,2,2,Complete,07:21:00,10:21:00,10:21:00,Chinook,NA,NA,No,NA,1,0,NA,98597,NA,NA,Site,Index,NA,2,1,NA,NA,NA,NA,9,2023,38
06B9BC9B-A953-4714-9D52-69E1F90C9929,2023-09-23,Nisqually River,District 11,Nisqually salmon 2023,C33D598D-3228-4D7E-AB58-E8235B673FD9,9,NA,NA,Riverbend Campground Upper,1B1A8A44-E8C3-4D1A-8565-1E62789E716C,786,4,4,4,Complete,07:30:00,12:19:00,12:19:00,Chinook,NA,NA,No,NA,1,0,NA,98387,NA,NA,Site,Index,NA,2,1,NA,NA,NA,NA,9,2023,38
67F3F895-A663-4AE1-9BD7-38B5E32C5FE4,2023-09-26,Nisqually River,District 11,Nisqually salmon 2023,2FE1AF7C-C62F-440D-82CE-0E7E62808DE6,4,NA,NA,Riverbend Campground Upper,1B1A8A44-E8C3-4D1A-8565-1E62789E716C,786,2,2,2,Complete,06:30:00,13:34:00,13:34:00,Chinook,NA,NA,No,NA,2,0,NA,NA,NA,NA,Site,Index,NA,2,1,NA,NA,NA,NA,9,2023,39
18CBEDB4-E47F-4318-87E4-9D3138E77E07,2023-09-29,Nisqually River,District 11,Nisqually salmon 2023,AD68C0B8-8A09-42DF-9D07-2C859D5B6321,5,NA,NA,Riverbend Campground Upper,1B1A8A44-E8C3-4D1A-8565-1E62789E716C,786,1,1,1,Complete,06:15:00,12:29:00,12:29:00,Chinook,NA,NA,No,NA,1,0,NA,NA,NA,NA,Site,Index,NA,2,1,NA,NA,NA,NA,9,2023,39
8A376221-2A2D-4B1B-838D-53A7DB785254,2023-09-30,Nisqually River,District 11,Nisqually salmon 2023,3441E06F-D6B8-44A9-8F61-8510EF133430,8,NA,NA,Riverbend Campground Upper,1B1A8A44-E8C3-4D1A-8565-1E62789E716C,786,3,3,3,Complete,13:00:00,16:55:00,16:55:00,Chinook,NA,NA,No,NA,2,0,NA,NA,NA,NA,Site,Index,NA,2,1,NA,NA,NA,NA,9,2023,39
0C42A155-C64A-4C90-956D-3A907B0E61B1,2023-09-02,Nisqually River,District 11,Nisqually salmon 2023,07C25595-5010-4C05-B183-8AB78B33600C,31,NA,NA,Nisqually section 2,3799BB72-9BCC-4A91-BA88-785D7A817827,786,4,4,4,Complete,05:30:00,11:53:00,11:53:00,Chinook,NA,Trailered Motorized Boat,Yes,Boat,1,1,NA,98513,NA,NA,Section,Census,NA,2,1,1,1,NA,NA,9,2023,35
F6AA4065-2AEB-46E3-BCDD-F54CFD5C4B7E,2023-09-07,Nisqually River,District 11,Nisqually salmon 2023,99006174-3154-4431-92EF-BA0F57F0500E,8,NA,NA,Nisqually section 2,3799BB72-9BCC-4A91-BA88-785D7A817827,786,2,2,2,Complete,06:30:00,14:46:00,14:46:00,Chinook,NA,Drift Boat/ Raft,Yes,Boat,1,1,NA,NA,NA,NA,Section,Census,NA,2,1,1,1,NA,NA,9,2023,36
F21BB7F0-4FC6-43D9-8FD3-DE7B865A8BAD,2023-09-08,Nisqually River,District 11,Nisqually salmon 2023,5234F735-1735-4200-A6A5-D6331A524548,17,NA,NA,Nisqually section 2,3799BB72-9BCC-4A91-BA88-785D7A817827,786,1,1,1,Complete,06:00:00,19:17:00,19:17:00,Chinook,NA,Trailered Motorized Boat,Yes,Boat,1,1,NA,98513,NA,This was from Al who lives across from Ft Lewis and fishes off an on throughout the day with a group. Not sure how many anglers fished with him throughout the day.,Section,Census,NA,2,1,1,1,NA,NA,9,2023,36
7DC1EA28-2C56-4570-827D-8310C8DC8ED7,2023-09-09,Nisqually River,District 11,Nisqually salmon 2023,086A76E5-D18B-40FE-89A9-ADBC8BF94144,25,NA,NA,Nisqually section 2,3799BB72-9BCC-4A91-BA88-785D7A817827,786,2,2,2,Complete,06:30:00,16:56:00,16:56:00,Chinook,NA,NA,No,NA,1,1,NA,NA,NA,NA,Section,Census,NA,2,1,1,1,NA,NA,9,2023,36
EE66719B-F6BA-4532-AC17-3A2314D4DD2D,2023-09-30,Nisqually River,District 11,Nisqually salmon 2023,D961F188-42BA-4E1F-9B8B-AB9FA3FB7D2F,35,NA,NA,Nisqually section 2,3799BB72-9BCC-4A91-BA88-785D7A817827,786,2,2,2,Complete,06:00:00,15:51:00,15:51:00,Coho,NA,Drift Boat/ Raft,Yes,Boat,1,1,NA,NA,NA,NA,Section,Census,NA,2,1,1,1,NA,NA,9,2023,39
66AA41DE-7C85-48C1-A38D-C42450C231E0,2023-08-11,Nisqually River,District 11,Nisqually salmon 2023,BB8EED4B-9C5D-443C-80E6-C6C7E0EF35A9,7,NA,NA,Riverbend Campground Lower,6FA0995E-398E-4558-A8F7-14EC168C09C7,786,1,1,1,Complete,06:30:00,10:43:00,10:43:00,Chinook,NA,NA,No,NA,1,0,NA,NA,NA,NA,Site,Index,NA,2,1,NA,NA,NA,NA,8,2023,32
66AA41DE-7C85-48C1-A38D-C42450C231E0,2023-08-11,Nisqually River,District 11,Nisqually salmon 2023,15C04747-E1F9-4916-9EB3-9D7507B94A3D,6,NA,NA,Riverbend Campground Lower,6FA0995E-398E-4558-A8F7-14EC168C09C7,786,1,1,1,Complete,06:30:00,10:39:00,10:39:00,Chinook,NA,NA,No,NA,1,0,NA,NA,NA,NA,Site,Index,NA,2,1,NA,NA,NA,NA,8,2023,32
780BFB64-67F1-4ECF-94AC-480C3FC1E752,2023-08-23,Nisqually River,District 11,Nisqually salmon 2023,9FF61306-4D1A-4653-9E08-4A7BC369B185,6,NA,NA,Riverbend Campground Lower,6FA0995E-398E-4558-A8F7-14EC168C09C7,786,2,2,2,Complete,05:30:00,09:13:00,09:13:00,Chinook,NA,NA,No,NA,1,0,NA,NA,NA,NA,Site,Index,NA,2,1,NA,NA,NA,NA,8,2023,34
45ACCF11-B289-4D8E-A51B-685F5661A323,2023-08-24,Nisqually River,District 11,Nisqually salmon 2023,D4E373FE-D880-435D-A554-1D83960B3DEF,9,NA,NA,Riverbend Campground Lower,6FA0995E-398E-4558-A8F7-14EC168C09C7,786,2,2,2,Complete,05:30:00,10:26:00,10:26:00,Chinook,NA,NA,No,NA,2,0,NA,NA,NA,Says they may have hooked same fish twice.,Site,Index,NA,2,1,NA,NA,NA,NA,8,2023,34
45ACCF11-B289-4D8E-A51B-685F5661A323,2023-08-24,Nisqually River,District 11,Nisqually salmon 2023,244AF37D-8AD2-465E-BD51-AF418A2B5DF0,6,NA,NA,Riverbend Campground Lower,6FA0995E-398E-4558-A8F7-14EC168C09C7,786,1,1,1,Complete,05:30:00,09:29:00,09:29:00,Chinook,NA,NA,No,NA,1,0,NA,98387,NA,NA,Site,Index,NA,2,1,NA,NA,NA,NA,8,2023,34
45ACCF11-B289-4D8E-A51B-685F5661A323,2023-08-24,Nisqually River,District 11,Nisqually salmon 2023,8A84F057-89E9-4452-B448-C37D7AEC4B30,4,NA,NA,Riverbend Campground Lower,6FA0995E-398E-4558-A8F7-14EC168C09C7,786,2,2,2,Complete,05:30:00,08:47:00,08:47:00,Chinook,NA,NA,No,NA,1,0,NA,NA,NA,NA,Site,Index,NA,2,1,NA,NA,NA,NA,8,2023,34
956022DC-8F1D-41C4-8247-2126C6E3357A,2023-08-25,Nisqually River,District 11,Nisqually salmon 2023,C16360F6-4084-415B-8D18-41730AAA0816,7,NA,NA,Riverbend Campground Lower,6FA0995E-398E-4558-A8F7-14EC168C09C7,786,1,1,1,Complete,05:20:00,12:09:00,12:09:00,Chinook,NA,NA,No,NA,1,0,NA,NA,NA,NA,Site,Index,NA,2,1,NA,NA,NA,NA,8,2023,34
5B86F998-3321-4098-9AA5-5A7FE17929FE,2023-08-26,Nisqually River,District 11,Nisqually salmon 2023,7FC4AC79-1E9C-4C3C-BE90-1D66C18277D0,4,NA,NA,Riverbend Campground Lower,6FA0995E-398E-4558-A8F7-14EC168C09C7,786,1,1,1,Complete,07:00:00,09:09:00,09:09:00,Chinook,NA,NA,No,NA,1,0,NA,NA,NA,NA,Site,Index,NA,2,1,NA,NA,NA,NA,8,2023,34
1C61DB41-A2E4-47F5-BEEF-DB5570F71CBD,2023-08-30,Nisqually River,District 11,Nisqually salmon 2023,BEDF9BE8-CDB6-4133-B68B-D92FB6B32A38,1,NA,NA,Riverbend Campground Lower,6FA0995E-398E-4558-A8F7-14EC168C09C7,786,1,1,1,Complete,05:30:00,13:51:00,13:51:00,Chinook,NA,NA,No,NA,1,0,NA,NA,NA,NA,Site,Index,NA,2,1,NA,NA,NA,NA,8,2023,35
C7E71421-F2ED-40DF-A8DC-19FEE6C51112,2023-09-02,Nisqually River,District 11,Nisqually salmon 2023,ACFC95BC-185A-432A-8671-E3A86352AA45,2,NA,NA,Riverbend Campground Lower,6FA0995E-398E-4558-A8F7-14EC168C09C7,786,2,2,2,Complete,07:00:00,09:51:00,09:51:00,Chinook,NA,NA,No,NA,1,0,NA,NA,NA,NA,Site,Index,NA,2,1,NA,NA,NA,NA,9,2023,35
C7E71421-F2ED-40DF-A8DC-19FEE6C51112,2023-09-02,Nisqually River,District 11,Nisqually salmon 2023,248E4FF4-36BF-470E-8D5B-2A40B5198C01,11,NA,NA,Riverbend Campground Lower,6FA0995E-398E-4558-A8F7-14EC168C09C7,786,3,3,3,Complete,05:30:00,10:16:00,10:16:00,Chinook,NA,NA,No,NA,1,0,NA,98513,NA,NA,Site,Index,NA,2,1,NA,NA,NA,NA,9,2023,35
C7E71421-F2ED-40DF-A8DC-19FEE6C51112,2023-09-02,Nisqually River,District 11,Nisqually salmon 2023,EE8A34FB-045A-442C-81A9-F012997C5216,12,NA,NA,Riverbend Campground Lower,6FA0995E-398E-4558-A8F7-14EC168C09C7,786,1,1,1,Complete,07:00:00,10:37:00,10:37:00,Chinook,NA,NA,No,NA,1,0,NA,98512,NA,NA,Site,Index,NA,2,1,NA,NA,NA,NA,9,2023,35
C7E71421-F2ED-40DF-A8DC-19FEE6C51112,2023-09-02,Nisqually River,District 11,Nisqually salmon 2023,0855212B-A266-44F0-98D8-6D47127A863C,8,NA,NA,Riverbend Campground Lower,6FA0995E-398E-4558-A8F7-14EC168C09C7,786,1,1,1,Complete,05:30:00,12:23:00,12:23:00,Chinook,NA,NA,No,NA,1,0,NA,NA,NA,NA,Site,Index,NA,2,1,NA,NA,NA,NA,9,2023,35
C7E71421-F2ED-40DF-A8DC-19FEE6C51112,2023-09-02,Nisqually River,District 11,Nisqually salmon 2023,B803F3F7-BB55-4BCC-9657-79844FF6E8E7,3,NA,NA,Riverbend Campground Lower,6FA0995E-398E-4558-A8F7-14EC168C09C7,786,1,1,1,Complete,05:27:00,10:27:00,10:27:00,Chinook,NA,NA,No,NA,1,0,NA,NA,NA,NA,Site,Index,NA,2,1,NA,NA,NA,NA,9,2023,35
2A9ABC6A-1067-4057-8AAE-232EA68B312B,2023-09-09,Nisqually River,District 11,Nisqually salmon 2023,9673A225-5219-4E99-B457-A7B176A7BC99,5,NA,NA,Riverbend Campground Lower,6FA0995E-398E-4558-A8F7-14EC168C09C7,786,1,1,1,Complete,05:30:00,12:34:00,12:34:00,Chinook,NA,NA,No,NA,1,0,NA,85395,NA,NA,Site,Index,NA,2,1,NA,NA,NA,NA,9,2023,36
2A9ABC6A-1067-4057-8AAE-232EA68B312B,2023-09-09,Nisqually River,District 11,Nisqually salmon 2023,19EC2F77-846E-42F2-90EF-86FD9BC9DC56,7,NA,NA,Riverbend Campground Lower,6FA0995E-398E-4558-A8F7-14EC168C09C7,786,3,3,3,Complete,06:20:00,12:48:00,12:48:00,Chinook,NA,NA,No,NA,1,0,NA,98503,NA,NA,Site,Index,NA,2,1,NA,NA,NA,NA,9,2023,36
52C5D8CB-CFF8-40BE-84A6-0245C2E5E8D3,2023-09-12,Nisqually River,District 11,Nisqually salmon 2023,93FC8293-0EE7-4AE6-BF2C-309CDB4F5618,3,NA,NA,Riverbend Campground Lower,6FA0995E-398E-4558-A8F7-14EC168C09C7,786,1,1,1,Complete,06:00:00,13:07:00,13:07:00,Chinook,NA,NA,No,NA,1,0,NA,85395,NA,NA,Site,Index,NA,2,1,NA,NA,NA,NA,9,2023,37
52C5D8CB-CFF8-40BE-84A6-0245C2E5E8D3,2023-09-12,Nisqually River,District 11,Nisqually salmon 2023,C388EF8B-BF62-4CF5-9A86-A9B8F4E23F16,4,NA,NA,Riverbend Campground Lower,6FA0995E-398E-4558-A8F7-14EC168C09C7,786,1,1,1,Complete,06:00:00,13:08:00,13:08:00,Chinook,NA,NA,No,NA,1,0,NA,NA,NA,NA,Site,Index,NA,2,1,NA,NA,NA,NA,9,2023,37
F6F25A04-7F8D-4957-B34A-E0D67694C0F4,2023-09-16,Nisqually River,District 11,Nisqually salmon 2023,E746AE54-4A05-4968-985C-E395A119179E,21,NA,NA,Riverbend Campground Lower,6FA0995E-398E-4558-A8F7-14EC168C09C7,786,3,3,3,Complete,09:00:00,15:12:00,15:12:00,Chinook,NA,NA,No,NA,1,0,NA,98404,NA,NA,Site,Index,NA,2,1,NA,NA,NA,NA,9,2023,37
25E95FE6-D1F7-4200-B137-45D7B4C49FA1,2023-09-19,Nisqually River,District 11,Nisqually salmon 2023,45A161CE-DD0B-4121-B45F-E9438C8A2E19,28,NA,NA,Riverbend Campground Lower,6FA0995E-398E-4558-A8F7-14EC168C09C7,786,2,2,2,Complete,08:00:00,13:31:00,13:31:00,Pink,NA,NA,No,NA,1,0,NA,98513,NA,NA,Site,Index,NA,2,1,NA,NA,NA,NA,9,2023,38
25E95FE6-D1F7-4200-B137-45D7B4C49FA1,2023-09-19,Nisqually River,District 11,Nisqually salmon 2023,874F978D-0131-4E53-B59C-F74088D9C54C,21,NA,NA,Riverbend Campground Lower,6FA0995E-398E-4558-A8F7-14EC168C09C7,786,1,1,1,Complete,05:30:00,12:11:00,12:11:00,Chinook,NA,NA,No,NA,1,0,NA,98597,NA,NA,Site,Index,NA,2,1,NA,NA,NA,NA,9,2023,38
25E95FE6-D1F7-4200-B137-45D7B4C49FA1,2023-09-19,Nisqually River,District 11,Nisqually salmon 2023,ED88CFCE-2B36-4398-8F5C-809AC74ED979,30,NA,NA,Riverbend Campground Lower,6FA0995E-398E-4558-A8F7-14EC168C09C7,786,2,2,2,Complete,06:00:00,14:40:00,14:40:00,Chinook,NA,NA,No,NA,2,0,NA,NA,NA,NA,Site,Index,NA,2,1,NA,NA,NA,NA,9,2023,38
25E95FE6-D1F7-4200-B137-45D7B4C49FA1,2023-09-19,Nisqually River,District 11,Nisqually salmon 2023,54BC3A29-DD61-4B32-9239-526051B025B3,31,NA,NA,Riverbend Campground Lower,6FA0995E-398E-4558-A8F7-14EC168C09C7,786,1,1,1,Complete,05:40:00,14:41:00,14:41:00,Chinook,NA,NA,No,NA,1,0,NA,98516,NA,NA,Site,Index,NA,2,1,NA,NA,NA,NA,9,2023,38
25E95FE6-D1F7-4200-B137-45D7B4C49FA1,2023-09-19,Nisqually River,District 11,Nisqually salmon 2023,36139E44-375C-4250-BCB9-5A66B77443D9,24,NA,NA,Riverbend Campground Lower,6FA0995E-398E-4558-A8F7-14EC168C09C7,786,1,1,1,Complete,06:10:00,12:29:00,12:29:00,Chinook,NA,NA,No,NA,1,0,NA,98512,NA,NA,Site,Index,NA,2,1,NA,NA,NA,NA,9,2023,38
25E95FE6-D1F7-4200-B137-45D7B4C49FA1,2023-09-19,Nisqually River,District 11,Nisqually salmon 2023,3FBB630B-C1E3-4B60-953F-EFFE721CD68A,26,NA,NA,Riverbend Campground Lower,6FA0995E-398E-4558-A8F7-14EC168C09C7,786,2,2,2,Complete,05:50:00,12:54:00,12:54:00,Chinook,NA,NA,No,NA,2,0,NA,98466,NA,NA,Site,Index,NA,2,1,NA,NA,NA,NA,9,2023,38
449DF14B-AD0A-4752-856E-369106226A20,2023-09-21,Nisqually River,District 11,Nisqually salmon 2023,D76B4D53-F21F-46DA-9608-D65C2C351A32,4,NA,NA,Riverbend Campground Lower,6FA0995E-398E-4558-A8F7-14EC168C09C7,786,2,2,2,Complete,07:30:00,09:36:00,09:36:00,Chinook,NA,NA,No,NA,1,0,NA,NA,NA,NA,Site,Index,NA,2,1,NA,NA,NA,NA,9,2023,38
449DF14B-AD0A-4752-856E-369106226A20,2023-09-21,Nisqually River,District 11,Nisqually salmon 2023,2D95FFEE-14F0-4F4F-8967-54E01FC8B08D,5,NA,NA,Riverbend Campground Lower,6FA0995E-398E-4558-A8F7-14EC168C09C7,786,1,1,1,Complete,07:00:00,09:53:00,09:53:00,Chinook,NA,NA,No,NA,1,0,NA,30214,NA,NA,Site,Index,NA,2,1,NA,NA,NA,NA,9,2023,38
449DF14B-AD0A-4752-856E-369106226A20,2023-09-21,Nisqually River,District 11,Nisqually salmon 2023,E69AC93A-EFCF-4F87-AB14-FBA0EF489606,8,NA,NA,Riverbend Campground Lower,6FA0995E-398E-4558-A8F7-14EC168C09C7,786,2,2,2,Complete,07:00:00,10:28:00,10:28:00,Chinook,NA,NA,No,NA,1,0,NA,98584,NA,NA,Site,Index,NA,2,1,NA,NA,NA,NA,9,2023,38
F5FD07C9-9E90-4799-B8F1-F3ECC253DACC,2023-09-22,Nisqually River,District 11,Nisqually salmon 2023,551E6824-8430-4CA5-A6E7-0D650E196ED7,40,NA,NA,Riverbend Campground Lower,6FA0995E-398E-4558-A8F7-14EC168C09C7,786,1,1,1,Complete,08:00:00,12:26:00,12:26:00,Chinook,NA,NA,No,NA,1,0,NA,98488,NA,NA,Site,Index,NA,2,1,NA,NA,NA,NA,9,2023,38
7D6DCA80-C593-43EE-A8C2-6F471790789A,2023-09-22,Nisqually River,District 11,Nisqually salmon 2023,443E74C0-84A0-4726-BF63-7E9659BE9A2B,1,NA,NA,Riverbend Campground Lower,6FA0995E-398E-4558-A8F7-14EC168C09C7,786,2,2,2,Complete,05:49:00,08:24:00,08:24:00,Chinook,NA,NA,No,NA,1,0,NA,NA,NA,NA,Site,Index,NA,2,1,NA,NA,NA,NA,9,2023,38
55DEFC6E-F203-4768-AF10-7EE7289934EE,2023-09-26,Nisqually River,District 11,Nisqually salmon 2023,2978785A-1DDF-4B88-AB12-C53BE2610E1F,21,NA,NA,Riverbend Campground Lower,6FA0995E-398E-4558-A8F7-14EC168C09C7,786,1,1,1,Complete,08:00:00,11:21:00,11:21:00,Coho,NA,NA,No,NA,1,0,NA,98662,NA,NA,Site,Index,NA,2,1,NA,NA,NA,NA,9,2023,39
55DEFC6E-F203-4768-AF10-7EE7289934EE,2023-09-26,Nisqually River,District 11,Nisqually salmon 2023,43113832-C9F4-40F6-97CC-DCF782679141,23,NA,NA,Riverbend Campground Lower,6FA0995E-398E-4558-A8F7-14EC168C09C7,786,1,1,1,Complete,07:00:00,12:14:00,12:14:00,Coho,NA,NA,No,NA,1,0,NA,98125,NA,NA,Site,Index,NA,2,1,NA,NA,NA,NA,9,2023,39
32D489EB-E7DD-4446-8940-A6EF78D81D82,2023-09-30,Nisqually River,District 11,Nisqually salmon 2023,14347C00-CD20-4A79-A241-4A7E80BBF3D9,2,NA,NA,Riverbend Campground Lower,6FA0995E-398E-4558-A8F7-14EC168C09C7,786,1,1,1,Complete,08:08:00,11:32:00,11:32:00,Coho,NA,NA,No,NA,1,0,NA,98498,NA,NA,Site,Index,NA,2,1,NA,NA,NA,NA,9,2023,39
BA93DBE1-BBBB-423B-B496-15237F5DB267,2023-10-03,Nisqually River,District 11,Nisqually salmon 2023,B8C32F02-513D-46EE-887A-8DAD6DD332C5,19,NA,NA,Riverbend Campground Lower,6FA0995E-398E-4558-A8F7-14EC168C09C7,786,1,1,1,Complete,11:00:00,15:16:00,15:16:00,Chinook,NA,NA,No,NA,1,0,NA,NA,NA,NA,Site,Index,NA,2,1,NA,NA,NA,NA,10,2023,40
D408AF04-E067-4DB4-B787-846D1D80D278,2023-08-05,Nisqually River,District 11,Nisqually salmon 2023,50C272FF-E9FA-4C36-B9B6-08E65AB67C76,10,NA,NA,Nisqually section 3,76BEAFBA-74A5-4FF4-8F4A-A76B3D37312D,786,1,2,1,Complete,15:00:00,18:03:00,18:03:00,Chinook,NA,Drift Boat/ Raft,Yes,Boat,1,1,NA,NA,NA,NA,Section,Census,NA,3,1,1,1,NA,NA,8,2023,31
7DC1EA28-2C56-4570-827D-8310C8DC8ED7,2023-09-09,Nisqually River,District 11,Nisqually salmon 2023,7D6DE700-C95E-4370-9D7D-B1B525BE7036,8,NA,NA,Nisqually section 3,76BEAFBA-74A5-4FF4-8F4A-A76B3D37312D,786,4,4,4,Complete,06:00:00,12:36:00,12:36:00,Chinook,NA,Trailered Motorized Boat,Yes,Boat,1,1,NA,98513,NA,NA,Section,Census,NA,3,1,1,1,NA,NA,9,2023,36
A8CC5E9F-C06F-40B6-B377-5E1F81788282,2023-09-15,Nisqually River,District 11,Nisqually salmon 2023,7A8D2016-8514-4FEB-A45A-AA40ED258BF5,13,NA,NA,Nisqually section 3,76BEAFBA-74A5-4FF4-8F4A-A76B3D37312D,786,2,2,2,Complete,07:00:00,15:25:00,15:25:00,Chinook,NA,Trailered Motorized Boat,Yes,Boat,1,1,NA,NA,NA,NA,Section,Census,NA,3,1,1,1,NA,NA,9,2023,37
A68E5CC5-9290-42AB-979A-9F34C6C87B32,2023-09-28,Nisqually River,District 11,Nisqually salmon 2023,04739EA9-9401-41D5-B6A6-C4AA77EBF6B2,8,NA,NA,Nisqually section 3,76BEAFBA-74A5-4FF4-8F4A-A76B3D37312D,786,1,1,1,Complete,07:00:00,11:00:00,12:12:00,Chinook,NA,Trailered Motorized Boat,Yes,Boat,1,1,NA,NA,NA,"Fishing by the hatchery, all catch and release",Section,Census,NA,3,1,1,1,NA,NA,9,2023,39
4D135B87-1508-420E-B5F4-22EBADA4E3C5,2023-10-07,Nisqually River,District 11,Nisqually salmon 2023,09B7C1C0-F955-4ED1-837D-618885537E2A,14,NA,NA,Nisqually section 3,76BEAFBA-74A5-4FF4-8F4A-A76B3D37312D,786,4,4,4,Complete,05:00:00,14:02:00,14:02:00,Coho,NA,Drift Boat/ Raft,Yes,Boat,2,1,NA,98387,NA,NA,Section,Census,NA,3,1,1,1,NA,NA,10,2023,40
A8CC5E9F-C06F-40B6-B377-5E1F81788282,2023-09-15,Nisqually River,District 11,Nisqually salmon 2023,430B6ED0-E436-40FD-8FB5-F34444F91B29,14,NA,NA,Nisqually section 4,7BF98FA1-7CD1-4B20-B43E-924640252071,786,3,3,3,Complete,07:30:00,15:38:00,15:38:00,Chinook,NA,Drift Boat/ Raft,Yes,Boat,2,1,NA,98371,NA,NA,Section,Census,NA,4,1,1,1,NA,NA,9,2023,37
0BC03240-6B6C-4D8D-A617-463E306A79F3,2023-08-10,Nisqually River,District 11,Nisqually salmon 2023,565E92FA-2C36-4ABD-AB78-2B7626B43F9B,3,NA,NA,Fort Lewis,9E5C07F8-2874-4E94-8E1E-5707D4B022D1,786,1,1,1,Complete,12:00:00,13:37:00,13:37:00,Chinook,NA,NA,No,NA,1,0,NA,NA,NA,NA,Site,Index,NA,2,1,NA,NA,NA,NA,8,2023,32
4BF754C6-A8FD-475F-9968-EFB74FC5B190,2023-08-11,Nisqually River,District 11,Nisqually salmon 2023,F5A50479-23DA-4FA2-AEBC-54F6D3F185DF,6,NA,NA,Fort Lewis,9E5C07F8-2874-4E94-8E1E-5707D4B022D1,786,3,3,3,Complete,14:30:00,19:57:00,19:57:00,Chinook,NA,Pontoon/Kick/Kayak/Dinghy,Yes,Boat,1,1,NA,98513,NA,NA,Site,Index,NA,2,1,NA,NA,NA,NA,8,2023,32
C11B6BA4-EE66-4B9A-8474-1BE247CA3B56,2023-08-16,Nisqually River,District 11,Nisqually salmon 2023,5FE01BA7-7320-4D32-8958-F378F0C9D2F5,10,NA,NA,Fort Lewis,9E5C07F8-2874-4E94-8E1E-5707D4B022D1,786,1,1,1,Complete,18:30:00,20:47:00,20:47:00,Chinook,NA,NA,No,NA,1,0,NA,NA,NA,NA,Site,Index,NA,2,1,NA,NA,NA,NA,8,2023,33
0DD3AB6F-7E74-4D5E-BD1A-0857EA3905C3,2023-08-17,Nisqually River,District 11,Nisqually salmon 2023,3BB86C8F-06D6-4D50-AD69-A5EAADE2C1B6,5,NA,NA,Fort Lewis,9E5C07F8-2874-4E94-8E1E-5707D4B022D1,786,2,2,2,Complete,05:56:00,17:56:00,17:56:00,Chinook,NA,Trailered Motorized Boat,Yes,Boat,1,1,NA,NA,NA,NA,Site,Index,NA,2,1,NA,NA,NA,NA,8,2023,33
E8032F68-F5BF-41F0-BE93-14B6D3E7C803,2023-08-17,Nisqually River,District 11,Nisqually salmon 2023,190B5243-0D4D-4F99-ABBB-9B58DAC7720D,1,NA,NA,Fort Lewis,9E5C07F8-2874-4E94-8E1E-5707D4B022D1,786,1,1,1,Complete,05:00:00,08:08:00,08:08:00,Chinook,NA,NA,No,NA,1,0,NA,98498,NA,NA,Site,Index,NA,2,1,NA,NA,NA,NA,8,2023,33
9B2CF386-F9C7-4BCA-872A-B3558BFA245C,2023-08-18,Nisqually River,District 11,Nisqually salmon 2023,48E7185F-D5C1-4329-972D-2F91FCC18353,11,NA,NA,Fort Lewis,9E5C07F8-2874-4E94-8E1E-5707D4B022D1,786,2,2,2,Complete,12:00:00,20:37:00,20:37:00,Chinook,NA,NA,No,NA,1,0,NA,NA,NA,NA,Site,Index,NA,2,1,NA,NA,NA,NA,8,2023,33
432A5572-257F-4B45-88F3-896B8F54014A,2023-08-18,Nisqually River,District 11,Nisqually salmon 2023,C96FB3CA-C1B5-4C44-8C8C-FDB88326D325,10,NA,NA,Fort Lewis,9E5C07F8-2874-4E94-8E1E-5707D4B022D1,786,1,1,1,Complete,05:45:00,11:30:00,11:30:00,Chinook,NA,NA,No,NA,1,0,NA,98589,NA,NA,Site,Index,NA,2,1,NA,NA,NA,NA,8,2023,33
432A5572-257F-4B45-88F3-896B8F54014A,2023-08-18,Nisqually River,District 11,Nisqually salmon 2023,7A5312F5-226B-4125-994B-1811444D7060,12,NA,NA,Fort Lewis,9E5C07F8-2874-4E94-8E1E-5707D4B022D1,786,1,1,1,Complete,08:00:00,11:50:00,11:50:00,Chinook,NA,NA,No,NA,1,0,NA,98513,NA,NA,Site,Index,NA,2,1,NA,NA,NA,NA,8,2023,33
888B28FD-FD0A-4DFF-98FE-470EB412E9BF,2023-08-19,Nisqually River,District 11,Nisqually salmon 2023,0B2E51C5-74B5-4432-8BAF-CA541F4B1D3A,7,NA,NA,Fort Lewis,9E5C07F8-2874-4E94-8E1E-5707D4B022D1,786,1,1,1,Complete,09:00:00,17:29:00,17:29:00,Chinook,NA,Drift Boat/ Raft,Yes,Boat,1,1,NA,NA,NA,NA,Site,Index,NA,2,1,NA,NA,NA,NA,8,2023,33
888B28FD-FD0A-4DFF-98FE-470EB412E9BF,2023-08-19,Nisqually River,District 11,Nisqually salmon 2023,248A4084-CE32-4D6C-A52D-F828F56783E8,12,NA,NA,Fort Lewis,9E5C07F8-2874-4E94-8E1E-5707D4B022D1,786,1,1,1,Complete,15:55:00,18:55:00,18:55:00,Chinook,NA,NA,No,NA,1,0,NA,NA,NA,NA,Site,Index,NA,2,1,NA,NA,NA,NA,8,2023,33
FC18D74B-6BC1-4291-BA32-F026A95ECE42,2023-08-19,Nisqually River,District 11,Nisqually salmon 2023,AE39B687-68B7-4FC7-ABF8-068340444E09,2,NA,NA,Fort Lewis,9E5C07F8-2874-4E94-8E1E-5707D4B022D1,786,1,1,1,Complete,05:30:00,12:31:00,12:31:00,Chinook,NA,NA,No,NA,1,0,NA,NA,NA,NA,Site,Index,NA,2,1,NA,NA,NA,NA,8,2023,33
D2EB054F-7A15-431B-9BEF-EE8DD24F1232,2023-08-19,Nisqually River,District 11,Nisqually salmon 2023,55C80424-718A-4FDA-B69D-C9533D353D17,16,NA,NA,Fort Lewis,9E5C07F8-2874-4E94-8E1E-5707D4B022D1,786,1,1,1,Complete,05:15:00,11:59:00,11:59:00,Chinook,NA,NA,No,NA,1,0,NA,NA,NA,NA,Site,Index,NA,2,1,NA,NA,NA,NA,8,2023,33
D2EB054F-7A15-431B-9BEF-EE8DD24F1232,2023-08-19,Nisqually River,District 11,Nisqually salmon 2023,6E5CED3B-24C6-472D-8C26-C5482D9795D1,18,NA,NA,Fort Lewis,9E5C07F8-2874-4E94-8E1E-5707D4B022D1,786,1,1,1,Complete,05:12:00,14:29:00,14:29:00,Chinook,NA,NA,No,NA,1,0,NA,98503,NA,NA,Site,Index,NA,2,1,NA,NA,NA,NA,8,2023,33
6543E244-698A-4A52-BDF7-9B652E8BAC83,2023-08-23,Nisqually River,District 11,Nisqually salmon 2023,BAD99987-5ACB-4911-907E-B96ADD857470,16,NA,NA,Fort Lewis,9E5C07F8-2874-4E94-8E1E-5707D4B022D1,786,1,1,1,Complete,07:00:00,10:32:00,10:32:00,Chinook,NA,NA,No,NA,1,0,NA,98501,NA,NA,Site,Index,NA,2,1,NA,NA,NA,NA,8,2023,34
6543E244-698A-4A52-BDF7-9B652E8BAC83,2023-08-23,Nisqually River,District 11,Nisqually salmon 2023,93F81D68-B484-4AA7-97A5-1FBAB28DE1F1,6,NA,NA,Fort Lewis,9E5C07F8-2874-4E94-8E1E-5707D4B022D1,786,1,1,1,Complete,05:30:00,09:28:00,09:28:00,Chinook,NA,NA,No,NA,1,0,NA,NA,NA,NA,Site,Index,NA,2,1,NA,NA,NA,NA,8,2023,34
6543E244-698A-4A52-BDF7-9B652E8BAC83,2023-08-23,Nisqually River,District 11,Nisqually salmon 2023,9AB7C618-86C0-4BE9-93A1-0D80E38B14B7,21,NA,NA,Fort Lewis,9E5C07F8-2874-4E94-8E1E-5707D4B022D1,786,1,1,1,Complete,05:18:00,11:16:00,11:16:00,Chinook,NA,NA,No,NA,1,0,NA,98499,NA,NA,Site,Index,NA,2,1,NA,NA,NA,NA,8,2023,34
6543E244-698A-4A52-BDF7-9B652E8BAC83,2023-08-23,Nisqually River,District 11,Nisqually salmon 2023,1FC453A9-29B2-4F88-9173-72632060A9D2,25,NA,NA,Fort Lewis,9E5C07F8-2874-4E94-8E1E-5707D4B022D1,786,1,1,1,Complete,05:30:00,11:37:00,11:37:00,Chinook,NA,NA,No,NA,1,0,NA,98448,NA,NA,Site,Index,NA,2,1,NA,NA,NA,NA,8,2023,34
6543E244-698A-4A52-BDF7-9B652E8BAC83,2023-08-23,Nisqually River,District 11,Nisqually salmon 2023,77761734-F68A-4B3A-B1AB-2C6F79787211,27,NA,NA,Fort Lewis,9E5C07F8-2874-4E94-8E1E-5707D4B022D1,786,1,1,1,Complete,05:45:00,11:48:00,11:48:00,Chinook,NA,NA,No,NA,1,0,NA,98541,NA,NA,Site,Index,NA,2,1,NA,NA,NA,NA,8,2023,34
6543E244-698A-4A52-BDF7-9B652E8BAC83,2023-08-23,Nisqually River,District 11,Nisqually salmon 2023,95536391-F0B8-4B0F-8623-138C5026ECA2,12,NA,NA,Fort Lewis,9E5C07F8-2874-4E94-8E1E-5707D4B022D1,786,1,1,1,Complete,05:15:00,10:11:00,10:11:00,Chinook,NA,NA,No,NA,1,0,NA,98327,NA,NA,Site,Index,NA,2,1,NA,NA,NA,NA,8,2023,34
6543E244-698A-4A52-BDF7-9B652E8BAC83,2023-08-23,Nisqually River,District 11,Nisqually salmon 2023,72F68B22-7B7C-4CC7-A3ED-41599FF97D46,10,NA,NA,Fort Lewis,9E5C07F8-2874-4E94-8E1E-5707D4B022D1,786,1,1,1,Complete,06:00:00,10:07:00,10:07:00,Chinook,NA,NA,No,NA,1,0,NA,98613,NA,NA,Site,Index,NA,2,1,NA,NA,NA,NA,8,2023,34
6543E244-698A-4A52-BDF7-9B652E8BAC83,2023-08-23,Nisqually River,District 11,Nisqually salmon 2023,D5C5AF8F-2C33-4B44-81A8-29BE723858A6,9,NA,NA,Fort Lewis,9E5C07F8-2874-4E94-8E1E-5707D4B022D1,786,1,1,1,Complete,06:00:00,10:01:00,10:01:00,Chinook,NA,NA,No,NA,1,0,NA,98372,NA,NA,Site,Index,NA,2,1,NA,NA,NA,NA,8,2023,34
6543E244-698A-4A52-BDF7-9B652E8BAC83,2023-08-23,Nisqually River,District 11,Nisqually salmon 2023,E1E99759-275E-44D6-B0C1-E74551C0722D,3,NA,NA,Fort Lewis,9E5C07F8-2874-4E94-8E1E-5707D4B022D1,786,1,1,1,Complete,05:50:00,08:50:00,08:50:00,Chinook,NA,NA,No,NA,1,0,NA,98327,NA,NA,Site,Index,NA,2,1,NA,NA,NA,NA,8,2023,34
01436B50-51BE-45CC-A9A8-7393D4083691,2023-08-24,Nisqually River,District 11,Nisqually salmon 2023,1449FBE3-5DA1-4214-B3C3-B37E6705EBE6,7,NA,NA,Fort Lewis,9E5C07F8-2874-4E94-8E1E-5707D4B022D1,786,2,2,2,Complete,05:21:00,08:21:00,08:21:00,Chinook,NA,NA,No,NA,1,0,NA,NA,NA,NA,Site,Index,NA,2,1,NA,NA,NA,NA,8,2023,34
01436B50-51BE-45CC-A9A8-7393D4083691,2023-08-24,Nisqually River,District 11,Nisqually salmon 2023,FC8605DB-137B-49A3-9B8D-6D5191D7F822,18,NA,NA,Fort Lewis,9E5C07F8-2874-4E94-8E1E-5707D4B022D1,786,1,1,1,Complete,07:00:00,10:08:00,10:08:00,Chinook,NA,NA,No,NA,1,0,NA,NA,NA,NA,Site,Index,NA,2,1,NA,NA,NA,NA,8,2023,34
01436B50-51BE-45CC-A9A8-7393D4083691,2023-08-24,Nisqually River,District 11,Nisqually salmon 2023,8FD6FEAF-3391-4B7C-A208-1499D0222673,22,NA,NA,Fort Lewis,9E5C07F8-2874-4E94-8E1E-5707D4B022D1,786,1,1,1,Complete,06:00:00,10:48:00,10:48:00,Chinook,NA,NA,No,NA,1,0,NA,NA,NA,NA,Site,Index,NA,2,1,NA,NA,NA,NA,8,2023,34
01436B50-51BE-45CC-A9A8-7393D4083691,2023-08-24,Nisqually River,District 11,Nisqually salmon 2023,E64582F6-857E-4527-A75B-F7CC62DADAAA,26,NA,NA,Fort Lewis,9E5C07F8-2874-4E94-8E1E-5707D4B022D1,786,1,1,1,Complete,05:36:00,11:36:00,11:36:00,Chinook,NA,NA,No,NA,1,0,NA,NA,NA,NA,Site,Index,NA,2,1,NA,NA,NA,NA,8,2023,34
01436B50-51BE-45CC-A9A8-7393D4083691,2023-08-24,Nisqually River,District 11,Nisqually salmon 2023,A52AE9CC-16F1-422E-9024-BD1E16F76661,27,NA,NA,Fort Lewis,9E5C07F8-2874-4E94-8E1E-5707D4B022D1,786,1,1,1,Complete,05:40:00,11:40:00,11:40:00,Chinook,NA,NA,No,NA,1,0,NA,98388,NA,NA,Site,Index,NA,2,1,NA,NA,NA,NA,8,2023,34
FED71DDE-7154-4706-8022-8ADF352F5F15,2023-08-24,Nisqually River,District 11,Nisqually salmon 2023,FC565D4F-7F42-44B5-AE45-CE43B1C342F4,10,NA,NA,Fort Lewis,9E5C07F8-2874-4E94-8E1E-5707D4B022D1,786,2,2,2,Complete,13:45:00,20:31:00,20:31:00,Chinook,NA,NA,No,NA,1,0,NA,NA,NA,NA,Site,Index,NA,2,1,NA,NA,NA,NA,8,2023,34
01436B50-51BE-45CC-A9A8-7393D4083691,2023-08-24,Nisqually River,District 11,Nisqually salmon 2023,EA04289E-5DA1-4907-86BB-29EC9348B7AC,12,NA,NA,Fort Lewis,9E5C07F8-2874-4E94-8E1E-5707D4B022D1,786,1,1,1,Complete,05:45:00,09:14:00,09:14:00,Chinook,NA,NA,No,NA,1,0,NA,NA,NA,NA,Site,Index,NA,2,1,NA,NA,NA,NA,8,2023,34
597D2B73-2E3E-4F05-8AC7-50365ADBC529,2023-08-25,Nisqually River,District 11,Nisqually salmon 2023,0D248112-18C2-47AF-9DEB-A503F452CF7B,25,NA,NA,Fort Lewis,9E5C07F8-2874-4E94-8E1E-5707D4B022D1,786,1,1,1,Complete,05:21:00,10:31:00,10:31:00,Chinook,NA,NA,No,NA,1,0,NA,98327,NA,NA,Site,Index,NA,2,1,NA,NA,NA,NA,8,2023,34
597D2B73-2E3E-4F05-8AC7-50365ADBC529,2023-08-25,Nisqually River,District 11,Nisqually salmon 2023,58571754-F18F-44BA-BD93-F3F3D3C182E9,29,NA,NA,Fort Lewis,9E5C07F8-2874-4E94-8E1E-5707D4B022D1,786,1,2,1,Complete,06:20:00,11:24:00,11:24:00,Chinook,NA,NA,No,NA,1,0,NA,98327,NA,Caught an adult Chinook but gave it to another angler.,Site,Index,NA,2,1,NA,NA,NA,NA,8,2023,34
597D2B73-2E3E-4F05-8AC7-50365ADBC529,2023-08-25,Nisqually River,District 11,Nisqually salmon 2023,510FB4B3-C3B1-42AC-B942-F79C3A7B5D36,30,NA,NA,Fort Lewis,9E5C07F8-2874-4E94-8E1E-5707D4B022D1,786,1,1,1,Complete,06:00:00,11:51:00,11:51:00,Chinook,NA,NA,No,NA,1,0,NA,98387,NA,NA,Site,Index,NA,2,1,NA,NA,NA,NA,8,2023,34
597D2B73-2E3E-4F05-8AC7-50365ADBC529,2023-08-25,Nisqually River,District 11,Nisqually salmon 2023,AEB25902-07E9-49F9-A352-8C20D8E06E75,32,NA,NA,Fort Lewis,9E5C07F8-2874-4E94-8E1E-5707D4B022D1,786,2,2,2,Complete,05:21:00,12:04:00,12:04:00,Chinook,NA,NA,No,NA,2,0,NA,98445,NA,NA,Site,Index,NA,2,1,NA,NA,NA,NA,8,2023,34
597D2B73-2E3E-4F05-8AC7-50365ADBC529,2023-08-25,Nisqually River,District 11,Nisqually salmon 2023,B5D74F63-E915-4324-86DB-AF97965E0A54,10,NA,NA,Fort Lewis,9E5C07F8-2874-4E94-8E1E-5707D4B022D1,786,1,1,1,Complete,05:21:00,08:37:00,08:37:00,Chinook,NA,NA,No,NA,1,0,NA,98584,NA,NA,Site,Index,NA,2,1,NA,NA,NA,NA,8,2023,34
597D2B73-2E3E-4F05-8AC7-50365ADBC529,2023-08-25,Nisqually River,District 11,Nisqually salmon 2023,139837BC-BE68-4265-B4A7-9ED7D636DABA,5,NA,NA,Fort Lewis,9E5C07F8-2874-4E94-8E1E-5707D4B022D1,786,1,1,1,Complete,05:00:00,08:15:00,08:15:00,Chinook,NA,NA,No,NA,1,0,NA,98387,NA,NA,Site,Index,NA,2,1,NA,NA,NA,NA,8,2023,34
956022DC-8F1D-41C4-8247-2126C6E3357A,2023-08-25,Nisqually River,District 11,Nisqually salmon 2023,2ADC6A2C-0B8B-4E32-B78F-9ECAEE631941,15,NA,NA,Fort Lewis,9E5C07F8-2874-4E94-8E1E-5707D4B022D1,786,3,3,3,Complete,05:28:00,14:28:00,14:28:00,Chinook,NA,Trailered Motorized Boat,Yes,Boat,2,1,NA,NA,NA,NA,Site,Index,NA,2,1,NA,NA,NA,NA,8,2023,34
956022DC-8F1D-41C4-8247-2126C6E3357A,2023-08-25,Nisqually River,District 11,Nisqually salmon 2023,75DC5170-969F-4C86-986B-BF8A4CAD3CE4,14,NA,NA,Fort Lewis,9E5C07F8-2874-4E94-8E1E-5707D4B022D1,786,1,1,1,Complete,08:00:00,14:21:00,14:21:00,Chinook,NA,NA,No,NA,1,0,NA,98501,NA,NA,Site,Index,NA,2,1,NA,NA,NA,NA,8,2023,34
956022DC-8F1D-41C4-8247-2126C6E3357A,2023-08-25,Nisqually River,District 11,Nisqually salmon 2023,662A5285-4797-487A-B39D-4B5FAC733DF5,1,NA,NA,Fort Lewis,9E5C07F8-2874-4E94-8E1E-5707D4B022D1,786,1,1,1,Complete,07:27:00,08:27:00,08:27:00,Chinook,NA,NA,No,NA,1,0,NA,NA,NA,NA,Site,Index,NA,2,1,NA,NA,NA,NA,8,2023,34
597D2B73-2E3E-4F05-8AC7-50365ADBC529,2023-08-25,Nisqually River,District 11,Nisqually salmon 2023,AB66A3E1-12E1-4D39-860C-E7E51B9E9A91,20,NA,NA,Fort Lewis,9E5C07F8-2874-4E94-8E1E-5707D4B022D1,786,1,1,1,Complete,06:00:00,09:19:00,09:19:00,Chinook,NA,NA,No,NA,1,0,NA,NA,NA,NA,Site,Index,NA,2,1,NA,NA,NA,NA,8,2023,34
597D2B73-2E3E-4F05-8AC7-50365ADBC529,2023-08-25,Nisqually River,District 11,Nisqually salmon 2023,908438C9-019E-4458-8A98-DDCCB6993869,22,NA,NA,Fort Lewis,9E5C07F8-2874-4E94-8E1E-5707D4B022D1,786,1,1,1,Complete,05:21:00,09:36:00,09:36:00,Chinook,NA,NA,No,NA,1,0,NA,98388,NA,NA,Site,Index,NA,2,1,NA,NA,NA,NA,8,2023,34
5B86F998-3321-4098-9AA5-5A7FE17929FE,2023-08-26,Nisqually River,District 11,Nisqually salmon 2023,024C2F0D-7C8B-40C6-81E4-F319D31A34C4,26,NA,NA,Fort Lewis,9E5C07F8-2874-4E94-8E1E-5707D4B022D1,786,1,1,1,Complete,08:58:00,12:58:00,12:58:00,Chinook,NA,NA,No,NA,1,0,NA,98344,NA,NA,Site,Index,NA,2,1,NA,NA,NA,NA,8,2023,34
837E59E4-AAC4-472F-9141-DCFEF81AE7B1,2023-08-26,Nisqually River,District 11,Nisqually salmon 2023,1233764B-6CD4-4B59-90B6-0CEB715B644B,4,NA,NA,Fort Lewis,9E5C07F8-2874-4E94-8E1E-5707D4B022D1,786,1,1,1,Complete,05:30:00,07:52:00,07:52:00,Chinook,NA,NA,No,NA,1,0,NA,NA,NA,NA,Site,Index,NA,2,1,NA,NA,NA,NA,8,2023,34
837E59E4-AAC4-472F-9141-DCFEF81AE7B1,2023-08-26,Nisqually River,District 11,Nisqually salmon 2023,54BC0592-6495-407F-A7B2-D50B870109BA,5,NA,NA,Fort Lewis,9E5C07F8-2874-4E94-8E1E-5707D4B022D1,786,1,1,1,Complete,05:30:00,07:53:00,07:53:00,Chinook,NA,NA,No,NA,1,0,NA,98503,NA,NA,Site,Index,NA,2,1,NA,NA,NA,NA,8,2023,34
837E59E4-AAC4-472F-9141-DCFEF81AE7B1,2023-08-26,Nisqually River,District 11,Nisqually salmon 2023,3F9AFBA6-8A32-47DB-B5E2-7A318F236F51,9,NA,NA,Fort Lewis,9E5C07F8-2874-4E94-8E1E-5707D4B022D1,786,1,1,1,Complete,06:00:00,08:21:00,08:21:00,Chinook,NA,NA,No,NA,1,0,NA,98513,NA,NA,Site,Index,NA,2,1,NA,NA,NA,NA,8,2023,34
837E59E4-AAC4-472F-9141-DCFEF81AE7B1,2023-08-26,Nisqually River,District 11,Nisqually salmon 2023,EAF555DF-50FC-42AD-A836-65F97A2D1E32,14,NA,NA,Fort Lewis,9E5C07F8-2874-4E94-8E1E-5707D4B022D1,786,1,1,1,Complete,06:30:00,08:50:00,08:50:00,Chinook,NA,NA,No,NA,1,0,NA,NA,NA,NA,Site,Index,NA,2,1,NA,NA,NA,NA,8,2023,34
837E59E4-AAC4-472F-9141-DCFEF81AE7B1,2023-08-26,Nisqually River,District 11,Nisqually salmon 2023,25E0F7D2-D5E2-4301-BA8D-B1A87F4EECF9,15,NA,NA,Fort Lewis,9E5C07F8-2874-4E94-8E1E-5707D4B022D1,786,1,1,1,Complete,05:30:00,09:16:00,09:16:00,Chinook,NA,NA,No,NA,1,0,NA,NA,NA,NA,Site,Index,NA,2,1,NA,NA,NA,NA,8,2023,34
5B86F998-3321-4098-9AA5-5A7FE17929FE,2023-08-26,Nisqually River,District 11,Nisqually salmon 2023,AB25D2B8-92BD-4DF9-A248-CF08731E753D,9,NA,NA,Fort Lewis,9E5C07F8-2874-4E94-8E1E-5707D4B022D1,786,1,1,1,Complete,06:20:00,10:52:00,10:52:00,Chinook,NA,NA,No,NA,1,0,NA,98503,NA,NA,Site,Index,NA,2,1,NA,NA,NA,NA,8,2023,34
5B86F998-3321-4098-9AA5-5A7FE17929FE,2023-08-26,Nisqually River,District 11,Nisqually salmon 2023,D8580367-C72A-458C-83B3-5F84E0B5683D,10,NA,NA,Fort Lewis,9E5C07F8-2874-4E94-8E1E-5707D4B022D1,786,1,1,1,Complete,05:40:00,10:55:00,10:55:00,Chinook,NA,NA,No,NA,1,0,NA,98445,NA,NA,Site,Index,NA,2,1,NA,NA,NA,NA,8,2023,34
5B86F998-3321-4098-9AA5-5A7FE17929FE,2023-08-26,Nisqually River,District 11,Nisqually salmon 2023,2488440B-EA21-43BB-9FA5-E9B706BAC5D0,21,NA,NA,Fort Lewis,9E5C07F8-2874-4E94-8E1E-5707D4B022D1,786,4,4,4,Complete,06:00:00,11:50:00,11:50:00,Chinook,NA,Trailered Motorized Boat,Yes,Boat,1,1,NA,NA,NA,NA,Site,Index,NA,2,1,NA,NA,NA,NA,8,2023,34
5B86F998-3321-4098-9AA5-5A7FE17929FE,2023-08-26,Nisqually River,District 11,Nisqually salmon 2023,F3BCD2B3-C169-4D1C-91FF-F856F2945128,22,NA,NA,Fort Lewis,9E5C07F8-2874-4E94-8E1E-5707D4B022D1,786,1,1,1,Complete,05:30:00,11:53:00,11:53:00,Chinook,NA,NA,No,NA,1,0,NA,NA,NA,NA,Site,Index,NA,2,1,NA,NA,NA,NA,8,2023,34
5B86F998-3321-4098-9AA5-5A7FE17929FE,2023-08-26,Nisqually River,District 11,Nisqually salmon 2023,E2802313-0534-4ED8-8C4E-FE08B5E241FA,24,NA,NA,Fort Lewis,9E5C07F8-2874-4E94-8E1E-5707D4B022D1,786,1,1,1,Complete,07:30:00,12:45:00,12:45:00,Chinook,NA,NA,No,NA,1,0,NA,98402,NA,NA,Site,Index,NA,2,1,NA,NA,NA,NA,8,2023,34
2B352002-3A32-4CC0-B568-2DD0FAA873ED,2023-08-30,Nisqually River,District 11,Nisqually salmon 2023,F0A2BE34-0570-4FC6-81D6-D7E52FDA9AA1,4,NA,NA,Fort Lewis,9E5C07F8-2874-4E94-8E1E-5707D4B022D1,786,2,2,2,Complete,05:30:00,07:20:00,07:20:00,Chinook,NA,NA,No,NA,2,0,NA,98513,NA,NA,Site,Index,NA,2,1,NA,NA,NA,NA,8,2023,35
2B352002-3A32-4CC0-B568-2DD0FAA873ED,2023-08-30,Nisqually River,District 11,Nisqually salmon 2023,33435B1E-A988-4898-B6FB-7A822E05E17A,8,NA,NA,Fort Lewis,9E5C07F8-2874-4E94-8E1E-5707D4B022D1,786,1,1,1,Complete,05:30:00,08:10:00,08:10:00,Chinook,NA,NA,No,NA,1,0,NA,98503,NA,NA,Site,Index,NA,2,1,NA,NA,NA,NA,8,2023,35
2B352002-3A32-4CC0-B568-2DD0FAA873ED,2023-08-30,Nisqually River,District 11,Nisqually salmon 2023,797EE715-DDFD-495B-BD0B-BF09C5395938,9,NA,NA,Fort Lewis,9E5C07F8-2874-4E94-8E1E-5707D4B022D1,786,1,1,1,Complete,06:10:00,10:03:00,10:03:00,Chinook,NA,NA,No,NA,1,0,NA,98374,NA,NA,Site,Index,NA,2,1,NA,NA,NA,NA,8,2023,35
2B352002-3A32-4CC0-B568-2DD0FAA873ED,2023-08-30,Nisqually River,District 11,Nisqually salmon 2023,5E4B1F82-2B2E-4371-B6B5-B8F2EFDFBB45,10,NA,NA,Fort Lewis,9E5C07F8-2874-4E94-8E1E-5707D4B022D1,786,1,1,1,Complete,07:30:00,10:06:00,10:06:00,Chinook,NA,NA,No,NA,1,0,NA,98503,NA,NA,Site,Index,NA,2,1,NA,NA,NA,NA,8,2023,35
2B352002-3A32-4CC0-B568-2DD0FAA873ED,2023-08-30,Nisqually River,District 11,Nisqually salmon 2023,0B55AEBC-F5CD-4F37-8515-9B02C5EED9EB,11,NA,NA,Fort Lewis,9E5C07F8-2874-4E94-8E1E-5707D4B022D1,786,1,1,1,Complete,06:30:00,10:07:00,10:07:00,Chinook,NA,NA,No,NA,1,0,NA,98584,NA,NA,Site,Index,NA,2,1,NA,NA,NA,NA,8,2023,35
2B352002-3A32-4CC0-B568-2DD0FAA873ED,2023-08-30,Nisqually River,District 11,Nisqually salmon 2023,9E034CFE-6321-4BC2-BC60-DD823B699AE1,12,NA,NA,Fort Lewis,9E5C07F8-2874-4E94-8E1E-5707D4B022D1,786,1,1,1,Complete,05:30:00,10:11:00,10:11:00,Chinook,NA,NA,No,NA,1,0,NA,98499,NA,NA,Site,Index,NA,2,1,NA,NA,NA,NA,8,2023,35
C45DA213-1B2A-4358-B8A4-7BA7E3B92CC4,2023-08-30,Nisqually River,District 11,Nisqually salmon 2023,AAF31E72-B00D-4EED-A6AA-F7F022599075,10,NA,NA,Fort Lewis,9E5C07F8-2874-4E94-8E1E-5707D4B022D1,786,1,1,1,Complete,16:00:00,17:23:00,17:23:00,Chinook,NA,NA,No,NA,1,0,NA,NA,NA,NA,Site,Index,NA,2,1,NA,NA,NA,NA,8,2023,35
C45DA213-1B2A-4358-B8A4-7BA7E3B92CC4,2023-08-30,Nisqually River,District 11,Nisqually salmon 2023,CC3112E0-9ABD-42CC-A267-91398EC4D8CE,8,NA,NA,Fort Lewis,9E5C07F8-2874-4E94-8E1E-5707D4B022D1,786,1,1,1,Complete,07:00:00,16:54:00,16:54:00,Chinook,NA,NA,No,NA,1,0,NA,NA,NA,NA,Site,Index,NA,2,1,NA,NA,NA,NA,8,2023,35
C45DA213-1B2A-4358-B8A4-7BA7E3B92CC4,2023-08-30,Nisqually River,District 11,Nisqually salmon 2023,9826E7B8-EA7E-41C1-8C64-D79117CF45C3,5,NA,NA,Fort Lewis,9E5C07F8-2874-4E94-8E1E-5707D4B022D1,786,1,1,1,Complete,07:00:00,15:56:00,15:56:00,Chinook,NA,NA,No,NA,1,0,NA,NA,NA,NA,Site,Index,NA,2,1,NA,NA,NA,NA,8,2023,35
2B352002-3A32-4CC0-B568-2DD0FAA873ED,2023-08-30,Nisqually River,District 11,Nisqually salmon 2023,80C73F26-CBCB-4333-8F32-8B50BA2F3C6C,18,NA,NA,Fort Lewis,9E5C07F8-2874-4E94-8E1E-5707D4B022D1,786,1,1,1,Complete,06:45:00,10:56:00,10:56:00,Chinook,NA,NA,No,NA,1,0,NA,NA,NA,NA,Site,Index,NA,2,1,NA,NA,NA,NA,8,2023,35
2B352002-3A32-4CC0-B568-2DD0FAA873ED,2023-08-30,Nisqually River,District 11,Nisqually salmon 2023,B291B273-EF5F-43EC-8636-9CFF74AF137E,20,NA,NA,Fort Lewis,9E5C07F8-2874-4E94-8E1E-5707D4B022D1,786,2,2,2,Complete,07:15:00,11:11:00,11:11:00,Chinook,NA,NA,No,NA,1,0,NA,98513,NA,NA,Site,Index,NA,2,1,NA,NA,NA,NA,8,2023,35
2B352002-3A32-4CC0-B568-2DD0FAA873ED,2023-08-30,Nisqually River,District 11,Nisqually salmon 2023,71E5D3FA-03C1-431D-9225-1ABCB74B7E72,26,NA,NA,Fort Lewis,9E5C07F8-2874-4E94-8E1E-5707D4B022D1,786,1,1,1,Complete,08:00:00,12:30:00,12:30:00,Chinook,NA,NA,No,NA,1,0,NA,98513,NA,NA,Site,Index,NA,2,1,NA,NA,NA,NA,8,2023,35
992D3EEF-8F0F-43A2-AC07-BE733A1CACC4,2023-09-01,Nisqually River,District 11,Nisqually salmon 2023,51467AB9-7AC2-45D5-A6C0-C42188EA424A,36,NA,NA,Fort Lewis,9E5C07F8-2874-4E94-8E1E-5707D4B022D1,786,1,1,1,Complete,06:30:00,12:28:00,12:28:00,Chinook,NA,NA,No,NA,1,0,NA,98513,NA,NA,Site,Index,NA,2,1,NA,NA,NA,NA,9,2023,35
992D3EEF-8F0F-43A2-AC07-BE733A1CACC4,2023-09-01,Nisqually River,District 11,Nisqually salmon 2023,DD8E12E3-DB01-4023-83A0-348FD76420F0,37,NA,NA,Fort Lewis,9E5C07F8-2874-4E94-8E1E-5707D4B022D1,786,1,1,1,Complete,10:37:00,12:37:00,12:37:00,Chinook,NA,NA,No,NA,1,0,NA,NA,NA,NA,Site,Index,NA,2,1,NA,NA,NA,NA,9,2023,35
992D3EEF-8F0F-43A2-AC07-BE733A1CACC4,2023-09-01,Nisqually River,District 11,Nisqually salmon 2023,25ED5706-295E-4A95-8833-C8159BF5DEE6,39,NA,NA,Fort Lewis,9E5C07F8-2874-4E94-8E1E-5707D4B022D1,786,1,1,1,Complete,08:00:00,12:46:00,12:46:00,Chinook,NA,NA,No,NA,1,0,NA,98387,NA,NA,Site,Index,NA,2,1,NA,NA,NA,NA,9,2023,35
992D3EEF-8F0F-43A2-AC07-BE733A1CACC4,2023-09-01,Nisqually River,District 11,Nisqually salmon 2023,DF967E99-C271-4C67-AC6E-44D4FFEEF610,19,NA,NA,Fort Lewis,9E5C07F8-2874-4E94-8E1E-5707D4B022D1,786,2,2,2,Complete,05:30:00,11:22:00,11:22:00,Chinook,NA,NA,No,NA,2,1,NA,98503,NA,NA,Site,Index,NA,2,1,NA,NA,NA,NA,9,2023,35
992D3EEF-8F0F-43A2-AC07-BE733A1CACC4,2023-09-01,Nisqually River,District 11,Nisqually salmon 2023,DBC96764-0388-48FF-AFD0-2BE8A2090683,18,NA,NA,Fort Lewis,9E5C07F8-2874-4E94-8E1E-5707D4B022D1,786,1,2,1,Complete,06:30:00,11:19:00,11:19:00,Chinook,NA,NA,No,NA,2,0,NA,98374,NA,NA,Site,Index,NA,2,1,NA,NA,NA,NA,9,2023,35
992D3EEF-8F0F-43A2-AC07-BE733A1CACC4,2023-09-01,Nisqually River,District 11,Nisqually salmon 2023,8D47FC40-9021-4884-A9BC-085D497AD837,11,NA,NA,Fort Lewis,9E5C07F8-2874-4E94-8E1E-5707D4B022D1,786,1,1,1,Complete,05:30:00,10:37:00,10:37:00,Chinook,NA,NA,No,NA,1,0,NA,98327,NA,NA,Site,Index,NA,2,1,NA,NA,NA,NA,9,2023,35
149FDE60-E9CC-4F0A-837E-9F850F766C31,2023-09-01,Nisqually River,District 11,Nisqually salmon 2023,28A06855-8AB3-4D1D-96D3-4283E32DEFBA,23,NA,NA,Fort Lewis,9E5C07F8-2874-4E94-8E1E-5707D4B022D1,786,2,2,2,Complete,12:27:00,19:27:00,19:27:00,Chinook,NA,Drift Boat/ Raft,Yes,Boat,1,1,NA,NA,NA,NA,Site,Index,NA,2,1,NA,NA,NA,NA,9,2023,35
149FDE60-E9CC-4F0A-837E-9F850F766C31,2023-09-01,Nisqually River,District 11,Nisqually salmon 2023,D5AD69CA-6666-42D2-94A9-A27B8B74C032,20,NA,NA,Fort Lewis,9E5C07F8-2874-4E94-8E1E-5707D4B022D1,786,1,1,1,Complete,09:11:00,19:11:00,19:11:00,Chinook,NA,NA,No,NA,1,0,NA,98580,NA,NA,Site,Index,NA,2,1,NA,NA,NA,NA,9,2023,35
992D3EEF-8F0F-43A2-AC07-BE733A1CACC4,2023-09-01,Nisqually River,District 11,Nisqually salmon 2023,A5FB700D-CE51-48C9-871D-FA2821AACFCA,29,NA,NA,Fort Lewis,9E5C07F8-2874-4E94-8E1E-5707D4B022D1,786,1,1,1,Complete,06:30:00,12:11:00,12:11:00,Chinook,NA,NA,No,NA,1,0,NA,98501,NA,NA,Site,Index,NA,2,1,NA,NA,NA,NA,9,2023,35
149FDE60-E9CC-4F0A-837E-9F850F766C31,2023-09-01,Nisqually River,District 11,Nisqually salmon 2023,5F9C89E8-139E-454C-BF66-5A9566D90067,3,NA,NA,Fort Lewis,9E5C07F8-2874-4E94-8E1E-5707D4B022D1,786,2,3,2,Complete,06:47:00,15:47:00,15:47:00,Chinook,NA,Trailered Motorized Boat,Yes,Boat,1,1,NA,NA,NA,NA,Site,Index,NA,2,1,NA,NA,NA,NA,9,2023,35
992D3EEF-8F0F-43A2-AC07-BE733A1CACC4,2023-09-01,Nisqually River,District 11,Nisqually salmon 2023,60FEE035-5168-4F8F-9AA7-9A83523F9CF2,34,NA,NA,Fort Lewis,9E5C07F8-2874-4E94-8E1E-5707D4B022D1,786,1,1,1,Complete,06:30:00,12:22:00,12:22:00,Chinook,NA,NA,No,NA,1,0,NA,NA,NA,NA,Site,Index,NA,2,1,NA,NA,NA,NA,9,2023,35
0C42A155-C64A-4C90-956D-3A907B0E61B1,2023-09-02,Nisqually River,District 11,Nisqually salmon 2023,2D8CBA35-ACE9-478A-83BB-DC7E79979D73,32,NA,NA,Fort Lewis,9E5C07F8-2874-4E94-8E1E-5707D4B022D1,786,2,2,2,Complete,10:06:00,12:06:00,12:06:00,Chinook,NA,NA,No,NA,1,0,NA,98506,NA,NA,Site,Index,NA,2,1,NA,NA,NA,NA,9,2023,35
0C42A155-C64A-4C90-956D-3A907B0E61B1,2023-09-02,Nisqually River,District 11,Nisqually salmon 2023,077FBDF0-6A1D-498B-AABD-9F96160D6B2B,35,NA,NA,Fort Lewis,9E5C07F8-2874-4E94-8E1E-5707D4B022D1,786,1,1,1,Complete,11:00:00,15:08:00,15:08:00,Chinook,NA,NA,No,NA,0,0,NA,98437,NA,NA,Site,Index,NA,2,1,NA,NA,NA,NA,9,2023,35
0C42A155-C64A-4C90-956D-3A907B0E61B1,2023-09-02,Nisqually River,District 11,Nisqually salmon 2023,BE08DB7C-0B06-474B-89B9-F9D2E6600849,26,NA,NA,Fort Lewis,9E5C07F8-2874-4E94-8E1E-5707D4B022D1,786,1,1,1,Complete,05:45:00,11:04:00,11:04:00,Chinook,NA,NA,No,NA,1,0,NA,98375,NA,NA,Site,Index,NA,2,1,NA,NA,NA,NA,9,2023,35
0C42A155-C64A-4C90-956D-3A907B0E61B1,2023-09-02,Nisqually River,District 11,Nisqually salmon 2023,D8C9F2E9-57AB-4C62-8B63-87FF7DDE01B8,22,NA,NA,Fort Lewis,9E5C07F8-2874-4E94-8E1E-5707D4B022D1,786,1,1,1,Complete,05:30:00,10:37:00,10:37:00,Chinook,NA,NA,No,NA,1,0,NA,98445,NA,NA,Site,Index,NA,2,1,NA,NA,NA,NA,9,2023,35
0C42A155-C64A-4C90-956D-3A907B0E61B1,2023-09-02,Nisqually River,District 11,Nisqually salmon 2023,194E53F9-B469-4639-8C2E-A2DFCDE9C224,21,NA,NA,Fort Lewis,9E5C07F8-2874-4E94-8E1E-5707D4B022D1,786,1,1,1,Complete,06:25:00,10:35:00,10:35:00,Chinook,NA,NA,No,NA,1,0,NA,98513,NA,NA,Site,Index,NA,2,1,NA,NA,NA,NA,9,2023,35
0C42A155-C64A-4C90-956D-3A907B0E61B1,2023-09-02,Nisqually River,District 11,Nisqually salmon 2023,75936FFF-5289-46D8-A110-71A8EB2A0F0F,20,NA,NA,Fort Lewis,9E5C07F8-2874-4E94-8E1E-5707D4B022D1,786,2,2,2,Complete,06:00:00,10:25:00,10:25:00,Chinook,NA,NA,No,NA,1,0,NA,98433,NA,NA,Site,Index,NA,2,1,NA,NA,NA,NA,9,2023,35
0C42A155-C64A-4C90-956D-3A907B0E61B1,2023-09-02,Nisqually River,District 11,Nisqually salmon 2023,AB6773B0-9D3A-4082-9299-F5DB900B577F,18,NA,NA,Fort Lewis,9E5C07F8-2874-4E94-8E1E-5707D4B022D1,786,1,1,1,Complete,06:30:00,10:10:00,10:10:00,Chinook,NA,NA,No,NA,1,0,NA,98501,NA,NA,Site,Index,NA,2,1,NA,NA,NA,NA,9,2023,35
0C42A155-C64A-4C90-956D-3A907B0E61B1,2023-09-02,Nisqually River,District 11,Nisqually salmon 2023,074757F7-AA9E-4EEC-8BF5-2A03A95B135C,15,NA,NA,Fort Lewis,9E5C07F8-2874-4E94-8E1E-5707D4B022D1,786,2,2,2,Complete,08:00:00,09:34:00,09:34:00,Chinook,NA,NA,No,NA,1,0,NA,NA,NA,NA,Site,Index,NA,2,1,NA,NA,NA,NA,9,2023,35
0C42A155-C64A-4C90-956D-3A907B0E61B1,2023-09-02,Nisqually River,District 11,Nisqually salmon 2023,CE71F96F-9D8E-4C58-9F92-550B8DC6324D,8,NA,NA,Fort Lewis,9E5C07F8-2874-4E94-8E1E-5707D4B022D1,786,2,2,2,Complete,05:40:00,08:06:00,08:06:00,Chinook,NA,NA,No,NA,1,0,NA,98462,NA,NA,Site,Index,NA,2,1,NA,NA,NA,NA,9,2023,35
0C42A155-C64A-4C90-956D-3A907B0E61B1,2023-09-02,Nisqually River,District 11,Nisqually salmon 2023,A629382F-5AB5-44D8-B903-97FE67F9DE9C,7,NA,NA,Fort Lewis,9E5C07F8-2874-4E94-8E1E-5707D4B022D1,786,1,1,1,Complete,05:32:00,07:56:00,07:56:00,Chinook,NA,NA,No,NA,1,0,NA,98513,NA,NA,Site,Index,NA,2,1,NA,NA,NA,NA,9,2023,35
0C42A155-C64A-4C90-956D-3A907B0E61B1,2023-09-02,Nisqually River,District 11,Nisqually salmon 2023,5BC61C00-1320-4437-BFE7-091BD2645889,1,NA,NA,Fort Lewis,9E5C07F8-2874-4E94-8E1E-5707D4B022D1,786,1,1,1,Complete,05:40:00,07:09:00,07:09:00,Chinook,NA,NA,No,NA,1,0,NA,98501,NA,NA,Site,Index,NA,2,1,NA,NA,NA,NA,9,2023,35
B5831054-DC13-4B80-8B41-02FBCE2D5C10,2023-09-02,Nisqually River,District 11,Nisqually salmon 2023,BCF4EA51-B49B-4F22-8565-EDB26AD065F6,20,NA,NA,Fort Lewis,9E5C07F8-2874-4E94-8E1E-5707D4B022D1,786,1,1,1,Complete,12:00:00,18:48:00,18:48:00,Chinook,NA,NA,No,NA,1,0,NA,NA,NA,NA,Site,Index,NA,2,1,NA,NA,NA,NA,9,2023,35
B5831054-DC13-4B80-8B41-02FBCE2D5C10,2023-09-02,Nisqually River,District 11,Nisqually salmon 2023,267BB5C0-12F9-477E-BDF4-68A6984F7388,15,NA,NA,Fort Lewis,9E5C07F8-2874-4E94-8E1E-5707D4B022D1,786,1,1,1,Complete,15:00:00,18:11:00,18:11:00,Chinook,NA,NA,No,NA,1,0,NA,NA,NA,NA,Site,Index,NA,2,1,NA,NA,NA,NA,9,2023,35
B5831054-DC13-4B80-8B41-02FBCE2D5C10,2023-09-02,Nisqually River,District 11,Nisqually salmon 2023,C58B1232-BE86-413A-8650-399AE810108F,14,NA,NA,Fort Lewis,9E5C07F8-2874-4E94-8E1E-5707D4B022D1,786,2,2,2,Complete,10:30:00,17:43:00,17:43:00,Chinook,NA,NA,No,NA,1,0,NA,NA,NA,NA,Site,Index,NA,2,1,NA,NA,NA,NA,9,2023,35
1C0DF817-3250-44A7-8E64-00010E475F3A,2023-09-07,Nisqually River,District 11,Nisqually salmon 2023,9FA0F57D-A6C4-47AC-B5EB-38713793F20F,16,NA,NA,Fort Lewis,9E5C07F8-2874-4E94-8E1E-5707D4B022D1,786,1,1,1,Complete,05:45:00,09:05:00,09:05:00,Chinook,NA,NA,No,NA,1,0,NA,NA,NA,NA,Site,Index,NA,2,1,NA,NA,NA,NA,9,2023,36
1C0DF817-3250-44A7-8E64-00010E475F3A,2023-09-07,Nisqually River,District 11,Nisqually salmon 2023,B3C817A0-ABF4-41FD-932C-CC8B6D42D6E1,15,NA,NA,Fort Lewis,9E5C07F8-2874-4E94-8E1E-5707D4B022D1,786,1,1,1,Complete,05:45:00,08:52:00,08:52:00,Chinook,NA,NA,No,NA,1,0,NA,NA,NA,NA,Site,Index,NA,2,1,NA,NA,NA,NA,9,2023,36
1C0DF817-3250-44A7-8E64-00010E475F3A,2023-09-07,Nisqually River,District 11,Nisqually salmon 2023,0418E3CC-3FDD-45AE-B861-BFEC98D7959C,9,NA,NA,Fort Lewis,9E5C07F8-2874-4E94-8E1E-5707D4B022D1,786,1,1,1,Complete,05:41:00,08:35:00,08:35:00,Chinook,NA,NA,No,NA,1,0,NA,NA,NA,NA,Site,Index,NA,2,1,NA,NA,NA,NA,9,2023,36
1C0DF817-3250-44A7-8E64-00010E475F3A,2023-09-07,Nisqually River,District 11,Nisqually salmon 2023,D087FD9A-2743-487D-A85D-B6A8C076FF06,6,NA,NA,Fort Lewis,9E5C07F8-2874-4E94-8E1E-5707D4B022D1,786,1,1,1,Complete,05:45:00,07:56:00,07:56:00,Chinook,NA,NA,No,NA,1,0,NA,NA,NA,NA,Site,Index,NA,2,1,NA,NA,NA,NA,9,2023,36
1C0DF817-3250-44A7-8E64-00010E475F3A,2023-09-07,Nisqually River,District 11,Nisqually salmon 2023,BC512EB2-B381-4731-94B7-44DA047EE21F,5,NA,NA,Fort Lewis,9E5C07F8-2874-4E94-8E1E-5707D4B022D1,786,1,1,1,Complete,05:45:00,07:46:00,07:46:00,Chinook,NA,NA,No,NA,1,0,NA,NA,NA,NA,Site,Index,NA,2,1,NA,NA,NA,NA,9,2023,36
1C0DF817-3250-44A7-8E64-00010E475F3A,2023-09-07,Nisqually River,District 11,Nisqually salmon 2023,7B03361E-E446-4115-8736-9F3BB2328B88,4,NA,NA,Fort Lewis,9E5C07F8-2874-4E94-8E1E-5707D4B022D1,786,1,2,1,Complete,06:00:00,07:31:00,07:31:00,Chinook,NA,NA,No,NA,1,0,NA,NA,NA,NA,Site,Index,NA,2,1,NA,NA,NA,NA,9,2023,36
1C0DF817-3250-44A7-8E64-00010E475F3A,2023-09-07,Nisqually River,District 11,Nisqually salmon 2023,BD2E26E6-F2CF-4B02-8157-D5FD12DA49E7,1,NA,NA,Fort Lewis,9E5C07F8-2874-4E94-8E1E-5707D4B022D1,786,1,1,1,Complete,05:30:00,06:51:00,06:51:00,Chinook,NA,Trailered Motorized Boat,Yes,Boat,1,0,NA,NA,NA,NA,Site,Index,NA,2,1,NA,NA,NA,NA,9,2023,36
F6AA4065-2AEB-46E3-BCDD-F54CFD5C4B7E,2023-09-07,Nisqually River,District 11,Nisqually salmon 2023,03C50E6E-DB0A-4933-98A4-9633E4894AAD,29,NA,NA,Fort Lewis,9E5C07F8-2874-4E94-8E1E-5707D4B022D1,786,2,2,2,Complete,17:08:00,20:08:00,20:08:00,Chinook,NA,NA,No,NA,1,0,NA,98503,NA,NA,Site,Index,NA,2,1,NA,NA,NA,NA,9,2023,36
F6AA4065-2AEB-46E3-BCDD-F54CFD5C4B7E,2023-09-07,Nisqually River,District 11,Nisqually salmon 2023,263785A8-7240-43DE-9B30-2F8CCF5D3834,27,NA,NA,Fort Lewis,9E5C07F8-2874-4E94-8E1E-5707D4B022D1,786,1,1,1,Complete,16:04:00,20:04:00,20:04:00,Chinook,NA,NA,No,NA,1,0,NA,NA,NA,NA,Site,Index,NA,2,1,NA,NA,NA,NA,9,2023,36
F6AA4065-2AEB-46E3-BCDD-F54CFD5C4B7E,2023-09-07,Nisqually River,District 11,Nisqually salmon 2023,5864C3A5-DF91-4B82-9DB3-91301121E0E7,22,NA,NA,Fort Lewis,9E5C07F8-2874-4E94-8E1E-5707D4B022D1,786,1,1,1,Complete,17:27:00,19:27:00,19:27:00,Chinook,NA,NA,No,NA,1,0,NA,98506,NA,NA,Site,Index,NA,2,1,NA,NA,NA,NA,9,2023,36
F6AA4065-2AEB-46E3-BCDD-F54CFD5C4B7E,2023-09-07,Nisqually River,District 11,Nisqually salmon 2023,54081D03-4342-40C1-9AC8-20D4114AE20C,13,NA,NA,Fort Lewis,9E5C07F8-2874-4E94-8E1E-5707D4B022D1,786,2,2,2,Complete,12:00:00,15:46:00,15:46:00,Chinook,NA,NA,No,NA,1,0,NA,98375,NA,NA,Site,Index,NA,2,1,NA,NA,NA,NA,9,2023,36
F6AA4065-2AEB-46E3-BCDD-F54CFD5C4B7E,2023-09-07,Nisqually River,District 11,Nisqually salmon 2023,F25E9CD8-7F5C-4CCA-9C55-CD9C67EF7790,7,NA,NA,Fort Lewis,9E5C07F8-2874-4E94-8E1E-5707D4B022D1,786,1,1,1,Complete,09:42:00,14:22:00,14:22:00,Chinook,NA,NA,No,NA,1,0,NA,98513,NA,NA,Site,Index,NA,2,1,NA,NA,NA,NA,9,2023,36
F6AA4065-2AEB-46E3-BCDD-F54CFD5C4B7E,2023-09-07,Nisqually River,District 11,Nisqually salmon 2023,F7682055-B9B1-4B34-9665-2F82745680F1,2,NA,NA,Fort Lewis,9E5C07F8-2874-4E94-8E1E-5707D4B022D1,786,1,1,1,Complete,09:00:00,11:57:00,11:57:00,Chinook,NA,NA,No,NA,1,0,NA,98332,NA,NA,Site,Index,NA,2,1,NA,NA,NA,NA,9,2023,36
F6AA4065-2AEB-46E3-BCDD-F54CFD5C4B7E,2023-09-07,Nisqually River,District 11,Nisqually salmon 2023,62B05F0B-8517-40DB-96BF-5BF5995DCA7F,1,NA,NA,Fort Lewis,9E5C07F8-2874-4E94-8E1E-5707D4B022D1,786,2,2,2,Complete,07:00:00,11:46:00,11:46:00,Chinook,NA,NA,No,NA,1,0,NA,98513,NA,NA,Site,Index,NA,2,1,NA,NA,NA,NA,9,2023,36
1C0DF817-3250-44A7-8E64-00010E475F3A,2023-09-07,Nisqually River,District 11,Nisqually salmon 2023,BF455730-7F52-4EF7-8713-D475EE0363A0,18,NA,NA,Fort Lewis,9E5C07F8-2874-4E94-8E1E-5707D4B022D1,786,2,2,2,Complete,05:45:00,09:15:00,09:15:00,Chinook,NA,NA,No,NA,1,0,NA,NA,NA,NA,Site,Index,NA,2,1,NA,NA,NA,NA,9,2023,36
1C0DF817-3250-44A7-8E64-00010E475F3A,2023-09-07,Nisqually River,District 11,Nisqually salmon 2023,3A1C7BD8-B8C2-4116-AD37-5E4900485048,19,NA,NA,Fort Lewis,9E5C07F8-2874-4E94-8E1E-5707D4B022D1,786,1,1,1,Complete,05:45:00,09:20:00,09:20:00,Chinook,NA,NA,No,NA,1,0,NA,NA,NA,NA,Site,Index,NA,2,1,NA,NA,NA,NA,9,2023,36
1C0DF817-3250-44A7-8E64-00010E475F3A,2023-09-07,Nisqually River,District 11,Nisqually salmon 2023,A9B76797-CF32-4BA7-968B-55AC0DB6C137,20,NA,NA,Fort Lewis,9E5C07F8-2874-4E94-8E1E-5707D4B022D1,786,1,1,1,Complete,06:00:00,09:22:00,09:22:00,Chinook,NA,NA,No,NA,1,0,NA,NA,NA,NA,Site,Index,NA,2,1,NA,NA,NA,NA,9,2023,36
1C0DF817-3250-44A7-8E64-00010E475F3A,2023-09-07,Nisqually River,District 11,Nisqually salmon 2023,4E44ED2D-13C9-4176-AE9D-30255F6F8B3A,22,NA,NA,Fort Lewis,9E5C07F8-2874-4E94-8E1E-5707D4B022D1,786,1,1,1,Complete,06:00:00,09:39:00,09:39:00,Chinook,NA,NA,No,NA,1,0,NA,NA,NA,NA,Site,Index,NA,2,1,NA,NA,NA,NA,9,2023,36
1C0DF817-3250-44A7-8E64-00010E475F3A,2023-09-07,Nisqually River,District 11,Nisqually salmon 2023,8EF07011-C65C-4784-8048-6B26D0317BDE,26,NA,NA,Fort Lewis,9E5C07F8-2874-4E94-8E1E-5707D4B022D1,786,2,2,2,Complete,05:45:00,09:52:00,09:52:00,Chinook,NA,NA,No,NA,1,0,NA,NA,NA,NA,Site,Index,NA,2,1,NA,NA,NA,NA,9,2023,36
1C0DF817-3250-44A7-8E64-00010E475F3A,2023-09-07,Nisqually River,District 11,Nisqually salmon 2023,535F703B-4148-47F0-8ED8-F7393171B922,29,NA,NA,Fort Lewis,9E5C07F8-2874-4E94-8E1E-5707D4B022D1,786,1,1,1,Complete,06:30:00,10:28:00,10:28:00,Chinook,NA,NA,No,NA,1,0,NA,NA,NA,NA,Site,Index,NA,2,1,NA,NA,NA,NA,9,2023,36
1C0DF817-3250-44A7-8E64-00010E475F3A,2023-09-07,Nisqually River,District 11,Nisqually salmon 2023,0D8B4247-1343-4E4E-BA30-066233A15901,30,NA,NA,Fort Lewis,9E5C07F8-2874-4E94-8E1E-5707D4B022D1,786,1,1,1,Complete,07:00:00,10:38:00,10:38:00,Chinook,NA,NA,No,NA,1,0,NA,NA,NA,NA,Site,Index,NA,2,1,NA,NA,NA,NA,9,2023,36
1C0DF817-3250-44A7-8E64-00010E475F3A,2023-09-07,Nisqually River,District 11,Nisqually salmon 2023,A8B62D6A-88CB-46A0-ACE0-E74F5BB56B5F,33,NA,NA,Fort Lewis,9E5C07F8-2874-4E94-8E1E-5707D4B022D1,786,2,2,2,Complete,05:45:00,10:41:00,10:41:00,Chinook,NA,NA,No,NA,1,0,NA,NA,NA,NA,Site,Index,NA,2,1,NA,NA,NA,NA,9,2023,36
F21BB7F0-4FC6-43D9-8FD3-DE7B865A8BAD,2023-09-08,Nisqually River,District 11,Nisqually salmon 2023,2CAD54DB-EAE4-4FF3-A730-9CD23471321D,27,NA,NA,Fort Lewis,9E5C07F8-2874-4E94-8E1E-5707D4B022D1,786,2,2,2,Complete,18:00:00,20:12:00,20:12:00,Chinook,NA,NA,No,NA,1,0,NA,98433,NA,NA,Site,Index,NA,2,1,NA,NA,NA,NA,9,2023,36
F21BB7F0-4FC6-43D9-8FD3-DE7B865A8BAD,2023-09-08,Nisqually River,District 11,Nisqually salmon 2023,5CA82984-629F-485A-9A41-316CD3478A51,22,NA,NA,Fort Lewis,9E5C07F8-2874-4E94-8E1E-5707D4B022D1,786,1,1,1,Complete,16:30:00,19:44:00,19:44:00,Chinook,NA,NA,No,NA,1,0,NA,98513,NA,NA,Site,Index,NA,2,1,NA,NA,NA,NA,9,2023,36
F21BB7F0-4FC6-43D9-8FD3-DE7B865A8BAD,2023-09-08,Nisqually River,District 11,Nisqually salmon 2023,E4F85C2D-046F-4C27-B6AD-88984A18FA48,13,NA,NA,Fort Lewis,9E5C07F8-2874-4E94-8E1E-5707D4B022D1,786,1,1,1,Complete,15:30:00,18:54:00,18:54:00,Chinook,NA,NA,No,NA,1,0,NA,98327,NA,NA,Site,Index,NA,2,1,NA,NA,NA,NA,9,2023,36
F21BB7F0-4FC6-43D9-8FD3-DE7B865A8BAD,2023-09-08,Nisqually River,District 11,Nisqually salmon 2023,88C78BCA-3FB8-42DB-8813-63038857AC53,12,NA,NA,Fort Lewis,9E5C07F8-2874-4E94-8E1E-5707D4B022D1,786,1,1,1,Complete,15:00:00,18:37:00,18:37:00,Chinook,NA,NA,No,NA,1,0,NA,98576,NA,NA,Site,Index,NA,2,1,NA,NA,NA,NA,9,2023,36
F21BB7F0-4FC6-43D9-8FD3-DE7B865A8BAD,2023-09-08,Nisqually River,District 11,Nisqually salmon 2023,E7512624-4742-41B5-BA83-C31B4D3E310C,9,NA,NA,Fort Lewis,9E5C07F8-2874-4E94-8E1E-5707D4B022D1,786,1,1,1,Complete,14:15:00,16:33:00,16:33:00,Chinook,NA,NA,No,NA,1,0,NA,98501,NA,NA,Site,Index,NA,2,1,NA,NA,NA,NA,9,2023,36
F21BB7F0-4FC6-43D9-8FD3-DE7B865A8BAD,2023-09-08,Nisqually River,District 11,Nisqually salmon 2023,99A4D167-1590-42CF-8A19-2D3882F10351,6,NA,NA,Fort Lewis,9E5C07F8-2874-4E94-8E1E-5707D4B022D1,786,2,2,2,Complete,12:47:00,15:48:00,15:48:00,Chinook,NA,NA,No,NA,1,0,NA,NA,NA,NA,Site,Index,NA,2,1,NA,NA,NA,NA,9,2023,36
C3D0AA3C-10FB-474B-8792-F46847AEC173,2023-09-08,Nisqually River,District 11,Nisqually salmon 2023,80D76EA2-8199-4B69-A51A-8F3BE09B51DE,11,NA,NA,Fort Lewis,9E5C07F8-2874-4E94-8E1E-5707D4B022D1,786,1,1,1,Complete,06:00:00,12:24:00,12:24:00,Chinook,NA,NA,No,NA,1,0,NA,NA,NA,NA,Site,Index,NA,2,1,NA,NA,NA,NA,9,2023,36
7DC1EA28-2C56-4570-827D-8310C8DC8ED7,2023-09-09,Nisqually River,District 11,Nisqually salmon 2023,A0571BAA-737F-49E2-A24B-53D7473D99B9,16,NA,NA,Fort Lewis,9E5C07F8-2874-4E94-8E1E-5707D4B022D1,786,1,1,1,Complete,12:14:00,14:14:00,14:14:00,Chinook,NA,NA,No,NA,1,0,NA,98382,NA,NA,Site,Index,NA,2,1,NA,NA,NA,NA,9,2023,36
7DC1EA28-2C56-4570-827D-8310C8DC8ED7,2023-09-09,Nisqually River,District 11,Nisqually salmon 2023,FEA22981-93CF-4D24-A87F-694EA9FD5A2B,35,NA,NA,Fort Lewis,9E5C07F8-2874-4E94-8E1E-5707D4B022D1,786,1,1,1,Complete,16:30:00,18:30:00,18:30:00,Chinook,NA,NA,No,NA,1,0,NA,98501,NA,NA,Site,Index,NA,2,1,NA,NA,NA,NA,9,2023,36
7DC1EA28-2C56-4570-827D-8310C8DC8ED7,2023-09-09,Nisqually River,District 11,Nisqually salmon 2023,5D20692F-320F-48A5-9E97-29BE928E2E2F,34,NA,NA,Fort Lewis,9E5C07F8-2874-4E94-8E1E-5707D4B022D1,786,1,1,1,Complete,15:29:00,18:29:00,18:29:00,Chinook,NA,NA,No,NA,1,0,NA,98503,NA,NA,Site,Index,NA,2,1,NA,NA,NA,NA,9,2023,36
7DC1EA28-2C56-4570-827D-8310C8DC8ED7,2023-09-09,Nisqually River,District 11,Nisqually salmon 2023,2E238ACD-D8FA-4C65-9425-01761FA5EEAB,5,NA,NA,Fort Lewis,9E5C07F8-2874-4E94-8E1E-5707D4B022D1,786,1,1,1,Complete,08:00:00,12:20:00,12:20:00,Chinook,NA,NA,No,NA,1,0,NA,98467,NA,NA,Site,Index,NA,2,1,NA,NA,NA,NA,9,2023,36
7DC1EA28-2C56-4570-827D-8310C8DC8ED7,2023-09-09,Nisqually River,District 11,Nisqually salmon 2023,4B7BB4E9-4325-4A33-A31D-7C87A068703B,12,NA,NA,Fort Lewis,9E5C07F8-2874-4E94-8E1E-5707D4B022D1,786,2,2,2,Complete,08:30:00,13:32:00,13:32:00,Chinook,NA,NA,No,NA,1,0,NA,NA,NA,NA,Site,Index,NA,2,1,NA,NA,NA,NA,9,2023,36
7DC1EA28-2C56-4570-827D-8310C8DC8ED7,2023-09-09,Nisqually River,District 11,Nisqually salmon 2023,BF636A9A-9F96-4F3B-A162-D91AC627F1A0,13,NA,NA,Fort Lewis,9E5C07F8-2874-4E94-8E1E-5707D4B022D1,786,1,1,1,Complete,05:40:00,13:34:00,13:34:00,Chinook,NA,NA,No,NA,1,0,NA,98499,NA,NA,Site,Index,NA,2,1,NA,NA,NA,NA,9,2023,36
7DC1EA28-2C56-4570-827D-8310C8DC8ED7,2023-09-09,Nisqually River,District 11,Nisqually salmon 2023,58F02469-8BFF-4776-AB63-2B00CFB4CDFE,23,NA,NA,Fort Lewis,9E5C07F8-2874-4E94-8E1E-5707D4B022D1,786,5,5,5,Complete,06:00:00,16:49:00,16:49:00,Chinook,NA,Trailered Motorized Boat,Yes,Boat,1,1,NA,98513,NA,"Al from across the river, leaves fish at home.",Site,Index,NA,2,1,NA,NA,NA,NA,9,2023,36
7DC1EA28-2C56-4570-827D-8310C8DC8ED7,2023-09-09,Nisqually River,District 11,Nisqually salmon 2023,CE5DA8A0-6DBE-43FB-9D2B-6BC6F35703F9,19,NA,NA,Fort Lewis,9E5C07F8-2874-4E94-8E1E-5707D4B022D1,786,1,1,1,Complete,11:00:00,16:20:00,16:20:00,Chinook,NA,NA,No,NA,1,0,NA,98445,NA,NA,Site,Index,NA,2,1,NA,NA,NA,NA,9,2023,36
A3D8FE82-B7B3-492B-845F-0A822661951E,2023-09-12,Nisqually River,District 11,Nisqually salmon 2023,5E85C798-2832-456D-A58A-C3860F5792B1,2,NA,NA,Fort Lewis,9E5C07F8-2874-4E94-8E1E-5707D4B022D1,786,1,1,1,Complete,05:40:00,07:07:00,07:07:00,Chinook,NA,NA,No,NA,1,0,NA,98404,NA,NA,Site,Index,NA,2,1,NA,NA,NA,NA,9,2023,37
A3D8FE82-B7B3-492B-845F-0A822661951E,2023-09-12,Nisqually River,District 11,Nisqually salmon 2023,0E765C60-3CF1-48AA-B21C-2EA931165163,1,NA,NA,Fort Lewis,9E5C07F8-2874-4E94-8E1E-5707D4B022D1,786,1,1,1,Complete,05:40:00,06:36:00,06:36:00,Chinook,NA,NA,No,NA,1,0,NA,98503,NA,NA,Site,Index,NA,2,1,NA,NA,NA,NA,9,2023,37
A3D8FE82-B7B3-492B-845F-0A822661951E,2023-09-12,Nisqually River,District 11,Nisqually salmon 2023,CA8213BF-D8BE-442B-A9EE-88097FC9CB16,23,NA,NA,Fort Lewis,9E5C07F8-2874-4E94-8E1E-5707D4B022D1,786,1,1,1,Complete,12:00:00,14:51:00,14:51:00,Chinook,NA,NA,No,NA,1,0,NA,98501,NA,NA,Site,Index,NA,2,1,NA,NA,NA,NA,9,2023,37
A3D8FE82-B7B3-492B-845F-0A822661951E,2023-09-12,Nisqually River,District 11,Nisqually salmon 2023,32162E62-4358-48EB-8591-65AB2EC4350B,12,NA,NA,Fort Lewis,9E5C07F8-2874-4E94-8E1E-5707D4B022D1,786,1,1,1,Complete,06:00:00,12:46:00,12:46:00,Chinook,NA,NA,No,NA,1,0,NA,98513,NA,NA,Site,Index,NA,2,1,NA,NA,NA,NA,9,2023,37
A3D8FE82-B7B3-492B-845F-0A822661951E,2023-09-12,Nisqually River,District 11,Nisqually salmon 2023,B282FD47-3224-4F3D-8FCD-6C1844E891D9,13,NA,NA,Fort Lewis,9E5C07F8-2874-4E94-8E1E-5707D4B022D1,786,1,1,1,Complete,06:30:00,12:47:00,12:47:00,Chinook,NA,NA,No,NA,1,0,NA,98516,NA,NA,Site,Index,NA,2,1,NA,NA,NA,NA,9,2023,37
A3D8FE82-B7B3-492B-845F-0A822661951E,2023-09-12,Nisqually River,District 11,Nisqually salmon 2023,A27CB4A4-F746-4DEB-9484-B02B82CB1BDC,14,NA,NA,Fort Lewis,9E5C07F8-2874-4E94-8E1E-5707D4B022D1,786,2,2,2,Complete,09:30:00,12:51:00,12:51:00,Chinook,NA,NA,No,NA,1,0,NA,98513,NA,NA,Site,Index,NA,2,1,NA,NA,NA,NA,9,2023,37
A3D8FE82-B7B3-492B-845F-0A822661951E,2023-09-12,Nisqually River,District 11,Nisqually salmon 2023,BD433F23-6503-48E7-9E77-14E95F22B9BA,16,NA,NA,Fort Lewis,9E5C07F8-2874-4E94-8E1E-5707D4B022D1,786,2,2,2,Complete,08:00:00,13:13:00,13:13:00,Chinook,NA,NA,No,NA,1,0,NA,98501,NA,NA,Site,Index,NA,2,1,NA,NA,NA,NA,9,2023,37
A3D8FE82-B7B3-492B-845F-0A822661951E,2023-09-12,Nisqually River,District 11,Nisqually salmon 2023,C0051B2A-5C07-459B-9CC8-95FEBD0D0E29,24,NA,NA,Fort Lewis,9E5C07F8-2874-4E94-8E1E-5707D4B022D1,786,1,1,1,Complete,11:00:00,15:21:00,15:21:00,Chinook,NA,NA,No,NA,1,0,NA,98327,NA,NA,Site,Index,NA,2,1,NA,NA,NA,NA,9,2023,37
A3D8FE82-B7B3-492B-845F-0A822661951E,2023-09-12,Nisqually River,District 11,Nisqually salmon 2023,248886E7-E993-46D9-BBDC-4B394623AF16,25,NA,NA,Fort Lewis,9E5C07F8-2874-4E94-8E1E-5707D4B022D1,786,1,1,1,Complete,13:24:00,15:24:00,15:24:00,Chinook,NA,NA,No,NA,1,0,NA,98598,NA,NA,Site,Index,NA,2,1,NA,NA,NA,NA,9,2023,37
A3D8FE82-B7B3-492B-845F-0A822661951E,2023-09-12,Nisqually River,District 11,Nisqually salmon 2023,E1555C42-E87D-49FA-A5EA-3BCE117EB9A0,17,NA,NA,Fort Lewis,9E5C07F8-2874-4E94-8E1E-5707D4B022D1,786,1,1,1,Complete,06:00:00,13:17:00,13:17:00,Chinook,NA,NA,No,NA,1,0,NA,NA,NA,Several anglers who I trust reported that this angler retained a native Chinook. He told me that he had no catch during the interview.,Site,Index,NA,2,1,NA,NA,NA,NA,9,2023,37
A3D8FE82-B7B3-492B-845F-0A822661951E,2023-09-12,Nisqually River,District 11,Nisqually salmon 2023,09109E12-E119-4F56-AED7-D5B3B864BCCE,18,NA,NA,Fort Lewis,9E5C07F8-2874-4E94-8E1E-5707D4B022D1,786,1,1,1,Complete,10:00:00,13:21:00,13:21:00,Chinook,NA,NA,No,NA,1,0,NA,98344,NA,NA,Site,Index,NA,2,1,NA,NA,NA,NA,9,2023,37
A3D8FE82-B7B3-492B-845F-0A822661951E,2023-09-12,Nisqually River,District 11,Nisqually salmon 2023,574F4629-4162-468F-9693-F3F27AFC8975,3,NA,NA,Fort Lewis,9E5C07F8-2874-4E94-8E1E-5707D4B022D1,786,1,1,1,Complete,05:45:00,07:10:00,07:10:00,Chinook,NA,NA,No,NA,1,0,NA,98408,NA,NA,Site,Index,NA,2,1,NA,NA,NA,NA,9,2023,37
A3D8FE82-B7B3-492B-845F-0A822661951E,2023-09-12,Nisqually River,District 11,Nisqually salmon 2023,4B593E4E-12D6-4950-98C0-78EA6E142BAF,5,NA,NA,Fort Lewis,9E5C07F8-2874-4E94-8E1E-5707D4B022D1,786,1,1,1,Complete,05:45:00,07:17:00,07:17:00,Chinook,NA,NA,No,NA,1,0,NA,98513,NA,NA,Site,Index,NA,2,1,NA,NA,NA,NA,9,2023,37
A3D8FE82-B7B3-492B-845F-0A822661951E,2023-09-12,Nisqually River,District 11,Nisqually salmon 2023,35C0DD8E-9825-4ED0-8518-69FCB993010D,11,NA,NA,Fort Lewis,9E5C07F8-2874-4E94-8E1E-5707D4B022D1,786,1,1,1,Complete,08:00:00,12:12:00,12:12:00,Chinook,NA,NA,No,NA,1,0,NA,98589,NA,NA,Site,Index,NA,2,1,NA,NA,NA,NA,9,2023,37
A3D8FE82-B7B3-492B-845F-0A822661951E,2023-09-12,Nisqually River,District 11,Nisqually salmon 2023,6CEDDC5A-2E9B-49F2-B691-C6CE958115AA,4,NA,NA,Fort Lewis,9E5C07F8-2874-4E94-8E1E-5707D4B022D1,786,2,2,2,Complete,06:00:00,07:15:00,07:15:00,Chinook,NA,NA,No,NA,1,0,NA,98516,NA,NA,Site,Index,NA,2,1,NA,NA,NA,NA,9,2023,37
A3D8FE82-B7B3-492B-845F-0A822661951E,2023-09-12,Nisqually River,District 11,Nisqually salmon 2023,74269FB1-5158-4E60-83BF-69AA8504C7FD,10,NA,NA,Fort Lewis,9E5C07F8-2874-4E94-8E1E-5707D4B022D1,786,1,1,1,Complete,06:00:00,12:06:00,12:06:00,Chinook,NA,NA,No,NA,1,0,NA,98589,NA,NA,Site,Index,NA,2,1,NA,NA,NA,NA,9,2023,37
52C5D8CB-CFF8-40BE-84A6-0245C2E5E8D3,2023-09-12,Nisqually River,District 11,Nisqually salmon 2023,BAF022DD-AE07-4114-86E2-826E15C1DDC0,16,NA,NA,Fort Lewis,9E5C07F8-2874-4E94-8E1E-5707D4B022D1,786,1,2,2,Complete,16:39:00,19:39:00,19:39:00,Chinook,NA,NA,No,NA,1,0,NA,NA,NA,NA,Site,Index,NA,2,1,NA,NA,NA,NA,9,2023,37
FA30B35D-7D8B-404E-9AC7-52C214571B8E,2023-09-14,Nisqually River,District 11,Nisqually salmon 2023,59007EBB-32C2-4F6D-AB0F-6C3855242976,7,NA,NA,Fort Lewis,9E5C07F8-2874-4E94-8E1E-5707D4B022D1,786,1,1,1,Complete,12:00:00,16:40:00,16:40:00,Chinook,NA,NA,No,NA,1,0,NA,NA,NA,NA,Site,Index,NA,2,1,NA,NA,NA,NA,9,2023,37
FA30B35D-7D8B-404E-9AC7-52C214571B8E,2023-09-14,Nisqually River,District 11,Nisqually salmon 2023,36AACC54-E35F-458A-AA0F-E18EDF031259,5,NA,NA,Fort Lewis,9E5C07F8-2874-4E94-8E1E-5707D4B022D1,786,1,1,1,Complete,10:30:00,15:53:00,15:53:00,Chinook,NA,NA,No,NA,1,0,NA,NA,NA,NA,Site,Index,NA,2,1,NA,NA,NA,NA,9,2023,37
8BA9FC94-F607-44FE-8D8D-D679D3105F67,2023-09-14,Nisqually River,District 11,Nisqually salmon 2023,60260836-6E43-4B71-AA68-69AF438FE1A0,24,NA,NA,Fort Lewis,9E5C07F8-2874-4E94-8E1E-5707D4B022D1,786,1,1,1,Complete,12:05:00,14:06:00,14:06:00,Chinook,NA,NA,No,NA,1,0,NA,98513,NA,NA,Site,Index,NA,2,1,NA,NA,NA,NA,9,2023,37
8BA9FC94-F607-44FE-8D8D-D679D3105F67,2023-09-14,Nisqually River,District 11,Nisqually salmon 2023,D1E347EE-995F-4AF2-AA64-99E6E1D96F1F,22,NA,NA,Fort Lewis,9E5C07F8-2874-4E94-8E1E-5707D4B022D1,786,1,1,1,Complete,13:00:00,13:44:00,13:44:00,Chinook,NA,NA,No,NA,1,0,NA,98597,NA,NA,Site,Index,NA,2,1,NA,NA,NA,NA,9,2023,37
8BA9FC94-F607-44FE-8D8D-D679D3105F67,2023-09-14,Nisqually River,District 11,Nisqually salmon 2023,9FC00E6E-3C1C-4AF8-8236-C462B9081EA7,20,NA,NA,Fort Lewis,9E5C07F8-2874-4E94-8E1E-5707D4B022D1,786,1,1,1,Complete,06:00:00,13:36:00,13:36:00,Chinook,NA,NA,No,NA,1,0,NA,98541,NA,NA,Site,Index,NA,2,1,NA,NA,NA,NA,9,2023,37
8BA9FC94-F607-44FE-8D8D-D679D3105F67,2023-09-14,Nisqually River,District 11,Nisqually salmon 2023,6EF2C143-601C-4F47-A981-97134375F74E,14,NA,NA,Fort Lewis,9E5C07F8-2874-4E94-8E1E-5707D4B022D1,786,1,1,1,Complete,08:00:00,12:49:00,12:49:00,Chinook,NA,NA,No,NA,1,0,NA,98501,NA,NA,Site,Index,NA,2,1,NA,NA,NA,NA,9,2023,37
37BDCE48-2049-49F7-90B0-7B37D7A68587,2023-09-14,Nisqually River,District 11,Nisqually salmon 2023,EDF88C8F-042A-44B4-84E2-FE4DD21D173D,1,NA,NA,Fort Lewis,9E5C07F8-2874-4E94-8E1E-5707D4B022D1,786,1,1,1,Complete,06:45:00,07:29:00,07:29:00,Chinook,NA,NA,No,NA,1,0,NA,NA,NA,NA,Site,Index,NA,2,1,NA,NA,NA,NA,9,2023,37
37BDCE48-2049-49F7-90B0-7B37D7A68587,2023-09-14,Nisqually River,District 11,Nisqually salmon 2023,2F3B0C7F-3E63-447E-9B1B-13D84A5CB0C5,2,NA,NA,Fort Lewis,9E5C07F8-2874-4E94-8E1E-5707D4B022D1,786,1,1,1,Complete,06:00:00,07:59:00,07:59:00,Chinook,NA,NA,No,NA,1,0,NA,NA,NA,NA,Site,Index,NA,2,1,NA,NA,NA,NA,9,2023,37
37BDCE48-2049-49F7-90B0-7B37D7A68587,2023-09-14,Nisqually River,District 11,Nisqually salmon 2023,89C227AB-227C-4FD3-B191-0EF101D6C7D8,3,NA,NA,Fort Lewis,9E5C07F8-2874-4E94-8E1E-5707D4B022D1,786,1,1,1,Complete,05:45:00,08:00:00,08:00:00,Chinook,NA,NA,No,NA,1,0,NA,NA,NA,NA,Site,Index,NA,2,1,NA,NA,NA,NA,9,2023,37
FA30B35D-7D8B-404E-9AC7-52C214571B8E,2023-09-14,Nisqually River,District 11,Nisqually salmon 2023,CAAF28A3-3993-4C28-B1EC-BACB978230A7,10,NA,NA,Fort Lewis,9E5C07F8-2874-4E94-8E1E-5707D4B022D1,786,1,1,1,Complete,14:44:00,17:00:00,17:00:00,Chinook,NA,NA,No,NA,1,0,NA,98499,NA,NA,Site,Index,NA,2,1,NA,NA,NA,NA,9,2023,37
8BA9FC94-F607-44FE-8D8D-D679D3105F67,2023-09-14,Nisqually River,District 11,Nisqually salmon 2023,BA46D596-B8E7-48B3-8487-B5B930520D95,28,NA,NA,Fort Lewis,9E5C07F8-2874-4E94-8E1E-5707D4B022D1,786,2,2,2,Complete,05:48:00,14:57:00,14:57:00,Chinook,NA,NA,No,NA,1,0,NA,NA,NA,NA,Site,Index,NA,2,1,NA,NA,NA,NA,9,2023,37
8BA9FC94-F607-44FE-8D8D-D679D3105F67,2023-09-14,Nisqually River,District 11,Nisqually salmon 2023,7D029C67-8831-4795-AAA3-7FAA5E3904AF,25,NA,NA,Fort Lewis,9E5C07F8-2874-4E94-8E1E-5707D4B022D1,786,1,1,1,Complete,10:15:00,14:21:00,14:21:00,Chinook,NA,NA,No,NA,1,0,NA,98503,NA,NA,Site,Index,NA,2,1,NA,NA,NA,NA,9,2023,37
FA30B35D-7D8B-404E-9AC7-52C214571B8E,2023-09-14,Nisqually River,District 11,Nisqually salmon 2023,00B54FE2-930F-406A-ACB7-D692D6915EBC,8,NA,NA,Fort Lewis,9E5C07F8-2874-4E94-8E1E-5707D4B022D1,786,1,1,1,Complete,14:44:00,16:44:00,16:44:00,Chinook,NA,NA,No,NA,1,0,NA,NA,NA,NA,Site,Index,NA,2,1,NA,NA,NA,NA,9,2023,37
8BA9FC94-F607-44FE-8D8D-D679D3105F67,2023-09-14,Nisqually River,District 11,Nisqually salmon 2023,846F4210-7541-48BD-B0DF-B6BE5B7118E0,2,NA,NA,Fort Lewis,9E5C07F8-2874-4E94-8E1E-5707D4B022D1,786,1,1,1,Complete,08:30:00,11:39:00,11:39:00,Chinook,NA,NA,No,NA,1,0,NA,98418,NA,NA,Site,Index,NA,2,1,NA,NA,NA,NA,9,2023,37
8BA9FC94-F607-44FE-8D8D-D679D3105F67,2023-09-14,Nisqually River,District 11,Nisqually salmon 2023,0960707F-E807-4C93-9DC1-11F7BBD23D40,1,NA,NA,Fort Lewis,9E5C07F8-2874-4E94-8E1E-5707D4B022D1,786,2,2,2,Complete,06:30:00,11:18:00,11:18:00,Chinook,NA,NA,No,NA,1,0,NA,98513,NA,NA,Site,Index,NA,2,1,NA,NA,NA,NA,9,2023,37
FA30B35D-7D8B-404E-9AC7-52C214571B8E,2023-09-14,Nisqually River,District 11,Nisqually salmon 2023,ECAE2788-C874-494C-A8A6-144697BE7D2A,29,NA,NA,Fort Lewis,9E5C07F8-2874-4E94-8E1E-5707D4B022D1,786,1,1,1,Complete,17:51:00,19:51:00,19:51:00,Chinook,NA,NA,No,NA,1,0,NA,NA,NA,NA,Site,Index,NA,2,1,NA,NA,NA,NA,9,2023,37
FA30B35D-7D8B-404E-9AC7-52C214571B8E,2023-09-14,Nisqually River,District 11,Nisqually salmon 2023,B9530239-66E2-4162-8FC9-03B48BCCDB67,23,NA,NA,Fort Lewis,9E5C07F8-2874-4E94-8E1E-5707D4B022D1,786,1,1,1,Complete,15:20:00,19:20:00,19:20:00,Chinook,NA,NA,No,NA,1,0,NA,98370,NA,NA,Site,Index,NA,2,1,NA,NA,NA,NA,9,2023,37
FA30B35D-7D8B-404E-9AC7-52C214571B8E,2023-09-14,Nisqually River,District 11,Nisqually salmon 2023,C52018B7-E327-4A3F-BE05-115A291BB771,18,NA,NA,Fort Lewis,9E5C07F8-2874-4E94-8E1E-5707D4B022D1,786,1,1,1,Complete,15:43:00,18:43:00,18:43:00,Chinook,NA,NA,No,NA,1,0,NA,NA,NA,NA,Site,Index,NA,2,1,NA,NA,NA,NA,9,2023,37
FA30B35D-7D8B-404E-9AC7-52C214571B8E,2023-09-14,Nisqually River,District 11,Nisqually salmon 2023,F26CF48F-2D2C-45E9-88DF-FA8D00AA0510,15,NA,NA,Fort Lewis,9E5C07F8-2874-4E94-8E1E-5707D4B022D1,786,1,1,1,Complete,15:16:00,18:16:00,18:16:00,Chinook,NA,NA,No,NA,1,0,NA,98584,NA,NA,Site,Index,NA,2,1,NA,NA,NA,NA,9,2023,37
A8CC5E9F-C06F-40B6-B377-5E1F81788282,2023-09-15,Nisqually River,District 11,Nisqually salmon 2023,49B9F2DC-3571-4DC7-8A13-351CF18D9845,25,NA,NA,Fort Lewis,9E5C07F8-2874-4E94-8E1E-5707D4B022D1,786,1,1,1,Complete,16:00:00,19:33:00,19:33:00,Chinook,NA,NA,No,NA,1,0,NA,98499,NA,NA,Site,Index,NA,2,1,NA,NA,NA,NA,9,2023,37
A8CC5E9F-C06F-40B6-B377-5E1F81788282,2023-09-15,Nisqually River,District 11,Nisqually salmon 2023,31C2A499-4B35-461A-B5E2-71B7DCC0E0CE,22,NA,NA,Fort Lewis,9E5C07F8-2874-4E94-8E1E-5707D4B022D1,786,2,2,2,Complete,05:03:00,19:03:00,19:03:00,Chinook,NA,NA,No,NA,2,0,NA,98391,NA,NA,Site,Index,NA,2,1,NA,NA,NA,NA,9,2023,37
A8CC5E9F-C06F-40B6-B377-5E1F81788282,2023-09-15,Nisqually River,District 11,Nisqually salmon 2023,6DB304E3-A33C-4B17-B324-601CB3538DBB,19,NA,NA,Fort Lewis,9E5C07F8-2874-4E94-8E1E-5707D4B022D1,786,1,1,1,Complete,13:00:00,18:43:00,18:43:00,Chinook,NA,NA,No,NA,1,0,NA,98433,NA,NA,Site,Index,NA,2,1,NA,NA,NA,NA,9,2023,37
AB1B1FA7-1911-44A2-9734-A63853A5C352,2023-09-15,Nisqually River,District 11,Nisqually salmon 2023,A644A24D-B36F-4005-97AD-F265EC74BC53,17,NA,NA,Fort Lewis,9E5C07F8-2874-4E94-8E1E-5707D4B022D1,786,1,1,1,Complete,13:24:00,16:24:00,16:24:00,Chinook,NA,NA,No,NA,1,0,NA,98433,NA,NA,Site,Index,NA,2,1,NA,NA,NA,NA,9,2023,37
AB1B1FA7-1911-44A2-9734-A63853A5C352,2023-09-15,Nisqually River,District 11,Nisqually salmon 2023,3A2AA2EA-696D-41D3-9AF3-6C7AC7892AEA,15,NA,NA,Fort Lewis,9E5C07F8-2874-4E94-8E1E-5707D4B022D1,786,4,4,4,Complete,06:16:00,16:16:00,16:16:00,Chinook,NA,Trailered Motorized Boat,Yes,Boat,1,1,NA,NA,NA,NA,Site,Index,NA,2,1,NA,NA,NA,NA,9,2023,37
AB1B1FA7-1911-44A2-9734-A63853A5C352,2023-09-15,Nisqually River,District 11,Nisqually salmon 2023,EF1BE5F8-6B3B-41DC-B386-0544B835CD9E,11,NA,NA,Fort Lewis,9E5C07F8-2874-4E94-8E1E-5707D4B022D1,786,1,1,1,Complete,09:58:00,12:58:00,12:58:00,Chinook,NA,NA,No,NA,1,0,NA,98580,NA,NA,Site,Index,NA,2,1,NA,NA,NA,NA,9,2023,37
AB1B1FA7-1911-44A2-9734-A63853A5C352,2023-09-15,Nisqually River,District 11,Nisqually salmon 2023,438E2C98-2553-43CC-8A2B-F95DF85DC4B9,8,NA,NA,Fort Lewis,9E5C07F8-2874-4E94-8E1E-5707D4B022D1,786,1,1,1,Complete,08:30:00,12:13:00,12:13:00,Chinook,NA,NA,No,NA,1,0,NA,NA,NA,NA,Site,Index,NA,2,1,NA,NA,NA,NA,9,2023,37
AB1B1FA7-1911-44A2-9734-A63853A5C352,2023-09-15,Nisqually River,District 11,Nisqually salmon 2023,07EBF346-E813-4354-8AB4-B43218489534,7,NA,NA,Fort Lewis,9E5C07F8-2874-4E94-8E1E-5707D4B022D1,786,1,1,1,Complete,06:08:00,12:08:00,12:08:00,Chinook,NA,NA,No,NA,1,0,NA,98327,NA,NA,Site,Index,NA,2,1,NA,NA,NA,NA,9,2023,37
AB1B1FA7-1911-44A2-9734-A63853A5C352,2023-09-15,Nisqually River,District 11,Nisqually salmon 2023,1E1BBB00-4BC7-4CA2-9DBE-A68123105086,3,NA,NA,Fort Lewis,9E5C07F8-2874-4E94-8E1E-5707D4B022D1,786,1,1,1,Complete,07:00:00,11:53:00,11:53:00,Chinook,NA,NA,No,NA,1,0,NA,98409,NA,NA,Site,Index,NA,2,1,NA,NA,NA,NA,9,2023,37
AB1B1FA7-1911-44A2-9734-A63853A5C352,2023-09-15,Nisqually River,District 11,Nisqually salmon 2023,813E687E-BC6B-49C3-BE7B-8F52EDBF5B16,1,NA,NA,Fort Lewis,9E5C07F8-2874-4E94-8E1E-5707D4B022D1,786,1,1,1,Complete,07:00:00,11:37:00,11:37:00,Chinook,NA,NA,No,NA,1,0,NA,NA,NA,NA,Site,Index,NA,2,1,NA,NA,NA,NA,9,2023,37
C49FBCE9-9524-4D42-B993-E3D07315480A,2023-09-16,Nisqually River,District 11,Nisqually salmon 2023,44941728-5A8F-4C0C-B9EE-8361CFEEB7C1,26,NA,NA,Fort Lewis,9E5C07F8-2874-4E94-8E1E-5707D4B022D1,786,1,1,1,Complete,06:30:00,11:18:00,11:18:00,Chinook,NA,NA,No,NA,1,0,NA,NA,NA,NA,Site,Index,NA,2,1,NA,NA,NA,NA,9,2023,37
C49FBCE9-9524-4D42-B993-E3D07315480A,2023-09-16,Nisqually River,District 11,Nisqually salmon 2023,6663A24E-C954-48EF-BE55-147F5397B41E,18,NA,NA,Fort Lewis,9E5C07F8-2874-4E94-8E1E-5707D4B022D1,786,1,1,1,Complete,05:45:00,10:40:00,10:40:00,Chinook,NA,NA,No,NA,1,0,NA,NA,NA,NA,Site,Index,NA,2,1,NA,NA,NA,NA,9,2023,37
C49FBCE9-9524-4D42-B993-E3D07315480A,2023-09-16,Nisqually River,District 11,Nisqually salmon 2023,80BD087B-F49F-4D1D-B725-31793AB90DF1,17,NA,NA,Fort Lewis,9E5C07F8-2874-4E94-8E1E-5707D4B022D1,786,1,1,1,Complete,05:47:00,10:34:00,10:34:00,Chinook,NA,NA,No,NA,1,0,NA,NA,NA,NA,Site,Index,NA,2,1,NA,NA,NA,NA,9,2023,37
C49FBCE9-9524-4D42-B993-E3D07315480A,2023-09-16,Nisqually River,District 11,Nisqually salmon 2023,0FDE9D5B-3C11-470F-8649-3512E1180091,10,NA,NA,Fort Lewis,9E5C07F8-2874-4E94-8E1E-5707D4B022D1,786,1,1,1,Complete,05:45:00,09:54:00,09:54:00,Chinook,NA,NA,No,NA,1,0,NA,NA,NA,NA,Site,Index,NA,2,1,NA,NA,NA,NA,9,2023,37
C49FBCE9-9524-4D42-B993-E3D07315480A,2023-09-16,Nisqually River,District 11,Nisqually salmon 2023,3C4D6040-952B-49E6-8DF0-C3468C1AE634,9,NA,NA,Fort Lewis,9E5C07F8-2874-4E94-8E1E-5707D4B022D1,786,1,1,1,Complete,05:45:00,09:45:00,09:45:00,Chinook,NA,NA,No,NA,1,0,NA,NA,NA,NA,Site,Index,NA,2,1,NA,NA,NA,NA,9,2023,37
F6F25A04-7F8D-4957-B34A-E0D67694C0F4,2023-09-16,Nisqually River,District 11,Nisqually salmon 2023,2B95910A-7F86-42E1-9C81-1891935D248C,34,NA,NA,Fort Lewis,9E5C07F8-2874-4E94-8E1E-5707D4B022D1,786,2,2,2,Complete,16:23:00,18:23:00,18:23:00,Chinook,NA,NA,No,NA,1,0,NA,98501,NA,NA,Site,Index,NA,2,1,NA,NA,NA,NA,9,2023,37
F6F25A04-7F8D-4957-B34A-E0D67694C0F4,2023-09-16,Nisqually River,District 11,Nisqually salmon 2023,BFA6F2EE-53C3-485B-98B6-19D025370BC8,31,NA,NA,Fort Lewis,9E5C07F8-2874-4E94-8E1E-5707D4B022D1,786,1,1,1,Complete,14:48:00,19:49:00,19:49:00,Chinook,NA,NA,No,NA,1,0,NA,98501,NA,NA,Site,Index,NA,2,1,NA,NA,NA,NA,9,2023,37
F6F25A04-7F8D-4957-B34A-E0D67694C0F4,2023-09-16,Nisqually River,District 11,Nisqually salmon 2023,113DC63B-6B2E-4535-BC29-7D5657EB2D77,29,NA,NA,Fort Lewis,9E5C07F8-2874-4E94-8E1E-5707D4B022D1,786,1,1,1,Complete,16:30:00,19:11:00,19:11:00,Chinook,NA,NA,No,NA,1,0,NA,98344,NA,NA,Site,Index,NA,2,1,NA,NA,NA,NA,9,2023,37
1EADC01A-9E08-4A1B-81FE-26C6722944B8,2023-09-16,Nisqually River,District 11,Nisqually salmon 2023,88B55007-B887-4648-8981-4A63B4146346,10,NA,NA,Fort Lewis,9E5C07F8-2874-4E94-8E1E-5707D4B022D1,786,2,2,2,Complete,08:00:00,17:29:00,17:29:00,Chinook,NA,NA,No,NA,1,0,NA,NA,NA,NA,Site,Index,NA,2,1,NA,NA,NA,NA,9,2023,37
1EADC01A-9E08-4A1B-81FE-26C6722944B8,2023-09-16,Nisqually River,District 11,Nisqually salmon 2023,56034400-83E6-4B06-95BF-6897B98A09EA,7,NA,NA,Fort Lewis,9E5C07F8-2874-4E94-8E1E-5707D4B022D1,786,4,4,4,Complete,05:44:00,14:44:00,14:44:00,Chinook,NA,Trailered Motorized Boat,Yes,Boat,1,1,NA,NA,NA,NA,Site,Index,NA,2,1,NA,NA,NA,NA,9,2023,37
C49FBCE9-9524-4D42-B993-E3D07315480A,2023-09-16,Nisqually River,District 11,Nisqually salmon 2023,64931FCE-9790-4CFD-82DB-D4F2E0CC07D2,1,NA,NA,Fort Lewis,9E5C07F8-2874-4E94-8E1E-5707D4B022D1,786,4,4,4,Complete,05:45:00,09:05:00,09:05:00,Chinook,NA,NA,No,NA,2,0,NA,NA,NA,NA,Site,Index,NA,2,1,NA,NA,NA,NA,9,2023,37
C49FBCE9-9524-4D42-B993-E3D07315480A,2023-09-16,Nisqually River,District 11,Nisqually salmon 2023,BC86860F-878D-42C4-AAA0-9E5761402ACE,8,NA,NA,Fort Lewis,9E5C07F8-2874-4E94-8E1E-5707D4B022D1,786,1,1,1,Complete,06:00:00,09:44:00,09:44:00,Chinook,NA,NA,No,NA,1,0,NA,NA,NA,NA,Site,Index,NA,2,1,NA,NA,NA,NA,9,2023,37
1EADC01A-9E08-4A1B-81FE-26C6722944B8,2023-09-16,Nisqually River,District 11,Nisqually salmon 2023,03B6C72D-9913-4F0A-94AA-4E68B1A350D6,3,NA,NA,Fort Lewis,9E5C07F8-2874-4E94-8E1E-5707D4B022D1,786,2,2,2,Complete,05:52:00,15:53:00,15:53:00,Chinook,NA,NA,No,NA,1,0,NA,98404,NA,NA,Site,Index,NA,2,1,NA,NA,NA,NA,9,2023,37
25E95FE6-D1F7-4200-B137-45D7B4C49FA1,2023-09-19,Nisqually River,District 11,Nisqually salmon 2023,1B6B27B2-55FB-493B-8814-0BAFEC024933,7,NA,NA,Fort Lewis,9E5C07F8-2874-4E94-8E1E-5707D4B022D1,786,1,1,1,Complete,05:53:00,07:47:00,07:47:00,Chinook,NA,NA,No,NA,1,0,NA,98327,NA,NA,Site,Index,NA,2,1,NA,NA,NA,NA,9,2023,38
2E5E117A-5299-4FE1-8DF5-2FF5B06B9F61,2023-09-21,Nisqually River,District 11,Nisqually salmon 2023,97FA5238-17A2-4A72-9FA5-2967E219034F,7,NA,NA,Fort Lewis,9E5C07F8-2874-4E94-8E1E-5707D4B022D1,786,1,1,1,Complete,07:40:00,08:40:00,08:40:00,Chinook,NA,NA,No,NA,1,0,NA,NA,NA,NA,Site,Index,NA,2,1,NA,NA,NA,NA,9,2023,38
2E5E117A-5299-4FE1-8DF5-2FF5B06B9F61,2023-09-21,Nisqually River,District 11,Nisqually salmon 2023,CF180730-A254-40CB-9C1A-930D30402704,12,NA,NA,Fort Lewis,9E5C07F8-2874-4E94-8E1E-5707D4B022D1,786,1,1,1,Complete,06:21:00,09:21:00,09:21:00,Chinook,NA,NA,No,NA,1,0,NA,NA,NA,NA,Site,Index,NA,2,1,NA,NA,NA,NA,9,2023,38
2E5E117A-5299-4FE1-8DF5-2FF5B06B9F61,2023-09-21,Nisqually River,District 11,Nisqually salmon 2023,B76C6510-A7EF-496C-8387-D4BB4B52E86E,13,NA,NA,Fort Lewis,9E5C07F8-2874-4E94-8E1E-5707D4B022D1,786,1,1,1,Complete,06:00:00,09:25:00,09:25:00,Chinook,NA,NA,No,NA,1,0,NA,NA,NA,NA,Site,Index,NA,2,1,NA,NA,NA,NA,9,2023,38
2E5E117A-5299-4FE1-8DF5-2FF5B06B9F61,2023-09-21,Nisqually River,District 11,Nisqually salmon 2023,4621E129-E596-480D-BE36-A27F2B7461AC,16,NA,NA,Fort Lewis,9E5C07F8-2874-4E94-8E1E-5707D4B022D1,786,1,1,1,Complete,06:00:00,10:18:00,10:18:00,Chinook,NA,NA,No,NA,1,0,NA,98584,NA,NA,Site,Index,NA,2,1,NA,NA,NA,NA,9,2023,38
2E5E117A-5299-4FE1-8DF5-2FF5B06B9F61,2023-09-21,Nisqually River,District 11,Nisqually salmon 2023,74F02670-C5C1-4C82-94C6-25753D2B39F9,21,NA,NA,Fort Lewis,9E5C07F8-2874-4E94-8E1E-5707D4B022D1,786,1,1,1,Complete,08:00:00,10:44:00,10:44:00,Chinook,NA,NA,No,NA,1,0,NA,98501,NA,NA,Site,Index,NA,2,1,NA,NA,NA,NA,9,2023,38
449DF14B-AD0A-4752-856E-369106226A20,2023-09-21,Nisqually River,District 11,Nisqually salmon 2023,8FDA8BB7-5F34-4D31-AC6A-7528E0A5619A,27,NA,NA,Fort Lewis,9E5C07F8-2874-4E94-8E1E-5707D4B022D1,786,2,2,2,Complete,06:00:00,15:25:00,15:25:00,Coho,NA,NA,No,NA,1,0,NA,98388,NA,NA,Site,Index,NA,2,1,NA,NA,NA,NA,9,2023,38
449DF14B-AD0A-4752-856E-369106226A20,2023-09-21,Nisqually River,District 11,Nisqually salmon 2023,5F954AC7-B253-4730-8B9B-31093B1E58DA,23,NA,NA,Fort Lewis,9E5C07F8-2874-4E94-8E1E-5707D4B022D1,786,1,1,1,Complete,12:00:00,14:58:00,14:58:00,Chinook,NA,NA,No,NA,1,0,NA,98327,NA,NA,Site,Index,NA,2,1,NA,NA,NA,NA,9,2023,38
449DF14B-AD0A-4752-856E-369106226A20,2023-09-21,Nisqually River,District 11,Nisqually salmon 2023,AFE11FCE-F447-4D09-B1FD-FEADAC13D6EB,15,NA,NA,Fort Lewis,9E5C07F8-2874-4E94-8E1E-5707D4B022D1,786,1,1,1,Complete,06:30:00,13:14:00,13:14:00,Chinook,NA,NA,No,NA,1,0,NA,98503,NA,NA,Site,Index,NA,2,1,NA,NA,NA,NA,9,2023,38
449DF14B-AD0A-4752-856E-369106226A20,2023-09-21,Nisqually River,District 11,Nisqually salmon 2023,39B22024-C578-405F-814B-A9D7759EA963,6,NA,NA,Fort Lewis,9E5C07F8-2874-4E94-8E1E-5707D4B022D1,786,2,2,2,Complete,07:00:00,10:13:00,10:13:00,Coho,NA,NA,No,NA,1,0,NA,98003,NA,NA,Site,Index,NA,2,1,NA,NA,NA,NA,9,2023,38
2E5E117A-5299-4FE1-8DF5-2FF5B06B9F61,2023-09-21,Nisqually River,District 11,Nisqually salmon 2023,7CE159D7-C22D-4973-B924-BF2EA3F3E1C8,25,NA,NA,Fort Lewis,9E5C07F8-2874-4E94-8E1E-5707D4B022D1,786,1,1,1,Complete,07:14:00,11:15:00,11:15:00,Chinook,NA,NA,No,NA,1,0,NA,NA,NA,NA,Site,Index,NA,2,1,NA,NA,NA,NA,9,2023,38
2E5E117A-5299-4FE1-8DF5-2FF5B06B9F61,2023-09-21,Nisqually River,District 11,Nisqually salmon 2023,FA275552-8FAA-4EB8-B8EA-02A307EE27BB,6,NA,NA,Fort Lewis,9E5C07F8-2874-4E94-8E1E-5707D4B022D1,786,1,1,1,Complete,06:00:00,08:34:00,08:34:00,Chinook,NA,NA,No,NA,1,0,NA,98516,NA,NA,Site,Index,NA,2,1,NA,NA,NA,NA,9,2023,38
5D582308-C4DD-475F-919B-8AC2A909ED7D,2023-09-22,Nisqually River,District 11,Nisqually salmon 2023,78EEAD0D-C8DB-4C5F-83C0-56116A5F62F9,16,NA,NA,Fort Lewis,9E5C07F8-2874-4E94-8E1E-5707D4B022D1,786,1,1,1,Complete,06:00:00,13:57:00,13:57:00,Chinook,NA,NA,No,NA,1,0,NA,NA,NA,NA,Site,Index,NA,2,1,NA,NA,NA,NA,9,2023,38
5D582308-C4DD-475F-919B-8AC2A909ED7D,2023-09-22,Nisqually River,District 11,Nisqually salmon 2023,7B6DA207-7AD8-49A4-B0DF-BA93149A98C8,14,NA,NA,Fort Lewis,9E5C07F8-2874-4E94-8E1E-5707D4B022D1,786,2,2,2,Complete,08:15:00,12:42:00,12:42:00,Chinook,NA,NA,No,NA,2,0,NA,NA,NA,NA,Site,Index,NA,2,1,NA,NA,NA,NA,9,2023,38
5D582308-C4DD-475F-919B-8AC2A909ED7D,2023-09-22,Nisqually River,District 11,Nisqually salmon 2023,0EED3B26-9FAB-42AB-BD55-A06491E27725,3,NA,NA,Fort Lewis,9E5C07F8-2874-4E94-8E1E-5707D4B022D1,786,2,2,2,Complete,05:50:00,11:31:00,11:31:00,Chinook,NA,NA,No,NA,1,0,NA,NA,NA,NA,Site,Index,NA,2,1,NA,NA,NA,NA,9,2023,38
5D582308-C4DD-475F-919B-8AC2A909ED7D,2023-09-22,Nisqually River,District 11,Nisqually salmon 2023,27F44206-74E3-44AC-9DED-1D5D3BCC8300,11,NA,NA,Fort Lewis,9E5C07F8-2874-4E94-8E1E-5707D4B022D1,786,1,1,1,Complete,06:15:00,12:28:00,12:28:00,Chinook,NA,NA,No,NA,1,0,NA,NA,NA,NA,Site,Index,NA,2,1,NA,NA,NA,NA,9,2023,38
F5FD07C9-9E90-4799-B8F1-F3ECC253DACC,2023-09-22,Nisqually River,District 11,Nisqually salmon 2023,6D68A7B9-8E72-4499-94CC-D822395FBD05,19,NA,NA,Fort Lewis,9E5C07F8-2874-4E94-8E1E-5707D4B022D1,786,1,1,1,Complete,06:00:00,09:19:00,09:19:00,Chinook,NA,NA,No,NA,1,0,NA,98501,NA,NA,Site,Index,NA,2,1,NA,NA,NA,NA,9,2023,38
F5FD07C9-9E90-4799-B8F1-F3ECC253DACC,2023-09-22,Nisqually River,District 11,Nisqually salmon 2023,A5E37962-96DB-4D03-9A90-ED5F358E66BB,13,NA,NA,Fort Lewis,9E5C07F8-2874-4E94-8E1E-5707D4B022D1,786,1,1,1,Complete,06:30:00,08:39:00,08:39:00,Coho,NA,NA,No,NA,1,0,NA,98327,NA,NA,Site,Index,NA,2,1,NA,NA,NA,NA,9,2023,38
F5FD07C9-9E90-4799-B8F1-F3ECC253DACC,2023-09-22,Nisqually River,District 11,Nisqually salmon 2023,49B155F7-42AB-4573-B4DE-9F9A37F8920B,27,NA,NA,Fort Lewis,9E5C07F8-2874-4E94-8E1E-5707D4B022D1,786,2,2,2,Complete,06:35:00,10:39:00,10:39:00,Chinook,NA,NA,No,NA,1,0,NA,98513,NA,NA,Site,Index,NA,2,1,NA,NA,NA,NA,9,2023,38
F5FD07C9-9E90-4799-B8F1-F3ECC253DACC,2023-09-22,Nisqually River,District 11,Nisqually salmon 2023,288CAE95-484C-4D6B-8B51-3810624748C9,7,NA,NA,Fort Lewis,9E5C07F8-2874-4E94-8E1E-5707D4B022D1,786,1,1,1,Complete,06:11:00,08:12:00,08:12:00,Chinook,NA,NA,No,NA,1,0,NA,98427,NA,NA,Site,Index,NA,2,1,NA,NA,NA,NA,9,2023,38
F5FD07C9-9E90-4799-B8F1-F3ECC253DACC,2023-09-22,Nisqually River,District 11,Nisqually salmon 2023,B95BE648-77CD-489C-BDF7-2DA166570BE8,8,NA,NA,Fort Lewis,9E5C07F8-2874-4E94-8E1E-5707D4B022D1,786,1,1,1,Complete,06:00:00,08:14:00,08:14:00,Chinook,NA,NA,No,NA,1,0,NA,98516,NA,NA,Site,Index,NA,2,1,NA,NA,NA,NA,9,2023,38
43FDBA82-794C-4C1A-8053-08C630BB3FB0,2023-09-23,Nisqually River,District 11,Nisqually salmon 2023,B462B45A-9C78-47A8-B665-AEEB5AE78158,15,NA,NA,Fort Lewis,9E5C07F8-2874-4E94-8E1E-5707D4B022D1,786,1,1,1,Complete,06:00:00,09:29:00,09:29:00,Chinook,NA,NA,No,NA,1,0,NA,98433,NA,NA,Site,Index,NA,2,1,NA,NA,NA,NA,9,2023,38
43FDBA82-794C-4C1A-8053-08C630BB3FB0,2023-09-23,Nisqually River,District 11,Nisqually salmon 2023,5805836C-C431-46DC-8F8A-2353FE2BADD8,1,NA,NA,Fort Lewis,9E5C07F8-2874-4E94-8E1E-5707D4B022D1,786,1,1,1,Complete,06:00:00,07:01:00,07:01:00,Chinook,NA,NA,No,NA,1,0,NA,98513,NA,NA,Site,Index,NA,2,1,NA,NA,NA,NA,9,2023,38
43FDBA82-794C-4C1A-8053-08C630BB3FB0,2023-09-23,Nisqually River,District 11,Nisqually salmon 2023,1A73C2D3-61A8-4616-93AA-08CEB402564D,21,NA,NA,Fort Lewis,9E5C07F8-2874-4E94-8E1E-5707D4B022D1,786,1,1,1,Complete,06:00:00,10:36:00,10:36:00,Coho,NA,NA,No,NA,1,0,NA,98501,NA,NA,Site,Index,NA,2,1,NA,NA,NA,NA,9,2023,38
43FDBA82-794C-4C1A-8053-08C630BB3FB0,2023-09-23,Nisqually River,District 11,Nisqually salmon 2023,7F389BDB-73BA-49FE-A8D4-DDD17FA00A0B,51,NA,NA,Fort Lewis,9E5C07F8-2874-4E94-8E1E-5707D4B022D1,786,1,1,1,Complete,06:30:00,12:01:00,12:01:00,Coho,NA,NA,No,NA,1,0,NA,98408,NA,NA,Site,Index,NA,2,1,NA,NA,NA,NA,9,2023,38
43FDBA82-794C-4C1A-8053-08C630BB3FB0,2023-09-23,Nisqually River,District 11,Nisqually salmon 2023,74EFCC08-B577-42BC-B998-10CEE5A6CAFA,47,NA,NA,Fort Lewis,9E5C07F8-2874-4E94-8E1E-5707D4B022D1,786,2,2,2,Complete,06:00:00,11:58:00,11:58:00,Coho,NA,NA,No,NA,1,0,NA,98503,NA,NA,Site,Index,NA,2,1,NA,NA,NA,NA,9,2023,38
43FDBA82-794C-4C1A-8053-08C630BB3FB0,2023-09-23,Nisqually River,District 11,Nisqually salmon 2023,8379642D-CDFF-46AC-8670-42009E545853,17,NA,NA,Fort Lewis,9E5C07F8-2874-4E94-8E1E-5707D4B022D1,786,1,1,1,Complete,06:30:00,09:50:00,09:50:00,Coho,NA,NA,No,NA,1,0,NA,98338,NA,NA,Site,Index,NA,2,1,NA,NA,NA,NA,9,2023,38
43FDBA82-794C-4C1A-8053-08C630BB3FB0,2023-09-23,Nisqually River,District 11,Nisqually salmon 2023,507119BA-5196-4680-B6E1-427FA583754B,18,NA,NA,Fort Lewis,9E5C07F8-2874-4E94-8E1E-5707D4B022D1,786,1,1,1,Complete,06:30:00,09:55:00,09:55:00,Coho,NA,NA,No,NA,1,0,NA,98498,NA,NA,Site,Index,NA,2,1,NA,NA,NA,NA,9,2023,38
43FDBA82-794C-4C1A-8053-08C630BB3FB0,2023-09-23,Nisqually River,District 11,Nisqually salmon 2023,C4651C54-8A2F-4561-BBAE-65EDBDEEA45F,33,NA,NA,Fort Lewis,9E5C07F8-2874-4E94-8E1E-5707D4B022D1,786,1,1,1,Complete,08:30:00,11:00:00,11:00:00,Coho,NA,NA,No,NA,1,0,NA,98402,NA,NA,Site,Index,NA,2,1,NA,NA,NA,NA,9,2023,38
55DEFC6E-F203-4768-AF10-7EE7289934EE,2023-09-26,Nisqually River,District 11,Nisqually salmon 2023,C56EBCC9-A592-4B6F-ACC0-229F501E3728,18,NA,NA,Fort Lewis,9E5C07F8-2874-4E94-8E1E-5707D4B022D1,786,1,1,1,Complete,06:20:00,09:22:00,09:22:00,Coho,NA,NA,No,NA,1,0,NA,98501,NA,NA,Site,Index,NA,2,1,NA,NA,NA,NA,9,2023,39
55DEFC6E-F203-4768-AF10-7EE7289934EE,2023-09-26,Nisqually River,District 11,Nisqually salmon 2023,43316E09-3BCE-48B3-BBD1-CF2CC6F37966,29,NA,NA,Fort Lewis,9E5C07F8-2874-4E94-8E1E-5707D4B022D1,786,1,1,1,Complete,09:38:00,14:38:00,14:38:00,Coho,NA,NA,No,NA,1,0,NA,98513,NA,NA,Site,Index,NA,2,1,NA,NA,NA,NA,9,2023,39
55DEFC6E-F203-4768-AF10-7EE7289934EE,2023-09-26,Nisqually River,District 11,Nisqually salmon 2023,B389ED02-C9BF-44CC-A37F-4A9E25A6DF9F,30,NA,NA,Fort Lewis,9E5C07F8-2874-4E94-8E1E-5707D4B022D1,786,1,1,1,Complete,12:00:00,14:51:00,14:51:00,Chinook,NA,NA,No,NA,1,0,NA,98501,NA,NA,Site,Index,NA,2,1,NA,NA,NA,NA,9,2023,39
55DEFC6E-F203-4768-AF10-7EE7289934EE,2023-09-26,Nisqually River,District 11,Nisqually salmon 2023,6B55ED6D-4115-4AAE-8916-48422A262CE0,11,NA,NA,Fort Lewis,9E5C07F8-2874-4E94-8E1E-5707D4B022D1,786,1,1,1,Complete,06:00:00,08:43:00,08:43:00,Chinook,NA,NA,No,NA,1,0,NA,98327,NA,NA,Site,Index,NA,2,1,NA,NA,NA,NA,9,2023,39
A68E5CC5-9290-42AB-979A-9F34C6C87B32,2023-09-28,Nisqually River,District 11,Nisqually salmon 2023,F13C7611-A006-4B84-B4BB-12097FA8DD3E,14,NA,NA,Fort Lewis,9E5C07F8-2874-4E94-8E1E-5707D4B022D1,786,1,1,1,Complete,10:30:00,13:13:00,13:13:00,Chinook,NA,NA,No,NA,1,0,NA,NA,NA,NA,Site,Index,NA,2,1,NA,NA,NA,NA,9,2023,39
A68E5CC5-9290-42AB-979A-9F34C6C87B32,2023-09-28,Nisqually River,District 11,Nisqually salmon 2023,95EDE6E5-5B39-4812-9E6C-1775CC3D7040,15,NA,NA,Fort Lewis,9E5C07F8-2874-4E94-8E1E-5707D4B022D1,786,1,1,1,Complete,11:30:00,13:19:00,13:19:00,Chinook,NA,NA,No,NA,1,0,NA,NA,NA,NA,Site,Index,NA,2,1,NA,NA,NA,NA,9,2023,39
F249316C-B9E4-4325-A004-69D5F41BA126,2023-09-29,Nisqually River,District 11,Nisqually salmon 2023,5924DCF6-8AB4-473A-8662-F7CF02D1099C,26,NA,NA,Fort Lewis,9E5C07F8-2874-4E94-8E1E-5707D4B022D1,786,1,1,1,Complete,07:50:00,11:02:00,11:02:00,Coho,NA,NA,No,NA,1,0,NA,98498,NA,NA,Site,Index,NA,2,1,NA,NA,NA,NA,9,2023,39
32D489EB-E7DD-4446-8940-A6EF78D81D82,2023-09-30,Nisqually River,District 11,Nisqually salmon 2023,CA6C0C6B-C898-44F2-B18E-12ECF16BF055,20,NA,NA,Fort Lewis,9E5C07F8-2874-4E94-8E1E-5707D4B022D1,786,2,2,2,Complete,08:28:00,17:54:00,17:54:00,Chinook,NA,Drift Boat/ Raft,Yes,Bank,1,1,NA,NA,NA,NA,Site,Index,NA,2,1,NA,NA,NA,NA,9,2023,39
32D489EB-E7DD-4446-8940-A6EF78D81D82,2023-09-30,Nisqually River,District 11,Nisqually salmon 2023,E0B715AE-1967-4329-928F-7A953A999927,16,NA,NA,Fort Lewis,9E5C07F8-2874-4E94-8E1E-5707D4B022D1,786,2,2,2,Complete,13:49:00,16:49:00,16:49:00,Coho,NA,NA,No,NA,1,0,NA,NA,NA,NA,Site,Index,NA,2,1,NA,NA,NA,NA,9,2023,39
32D489EB-E7DD-4446-8940-A6EF78D81D82,2023-09-30,Nisqually River,District 11,Nisqually salmon 2023,E34F600B-4116-4483-A496-949CF0CF3F91,14,NA,NA,Fort Lewis,9E5C07F8-2874-4E94-8E1E-5707D4B022D1,786,1,1,1,Complete,10:44:00,16:44:00,16:44:00,Chinook,NA,Pontoon/Kick/Kayak/Dinghy,Yes,Bank,1,1,NA,NA,NA,NA,Site,Index,NA,2,1,NA,NA,NA,NA,9,2023,39
32D489EB-E7DD-4446-8940-A6EF78D81D82,2023-09-30,Nisqually River,District 11,Nisqually salmon 2023,92039EBA-B3D7-467F-AC0A-2347F9176093,10,NA,NA,Fort Lewis,9E5C07F8-2874-4E94-8E1E-5707D4B022D1,786,7,7,7,Complete,10:31:00,14:31:00,14:31:00,Coho,NA,NA,No,NA,2,0,NA,NA,NA,NA,Site,Index,NA,2,1,NA,NA,NA,NA,9,2023,39
EE66719B-F6BA-4532-AC17-3A2314D4DD2D,2023-09-30,Nisqually River,District 11,Nisqually salmon 2023,78C67817-60D7-4775-81DD-56718B122685,25,NA,NA,Fort Lewis,9E5C07F8-2874-4E94-8E1E-5707D4B022D1,786,1,1,1,Complete,09:30:00,12:02:00,12:02:00,Coho,NA,NA,No,NA,1,0,NA,98344,NA,NA,Site,Index,NA,2,1,NA,NA,NA,NA,9,2023,39
EE66719B-F6BA-4532-AC17-3A2314D4DD2D,2023-09-30,Nisqually River,District 11,Nisqually salmon 2023,65AB487C-000F-4AA9-AFB0-4ACD690F0272,24,NA,NA,Fort Lewis,9E5C07F8-2874-4E94-8E1E-5707D4B022D1,786,1,1,1,Complete,06:30:00,11:54:00,11:54:00,Coho,NA,NA,No,NA,1,0,NA,98327,NA,NA,Site,Index,NA,2,1,NA,NA,NA,NA,9,2023,39
EE66719B-F6BA-4532-AC17-3A2314D4DD2D,2023-09-30,Nisqually River,District 11,Nisqually salmon 2023,4E38A869-CED1-42F7-93B6-741B15C19333,22,NA,NA,Fort Lewis,9E5C07F8-2874-4E94-8E1E-5707D4B022D1,786,2,2,2,Complete,06:15:00,11:49:00,11:49:00,Coho,NA,NA,No,NA,1,0,NA,98433,NA,NA,Site,Index,NA,2,1,NA,NA,NA,NA,9,2023,39
DC94F949-1EF0-446B-983D-1C96A51B8E42,2023-10-05,Nisqually River,District 11,Nisqually salmon 2023,6C25A3D3-C6D6-4948-827D-AD24FB2FCD82,10,NA,NA,Fort Lewis,9E5C07F8-2874-4E94-8E1E-5707D4B022D1,786,1,1,1,Complete,06:15:00,10:47:00,10:47:00,Coho,NA,NA,No,NA,1,0,NA,98444,NA,NA,Site,Index,NA,2,1,NA,NA,NA,NA,10,2023,40
AE2630F7-42F6-4AD9-8B44-8DADD80F6345,2023-10-05,Nisqually River,District 11,Nisqually salmon 2023,71C2E7F9-4DDC-455F-A5CB-0B851F0B5B41,11,NA,NA,Fort Lewis,9E5C07F8-2874-4E94-8E1E-5707D4B022D1,786,2,2,2,Complete,07:16:00,16:16:00,16:16:00,Coho,NA,Drift Boat/ Raft,Yes,Bank,1,0,NA,NA,NA,NA,Site,Index,NA,2,1,NA,NA,NA,NA,10,2023,40
38D831ED-D5FE-4B3E-9B5E-281442D3FD1B,2023-10-06,Nisqually River,District 11,Nisqually salmon 2023,9C1B01EC-F95D-475F-BA4C-F7D950D11247,12,NA,NA,Fort Lewis,9E5C07F8-2874-4E94-8E1E-5707D4B022D1,786,1,1,1,Complete,10:00:00,16:26:00,16:26:00,Coho,NA,Drift Boat/ Raft,Yes,Bank,1,1,NA,NA,NA,NA,Site,Index,NA,2,1,NA,NA,NA,NA,10,2023,40
38D831ED-D5FE-4B3E-9B5E-281442D3FD1B,2023-10-06,Nisqually River,District 11,Nisqually salmon 2023,1D07FD2C-9ED8-4F40-96B8-B0C766E878FB,15,NA,NA,Fort Lewis,9E5C07F8-2874-4E94-8E1E-5707D4B022D1,786,2,2,2,Complete,08:17:00,18:17:00,18:17:00,Coho,NA,Drift Boat/ Raft,Yes,Boat,1,1,NA,NA,NA,NA,Site,Index,NA,2,1,NA,NA,NA,NA,10,2023,40
149FDE60-E9CC-4F0A-837E-9F850F766C31,2023-09-01,Nisqually River,District 11,Nisqually salmon 2023,EC328783-0AC6-42E0-8740-7ACFC0ABA3AE,8,NA,NA,Power Plant Launch,EC003139-CCC4-4C45-B01E-6288EE1007F1,786,2,4,2,Complete,07:43:00,16:43:00,16:43:00,Chinook,NA,Drift Boat/ Raft,Yes,Boat,1,1,NA,98328,NA,NA,Site,Index,NA,4,1,NA,NA,NA,NA,9,2023,35
