interview_id,catch_id,species,run,life_stage,fin_mark,sex,fork_length_cm,fate,fish_count,catch_group,year,month,week,fishing_duration_minutes,trip_guided,boat_type,boat_used,angler_count,angler_minutes,trip_status,fishing_start_time,fishing_end_time,creel_event_id,event_date,water_body,project_name,fishery_name,gear_id,angling_method,angling_gear,barbed_hook_status,hook_count,gear_comments,hook_info,points_1,size_1,points_2,size_2,points_3,size_3,created_datetime,modified_datetime
EC50DEE7-0273-4E49-99A9-416352F6C555,17B6CE68-90C6-407C-8199-29BFEA5F3873,Chinook,NA,Adult,UM,NA,NA,Released,1,Chinook_Adult_UM_Released,2021,10,42,495,NA,NA,Yes,1,495,Complete,09:00:00,17:15:00,96F03A98-425B-43A2-8CC5-8BDBA8E47F51,2021-10-19,Nisqually River,District 11,Nisqually salmon 2021,D6647579-CB58-4CDB-BA7B-153D6E60592A,Drift,Bait,NA,NA,NA,NA,NA,NA,NA,NA,NA,NA,2024-11-26T11:06:34Z,2024-11-26T19:06:34Z
EC50DEE7-0273-4E49-99A9-416352F6C555,5D72ED9B-8A9F-48D9-A4D1-3967D2551FEB,Chinook,NA,Jack,AD,NA,NA,Kept,1,Chinook_Jack_AD_Kept,2021,10,42,495,NA,NA,Yes,1,495,Complete,09:00:00,17:15:00,96F03A98-425B-43A2-8CC5-8BDBA8E47F51,2021-10-19,Nisqually River,District 11,Nisqually salmon 2021,D6647579-CB58-4CDB-BA7B-153D6E60592A,Drift,Bait,NA,NA,NA,NA,NA,NA,NA,NA,NA,NA,2024-11-26T11:06:34Z,2024-11-26T19:06:34Z
E14B8FDF-FA46-4373-8741-ACB9457B298A,AAAD5141-AADB-4CFA-A9B4-C47F8B0F0782,Chinook,NA,Adult,AD,NA,NA,Kept,1,Chinook_Adult_AD_Kept,2021,10,40,365,NA,NA,No,2,730,Complete,07:30:00,13:35:00,77C7D3A1-C2B2-49B9-A10F-91707F8DEE99,2021-10-02,Nisqually River,District 11,Nisqually salmon 2021,F3BF48A9-5E38-408D-A7D1-6CA88F1D8C4D,Drift,NA,NA,NA,NA,NA,NA,NA,NA,NA,NA,NA,2024-11-26T11:06:34Z,2024-11-26T19:06:34Z
BD925DB0-8539-44FE-80FF-91FFB7AA2B35,860B076E-A0D6-4537-8497-A9FF58BA8E81,Chinook,NA,Adult,AD,NA,NA,Kept,1,Chinook_Adult_AD_Kept,2021,10,40,230,NA,NA,No,2,460,Complete,09:00:00,12:50:00,77C7D3A1-C2B2-49B9-A10F-91707F8DEE99,2021-10-02,Nisqually River,District 11,Nisqually salmon 2021,C907D0FC-A4B8-4EDC-848B-D446ED867388,Drift,NA,NA,NA,NA,NA,NA,NA,NA,NA,NA,NA,2024-11-26T11:06:34Z,2024-11-26T19:06:34Z
E9BA97D7-0077-4DAF-83BF-DBC6BE8E6CE2,70825981-2025-4CF3-BFA1-B8EB676718BF,Chinook,NA,Adult,AD,NA,NA,Kept,1,Chinook_Adult_AD_Kept,2021,10,40,415,NA,NA,Yes,4,1660,Complete,07:00:00,13:55:00,77C7D3A1-C2B2-49B9-A10F-91707F8DEE99,2021-10-02,Nisqually River,District 11,Nisqually salmon 2021,A5365EB3-7EEB-41AF-BA69-40D4BECA4F6F,NA,Lure,NA,NA,NA,NA,NA,NA,NA,NA,NA,NA,2024-11-26T11:06:34Z,2024-11-26T19:06:34Z
9398EBC2-9672-4F60-B0D6-5F1B89D030AB,0E09A859-6000-4C0A-B207-369511726533,Chinook,NA,Adult,AD,NA,NA,Kept,1,Chinook_Adult_AD_Kept,2021,10,40,609,NA,NA,Yes,3,1827,Complete,08:00:00,18:09:00,77C7D3A1-C2B2-49B9-A10F-91707F8DEE99,2021-10-02,Nisqually River,District 11,Nisqually salmon 2021,FC6FDD0F-7B1B-4CFE-8317-9ECFD9CF2B09,Bobber,Bait,NA,NA,NA,NA,NA,NA,NA,NA,NA,NA,2024-11-26T11:06:34Z,2024-11-26T19:06:34Z
9398EBC2-9672-4F60-B0D6-5F1B89D030AB,32E1531B-9234-4636-9755-BC614E42AEF8,Chinook,NA,Adult,AD,NA,NA,Released,6,Chinook_Adult_AD_Released,2021,10,40,609,NA,NA,Yes,3,1827,Complete,08:00:00,18:09:00,77C7D3A1-C2B2-49B9-A10F-91707F8DEE99,2021-10-02,Nisqually River,District 11,Nisqually salmon 2021,FC6FDD0F-7B1B-4CFE-8317-9ECFD9CF2B09,Bobber,Bait,NA,NA,NA,NA,NA,NA,NA,NA,NA,NA,2024-11-26T11:06:34Z,2024-11-26T19:06:34Z
DB513CC9-83D9-4E06-B64D-D4991C5C2561,3AB1A288-D214-4662-9F79-6C1AB32235AE,Chinook,NA,Adult,AD,NA,NA,Released,7,Chinook_Adult_AD_Released,2021,10,40,510,NA,NA,Yes,5,2550,Complete,07:00:00,15:30:00,77C7D3A1-C2B2-49B9-A10F-91707F8DEE99,2021-10-02,Nisqually River,District 11,Nisqually salmon 2021,A6F0EE74-2BC2-4EA2-8048-1573217DAECC,NA,Lure,NA,NA,NA,NA,NA,NA,NA,NA,NA,NA,2024-11-26T11:06:34Z,2024-11-26T19:06:34Z
7938C157-DD7A-4EE3-A543-6A5C372FF7C3,5BE7C364-599A-4607-92A1-A7A1405797BC,Chinook,NA,Adult,AD,NA,NA,Released,2,Chinook_Adult_AD_Released,2021,10,40,200,NA,NA,No,1,200,Complete,06:15:00,09:35:00,A2B35B65-FD51-404D-A86F-E8DA079AF991,2021-10-02,Nisqually River,District 11,Nisqually salmon 2021,0D72A3AF-AFEF-4AB5-87A2-A6FC89DCB9C8,Drift,NA,NA,NA,NA,NA,NA,NA,NA,NA,NA,NA,2024-11-26T11:06:34Z,2024-11-26T19:06:34Z
9B1C72B0-C430-472A-8687-186F699185DD,E7212A26-1481-4AFF-AF56-629988D6C37E,Chinook,NA,Adult,AD,NA,NA,Released,4,Chinook_Adult_AD_Released,2021,9,39,240,NA,NA,No,1,240,Complete,14:00:00,18:00:00,11532FAD-00A7-4B59-AE69-F023B58C022A,2021-09-28,Nisqually River,District 11,Nisqually salmon 2021,8D7EEC30-8C24-4C8B-9AE9-A676B9200983,Drift,NA,NA,NA,NA,NA,NA,NA,NA,NA,NA,NA,2024-11-26T11:06:34Z,2024-11-26T19:06:34Z
985AA189-6050-4E8D-9D90-69AF69F3EA0D,3E889511-E6AE-4E54-944D-7E3397CFA745,Chinook,NA,Adult,AD,NA,NA,Released,2,Chinook_Adult_AD_Released,2021,9,39,365,NA,NA,No,1,365,Complete,12:00:00,18:05:00,11532FAD-00A7-4B59-AE69-F023B58C022A,2021-09-28,Nisqually River,District 11,Nisqually salmon 2021,446E2506-7B58-4DF9-9310-999489EC797D,Drift,NA,NA,NA,NA,NA,NA,NA,NA,NA,NA,NA,2024-11-26T11:06:34Z,2024-11-26T19:06:34Z
39F0F302-6167-44CF-9A21-2C36BC45B3D8,7FFA10B4-DC9B-4A75-B0D5-1E584508106D,Chinook,NA,Adult,AD,NA,NA,Kept,1,Chinook_Adult_AD_Kept,2021,9,39,120,NA,NA,No,1,120,Complete,09:00:00,11:00:00,11532FAD-00A7-4B59-AE69-F023B58C022A,2021-09-28,Nisqually River,District 11,Nisqually salmon 2021,A1292F5E-4DC5-424A-A783-8AFFA1E4834A,Drift,NA,NA,NA,NA,NA,NA,NA,NA,NA,NA,NA,2024-11-26T11:06:34Z,2024-11-26T19:06:34Z
9DC98963-AF3C-4C47-A281-7ED7E99121AA,464ABA22-3D02-45B1-A5D8-97C580E9B724,Chinook,NA,Jack,AD,NA,NA,Kept,1,Chinook_Jack_AD_Kept,2021,9,39,430,NA,NA,No,1,430,Complete,07:30:00,14:40:00,11532FAD-00A7-4B59-AE69-F023B58C022A,2021-09-28,Nisqually River,District 11,Nisqually salmon 2021,43A43505-638D-4D99-B4E6-D756E9394ACE,Drift,NA,NA,NA,NA,NA,NA,NA,NA,NA,NA,NA,2024-11-26T11:06:34Z,2024-11-26T19:06:34Z
C607AAD7-2CFD-4809-8A21-6C2A37A58364,8DB7A91F-E1A7-4591-AE1A-6EB579985B93,Chinook,NA,Adult,AD,NA,NA,Released,1,Chinook_Adult_AD_Released,2021,9,39,160,NA,NA,No,1,160,Complete,07:00:00,09:40:00,320F8527-5DFA-4D83-A443-24902CB3CA9A,2021-09-28,Nisqually River,District 11,Nisqually salmon 2021,4E1AB231-80B5-4AFE-AA74-7C9FE0180920,Drift,NA,NA,NA,NA,NA,NA,NA,NA,NA,NA,NA,2024-11-26T11:06:34Z,2024-11-26T19:06:34Z
DB5E54DC-4A35-4018-BAE1-123E98DB5C75,6998AF8D-9445-4C2C-91A0-906C7828C7DA,Chinook,NA,Adult,AD,NA,NA,Released,1,Chinook_Adult_AD_Released,2021,9,39,235,NA,NA,No,1,235,Complete,06:05:00,10:00:00,320F8527-5DFA-4D83-A443-24902CB3CA9A,2021-09-28,Nisqually River,District 11,Nisqually salmon 2021,1D381F82-BDBC-426F-842A-27AEE2808469,Drift,NA,NA,NA,NA,NA,NA,NA,NA,NA,NA,NA,2024-11-26T11:06:34Z,2024-11-26T19:06:34Z
CB798DC2-8320-4357-AE28-76984F65B1D4,819192B5-AA2F-4050-9E65-4CC69B5A6AE8,Chinook,NA,Adult,UM,NA,NA,Released,3,Chinook_Adult_UM_Released,2021,9,39,420,NA,NA,No,1,420,Complete,07:00:00,14:00:00,83EAA66B-129D-439F-8D2E-737D8F5777A1,2021-09-26,Nisqually River,District 11,Nisqually salmon 2021,F8D01924-02FB-49B1-ADE1-6798DC7B1994,Drift,NA,NA,NA,NA,NA,NA,NA,NA,NA,NA,NA,2024-11-26T11:06:34Z,2024-11-26T19:06:34Z
C60A1F33-B2C4-4D5C-9B24-FAB4C0FC9D7B,1A7E2135-26DA-48A9-B542-84EC681BFB21,Chinook,NA,Adult,UM,NA,NA,Released,1,Chinook_Adult_UM_Released,2021,9,39,145,NA,NA,No,1,145,Complete,06:00:00,08:25:00,83EAA66B-129D-439F-8D2E-737D8F5777A1,2021-09-26,Nisqually River,District 11,Nisqually salmon 2021,DA99CBA6-2C9C-46D9-AD7D-A0FDEF51AF73,Drift,NA,NA,NA,NA,NA,NA,NA,NA,NA,NA,NA,2024-11-26T11:06:34Z,2024-11-26T19:06:34Z
A02F72B5-3CE1-4D02-8BBE-1BFBB3E39CAE,940C4497-0F98-4461-B725-6F363B07205F,Chinook,NA,Adult,AD,NA,NA,Released,1,Chinook_Adult_AD_Released,2021,9,39,180,NA,NA,No,1,180,Complete,06:30:00,09:30:00,83EAA66B-129D-439F-8D2E-737D8F5777A1,2021-09-26,Nisqually River,District 11,Nisqually salmon 2021,756ADC6D-3A67-47F1-908E-0119252DDA5B,Drift,NA,NA,NA,NA,NA,NA,NA,NA,NA,NA,NA,2024-11-26T11:06:34Z,2024-11-26T19:06:34Z
C061DBF7-AF17-4557-A9A3-F8AC87C099FD,ED08606F-C0C3-4A21-976F-D9BF131F01CE,Chinook,NA,Adult,AD,NA,NA,Released,2,Chinook_Adult_AD_Released,2021,9,39,620,NA,NA,Yes,1,620,Complete,07:30:00,17:50:00,DC56A3CF-7D60-49D7-B867-874923CEBCA1,2021-09-26,Nisqually River,District 11,Nisqually salmon 2021,E7DB696B-74DA-4021-820C-0ECCBE9819E5,Bobber,Bait-Lure,NA,NA,NA,NA,NA,NA,NA,NA,NA,NA,2024-11-26T11:06:34Z,2024-11-26T19:06:34Z
C061DBF7-AF17-4557-A9A3-F8AC87C099FD,12E7B8EA-A288-4F6F-9B52-ADF5E10F6D19,Chinook,NA,Adult,UM,NA,NA,Released,2,Chinook_Adult_UM_Released,2021,9,39,620,NA,NA,Yes,1,620,Complete,07:30:00,17:50:00,DC56A3CF-7D60-49D7-B867-874923CEBCA1,2021-09-26,Nisqually River,District 11,Nisqually salmon 2021,E7DB696B-74DA-4021-820C-0ECCBE9819E5,Bobber,Bait-Lure,NA,NA,NA,NA,NA,NA,NA,NA,NA,NA,2024-11-26T11:06:34Z,2024-11-26T19:06:34Z
7695D233-FA16-4474-ACFF-661910CA0035,8CCBEC0B-2C81-46B7-83E2-B95D4CE857C1,Chinook,NA,Adult,AD,NA,NA,Released,10,Chinook_Adult_AD_Released,2021,9,39,350,NA,NA,Yes,1,350,Complete,07:30:00,13:20:00,DC56A3CF-7D60-49D7-B867-874923CEBCA1,2021-09-26,Nisqually River,District 11,Nisqually salmon 2021,0056551B-956B-4996-A894-DF22C2CF6AC3,Bobber,Bait,NA,NA,NA,NA,NA,NA,NA,NA,NA,NA,2024-11-26T11:06:34Z,2024-11-26T19:06:34Z
7695D233-FA16-4474-ACFF-661910CA0035,15365348-CD5C-4FDE-9473-4E94E476CA2C,Chinook,NA,Adult,AD,NA,NA,Kept,1,Chinook_Adult_AD_Kept,2021,9,39,350,NA,NA,Yes,1,350,Complete,07:30:00,13:20:00,DC56A3CF-7D60-49D7-B867-874923CEBCA1,2021-09-26,Nisqually River,District 11,Nisqually salmon 2021,0056551B-956B-4996-A894-DF22C2CF6AC3,Bobber,Bait,NA,NA,NA,NA,NA,NA,NA,NA,NA,NA,2024-11-26T11:06:34Z,2024-11-26T19:06:34Z
B1B50191-7EBA-468D-8B16-F09285EB48B0,4BB04FFD-89F0-45BB-97A4-9E8C73BC332D,Chinook,NA,Adult,AD,NA,NA,Kept,1,Chinook_Adult_AD_Kept,2021,9,39,510,NA,NA,No,5,2550,Complete,08:00:00,16:30:00,DC56A3CF-7D60-49D7-B867-874923CEBCA1,2021-09-26,Nisqually River,District 11,Nisqually salmon 2021,74A9AC59-9C0B-498F-997F-C94C5DB6E7B7,Drift,NA,NA,NA,NA,NA,NA,NA,NA,NA,NA,NA,2024-11-26T11:06:34Z,2024-11-26T19:06:34Z
382B299D-0026-4DA2-A417-E3386297D6CE,DD93D50A-5340-4993-8FD8-A4DD7A819A97,Chinook,NA,Adult,AD,NA,NA,Kept,2,Chinook_Adult_AD_Kept,2021,9,39,305,NA,NA,Yes,3,915,Complete,08:00:00,13:05:00,CADC8498-0FE9-4177-AB7F-E61C6710F033,2021-09-24,Nisqually River,District 11,Nisqually salmon 2021,EC6A6C2E-B142-42AB-9AB8-6C49C4190358,Bobber,Bait-Lure,NA,NA,NA,NA,NA,NA,NA,NA,NA,NA,2024-11-26T11:06:34Z,2024-11-26T19:06:34Z
E4315804-DD82-4F2B-A27C-BC967A4C3B97,8F799A28-406A-405C-A253-1C649E0A6C11,Chinook,NA,Adult,AD,NA,NA,Kept,4,Chinook_Adult_AD_Kept,2021,9,39,370,NA,NA,Yes,2,740,Complete,07:00:00,13:10:00,CADC8498-0FE9-4177-AB7F-E61C6710F033,2021-09-24,Nisqually River,District 11,Nisqually salmon 2021,3DEF6EC6-13E6-4E2E-9189-950D7FDB033F,Drift,NA,NA,NA,NA,NA,NA,NA,NA,NA,NA,NA,2024-11-26T11:06:34Z,2024-11-26T19:06:34Z
A520A404-8535-4FCC-9BD3-A8F940C63B51,BD76706C-4DCC-40CA-96ED-646A6A3F1730,Chinook,NA,Adult,AD,NA,NA,Released,8,Chinook_Adult_AD_Released,2021,9,39,444,NA,NA,Yes,3,1332,Complete,10:00:00,17:24:00,CADC8498-0FE9-4177-AB7F-E61C6710F033,2021-09-24,Nisqually River,District 11,Nisqually salmon 2021,9E158FF5-EC70-4C54-8AD5-9BD6D6536E6D,Bobber,Bait,NA,NA,NA,NA,NA,NA,NA,NA,NA,NA,2024-11-26T11:06:34Z,2024-11-26T19:06:34Z
A520A404-8535-4FCC-9BD3-A8F940C63B51,3C354080-8DF2-4938-82D7-6B03CF79A590,Chinook,NA,Adult,AD,NA,NA,Kept,1,Chinook_Adult_AD_Kept,2021,9,39,444,NA,NA,Yes,3,1332,Complete,10:00:00,17:24:00,CADC8498-0FE9-4177-AB7F-E61C6710F033,2021-09-24,Nisqually River,District 11,Nisqually salmon 2021,9E158FF5-EC70-4C54-8AD5-9BD6D6536E6D,Bobber,Bait,NA,NA,NA,NA,NA,NA,NA,NA,NA,NA,2024-11-26T11:06:34Z,2024-11-26T19:06:34Z
D88B8673-2FA1-473C-BD2C-9CCF63A073D1,F91916F7-7BDF-47AB-B920-39D42BB6F4FF,Chinook,NA,Adult,AD,NA,NA,Released,1,Chinook_Adult_AD_Released,2021,9,39,410,NA,NA,Yes,2,820,Complete,07:00:00,13:50:00,CADC8498-0FE9-4177-AB7F-E61C6710F033,2021-09-24,Nisqually River,District 11,Nisqually salmon 2021,752955AF-CCAD-468F-A1A4-196DF9ECFE3D,Bobber,Bait,NA,NA,NA,NA,NA,NA,NA,NA,NA,NA,2024-11-26T11:06:34Z,2024-11-26T19:06:34Z
9DE6C603-27FC-4492-AE07-02CDFE374577,7FF4762B-2C4B-42C1-8948-DE3F453B178E,Chinook,NA,Adult,AD,NA,NA,Kept,1,Chinook_Adult_AD_Kept,2021,9,38,90,NA,NA,No,1,90,Complete,07:30:00,09:00:00,0912CB38-BC05-40C5-9491-4990BA0EF9A3,2021-09-23,Nisqually River,District 11,Nisqually salmon 2021,3126558B-62F3-4BDA-980E-7F204BA59242,Drift,NA,NA,NA,NA,NA,NA,NA,NA,NA,NA,NA,2024-11-26T11:06:34Z,2024-11-26T19:06:34Z
897B1656-49EE-430E-AC12-DEFE57A7B0A0,A8CEBB07-732A-4D7E-BD5A-FF290B6FD9D2,Chinook,NA,Adult,UM,NA,NA,Released,1,Chinook_Adult_UM_Released,2021,9,38,140,NA,NA,No,1,140,Complete,06:00:00,08:20:00,0912CB38-BC05-40C5-9491-4990BA0EF9A3,2021-09-23,Nisqually River,District 11,Nisqually salmon 2021,B2F6CD64-4D45-4952-B1BE-9D2B5F175F7B,Drift,NA,NA,NA,NA,NA,NA,NA,NA,NA,NA,NA,2024-11-26T11:06:34Z,2024-11-26T19:06:34Z
CE57C504-C86A-4256-BC53-CDAF249C3E37,290D286D-579B-426A-BF51-EEEA3392AC2F,Chinook,NA,Adult,AD,NA,NA,Kept,2,Chinook_Adult_AD_Kept,2021,9,38,677,NA,NA,No,3,2031,Complete,07:00:00,18:17:00,47BB9625-3700-4BF9-874B-B2ECA0FB1050,2021-09-23,Nisqually River,District 11,Nisqually salmon 2021,DE785F23-83BC-4D2B-B53B-5B7743759579,Bobber,Bait,NA,NA,NA,NA,NA,NA,NA,NA,NA,NA,2024-11-26T11:06:34Z,2024-11-26T19:06:34Z
77E49FEC-0E14-44CE-9432-776E01B4DD53,7FDEF211-D536-47B6-87DB-639983413564,Chinook,NA,Adult,AD,NA,NA,Released,8,Chinook_Adult_AD_Released,2021,9,38,214,NA,NA,No,2,428,Complete,11:00:00,14:34:00,47BB9625-3700-4BF9-874B-B2ECA0FB1050,2021-09-23,Nisqually River,District 11,Nisqually salmon 2021,A3547464-53E8-4F28-9AE3-7755120E3D4F,Bobber,Bait,NA,NA,NA,NA,NA,NA,NA,NA,NA,NA,2024-11-26T11:06:34Z,2024-11-26T19:06:34Z
4EFF04A7-E810-45CD-876B-202E1E6DD986,AA7C5933-AA93-46CA-BD1B-8B58971EE3CD,Chinook,NA,Adult,AD,NA,NA,Kept,1,Chinook_Adult_AD_Kept,2021,9,38,240,NA,NA,No,2,480,Complete,14:00:00,18:00:00,47BB9625-3700-4BF9-874B-B2ECA0FB1050,2021-09-23,Nisqually River,District 11,Nisqually salmon 2021,C58345AB-E671-4C58-B06D-4F0C994472F8,NA,Lure,NA,NA,NA,NA,NA,NA,NA,NA,NA,NA,2024-11-26T11:06:34Z,2024-11-26T19:06:34Z
227C576B-F05F-4EAC-B8EF-4CB23244DB88,3047F1DE-B48C-4C92-864C-2B78044B57E2,Chinook,NA,Adult,AD,NA,NA,Kept,4,Chinook_Adult_AD_Kept,2021,9,38,424,NA,NA,No,3,1272,Complete,07:30:00,14:34:00,47BB9625-3700-4BF9-874B-B2ECA0FB1050,2021-09-23,Nisqually River,District 11,Nisqually salmon 2021,3E4852A3-FB98-4D55-8EBE-B19F56D84CCE,Bobber,Bait-Lure,NA,NA,NA,NA,NA,NA,NA,NA,NA,NA,2024-11-26T11:06:34Z,2024-11-26T19:06:34Z
69F37875-897A-4FCF-9B7E-A6BBE837778A,41A8892D-2BAE-4902-B4AA-64B39386EFA2,Chinook,NA,Adult,AD,NA,NA,Kept,1,Chinook_Adult_AD_Kept,2021,9,38,90,NA,NA,No,1,90,Complete,15:00:00,16:30:00,3D9F756A-2D55-4E58-A977-E016A93A62E6,2021-09-20,Nisqually River,District 11,Nisqually salmon 2021,A31891B7-ADB2-4719-B908-5BB1C2017B4D,Drift,NA,NA,NA,NA,NA,NA,NA,NA,NA,NA,NA,2024-11-26T11:06:34Z,2024-11-26T19:06:34Z
69F37875-897A-4FCF-9B7E-A6BBE837778A,C6CC2CDD-DF33-4ADE-BFF4-93383C84185F,Chinook,NA,Adult,AD,NA,NA,Released,1,Chinook_Adult_AD_Released,2021,9,38,90,NA,NA,No,1,90,Complete,15:00:00,16:30:00,3D9F756A-2D55-4E58-A977-E016A93A62E6,2021-09-20,Nisqually River,District 11,Nisqually salmon 2021,A31891B7-ADB2-4719-B908-5BB1C2017B4D,Drift,NA,NA,NA,NA,NA,NA,NA,NA,NA,NA,NA,2024-11-26T11:06:34Z,2024-11-26T19:06:34Z
BFB434DB-6639-44F6-833E-7202601A3C6F,29B082AC-BDCA-4033-B366-0E3E84F61D35,Chinook,NA,Adult,UM,NA,NA,Kept,1,Chinook_Adult_UM_Kept,2021,9,38,130,NA,NA,No,1,130,Complete,09:00:00,11:10:00,3D9F756A-2D55-4E58-A977-E016A93A62E6,2021-09-20,Nisqually River,District 11,Nisqually salmon 2021,BB1C03FA-DCB6-4B20-AEC9-A14B6ECE7AE5,Drift,NA,NA,NA,NA,NA,NA,NA,NA,NA,NA,NA,2024-11-26T11:06:34Z,2024-11-26T19:06:34Z
AB00BD3C-1163-4895-B24B-8851014D7709,48FF40BF-A895-49D3-A1DC-B1CC158F2733,Chinook,NA,Adult,AD,NA,NA,Kept,2,Chinook_Adult_AD_Kept,2021,9,38,290,NA,NA,No,2,580,Complete,07:00:00,11:50:00,3D9F756A-2D55-4E58-A977-E016A93A62E6,2021-09-20,Nisqually River,District 11,Nisqually salmon 2021,E7F7B5FD-1239-4E50-8F39-45679BB5B7BC,Drift,NA,NA,NA,NA,NA,NA,NA,NA,NA,NA,NA,2024-11-26T11:06:34Z,2024-11-26T19:06:34Z
9A33BA22-281E-4CA5-BE5D-E03275478363,11AC46E0-D6A1-46DB-BE66-012695286E3C,Chinook,NA,Adult,AD,NA,NA,Kept,1,Chinook_Adult_AD_Kept,2021,9,38,230,NA,NA,No,2,460,Complete,08:30:00,12:20:00,3D9F756A-2D55-4E58-A977-E016A93A62E6,2021-09-20,Nisqually River,District 11,Nisqually salmon 2021,13E173AC-04E8-4686-8346-AF87179673E6,Drift,NA,NA,NA,NA,NA,NA,NA,NA,NA,NA,NA,2024-11-26T11:06:34Z,2024-11-26T19:06:34Z
AE67A044-9BB7-432D-B6A6-F593747C94A4,B9737ACD-E371-4DDD-9818-2B92A7AADCD5,Chinook,NA,Adult,AD,NA,NA,Released,2,Chinook_Adult_AD_Released,2021,9,38,150,NA,NA,No,1,150,Complete,12:00:00,14:30:00,3D9F756A-2D55-4E58-A977-E016A93A62E6,2021-09-20,Nisqually River,District 11,Nisqually salmon 2021,7F8A164B-903C-488B-AE51-2A4E534F0A64,Drift,NA,NA,NA,NA,NA,NA,NA,NA,NA,NA,NA,2024-11-26T11:06:34Z,2024-11-26T19:06:34Z
AE67A044-9BB7-432D-B6A6-F593747C94A4,25CC7FDB-12B9-4B5F-BB0D-69D7C53C7687,Chinook,NA,Adult,UM,NA,NA,Released,1,Chinook_Adult_UM_Released,2021,9,38,150,NA,NA,No,1,150,Complete,12:00:00,14:30:00,3D9F756A-2D55-4E58-A977-E016A93A62E6,2021-09-20,Nisqually River,District 11,Nisqually salmon 2021,7F8A164B-903C-488B-AE51-2A4E534F0A64,Drift,NA,NA,NA,NA,NA,NA,NA,NA,NA,NA,NA,2024-11-26T11:06:34Z,2024-11-26T19:06:34Z
AF069D18-AC66-4EA4-9794-30E85F5FCA2A,9F930A24-DE12-49FF-B53F-6157B1A2D7B7,Chinook,NA,Adult,UM,NA,NA,Released,1,Chinook_Adult_UM_Released,2021,9,38,270,NA,NA,No,1,270,Complete,09:30:00,14:00:00,3D9F756A-2D55-4E58-A977-E016A93A62E6,2021-09-20,Nisqually River,District 11,Nisqually salmon 2021,EBBC4FDD-74C0-4D27-B1F2-6E784F34E68B,Drift,NA,NA,NA,NA,NA,NA,NA,NA,NA,NA,NA,2024-11-26T11:06:34Z,2024-11-26T19:06:34Z
064E7D04-9384-413E-BE85-7406B95B6A9F,9690A3B3-BA58-467F-8386-9936B6DB16D3,Chinook,NA,Adult,AD,NA,NA,Kept,1,Chinook_Adult_AD_Kept,2021,9,38,400,NA,NA,No,2,800,Complete,06:20:00,13:00:00,3D9F756A-2D55-4E58-A977-E016A93A62E6,2021-09-20,Nisqually River,District 11,Nisqually salmon 2021,5AD308A5-52CB-4FD9-B6EF-4291B3483483,Drift,NA,NA,NA,NA,NA,NA,NA,NA,NA,NA,NA,2024-11-26T11:06:34Z,2024-11-26T19:06:34Z
646CA41A-309A-4A19-A454-EB42D2922069,61189001-2F02-45B9-8CD3-4D8E8E438DC2,Chinook,NA,Adult,AD,NA,NA,Kept,1,Chinook_Adult_AD_Kept,2021,9,38,420,NA,NA,No,2,840,Complete,07:45:00,14:45:00,3D9F756A-2D55-4E58-A977-E016A93A62E6,2021-09-20,Nisqually River,District 11,Nisqually salmon 2021,59151830-C831-4B24-B72C-C92F959B1570,Drift,NA,NA,NA,NA,NA,NA,NA,NA,NA,NA,NA,2024-11-26T11:06:34Z,2024-11-26T19:06:34Z
C390BD06-D15B-4467-AD91-2A079C8ACE48,06F7788E-6FE7-4448-860C-CAD651C76797,Chinook,NA,Adult,AD,NA,NA,Kept,1,Chinook_Adult_AD_Kept,2021,9,38,192,NA,NA,No,1,192,Complete,11:00:00,14:12:00,A4268B54-7946-418F-A7A7-727E3E633F79,2021-09-20,Nisqually River,District 11,Nisqually salmon 2021,CAF17CAD-8A9C-40BA-9BCB-56C3CD9DCF21,Drift,NA,NA,NA,NA,NA,NA,NA,NA,NA,NA,NA,2024-11-26T11:06:34Z,2024-11-26T19:06:34Z
C390BD06-D15B-4467-AD91-2A079C8ACE48,0829619B-3BE6-42A5-9E76-AE4EFEA73C35,Chinook,NA,Adult,UM,NA,NA,Released,1,Chinook_Adult_UM_Released,2021,9,38,192,NA,NA,No,1,192,Complete,11:00:00,14:12:00,A4268B54-7946-418F-A7A7-727E3E633F79,2021-09-20,Nisqually River,District 11,Nisqually salmon 2021,CAF17CAD-8A9C-40BA-9BCB-56C3CD9DCF21,Drift,NA,NA,NA,NA,NA,NA,NA,NA,NA,NA,NA,2024-11-26T11:06:34Z,2024-11-26T19:06:34Z
4F5AD6E6-9B50-4E82-8B31-0BC286AB7819,BF8BEB0B-CB16-43A0-B209-FCE33FF6E15B,Chinook,NA,Adult,AD,NA,NA,Kept,1,Chinook_Adult_AD_Kept,2021,9,38,422,NA,NA,No,1,422,Complete,07:30:00,14:32:00,A4268B54-7946-418F-A7A7-727E3E633F79,2021-09-20,Nisqually River,District 11,Nisqually salmon 2021,34D90032-B420-443E-BA10-020A1619A567,Drift,NA,NA,NA,NA,NA,NA,NA,NA,NA,NA,NA,2024-11-26T11:06:34Z,2024-11-26T19:06:34Z
DA9476A9-352F-4BBF-A66E-CB5DD3CAE611,0242E59F-D3F3-4810-AB07-5D35F3BFD638,Chinook,NA,Adult,UM,NA,NA,Released,2,Chinook_Adult_UM_Released,2021,9,38,460,NA,NA,No,1,460,Complete,07:00:00,14:40:00,A4268B54-7946-418F-A7A7-727E3E633F79,2021-09-20,Nisqually River,District 11,Nisqually salmon 2021,6A026590-0DE1-4ABC-81A3-11693C44DB7C,Drift,NA,NA,NA,NA,NA,NA,NA,NA,NA,NA,NA,2024-11-26T11:06:34Z,2024-11-26T19:06:34Z
816B9686-3D40-4C4D-B70C-F6D96B52815A,17A7EF1B-7395-4E21-867D-3D738B65C216,Chinook,NA,Adult,AD,NA,NA,Kept,1,Chinook_Adult_AD_Kept,2021,9,38,465,NA,NA,No,1,465,Complete,07:00:00,14:45:00,A4268B54-7946-418F-A7A7-727E3E633F79,2021-09-20,Nisqually River,District 11,Nisqually salmon 2021,B4E75737-C467-4B24-B2C5-ABAF82638403,Drift,NA,NA,NA,NA,NA,NA,NA,NA,NA,NA,NA,2024-11-26T11:06:34Z,2024-11-26T19:06:34Z
2667127F-3E2B-4DC5-A197-35D0136A0A65,21E70A8B-B32C-443B-A869-3BDC1BE46493,Chinook,NA,Adult,AD,NA,NA,Kept,1,Chinook_Adult_AD_Kept,2021,9,38,105,NA,NA,No,1,105,Complete,08:30:00,10:15:00,C42216F9-6880-47BB-A373-7234C99300A4,2021-09-20,Nisqually River,District 11,Nisqually salmon 2021,ECB8CC87-483F-4EB9-9552-EB46CACE02BC,Drift,NA,NA,NA,NA,NA,NA,NA,NA,NA,NA,NA,2024-11-26T11:06:34Z,2024-11-26T19:06:34Z
DA781A33-6F6E-48DA-9935-1EBBEC4320D7,F3E8B67C-051A-4BB5-86B9-E5417650D1E5,Chinook,NA,Jack,AD,NA,NA,Kept,1,Chinook_Jack_AD_Kept,2021,9,38,105,NA,NA,No,1,105,Complete,06:15:00,08:00:00,C42216F9-6880-47BB-A373-7234C99300A4,2021-09-20,Nisqually River,District 11,Nisqually salmon 2021,BFE74358-C90E-4CEC-8230-3A77F46651C5,Drift,NA,NA,NA,NA,NA,NA,NA,NA,NA,NA,NA,2024-11-26T11:06:34Z,2024-11-26T19:06:34Z
17145201-0229-4485-8344-8007E7DF232E,0E44E609-0C94-4B68-88AA-4174DDCB471A,Chinook,NA,Adult,AD,NA,NA,Released,1,Chinook_Adult_AD_Released,2021,9,38,210,NA,NA,No,1,210,Complete,06:00:00,09:30:00,C42216F9-6880-47BB-A373-7234C99300A4,2021-09-20,Nisqually River,District 11,Nisqually salmon 2021,B38E1B84-91A8-4DB5-B463-3856CCCCE4AC,Drift,NA,NA,NA,NA,NA,NA,NA,NA,NA,NA,NA,2024-11-26T11:06:34Z,2024-11-26T19:06:34Z
B2785AF0-6D4A-42D2-8F07-4C94EDC70C7B,CA49DB5C-EFAF-4CA1-8D4F-51FE05279C89,Chinook,NA,Adult,AD,NA,NA,Kept,1,Chinook_Adult_AD_Kept,2021,9,38,130,NA,NA,No,1,130,Complete,06:00:00,08:10:00,C42216F9-6880-47BB-A373-7234C99300A4,2021-09-20,Nisqually River,District 11,Nisqually salmon 2021,52558311-AE8E-4F4F-BF53-FC67AE715DD8,Drift,NA,NA,NA,NA,NA,NA,NA,NA,NA,NA,NA,2024-11-26T11:06:34Z,2024-11-26T19:06:34Z
6C25A6E8-9ACA-4D1A-BE3F-396FFC27A050,7AA09E5E-D904-4684-A75A-29E3FEB88D06,Chinook,NA,Adult,UM,NA,NA,Released,2,Chinook_Adult_UM_Released,2021,9,38,195,NA,NA,No,1,195,Complete,06:00:00,09:15:00,C42216F9-6880-47BB-A373-7234C99300A4,2021-09-20,Nisqually River,District 11,Nisqually salmon 2021,00153D16-DE77-4058-A6C8-0DE4377073A1,Drift,NA,NA,NA,NA,NA,NA,NA,NA,NA,NA,NA,2024-11-26T11:06:34Z,2024-11-26T19:06:34Z
AB5E7EF2-8FC5-4417-A49B-E7A38E876F37,3A8D3EF7-5E2E-4354-99D1-79D92D743CA0,Chinook,NA,Adult,UM,NA,NA,Released,1,Chinook_Adult_UM_Released,2021,9,38,95,NA,NA,No,1,95,Complete,07:00:00,08:35:00,C42216F9-6880-47BB-A373-7234C99300A4,2021-09-20,Nisqually River,District 11,Nisqually salmon 2021,1F67FD2B-AEB3-4813-B9EB-A0372C45FBA9,Drift,NA,NA,NA,NA,NA,NA,NA,NA,NA,NA,NA,2024-11-26T11:06:34Z,2024-11-26T19:06:34Z
5EB39046-9F43-4483-B2B6-D61A71BB52A4,52418B60-55F5-4ABF-8F61-C7AFB2721B4E,Chinook,NA,Adult,AD,NA,NA,Kept,1,Chinook_Adult_AD_Kept,2021,9,38,420,NA,NA,No,1,420,Complete,07:00:00,14:00:00,B35CE0FF-E7A6-40CC-81BB-7FEB5507D1BB,2021-09-19,Nisqually River,District 11,Nisqually salmon 2021,8ACB2A69-9089-4F0E-B9BC-AB3E0487711F,Drift,NA,NA,NA,NA,NA,NA,NA,NA,NA,NA,NA,2024-11-26T11:06:34Z,2024-11-26T19:06:34Z
BAAB9B74-90EA-41B6-8042-C734776B2346,DF7677C3-779A-4E73-97C1-A7B35CBC0481,Chinook,NA,Adult,AD,NA,NA,Kept,1,Chinook_Adult_AD_Kept,2021,9,38,260,NA,NA,No,1,260,Complete,08:00:00,12:20:00,B35CE0FF-E7A6-40CC-81BB-7FEB5507D1BB,2021-09-19,Nisqually River,District 11,Nisqually salmon 2021,3E6D37B0-9633-4E90-88E1-42A100E9100E,Drift,NA,NA,NA,NA,NA,NA,NA,NA,NA,NA,NA,2024-11-26T11:06:34Z,2024-11-26T19:06:34Z
BB05FC63-4961-413B-A4D4-65CC6DFB27C9,5F687228-7C4F-4848-82C0-08A642C6FA3A,Chinook,NA,Adult,AD,NA,NA,Kept,1,Chinook_Adult_AD_Kept,2021,9,38,252,NA,NA,No,1,252,Complete,07:30:00,11:42:00,B35CE0FF-E7A6-40CC-81BB-7FEB5507D1BB,2021-09-19,Nisqually River,District 11,Nisqually salmon 2021,5737D297-3C64-469E-B1CB-07D2CC40028D,Drift,NA,NA,NA,NA,NA,NA,NA,NA,NA,NA,NA,2024-11-26T11:06:34Z,2024-11-26T19:06:34Z
57DE4708-4F4D-4CE3-8D78-181B828B0124,11440D43-1E8C-4F52-BE1A-EBD28C875E09,Chinook,NA,Adult,AD,NA,NA,Kept,2,Chinook_Adult_AD_Kept,2021,9,38,600,NA,NA,Yes,3,1800,Complete,07:00:00,17:00:00,B35CE0FF-E7A6-40CC-81BB-7FEB5507D1BB,2021-09-19,Nisqually River,District 11,Nisqually salmon 2021,14A7F9CC-B97F-45AF-8F20-D6AF6DFE3A76,Bobber,Bait,NA,NA,NA,NA,NA,NA,NA,NA,NA,NA,2024-11-26T11:06:34Z,2024-11-26T19:06:34Z
57DE4708-4F4D-4CE3-8D78-181B828B0124,044D1933-F9FD-41EA-AC67-320D52C45E38,Chinook,NA,Adult,UM,NA,NA,Released,5,Chinook_Adult_UM_Released,2021,9,38,600,NA,NA,Yes,3,1800,Complete,07:00:00,17:00:00,B35CE0FF-E7A6-40CC-81BB-7FEB5507D1BB,2021-09-19,Nisqually River,District 11,Nisqually salmon 2021,14A7F9CC-B97F-45AF-8F20-D6AF6DFE3A76,Bobber,Bait,NA,NA,NA,NA,NA,NA,NA,NA,NA,NA,2024-11-26T11:06:34Z,2024-11-26T19:06:34Z
4F1D53C0-8826-4118-8736-4384C7778ADF,4914C1AF-B4CD-4286-A52A-D692DE78EE14,Chinook,NA,Adult,AD,NA,NA,Kept,1,Chinook_Adult_AD_Kept,2021,9,38,477,NA,NA,Yes,3,1431,Complete,08:30:00,16:27:00,B35CE0FF-E7A6-40CC-81BB-7FEB5507D1BB,2021-09-19,Nisqually River,District 11,Nisqually salmon 2021,43CE244C-56F1-4113-A28B-15B119941A8D,Drift,NA,NA,NA,NA,NA,NA,NA,NA,NA,NA,NA,2024-11-26T11:06:34Z,2024-11-26T19:06:34Z
4F1D53C0-8826-4118-8736-4384C7778ADF,7C5E328E-4B74-4CBC-A005-5DB7AE0BC714,Chinook,NA,Adult,AD,NA,NA,Released,4,Chinook_Adult_AD_Released,2021,9,38,477,NA,NA,Yes,3,1431,Complete,08:30:00,16:27:00,B35CE0FF-E7A6-40CC-81BB-7FEB5507D1BB,2021-09-19,Nisqually River,District 11,Nisqually salmon 2021,43CE244C-56F1-4113-A28B-15B119941A8D,Drift,NA,NA,NA,NA,NA,NA,NA,NA,NA,NA,NA,2024-11-26T11:06:34Z,2024-11-26T19:06:34Z
34CFFF97-C477-425C-87A0-AECEB76C963E,63D7E313-F07A-4B3E-9899-97939C813510,Chinook,NA,Adult,AD,NA,NA,Kept,1,Chinook_Adult_AD_Kept,2021,9,38,250,NA,NA,No,1,250,Complete,13:30:00,17:40:00,ECEA4917-5633-4C17-8723-301B83103DA8,2021-09-19,Nisqually River,District 11,Nisqually salmon 2021,0B8E13DD-7937-4A50-927B-2DEB10CB18D4,Drift,NA,NA,NA,NA,NA,NA,NA,NA,NA,NA,NA,2024-11-26T11:06:34Z,2024-11-26T19:06:34Z
73C0D1FD-D4EE-4FCC-AEE3-8347FC55F455,68CC5A69-0757-4463-A237-15143142A707,Chinook,NA,Adult,AD,NA,NA,Released,1,Chinook_Adult_AD_Released,2021,9,38,490,NA,NA,No,1,490,Complete,09:30:00,17:40:00,ECEA4917-5633-4C17-8723-301B83103DA8,2021-09-19,Nisqually River,District 11,Nisqually salmon 2021,06FFA63D-00A9-4A1B-90AA-199334C9E787,Drift,NA,NA,NA,NA,NA,NA,NA,NA,NA,NA,NA,2024-11-26T11:06:34Z,2024-11-26T19:06:34Z
6BD1AE6B-58EE-4C36-86B3-D38C07163C30,3F7A1511-0F0B-475B-9C42-405C68BBA19B,Chinook,NA,Adult,UM,NA,NA,Released,2,Chinook_Adult_UM_Released,2021,9,38,510,NA,NA,Yes,3,1530,Complete,06:30:00,15:00:00,ECEA4917-5633-4C17-8723-301B83103DA8,2021-09-19,Nisqually River,District 11,Nisqually salmon 2021,F52617BB-71CA-4DE2-9E0D-00EC5F791855,Bobber,Bait,NA,NA,NA,NA,NA,NA,NA,NA,NA,NA,2024-11-26T11:06:34Z,2024-11-26T19:06:34Z
6BD1AE6B-58EE-4C36-86B3-D38C07163C30,B855383A-32E5-44A9-88A4-376C97C0089F,Chinook,NA,Adult,AD,NA,NA,Kept,5,Chinook_Adult_AD_Kept,2021,9,38,510,NA,NA,Yes,3,1530,Complete,06:30:00,15:00:00,ECEA4917-5633-4C17-8723-301B83103DA8,2021-09-19,Nisqually River,District 11,Nisqually salmon 2021,F52617BB-71CA-4DE2-9E0D-00EC5F791855,Bobber,Bait,NA,NA,NA,NA,NA,NA,NA,NA,NA,NA,2024-11-26T11:06:34Z,2024-11-26T19:06:34Z
B0F455CA-FA62-442E-95B5-6720DFB0D905,DA66F351-BCCE-4ED1-B573-79CA9FD2C7BD,Chinook,NA,Adult,AD,NA,NA,Kept,1,Chinook_Adult_AD_Kept,2021,9,38,49,NA,NA,No,1,49,Complete,13:00:00,13:49:00,ECEA4917-5633-4C17-8723-301B83103DA8,2021-09-19,Nisqually River,District 11,Nisqually salmon 2021,8690A5AE-376D-49FE-A831-AAFD7ACF1012,Drift,NA,NA,NA,NA,NA,NA,NA,NA,NA,NA,NA,2024-11-26T11:06:34Z,2024-11-26T19:06:34Z
B77A7AB0-40B6-4658-9371-16FE6DC5CFDE,BE307B7E-C65D-4D4C-84CE-149DBDCF9198,Chinook,NA,Adult,AD,NA,NA,Released,1,Chinook_Adult_AD_Released,2021,9,38,240,NA,NA,No,2,480,Complete,06:15:00,10:15:00,ECEA4917-5633-4C17-8723-301B83103DA8,2021-09-19,Nisqually River,District 11,Nisqually salmon 2021,385529C2-3461-4064-9389-B142650CA162,Drift,NA,NA,NA,NA,NA,NA,NA,NA,NA,NA,NA,2024-11-26T11:06:34Z,2024-11-26T19:06:34Z
35BDAC5F-1386-42A8-A338-A947B9799F26,330F3E01-BF40-4371-A9E8-2F4BB7FC8C75,Chinook,NA,Adult,AD,NA,NA,Kept,1,Chinook_Adult_AD_Kept,2021,9,38,120,NA,NA,No,1,120,Complete,10:00:00,12:00:00,ECEA4917-5633-4C17-8723-301B83103DA8,2021-09-19,Nisqually River,District 11,Nisqually salmon 2021,25CB1781-BA9F-4030-A6DC-3E9EE92798CA,Drift,NA,NA,NA,NA,NA,NA,NA,NA,NA,NA,NA,2024-11-26T11:06:34Z,2024-11-26T19:06:34Z
6882EA4A-39D9-46C2-9F89-1A221823EE89,793476A9-D70C-4907-B44C-3D64A7ACB4B2,Chinook,NA,Adult,AD,NA,NA,Kept,1,Chinook_Adult_AD_Kept,2021,9,38,180,NA,NA,No,1,180,Complete,06:00:00,09:00:00,ECEA4917-5633-4C17-8723-301B83103DA8,2021-09-19,Nisqually River,District 11,Nisqually salmon 2021,578E1E03-1281-4F2F-9BA9-F3C8C404B331,Drift,NA,NA,NA,NA,NA,NA,NA,NA,NA,NA,NA,2024-11-26T11:06:34Z,2024-11-26T19:06:34Z
494FE7DB-7330-45F9-ACA9-1754345B8B83,27F3F5DB-8BB0-41DE-B262-AAF5A3109423,Chinook,NA,Adult,AD,NA,NA,Kept,1,Chinook_Adult_AD_Kept,2021,9,38,135,NA,NA,No,1,135,Complete,13:30:00,15:45:00,ECEA4917-5633-4C17-8723-301B83103DA8,2021-09-19,Nisqually River,District 11,Nisqually salmon 2021,E0833436-6337-461B-957E-7DE39A53A40B,Drift,NA,NA,NA,NA,NA,NA,NA,NA,NA,NA,NA,2024-11-26T11:06:34Z,2024-11-26T19:06:34Z
DD821394-C7BC-4251-BA09-8D5B63DC1179,E42B6490-F1CE-4A56-AED5-B4582843E0BB,Chinook,NA,Adult,AD,NA,NA,Kept,2,Chinook_Adult_AD_Kept,2021,9,38,180,NA,NA,Yes,3,540,Complete,06:30:00,09:30:00,ECEA4917-5633-4C17-8723-301B83103DA8,2021-09-19,Nisqually River,District 11,Nisqually salmon 2021,1CDD377C-FD26-4319-9C9B-02D6E28FDCDF,Bobber,Bait,NA,NA,NA,NA,NA,NA,NA,NA,NA,NA,2024-11-26T11:06:34Z,2024-11-26T19:06:34Z
DD821394-C7BC-4251-BA09-8D5B63DC1179,A2239F4D-C13A-43EC-B863-CE780D52104A,Chinook,NA,Adult,AD,NA,NA,Released,4,Chinook_Adult_AD_Released,2021,9,38,180,NA,NA,Yes,3,540,Complete,06:30:00,09:30:00,ECEA4917-5633-4C17-8723-301B83103DA8,2021-09-19,Nisqually River,District 11,Nisqually salmon 2021,1CDD377C-FD26-4319-9C9B-02D6E28FDCDF,Bobber,Bait,NA,NA,NA,NA,NA,NA,NA,NA,NA,NA,2024-11-26T11:06:34Z,2024-11-26T19:06:34Z
02591949-ECC2-427B-82F4-09DEA708B2FC,DCC57ED4-3E60-4FCB-A0D7-B66931FFA805,Chinook,NA,Adult,AD,NA,NA,Kept,1,Chinook_Adult_AD_Kept,2021,9,38,210,NA,NA,No,2,420,Complete,06:30:00,10:00:00,5F32514A-732A-4F90-8779-694F8250A065,2021-09-18,Nisqually River,District 11,Nisqually salmon 2021,A6729914-0C63-4926-B0DE-60878BCD9289,Drift,NA,NA,NA,NA,NA,NA,NA,NA,NA,NA,NA,2024-11-26T11:06:34Z,2024-11-26T19:06:34Z
1AE28904-2120-4C0D-ADE6-D73BC441845B,E432DE53-68D4-4986-891B-19C87DF252B4,Chinook,NA,Adult,AD,NA,NA,Released,1,Chinook_Adult_AD_Released,2021,9,38,120,NA,NA,No,1,120,Complete,07:30:00,09:30:00,5F32514A-732A-4F90-8779-694F8250A065,2021-09-18,Nisqually River,District 11,Nisqually salmon 2021,DDA0CDEA-6417-4BBB-9C75-4D6DB59CB1BE,Drift,NA,NA,NA,NA,NA,NA,NA,NA,NA,NA,NA,2024-11-26T11:06:34Z,2024-11-26T19:06:34Z
84F434DE-C019-4464-854C-684A6790CF48,5B0050F6-887E-4D53-B906-0A0E060FE24C,Chinook,NA,Jack,AD,NA,NA,Kept,1,Chinook_Jack_AD_Kept,2021,9,38,140,NA,NA,No,1,140,Complete,07:00:00,09:20:00,5F32514A-732A-4F90-8779-694F8250A065,2021-09-18,Nisqually River,District 11,Nisqually salmon 2021,9D54B9CC-21C0-4780-A153-8D1B0D178396,Drift,NA,NA,NA,NA,NA,NA,NA,NA,NA,NA,NA,2024-11-26T11:06:34Z,2024-11-26T19:06:34Z
44D530EC-2F1F-45B1-8907-77463D445B1A,AD8F2473-7FE9-446C-8E7A-84D09A62E8D5,Chinook,NA,Adult,AD,NA,NA,Kept,1,Chinook_Adult_AD_Kept,2021,9,38,204,NA,NA,No,4,816,Complete,10:00:00,13:24:00,5F32514A-732A-4F90-8779-694F8250A065,2021-09-18,Nisqually River,District 11,Nisqually salmon 2021,87CB340F-2B48-4663-81AD-1C983A1F94F5,Drift,NA,NA,NA,NA,NA,NA,NA,NA,NA,NA,NA,2024-11-26T11:06:34Z,2024-11-26T19:06:34Z
88CF8C4E-2AB4-417F-B4F6-57966676B898,62FB0075-8042-4E1C-A642-AF22D0690FFD,Chinook,NA,Adult,UM,NA,NA,Released,3,Chinook_Adult_UM_Released,2021,9,38,NA,NA,NA,No,1,NA,Incomplete,11:20:00,NA,5F32514A-732A-4F90-8779-694F8250A065,2021-09-18,Nisqually River,District 11,Nisqually salmon 2021,539B75ED-A932-462F-AF4F-1449D25F1E0C,Drift,NA,NA,NA,NA,NA,NA,NA,NA,NA,NA,NA,2024-11-26T11:06:34Z,2024-11-26T19:06:34Z
88CF8C4E-2AB4-417F-B4F6-57966676B898,F8E84225-8063-4F0E-9B18-26CAD3A10ABA,Chinook,NA,Adult,AD,NA,NA,Released,1,Chinook_Adult_AD_Released,2021,9,38,NA,NA,NA,No,1,NA,Incomplete,11:20:00,NA,5F32514A-732A-4F90-8779-694F8250A065,2021-09-18,Nisqually River,District 11,Nisqually salmon 2021,539B75ED-A932-462F-AF4F-1449D25F1E0C,Drift,NA,NA,NA,NA,NA,NA,NA,NA,NA,NA,NA,2024-11-26T11:06:34Z,2024-11-26T19:06:34Z
FEE97031-174A-4578-B970-177554E5655D,CCF4179B-9061-483D-B4E8-EEAA78351830,Chinook,NA,Adult,AD,NA,NA,Kept,1,Chinook_Adult_AD_Kept,2021,9,38,345,NA,NA,No,2,690,Complete,06:00:00,11:45:00,BC859AFE-7C64-415F-B5F5-50244C6E1907,2021-09-18,Nisqually River,District 11,Nisqually salmon 2021,4BDCADB7-BCEA-4466-B56A-3701B32616EE,Drift,NA,NA,NA,NA,NA,NA,NA,NA,NA,NA,NA,2024-11-26T11:06:34Z,2024-11-26T19:06:34Z
1AFAD093-4363-4ED5-8285-0710ABB75B5A,1E210206-ADC3-4794-88E6-3B1B828B0249,Chinook,NA,Adult,AD,NA,NA,Released,2,Chinook_Adult_AD_Released,2021,9,38,210,NA,NA,Yes,2,420,Complete,06:30:00,10:00:00,BC859AFE-7C64-415F-B5F5-50244C6E1907,2021-09-18,Nisqually River,District 11,Nisqually salmon 2021,EF5D362E-B170-4C8A-9133-B5BE44A04908,Bobber,Bait,NA,NA,NA,NA,NA,NA,NA,NA,NA,NA,2024-11-26T11:06:34Z,2024-11-26T19:06:34Z
1AFAD093-4363-4ED5-8285-0710ABB75B5A,0830DC14-F6CB-454A-866F-929D4C992514,Chinook,NA,Adult,UM,NA,NA,Released,3,Chinook_Adult_UM_Released,2021,9,38,210,NA,NA,Yes,2,420,Complete,06:30:00,10:00:00,BC859AFE-7C64-415F-B5F5-50244C6E1907,2021-09-18,Nisqually River,District 11,Nisqually salmon 2021,EF5D362E-B170-4C8A-9133-B5BE44A04908,Bobber,Bait,NA,NA,NA,NA,NA,NA,NA,NA,NA,NA,2024-11-26T11:06:34Z,2024-11-26T19:06:34Z
1AFAD093-4363-4ED5-8285-0710ABB75B5A,BF19C6E8-D3AC-4B9B-89E5-0DD9F35D197F,Chinook,NA,Adult,AD,NA,NA,Kept,4,Chinook_Adult_AD_Kept,2021,9,38,210,NA,NA,Yes,2,420,Complete,06:30:00,10:00:00,BC859AFE-7C64-415F-B5F5-50244C6E1907,2021-09-18,Nisqually River,District 11,Nisqually salmon 2021,EF5D362E-B170-4C8A-9133-B5BE44A04908,Bobber,Bait,NA,NA,NA,NA,NA,NA,NA,NA,NA,NA,2024-11-26T11:06:34Z,2024-11-26T19:06:34Z
FA540639-6BF6-4D8C-B24A-8F0F2F280134,99E601A4-95E4-46AC-90B4-D2AD717197FC,Chinook,NA,Adult,AD,NA,NA,Kept,1,Chinook_Adult_AD_Kept,2021,9,38,300,NA,NA,No,2,600,Complete,06:00:00,11:00:00,BC859AFE-7C64-415F-B5F5-50244C6E1907,2021-09-18,Nisqually River,District 11,Nisqually salmon 2021,1204B43B-EFD8-40B6-B793-D9AA97D9F99A,Drift,NA,NA,NA,NA,NA,NA,NA,NA,NA,NA,NA,2024-11-26T11:06:34Z,2024-11-26T19:06:34Z
731F38A0-361A-4E0E-B335-C922D576419D,3299E750-9122-4896-9127-DB71E8BF8B90,Chinook,NA,Adult,UM,NA,NA,Released,2,Chinook_Adult_UM_Released,2021,9,38,200,NA,NA,No,1,200,Complete,06:30:00,09:50:00,BC859AFE-7C64-415F-B5F5-50244C6E1907,2021-09-18,Nisqually River,District 11,Nisqually salmon 2021,366C7FD1-324D-4BFC-84C9-C5B8DE717802,Drift,NA,NA,NA,NA,NA,NA,NA,NA,NA,NA,NA,2024-11-26T11:06:34Z,2024-11-26T19:06:34Z
F05C765C-99A2-484A-B155-44DF09C15905,8D85B9E9-2741-440C-B778-2F374B06358C,Chinook,NA,Adult,AD,NA,NA,Kept,1,Chinook_Adult_AD_Kept,2021,9,38,195,NA,NA,No,2,390,Complete,07:00:00,10:15:00,BC859AFE-7C64-415F-B5F5-50244C6E1907,2021-09-18,Nisqually River,District 11,Nisqually salmon 2021,52381EE7-F571-423E-B510-E85B2EB38F25,Drift,NA,NA,NA,NA,NA,NA,NA,NA,NA,NA,NA,2024-11-26T11:06:34Z,2024-11-26T19:06:34Z
9D3436D2-6058-440A-A748-0CBDDE4BF985,48E9056E-3C34-4483-91AA-CA80FB3081AF,Chinook,NA,Adult,UM,NA,NA,Released,1,Chinook_Adult_UM_Released,2021,9,38,250,NA,NA,No,2,500,Complete,06:30:00,10:40:00,BC859AFE-7C64-415F-B5F5-50244C6E1907,2021-09-18,Nisqually River,District 11,Nisqually salmon 2021,51A7BACF-2F88-49A8-92DB-20559767627E,Drift,NA,NA,NA,NA,NA,NA,NA,NA,NA,NA,NA,2024-11-26T11:06:34Z,2024-11-26T19:06:34Z
2B1E3A21-235F-4619-A2FD-9DC6BF5BAEBA,5319C0AF-5107-4585-AC4C-684355D3BB18,Chinook,NA,Adult,AD,NA,NA,Released,1,Chinook_Adult_AD_Released,2021,9,38,380,NA,NA,No,1,380,Complete,09:00:00,15:20:00,BC859AFE-7C64-415F-B5F5-50244C6E1907,2021-09-18,Nisqually River,District 11,Nisqually salmon 2021,40CC88F3-FE97-406F-ACFA-721DBDABE753,Drift,NA,NA,NA,NA,NA,NA,NA,NA,NA,NA,NA,2024-11-26T11:06:34Z,2024-11-26T19:06:34Z
2E522EC9-E25A-4E23-9F54-04A6C7063CD9,27FB208F-00C0-4335-9906-2AF111C9CEBF,Chinook,NA,Adult,AD,NA,NA,Kept,1,Chinook_Adult_AD_Kept,2021,9,38,390,NA,NA,No,1,390,Complete,09:30:00,16:00:00,BC859AFE-7C64-415F-B5F5-50244C6E1907,2021-09-18,Nisqually River,District 11,Nisqually salmon 2021,17236689-F9CA-4105-B33D-70B34596B4C5,Drift,NA,NA,NA,NA,NA,NA,NA,NA,NA,NA,NA,2024-11-26T11:06:34Z,2024-11-26T19:06:34Z
58B8AE8E-95A9-4F72-8CC5-B871A8F8C46A,F4E1ECEE-7485-406C-AD6F-5A8E45825041,Chinook,NA,Adult,AD,NA,NA,Kept,1,Chinook_Adult_AD_Kept,2021,9,38,390,NA,NA,No,2,780,Complete,06:30:00,13:00:00,BC859AFE-7C64-415F-B5F5-50244C6E1907,2021-09-18,Nisqually River,District 11,Nisqually salmon 2021,2C061565-9C90-4A9F-82E8-E5619BE79676,Drift,NA,NA,NA,NA,NA,NA,NA,NA,NA,NA,NA,2024-11-26T11:06:34Z,2024-11-26T19:06:34Z
511E2BD4-585F-41C1-8C98-9865231852EB,56A12B86-1853-444E-A2BB-EB28667BE59D,Chinook,NA,Adult,AD,NA,NA,Kept,1,Chinook_Adult_AD_Kept,2021,9,38,225,NA,NA,No,1,225,Complete,11:00:00,14:45:00,BC859AFE-7C64-415F-B5F5-50244C6E1907,2021-09-18,Nisqually River,District 11,Nisqually salmon 2021,EF026D9A-C119-4871-982F-DF6DE30CEE0A,Drift,NA,NA,NA,NA,NA,NA,NA,NA,NA,NA,NA,2024-11-26T11:06:34Z,2024-11-26T19:06:34Z
F13B6D47-C012-45AB-BFBC-223E9171F0B0,1135FB3D-A109-4E3D-BEA6-DBA700E7797D,Chinook,NA,Adult,AD,NA,NA,Kept,1,Chinook_Adult_AD_Kept,2021,9,38,440,NA,NA,No,1,440,Complete,07:30:00,14:50:00,BC859AFE-7C64-415F-B5F5-50244C6E1907,2021-09-18,Nisqually River,District 11,Nisqually salmon 2021,A669BBC5-F807-4BEF-AC8D-6366278DBBCE,Drift,NA,NA,NA,NA,NA,NA,NA,NA,NA,NA,NA,2024-11-26T11:06:34Z,2024-11-26T19:06:34Z
F13B6D47-C012-45AB-BFBC-223E9171F0B0,C329438A-D8E5-46A3-B87B-690D60C928E2,Chinook,NA,Adult,AD,NA,NA,Released,1,Chinook_Adult_AD_Released,2021,9,38,440,NA,NA,No,1,440,Complete,07:30:00,14:50:00,BC859AFE-7C64-415F-B5F5-50244C6E1907,2021-09-18,Nisqually River,District 11,Nisqually salmon 2021,A669BBC5-F807-4BEF-AC8D-6366278DBBCE,Drift,NA,NA,NA,NA,NA,NA,NA,NA,NA,NA,NA,2024-11-26T11:06:34Z,2024-11-26T19:06:34Z
BE7773C9-581B-4FD2-9578-5C9991438E45,72805D6A-5A8E-4A4E-B0D7-0C1E0181BC30,Chinook,NA,Adult,AD,NA,NA,Kept,1,Chinook_Adult_AD_Kept,2021,9,38,180,NA,NA,No,1,180,Complete,13:10:00,16:10:00,BC859AFE-7C64-415F-B5F5-50244C6E1907,2021-09-18,Nisqually River,District 11,Nisqually salmon 2021,0B337BEC-DDCA-42F4-A925-2BA9055C3FF5,Drift,NA,NA,NA,NA,NA,NA,NA,NA,NA,NA,NA,2024-11-26T11:06:34Z,2024-11-26T19:06:34Z
C1493372-9FBA-4953-99C1-4E52ADF8F6A1,7B8EA5C5-29AF-48E8-B635-223E0067BEB8,Chinook,NA,Adult,AD,NA,NA,Released,2,Chinook_Adult_AD_Released,2021,9,38,360,NA,NA,No,1,360,Complete,11:00:00,17:00:00,BC859AFE-7C64-415F-B5F5-50244C6E1907,2021-09-18,Nisqually River,District 11,Nisqually salmon 2021,8C68F851-D1B4-4019-80DF-9ED8593A4023,Drift,NA,NA,NA,NA,NA,NA,NA,NA,NA,NA,NA,2024-11-26T11:06:34Z,2024-11-26T19:06:34Z
5C1785DB-A415-4B1E-97B1-263E53041EE2,4AFFC3D8-8146-4C1E-BC48-D0BDD869497E,Chinook,NA,Adult,AD,NA,NA,Released,1,Chinook_Adult_AD_Released,2021,9,38,310,NA,NA,No,1,310,Complete,07:00:00,12:10:00,F6C4D90C-7206-4850-9C61-B1DD26226D00,2021-09-18,Nisqually River,District 11,Nisqually salmon 2021,06974661-643D-4B00-86DB-D63B90DC7755,Drift,NA,NA,NA,NA,NA,NA,NA,NA,NA,NA,NA,2024-11-26T11:06:34Z,2024-11-26T19:06:34Z
C18C4678-1C3A-4074-BD3D-A3C35E33F649,EAFF1443-DC1A-44D6-9303-FD3DCCD655B1,Chinook,NA,Adult,AD,NA,NA,Released,3,Chinook_Adult_AD_Released,2021,9,38,455,NA,NA,No,1,455,Complete,05:55:00,13:30:00,F6C4D90C-7206-4850-9C61-B1DD26226D00,2021-09-18,Nisqually River,District 11,Nisqually salmon 2021,0B7CF974-CE7B-4316-AC0E-6FF010F51EB7,Drift,NA,NA,NA,NA,NA,NA,NA,NA,NA,NA,NA,2024-11-26T11:06:34Z,2024-11-26T19:06:34Z
004B6C66-439C-4C7A-9549-E53809E0AE56,A9AFA2DE-0AA1-4631-9F20-E0317DD99312,Chinook,NA,Adult,AD,NA,NA,Kept,1,Chinook_Adult_AD_Kept,2021,9,38,440,NA,NA,No,2,880,Complete,06:15:00,13:35:00,F6C4D90C-7206-4850-9C61-B1DD26226D00,2021-09-18,Nisqually River,District 11,Nisqually salmon 2021,24546BF7-AE32-4182-9C45-CB31CBE7D605,Drift,NA,NA,NA,NA,NA,NA,NA,NA,NA,NA,NA,2024-11-26T11:06:34Z,2024-11-26T19:06:34Z
AF4646FD-CF69-4EEF-B744-47AA5B394AEC,D67C7419-9E51-4981-9817-FE0A6D9BAE21,Chinook,NA,Adult,AD,NA,NA,Released,1,Chinook_Adult_AD_Released,2021,9,38,295,NA,NA,No,1,295,Complete,06:30:00,11:25:00,F6C4D90C-7206-4850-9C61-B1DD26226D00,2021-09-18,Nisqually River,District 11,Nisqually salmon 2021,D356D39F-8111-471E-AEFD-E8A182D45DDD,Drift,NA,NA,NA,NA,NA,NA,NA,NA,NA,NA,NA,2024-11-26T11:06:34Z,2024-11-26T19:06:34Z
0091F6CF-FE8C-416F-9597-43CB99741255,9E3EF87B-245E-47C3-9110-430308BBF441,Chinook,NA,Adult,AD,NA,NA,Released,1,Chinook_Adult_AD_Released,2021,9,38,215,NA,NA,No,1,215,Complete,06:00:00,09:35:00,F6C4D90C-7206-4850-9C61-B1DD26226D00,2021-09-18,Nisqually River,District 11,Nisqually salmon 2021,6CA75EA2-8C33-4138-993E-267DBD44F7AC,Drift,NA,NA,NA,NA,NA,NA,NA,NA,NA,NA,NA,2024-11-26T11:06:34Z,2024-11-26T19:06:34Z
233777E2-D953-4752-B314-8CE6F273D593,7405324D-1100-4710-98D0-E24BA55B63DC,Chinook,NA,Adult,UM,NA,NA,Released,1,Chinook_Adult_UM_Released,2021,9,38,210,NA,NA,No,1,210,Complete,06:00:00,09:30:00,F6C4D90C-7206-4850-9C61-B1DD26226D00,2021-09-18,Nisqually River,District 11,Nisqually salmon 2021,931FC6B2-D060-4167-9C11-8792DF11745C,Drift,NA,NA,NA,NA,NA,NA,NA,NA,NA,NA,NA,2024-11-26T11:06:34Z,2024-11-26T19:06:34Z
51CD74D0-627A-4C41-A042-1A124205D345,2FBD962D-452D-4476-8AD1-05411113DAA1,Chinook,NA,Adult,AD,NA,NA,Kept,2,Chinook_Adult_AD_Kept,2021,9,38,420,NA,NA,No,2,840,Complete,10:00:00,17:00:00,083DFCAC-ACA6-43B8-8374-B09633CAF594,2021-09-17,Nisqually River,District 11,Nisqually salmon 2021,20A9EF3F-11B6-4051-8B41-05471377C48A,Drift,NA,NA,NA,NA,NA,NA,NA,NA,NA,NA,NA,2024-11-26T11:06:34Z,2024-11-26T19:06:34Z
51CD74D0-627A-4C41-A042-1A124205D345,30BE21AB-0155-45A4-8F0C-2513F33FB762,Chinook,NA,Adult,UM,NA,NA,Released,2,Chinook_Adult_UM_Released,2021,9,38,420,NA,NA,No,2,840,Complete,10:00:00,17:00:00,083DFCAC-ACA6-43B8-8374-B09633CAF594,2021-09-17,Nisqually River,District 11,Nisqually salmon 2021,20A9EF3F-11B6-4051-8B41-05471377C48A,Drift,NA,NA,NA,NA,NA,NA,NA,NA,NA,NA,NA,2024-11-26T11:06:34Z,2024-11-26T19:06:34Z
E717508D-B30C-452A-A38C-B993E5BF252D,2CD6F32E-23C3-4EF6-A2FE-45765B60F93B,Chinook,NA,Adult,UM,NA,NA,Released,2,Chinook_Adult_UM_Released,2021,9,38,455,NA,NA,Yes,3,1365,Complete,07:30:00,15:05:00,083DFCAC-ACA6-43B8-8374-B09633CAF594,2021-09-17,Nisqually River,District 11,Nisqually salmon 2021,6ACABFD9-36DD-48BE-A8EA-32C2F1450076,Bobber,Bait,NA,NA,NA,NA,NA,NA,NA,NA,NA,NA,2024-11-26T11:06:34Z,2024-11-26T19:06:34Z
E717508D-B30C-452A-A38C-B993E5BF252D,59E7EC00-1D34-43B4-A737-E79D0FD2E74C,Chinook,NA,Adult,AD,NA,NA,Kept,3,Chinook_Adult_AD_Kept,2021,9,38,455,NA,NA,Yes,3,1365,Complete,07:30:00,15:05:00,083DFCAC-ACA6-43B8-8374-B09633CAF594,2021-09-17,Nisqually River,District 11,Nisqually salmon 2021,6ACABFD9-36DD-48BE-A8EA-32C2F1450076,Bobber,Bait,NA,NA,NA,NA,NA,NA,NA,NA,NA,NA,2024-11-26T11:06:34Z,2024-11-26T19:06:34Z
6792CC3D-E670-4E6C-9927-1C73FD0B32AC,5774B3EA-FAC0-44B5-B036-648D6583F5D9,Chinook,NA,Adult,UM,NA,NA,Released,5,Chinook_Adult_UM_Released,2021,9,38,570,NA,NA,Yes,2,1140,Complete,06:30:00,16:00:00,083DFCAC-ACA6-43B8-8374-B09633CAF594,2021-09-17,Nisqually River,District 11,Nisqually salmon 2021,CDE03A0F-B361-44FA-A0C6-B04841BFBC36,Bobber,Bait,NA,NA,NA,NA,NA,NA,NA,NA,NA,NA,2024-11-26T11:06:34Z,2024-11-26T19:06:34Z
6792CC3D-E670-4E6C-9927-1C73FD0B32AC,4F65FD80-D5C1-4613-99E4-2027BA38EB09,Chinook,NA,Adult,AD,NA,NA,Kept,3,Chinook_Adult_AD_Kept,2021,9,38,570,NA,NA,Yes,2,1140,Complete,06:30:00,16:00:00,083DFCAC-ACA6-43B8-8374-B09633CAF594,2021-09-17,Nisqually River,District 11,Nisqually salmon 2021,CDE03A0F-B361-44FA-A0C6-B04841BFBC36,Bobber,Bait,NA,NA,NA,NA,NA,NA,NA,NA,NA,NA,2024-11-26T11:06:34Z,2024-11-26T19:06:34Z
639AAB9E-D059-4C83-BDAA-B7424E1107C2,E012C038-1649-44F4-9A04-1C50F808E5AF,Chinook,NA,Adult,AD,NA,NA,Kept,2,Chinook_Adult_AD_Kept,2021,9,38,90,NA,NA,No,1,90,Complete,14:00:00,15:30:00,083DFCAC-ACA6-43B8-8374-B09633CAF594,2021-09-17,Nisqually River,District 11,Nisqually salmon 2021,4B324E54-1AD1-4B3F-85E9-6A11A1EC5AEA,Drift,NA,NA,NA,NA,NA,NA,NA,NA,NA,NA,NA,2024-11-26T11:06:34Z,2024-11-26T19:06:34Z
083E16A1-52AF-4194-AB05-DBC0FAC9CA6E,6CAFCBA0-062B-40FC-B779-DEEB90AB0691,Chinook,NA,Adult,AD,NA,NA,Kept,2,Chinook_Adult_AD_Kept,2021,9,38,60,NA,NA,No,1,60,Complete,14:30:00,15:30:00,083DFCAC-ACA6-43B8-8374-B09633CAF594,2021-09-17,Nisqually River,District 11,Nisqually salmon 2021,0FAC4E18-2B5B-4D69-95A0-9A2F0F7199CF,Drift,NA,NA,NA,NA,NA,NA,NA,NA,NA,NA,NA,2024-11-26T11:06:34Z,2024-11-26T19:06:34Z
B701775B-8407-4335-9354-293E485CE43E,93D66293-14D1-4A6D-9477-38036009A44B,Chinook,NA,Adult,AD,NA,NA,Kept,1,Chinook_Adult_AD_Kept,2021,9,38,80,NA,NA,No,1,80,Complete,12:00:00,13:20:00,2EC36A22-9909-4BF3-8294-81AE6ED807D8,2021-09-17,Nisqually River,District 11,Nisqually salmon 2021,E08B4102-BA7B-4E65-A106-3577264C95AC,Drift,NA,NA,NA,NA,NA,NA,NA,NA,NA,NA,NA,2024-11-26T11:06:34Z,2024-11-26T19:06:34Z
FA56798E-D130-4E64-BD47-30211161B422,63287F69-7A68-4A4D-BB55-60A7E6265A2F,Chinook,NA,Adult,AD,NA,NA,Released,1,Chinook_Adult_AD_Released,2021,9,38,NA,NA,NA,No,1,NA,Incomplete,10:00:00,NA,2EC36A22-9909-4BF3-8294-81AE6ED807D8,2021-09-17,Nisqually River,District 11,Nisqually salmon 2021,2E6EFC90-033E-4EFE-9BDC-AF05424DD851,Drift,NA,NA,NA,NA,NA,NA,NA,NA,NA,NA,NA,2024-11-26T11:06:34Z,2024-11-26T19:06:34Z
FC4B4A0C-F47E-4932-9D62-92404AF369C8,1EC41CAF-D902-4C5F-AEC8-56B7A8DEFE14,Chinook,NA,Adult,AD,NA,NA,Kept,1,Chinook_Adult_AD_Kept,2021,9,38,NA,NA,NA,No,1,NA,Incomplete,07:00:00,NA,2EC36A22-9909-4BF3-8294-81AE6ED807D8,2021-09-17,Nisqually River,District 11,Nisqually salmon 2021,A7E553A8-CBF7-4EEE-916E-B024C52CE781,Drift,NA,NA,NA,NA,NA,NA,NA,NA,NA,NA,NA,2024-11-26T11:06:34Z,2024-11-26T19:06:34Z
1F025868-03A2-4B43-A793-DCB9C6BF1A25,621FF504-BF08-4DCD-BCA2-0098CFFE1DEF,Chinook,NA,Adult,UM,NA,NA,Released,2,Chinook_Adult_UM_Released,2021,9,38,360,NA,NA,No,1,360,Complete,07:00:00,13:00:00,2EC36A22-9909-4BF3-8294-81AE6ED807D8,2021-09-17,Nisqually River,District 11,Nisqually salmon 2021,6B6DFCBB-D4BA-4B8F-8DE6-1B4795F66EAC,Drift,NA,NA,NA,NA,NA,NA,NA,NA,NA,NA,NA,2024-11-26T11:06:34Z,2024-11-26T19:06:34Z
5C03617E-C63C-4B25-9C43-ED009FFF5547,53BE1556-DE97-4AEC-8B8C-A9D384B83E70,Chinook,NA,Adult,AD,NA,NA,Kept,1,Chinook_Adult_AD_Kept,2021,9,38,84,NA,NA,No,1,84,Complete,11:30:00,12:54:00,2EC36A22-9909-4BF3-8294-81AE6ED807D8,2021-09-17,Nisqually River,District 11,Nisqually salmon 2021,5147C2D9-D9C2-4BD7-A52A-6A35D888BC2C,Drift,NA,NA,NA,NA,NA,NA,NA,NA,NA,NA,NA,2024-11-26T11:06:34Z,2024-11-26T19:06:34Z
5C784DAA-8DF1-4570-A0C6-B4B9FE67C7D2,13CE4AF8-D064-41B1-821F-DECF4900B530,Chinook,NA,Adult,AD,NA,NA,Released,1,Chinook_Adult_AD_Released,2021,9,38,300,NA,NA,Yes,1,300,Complete,07:00:00,12:00:00,2EC36A22-9909-4BF3-8294-81AE6ED807D8,2021-09-17,Nisqually River,District 11,Nisqually salmon 2021,DA70B69E-8424-4654-BEB2-4612D772E6B4,Bobber,Bait,NA,NA,NA,NA,NA,NA,NA,NA,NA,NA,2024-11-26T11:06:34Z,2024-11-26T19:06:34Z
FEA6B0A8-CA8C-497E-B9B3-01214255FD5C,EDE6B4A6-90BB-455E-98B1-E0DB0FD60B95,Chinook,NA,Jack,AD,NA,NA,Kept,1,Chinook_Jack_AD_Kept,2021,9,38,355,NA,NA,No,1,355,Complete,08:00:00,13:55:00,EC6152B1-191F-4182-AA12-8FDD74866A47,2021-09-17,Nisqually River,District 11,Nisqually salmon 2021,C05AAA84-E576-4BEC-BDC0-B0BBDF122364,Drift,NA,NA,NA,NA,NA,NA,NA,NA,NA,NA,NA,2024-11-26T11:06:34Z,2024-11-26T19:06:34Z
B106DC59-13BB-47A1-AF5F-ED84C9DECF62,D3FB3F8E-0E0D-4EF8-8D46-1FA3D402760D,Chinook,NA,Adult,AD,NA,NA,Kept,1,Chinook_Adult_AD_Kept,2021,9,38,40,NA,NA,No,1,40,Complete,12:15:00,12:55:00,EC6152B1-191F-4182-AA12-8FDD74866A47,2021-09-17,Nisqually River,District 11,Nisqually salmon 2021,BB36DA0C-8A1A-4A45-B6F1-9E8792B75504,Drift,NA,NA,NA,NA,NA,NA,NA,NA,NA,NA,NA,2024-11-26T11:06:34Z,2024-11-26T19:06:34Z
8A68D23C-5D4C-488A-B86F-BE1D89F2907A,0E920DF9-2E8F-47DC-9862-D83552E1C9CE,Chinook,NA,Adult,AD,NA,NA,Kept,1,Chinook_Adult_AD_Kept,2021,9,38,100,NA,NA,No,1,100,Complete,14:15:00,15:55:00,EC6152B1-191F-4182-AA12-8FDD74866A47,2021-09-17,Nisqually River,District 11,Nisqually salmon 2021,1263F85B-A849-4EB2-869E-79A4E10D41CD,Drift,NA,NA,NA,NA,NA,NA,NA,NA,NA,NA,NA,2024-11-26T11:06:34Z,2024-11-26T19:06:34Z
34EA5985-DBB2-4B50-9052-76B7B08CDF0D,2AE34EF3-0A7C-404B-BAE7-24275EE1B203,Chinook,NA,Adult,UM,NA,NA,Released,1,Chinook_Adult_UM_Released,2021,9,38,465,NA,NA,No,1,465,Complete,08:00:00,15:45:00,EC6152B1-191F-4182-AA12-8FDD74866A47,2021-09-17,Nisqually River,District 11,Nisqually salmon 2021,80C98022-BDB5-458F-B6EB-A53FF6339CAE,Drift,NA,NA,NA,NA,NA,NA,NA,NA,NA,NA,NA,2024-11-26T11:06:34Z,2024-11-26T19:06:34Z
9C492BFB-14C2-44E7-A2E1-21C17702BB98,739087EF-444D-458C-AB8B-E12D77871B9D,Chinook,NA,Jack,AD,NA,NA,Kept,1,Chinook_Jack_AD_Kept,2021,9,38,165,NA,NA,No,1,165,Complete,06:10:00,08:55:00,EC6152B1-191F-4182-AA12-8FDD74866A47,2021-09-17,Nisqually River,District 11,Nisqually salmon 2021,DBAA38CE-4BB5-4A62-BB8D-0FE583C428A2,Drift,NA,NA,NA,NA,NA,NA,NA,NA,NA,NA,NA,2024-11-26T11:06:34Z,2024-11-26T19:06:34Z
71D7A95F-4E93-4447-8A39-FFAE43F06E8E,3137C70A-0565-4BE7-8061-CF39DC595616,Chinook,NA,Adult,UM,NA,NA,Released,1,Chinook_Adult_UM_Released,2021,9,38,120,NA,NA,No,1,120,Complete,07:00:00,09:00:00,EC6152B1-191F-4182-AA12-8FDD74866A47,2021-09-17,Nisqually River,District 11,Nisqually salmon 2021,876CC2FE-877F-4441-B07C-C2BDD6363320,Drift,NA,NA,NA,NA,NA,NA,NA,NA,NA,NA,NA,2024-11-26T11:06:34Z,2024-11-26T19:06:34Z
6FCC41E9-605F-413E-92C7-E631CAEAAE62,90281ABB-26CE-41A7-8F64-2E93774CBCFA,Chinook,NA,Adult,AD,NA,NA,Kept,2,Chinook_Adult_AD_Kept,2021,9,38,160,NA,NA,No,1,160,Complete,06:00:00,08:40:00,EC6152B1-191F-4182-AA12-8FDD74866A47,2021-09-17,Nisqually River,District 11,Nisqually salmon 2021,1ED57D7C-AE39-413B-B7CD-14640C3864E3,Drift,NA,NA,NA,NA,NA,NA,NA,NA,NA,NA,NA,2024-11-26T11:06:34Z,2024-11-26T19:06:34Z
A66D3B60-34A4-4985-ACE8-50E267C5E9AA,5DE59FF6-0099-4013-BB24-6817FBDF8A8F,Chinook,NA,Adult,AD,NA,NA,Kept,1,Chinook_Adult_AD_Kept,2021,9,38,100,NA,NA,No,1,100,Complete,06:15:00,07:55:00,EC6152B1-191F-4182-AA12-8FDD74866A47,2021-09-17,Nisqually River,District 11,Nisqually salmon 2021,F54D1B2C-3787-4C29-82E7-306ADE7124D7,Drift,NA,NA,NA,NA,NA,NA,NA,NA,NA,NA,NA,2024-11-26T11:06:34Z,2024-11-26T19:06:34Z
6B089DA3-6E60-4137-B92B-3855EF247F35,8B80F283-A60D-4890-8BFD-4E98839F0914,Chinook,NA,Adult,UM,NA,NA,Released,1,Chinook_Adult_UM_Released,2021,9,38,60,NA,NA,No,1,60,Complete,10:30:00,11:30:00,EC6152B1-191F-4182-AA12-8FDD74866A47,2021-09-17,Nisqually River,District 11,Nisqually salmon 2021,F91B3D71-0240-42FE-A386-15DE0A4CC191,Drift,NA,NA,NA,NA,NA,NA,NA,NA,NA,NA,NA,2024-11-26T11:06:34Z,2024-11-26T19:06:34Z
1B5834C6-B6E4-45FB-B1B7-DEB8265E2AD0,37B31DAC-D1D0-441A-9478-5472B56FD8F8,Chinook,NA,Adult,AD,NA,NA,Kept,1,Chinook_Adult_AD_Kept,2021,9,37,285,NA,NA,No,1,285,Complete,08:00:00,12:45:00,E8FABFD1-E6AA-45DA-B0BA-3F24B6CE5507,2021-09-15,Nisqually River,District 11,Nisqually salmon 2021,AE33A85F-CD0B-4589-99EC-98EEF064FA22,Drift,NA,NA,NA,NA,NA,NA,NA,NA,NA,NA,NA,2024-11-26T11:06:34Z,2024-11-26T19:06:34Z
7DE3CE26-5197-4D62-83DF-66D9855DA09C,772387D7-6FB6-419D-B9E8-8170E11D4D38,Chinook,NA,Adult,UM,NA,NA,Released,1,Chinook_Adult_UM_Released,2021,9,37,NA,NA,NA,No,2,NA,Incomplete,06:00:00,NA,E8FABFD1-E6AA-45DA-B0BA-3F24B6CE5507,2021-09-15,Nisqually River,District 11,Nisqually salmon 2021,9A573846-E431-4DC5-BC8A-18FEDE896A1D,Drift,NA,NA,NA,NA,NA,NA,NA,NA,NA,NA,NA,2024-11-26T11:06:34Z,2024-11-26T19:06:34Z
90E0C1BE-159D-40E0-BBAD-E104B44FBB8F,B5A26874-B085-4091-A408-42864D72832E,Chinook,NA,Adult,AD,NA,NA,Kept,1,Chinook_Adult_AD_Kept,2021,9,37,230,NA,NA,No,1,230,Complete,05:50:00,09:40:00,E8FABFD1-E6AA-45DA-B0BA-3F24B6CE5507,2021-09-15,Nisqually River,District 11,Nisqually salmon 2021,219B2537-BADD-4D54-BA44-D301B28C93DA,Drift,NA,NA,NA,NA,NA,NA,NA,NA,NA,NA,NA,2024-11-26T11:06:34Z,2024-11-26T19:06:34Z
64074EB0-7C12-44F9-8DCE-9CF864864135,027BD551-AAD7-4113-97B3-E8E991165173,Chinook,NA,Adult,UM,NA,NA,Released,1,Chinook_Adult_UM_Released,2021,9,37,390,NA,NA,No,1,390,Complete,06:30:00,13:00:00,FB4E21C4-B5DE-4ABE-89C0-5052DF511203,2021-09-15,Nisqually River,District 11,Nisqually salmon 2021,D02B0B20-A0FF-440B-86AF-F8E1126E0C32,Drift,NA,NA,NA,NA,NA,NA,NA,NA,NA,NA,NA,2024-11-26T11:06:34Z,2024-11-26T19:06:34Z
950A514D-64A6-43F6-ABD7-E9F63048F971,8861533D-C817-42B7-86EE-34F2904F7717,Chinook,NA,Adult,AD,NA,NA,Released,2,Chinook_Adult_AD_Released,2021,9,37,420,NA,NA,No,1,420,Complete,06:00:00,13:00:00,FB4E21C4-B5DE-4ABE-89C0-5052DF511203,2021-09-15,Nisqually River,District 11,Nisqually salmon 2021,0E1EE924-125B-434F-8F2B-B2D8906103EC,Drift,NA,NA,NA,NA,NA,NA,NA,NA,NA,NA,NA,2024-11-26T11:06:34Z,2024-11-26T19:06:34Z
105883A3-8189-4160-9750-AA07E2D1BCA8,8CB8CDD2-BD84-4F89-BB09-883510B42577,Chinook,NA,Adult,AD,NA,NA,Released,1,Chinook_Adult_AD_Released,2021,9,37,165,NA,NA,No,2,330,Complete,09:00:00,11:45:00,FB4E21C4-B5DE-4ABE-89C0-5052DF511203,2021-09-15,Nisqually River,District 11,Nisqually salmon 2021,DE836C50-92D5-494C-BE94-F1B68B3C1B65,Drift,NA,NA,NA,NA,NA,NA,NA,NA,NA,NA,NA,2024-11-26T11:06:34Z,2024-11-26T19:06:34Z
069CCD05-9989-45CF-891A-31AB8DC664AB,6AF67900-F195-4051-85D3-EA06146250A4,Chinook,NA,Adult,UM,NA,NA,Released,2,Chinook_Adult_UM_Released,2021,9,37,210,NA,NA,No,1,210,Complete,10:30:00,14:00:00,FB4E21C4-B5DE-4ABE-89C0-5052DF511203,2021-09-15,Nisqually River,District 11,Nisqually salmon 2021,2C427DD9-2C01-4892-AA41-063455C21724,Drift,NA,NA,NA,NA,NA,NA,NA,NA,NA,NA,NA,2024-11-26T11:06:34Z,2024-11-26T19:06:34Z
4D1013F4-248D-453C-B510-624D89373706,3F95BBCA-CB3B-4B59-AF1A-A70D3174FB88,Chinook,NA,Adult,AD,NA,NA,Kept,4,Chinook_Adult_AD_Kept,2021,9,37,380,NA,NA,Yes,3,1140,Complete,08:00:00,14:20:00,FB4E21C4-B5DE-4ABE-89C0-5052DF511203,2021-09-15,Nisqually River,District 11,Nisqually salmon 2021,E5A42AB3-DC7F-4D41-8085-3BE96ADCB9A6,Bobber,Bait,NA,NA,NA,NA,NA,NA,NA,NA,NA,NA,2024-11-26T11:06:34Z,2024-11-26T19:06:34Z
4D1013F4-248D-453C-B510-624D89373706,6727CB78-84AC-4644-9440-C3B5949FAB29,Chinook,NA,Adult,UM,NA,NA,Released,3,Chinook_Adult_UM_Released,2021,9,37,380,NA,NA,Yes,3,1140,Complete,08:00:00,14:20:00,FB4E21C4-B5DE-4ABE-89C0-5052DF511203,2021-09-15,Nisqually River,District 11,Nisqually salmon 2021,E5A42AB3-DC7F-4D41-8085-3BE96ADCB9A6,Bobber,Bait,NA,NA,NA,NA,NA,NA,NA,NA,NA,NA,2024-11-26T11:06:34Z,2024-11-26T19:06:34Z
EB26D191-02CD-47CC-8F87-2658C690D74E,52125A62-0410-47E5-B1BC-3BE3AF2B1346,Chinook,NA,Adult,AD,NA,NA,Kept,1,Chinook_Adult_AD_Kept,2021,9,37,120,NA,NA,No,1,120,Complete,15:30:00,17:30:00,FB4E21C4-B5DE-4ABE-89C0-5052DF511203,2021-09-15,Nisqually River,District 11,Nisqually salmon 2021,6F480E34-6E2F-4F06-BB98-22FEFCEDE2D5,Drift,NA,NA,NA,NA,NA,NA,NA,NA,NA,NA,NA,2024-11-26T11:06:34Z,2024-11-26T19:06:34Z
1BA151CB-16F9-43E0-A82C-918AC12C5125,66919A05-C83E-4328-9F9C-B8F501ECB0FB,Chinook,NA,Adult,UM,NA,NA,Released,2,Chinook_Adult_UM_Released,2021,9,37,NA,NA,NA,No,1,NA,Incomplete,08:00:00,NA,FB4E21C4-B5DE-4ABE-89C0-5052DF511203,2021-09-15,Nisqually River,District 11,Nisqually salmon 2021,7AE63C12-6CF6-45D5-B3D3-6339E2C95B9C,Drift,NA,NA,NA,NA,NA,NA,NA,NA,NA,NA,NA,2024-11-26T11:06:34Z,2024-11-26T19:06:34Z
020DB346-5EC9-47C4-8D57-E256FE9CE21A,75B66758-7D7F-4ED7-BA17-ADA2FE456648,Chinook,NA,Adult,UM,NA,NA,Released,1,Chinook_Adult_UM_Released,2021,9,37,60,NA,NA,No,1,60,Complete,13:00:00,14:00:00,FB4E21C4-B5DE-4ABE-89C0-5052DF511203,2021-09-15,Nisqually River,District 11,Nisqually salmon 2021,B19CF997-E3D4-4ED2-9503-B0F451BF0FD6,Drift,NA,NA,NA,NA,NA,NA,NA,NA,NA,NA,NA,2024-11-26T11:06:34Z,2024-11-26T19:06:34Z
0D1E65AD-B0ED-42E7-850A-8FDFC36BCB37,B5D65380-4491-4ACB-839D-AE5743A27932,Chinook,NA,Adult,AD,NA,NA,Kept,1,Chinook_Adult_AD_Kept,2021,9,37,395,NA,NA,No,1,395,Complete,06:00:00,12:35:00,FC9F76CD-5A50-49BA-95D9-FF9DE6F1D3AC,2021-09-15,Nisqually River,District 11,Nisqually salmon 2021,EEC487EF-8874-43A1-A361-95509B5D0A3D,Drift,NA,NA,NA,NA,NA,NA,NA,NA,NA,NA,NA,2024-11-26T11:06:34Z,2024-11-26T19:06:34Z
FBE0B78B-1052-438B-B948-A4A822729AA3,F12A075F-3B27-4D93-A1E3-E0E0CE8F800C,Chinook,NA,Adult,AD,NA,NA,Kept,1,Chinook_Adult_AD_Kept,2021,9,37,225,NA,NA,No,1,225,Complete,08:00:00,11:45:00,FC9F76CD-5A50-49BA-95D9-FF9DE6F1D3AC,2021-09-15,Nisqually River,District 11,Nisqually salmon 2021,0843B295-04B6-4275-B359-D9621A18CC83,Drift,NA,NA,NA,NA,NA,NA,NA,NA,NA,NA,NA,2024-11-26T11:06:34Z,2024-11-26T19:06:34Z
F6B7129F-F4F8-4CA2-8CEB-38B9101F536B,44F86DF4-EC8E-42DA-A2BF-FA3C0BAD8922,Chinook,NA,Adult,UM,NA,NA,Released,2,Chinook_Adult_UM_Released,2021,9,37,210,NA,NA,No,1,210,Complete,08:00:00,11:30:00,FC9F76CD-5A50-49BA-95D9-FF9DE6F1D3AC,2021-09-15,Nisqually River,District 11,Nisqually salmon 2021,F94F629F-5C75-4504-8631-2929BA9A5E20,Drift,NA,NA,NA,NA,NA,NA,NA,NA,NA,NA,NA,2024-11-26T11:06:34Z,2024-11-26T19:06:34Z
7B2D3855-EAEC-4EC8-80A8-F51860024487,3630A967-4ABD-4753-A685-DC7734F9ED0B,Chinook,NA,Adult,UM,NA,NA,Released,1,Chinook_Adult_UM_Released,2021,9,37,325,NA,NA,No,2,650,Complete,06:00:00,11:25:00,FC9F76CD-5A50-49BA-95D9-FF9DE6F1D3AC,2021-09-15,Nisqually River,District 11,Nisqually salmon 2021,2359869B-AE08-47AF-91D8-6B4234F0F6FC,Drift,NA,NA,NA,NA,NA,NA,NA,NA,NA,NA,NA,2024-11-26T11:06:34Z,2024-11-26T19:06:34Z
C7C5843E-56EE-4BB7-9F88-59A2D32A4571,378CDE86-1AE3-4C58-BF03-DA88DC30DEDA,Chinook,NA,Adult,AD,NA,NA,Kept,2,Chinook_Adult_AD_Kept,2021,9,37,155,NA,NA,No,1,155,Complete,11:00:00,13:35:00,FC9F76CD-5A50-49BA-95D9-FF9DE6F1D3AC,2021-09-15,Nisqually River,District 11,Nisqually salmon 2021,D180D294-3D2B-4FED-B3AF-CE615B22A2FB,Drift,NA,NA,NA,NA,NA,NA,NA,NA,NA,NA,NA,2024-11-26T11:06:34Z,2024-11-26T19:06:34Z
A949A369-4C0E-4CA1-8117-A33025556CA7,5B35F020-CBC3-4F69-AD18-5BB8A3A219DC,Chinook,NA,Adult,UM,NA,NA,Released,2,Chinook_Adult_UM_Released,2021,9,37,365,NA,NA,No,1,365,Complete,07:00:00,13:05:00,FC9F76CD-5A50-49BA-95D9-FF9DE6F1D3AC,2021-09-15,Nisqually River,District 11,Nisqually salmon 2021,58A0D284-41B2-4960-94FD-04E76FD8EB48,Drift,NA,NA,NA,NA,NA,NA,NA,NA,NA,NA,NA,2024-11-26T11:06:34Z,2024-11-26T19:06:34Z
4D73BEE9-7039-47E5-BD14-0EAAB0FBD914,53A10565-D556-4F95-9C88-5D27D2C02D68,Chinook,NA,Adult,AD,NA,NA,Kept,1,Chinook_Adult_AD_Kept,2021,9,37,285,NA,NA,No,1,285,Complete,10:30:00,15:15:00,FC9F76CD-5A50-49BA-95D9-FF9DE6F1D3AC,2021-09-15,Nisqually River,District 11,Nisqually salmon 2021,97375790-4AE9-47DD-89F0-4105B9572969,Drift,NA,NA,NA,NA,NA,NA,NA,NA,NA,NA,NA,2024-11-26T11:06:34Z,2024-11-26T19:06:34Z
C57FBD6C-D65D-4A79-9798-EC6847BE0AEA,1F88892B-F282-48E0-A1D5-9A07E7BEEAE5,Chinook,NA,Adult,AD,NA,NA,Released,1,Chinook_Adult_AD_Released,2021,9,37,177,NA,NA,No,1,177,Complete,05:48:00,08:45:00,FC9F76CD-5A50-49BA-95D9-FF9DE6F1D3AC,2021-09-15,Nisqually River,District 11,Nisqually salmon 2021,4A41FE83-7EAD-4508-89C7-403A9E6A2E4D,Drift,NA,NA,NA,NA,NA,NA,NA,NA,NA,NA,NA,2024-11-26T11:06:34Z,2024-11-26T19:06:34Z
D49D9F8C-637C-41CF-9CFA-B3AAA63CA265,ED7E471B-0049-4DE8-939D-975E5C40F0B7,Chinook,NA,Jack,AD,NA,NA,Kept,2,Chinook_Jack_AD_Kept,2021,9,37,125,NA,NA,No,1,125,Complete,07:00:00,09:05:00,FC9F76CD-5A50-49BA-95D9-FF9DE6F1D3AC,2021-09-15,Nisqually River,District 11,Nisqually salmon 2021,E29CE421-CE28-4C98-8309-6035E02AC306,Drift,NA,NA,NA,NA,NA,NA,NA,NA,NA,NA,NA,2024-11-26T11:06:34Z,2024-11-26T19:06:34Z
33033B4F-5A79-4848-BE4D-B7DF3F1EF8DD,88FA6764-C680-43CA-A3AD-0BCD89AF5EF5,Chinook,NA,Adult,AD,NA,NA,Kept,1,Chinook_Adult_AD_Kept,2021,9,37,285,NA,NA,No,1,285,Complete,11:00:00,15:45:00,FC9F76CD-5A50-49BA-95D9-FF9DE6F1D3AC,2021-09-15,Nisqually River,District 11,Nisqually salmon 2021,1FB3BF10-74D6-413F-9177-28829B7DAE53,Drift,NA,NA,NA,NA,NA,NA,NA,NA,NA,NA,NA,2024-11-26T11:06:34Z,2024-11-26T19:06:34Z
1DE7C55E-92BF-411D-9997-9ACC82242646,BE9C80D4-19A0-4D78-8F27-A636C171965F,Chinook,NA,Adult,AD,NA,NA,Kept,1,Chinook_Adult_AD_Kept,2021,9,37,310,NA,NA,No,2,620,Complete,06:00:00,11:10:00,FC9F76CD-5A50-49BA-95D9-FF9DE6F1D3AC,2021-09-15,Nisqually River,District 11,Nisqually salmon 2021,127C32F0-50FD-4D78-9D8E-9AF9D35E5798,Drift,NA,NA,NA,NA,NA,NA,NA,NA,NA,NA,NA,2024-11-26T11:06:34Z,2024-11-26T19:06:34Z
EE38DA41-26FA-4044-BCE2-8880F7955F66,CFAA57E8-C7BD-40ED-8156-B987F00EF432,Chinook,NA,Adult,UM,NA,NA,Released,1,Chinook_Adult_UM_Released,2021,9,37,285,NA,NA,No,2,570,Complete,06:00:00,10:45:00,FC9F76CD-5A50-49BA-95D9-FF9DE6F1D3AC,2021-09-15,Nisqually River,District 11,Nisqually salmon 2021,C9FE863C-DC93-42D8-A8D2-1FDDDF198CD1,Drift,NA,NA,NA,NA,NA,NA,NA,NA,NA,NA,NA,2024-11-26T11:06:34Z,2024-11-26T19:06:34Z
B042598A-159F-4CD5-8D46-2A6FC3F87F51,F4CC0DDD-41B2-4F3A-8DFE-17786130373D,Chinook,NA,Adult,AD,NA,NA,Kept,1,Chinook_Adult_AD_Kept,2021,9,37,205,NA,NA,No,1,205,Complete,06:00:00,09:25:00,FC9F76CD-5A50-49BA-95D9-FF9DE6F1D3AC,2021-09-15,Nisqually River,District 11,Nisqually salmon 2021,860C9553-16D2-4DBD-B5CC-D23E4FD44149,Drift,NA,NA,NA,NA,NA,NA,NA,NA,NA,NA,NA,2024-11-26T11:06:34Z,2024-11-26T19:06:34Z
29486437-4D3E-4688-8F05-87C40F84A91D,281BC9F0-0700-4A1F-8B45-01C915BECAF3,Chinook,NA,Adult,UM,NA,NA,Released,1,Chinook_Adult_UM_Released,2021,9,37,195,NA,NA,No,1,195,Complete,06:30:00,09:45:00,FC9F76CD-5A50-49BA-95D9-FF9DE6F1D3AC,2021-09-15,Nisqually River,District 11,Nisqually salmon 2021,6848F061-EAEF-4954-A85E-C94921C61919,Drift,NA,NA,NA,NA,NA,NA,NA,NA,NA,NA,NA,2024-11-26T11:06:34Z,2024-11-26T19:06:34Z
0DB2FAD6-170D-4C3A-AC23-7F531FC1D906,6FB69738-63B0-4EAA-8E6D-6FB8A599688D,Chinook,NA,Adult,UM,NA,NA,Released,1,Chinook_Adult_UM_Released,2021,9,37,230,NA,NA,No,1,230,Complete,06:00:00,09:50:00,FC9F76CD-5A50-49BA-95D9-FF9DE6F1D3AC,2021-09-15,Nisqually River,District 11,Nisqually salmon 2021,0345DA6C-1763-42E5-BDAC-679BCBC078A2,Drift,NA,NA,NA,NA,NA,NA,NA,NA,NA,NA,NA,2024-11-26T11:06:34Z,2024-11-26T19:06:34Z
291BE7D3-7FFC-4D7F-97EE-C0B3009E5568,4F62FFB1-8B7C-419D-A7FF-E510472D1931,Chinook,NA,Adult,AD,NA,NA,Kept,1,Chinook_Adult_AD_Kept,2021,9,37,160,NA,NA,No,1,160,Complete,07:30:00,10:10:00,FC9F76CD-5A50-49BA-95D9-FF9DE6F1D3AC,2021-09-15,Nisqually River,District 11,Nisqually salmon 2021,99128CEA-F521-4E3A-9C27-B0444F440D32,Drift,NA,NA,NA,NA,NA,NA,NA,NA,NA,NA,NA,2024-11-26T11:06:34Z,2024-11-26T19:06:34Z
A54E6F01-3FF0-4C7B-BE06-73841FED21ED,9488C2B7-66C8-4881-ACD3-401ECCCD5888,Chinook,NA,Adult,UM,NA,NA,Released,1,Chinook_Adult_UM_Released,2021,9,37,155,NA,NA,No,1,155,Complete,15:00:00,17:35:00,AEC558FB-F14D-4AD7-949A-4D832348DF01,2021-09-14,Nisqually River,District 11,Nisqually salmon 2021,B1087919-6F0C-4C20-93C0-69D78DB763BB,Drift,NA,NA,NA,NA,NA,NA,NA,NA,NA,NA,NA,2024-11-26T11:06:34Z,2024-11-26T19:06:34Z
BAF97F7A-3FE7-49A1-AE3E-16206477C4CF,4A9AE88D-236D-448E-82D2-339561A4D9C1,Chinook,NA,Adult,AD,NA,NA,Kept,1,Chinook_Adult_AD_Kept,2021,9,37,390,NA,NA,No,1,390,Complete,12:00:00,18:30:00,AEC558FB-F14D-4AD7-949A-4D832348DF01,2021-09-14,Nisqually River,District 11,Nisqually salmon 2021,3F6E2E6E-8196-4C8F-A486-190CA57FE446,Drift,NA,NA,NA,NA,NA,NA,NA,NA,NA,NA,NA,2024-11-26T11:06:34Z,2024-11-26T19:06:34Z
3C121A22-D36D-46EC-A48D-E56AE744C450,C50AACF1-61E8-4D14-BB44-8A3113443EDF,Chinook,NA,Adult,AD,NA,NA,Kept,1,Chinook_Adult_AD_Kept,2021,9,37,450,NA,NA,No,2,900,Complete,06:30:00,14:00:00,AEC558FB-F14D-4AD7-949A-4D832348DF01,2021-09-14,Nisqually River,District 11,Nisqually salmon 2021,479105B0-889E-466C-B86E-6A744B8FE7B7,Drift,NA,NA,NA,NA,NA,NA,NA,NA,NA,NA,NA,2024-11-26T11:06:34Z,2024-11-26T19:06:34Z
8E45683A-DBDF-48CE-B867-601A8D3F338F,5FA0C65C-2581-417B-B175-37F97ECC7C0A,Chinook,NA,Adult,AD,NA,NA,Kept,1,Chinook_Adult_AD_Kept,2021,9,37,295,NA,NA,No,2,590,Complete,06:00:00,10:55:00,AEC558FB-F14D-4AD7-949A-4D832348DF01,2021-09-14,Nisqually River,District 11,Nisqually salmon 2021,1A44FAC6-C4A9-4C99-B952-74D5346C3294,Drift,NA,NA,NA,NA,NA,NA,NA,NA,NA,NA,NA,2024-11-26T11:06:34Z,2024-11-26T19:06:34Z
B6562155-52E7-44A1-823D-35DB372F9599,882D3F65-4F29-4D81-AA1F-AE85BE7AF711,Chinook,NA,Adult,AD,NA,NA,Kept,1,Chinook_Adult_AD_Kept,2021,9,37,270,NA,NA,No,1,270,Complete,09:00:00,13:30:00,AEC558FB-F14D-4AD7-949A-4D832348DF01,2021-09-14,Nisqually River,District 11,Nisqually salmon 2021,BDE07C5F-FF58-4F44-801A-02E61F6570CD,Drift,NA,NA,NA,NA,NA,NA,NA,NA,NA,NA,NA,2024-11-26T11:06:34Z,2024-11-26T19:06:34Z
2B3E302C-1B0D-479D-9F26-E4A85D3B6A14,B66A2795-BAE6-48FF-90FD-FBBA3E83144C,Chinook,NA,Adult,AD,NA,NA,Kept,1,Chinook_Adult_AD_Kept,2021,9,37,210,NA,NA,No,1,210,Complete,13:00:00,16:30:00,AEC558FB-F14D-4AD7-949A-4D832348DF01,2021-09-14,Nisqually River,District 11,Nisqually salmon 2021,84FBD5D8-DF58-40F9-BA6F-A1D86D75EE2F,Drift,NA,NA,NA,NA,NA,NA,NA,NA,NA,NA,NA,2024-11-26T11:06:34Z,2024-11-26T19:06:34Z
E03B26C0-1F8C-4764-8396-829F53F2DAC0,36A574FF-9283-44C4-BECD-0B95E04FDAAB,Chinook,NA,Adult,UM,NA,NA,Released,3,Chinook_Adult_UM_Released,2021,9,37,310,NA,NA,No,1,310,Complete,08:30:00,13:40:00,AEC558FB-F14D-4AD7-949A-4D832348DF01,2021-09-14,Nisqually River,District 11,Nisqually salmon 2021,80612842-35F1-4A15-9A3A-D16320771B54,Drift,NA,NA,NA,NA,NA,NA,NA,NA,NA,NA,NA,2024-11-26T11:06:34Z,2024-11-26T19:06:34Z
02AE0881-AC4B-44A5-B192-1DC8CEA0C258,15A776AD-D6BF-4467-AAC3-573E32F074A1,Chinook,NA,Adult,UM,NA,NA,Released,1,Chinook_Adult_UM_Released,2021,9,37,255,NA,NA,No,1,255,Complete,09:00:00,13:15:00,EC1638C5-5DDA-482E-B951-593CC269F7CE,2021-09-14,Nisqually River,District 11,Nisqually salmon 2021,4EE6164E-5117-4296-A874-CD0AD400401A,Drift,NA,NA,NA,NA,NA,NA,NA,NA,NA,NA,NA,2024-11-26T11:06:34Z,2024-11-26T19:06:34Z
BB2E07C0-C6B6-4F58-90AF-EB2F10EDA5DF,65962B3B-7099-4BE6-A9A9-7BB07EB29597,Chinook,NA,Jack,AD,NA,NA,Kept,1,Chinook_Jack_AD_Kept,2021,9,37,415,NA,NA,No,3,1245,Complete,07:30:00,14:25:00,EC1638C5-5DDA-482E-B951-593CC269F7CE,2021-09-14,Nisqually River,District 11,Nisqually salmon 2021,EDBDEB0C-C961-4396-B106-342CD4A30007,Drift,NA,NA,NA,NA,NA,NA,NA,NA,NA,NA,NA,2024-11-26T11:06:34Z,2024-11-26T19:06:34Z
94657B86-086B-47AC-841B-9DC8DF7065DE,9485DA77-EC5A-4E99-AC5C-85B779A4537F,Chinook,NA,Adult,AD,NA,NA,Kept,2,Chinook_Adult_AD_Kept,2021,9,37,260,NA,NA,No,2,520,Complete,06:00:00,10:20:00,EC1638C5-5DDA-482E-B951-593CC269F7CE,2021-09-14,Nisqually River,District 11,Nisqually salmon 2021,D513A7DC-F2BF-49BD-8CA7-B4DAE5EB4D80,Drift,NA,NA,NA,NA,NA,NA,NA,NA,NA,NA,NA,2024-11-26T11:06:34Z,2024-11-26T19:06:34Z
94657B86-086B-47AC-841B-9DC8DF7065DE,29CAD485-8F59-4B65-8705-9EABEB870FB0,Chinook,NA,Adult,UM,NA,NA,Released,1,Chinook_Adult_UM_Released,2021,9,37,260,NA,NA,No,2,520,Complete,06:00:00,10:20:00,EC1638C5-5DDA-482E-B951-593CC269F7CE,2021-09-14,Nisqually River,District 11,Nisqually salmon 2021,D513A7DC-F2BF-49BD-8CA7-B4DAE5EB4D80,Drift,NA,NA,NA,NA,NA,NA,NA,NA,NA,NA,NA,2024-11-26T11:06:34Z,2024-11-26T19:06:34Z
99F1612F-1F1C-40C7-BBB1-E1012899CD46,FCF14D74-F5E1-437E-A892-6DFAAB4D3F2B,Chinook,NA,Jack,AD,NA,NA,Kept,1,Chinook_Jack_AD_Kept,2021,9,37,230,NA,NA,No,2,460,Complete,06:15:00,10:05:00,EC1638C5-5DDA-482E-B951-593CC269F7CE,2021-09-14,Nisqually River,District 11,Nisqually salmon 2021,5707E5A2-B2F3-4A9A-8B93-C3A4ACE697F9,Bobber,Bait,NA,NA,NA,NA,NA,NA,NA,NA,NA,NA,2024-11-26T11:06:34Z,2024-11-26T19:06:34Z
39E07252-84A6-4A1D-814E-D403817200CB,FBD8C2B6-61C6-4E81-8D63-27C40E5B21D2,Chinook,NA,Adult,AD,NA,NA,Released,1,Chinook_Adult_AD_Released,2021,9,37,290,NA,NA,No,1,290,Complete,07:00:00,11:50:00,FDFBB89A-01BB-43E1-B011-E26CD61F2378,2021-09-14,Nisqually River,District 11,Nisqually salmon 2021,67D4BD92-D0FD-46AC-9AA9-2111B2A2EA8D,Drift,NA,NA,NA,NA,NA,NA,NA,NA,NA,NA,NA,2024-11-26T11:06:34Z,2024-11-26T19:06:34Z
3F383053-F652-4E99-955F-D8E204838838,E9FA0757-3247-44F8-B41A-1318FB4CAE73,Chinook,NA,Adult,AD,NA,NA,Released,1,Chinook_Adult_AD_Released,2021,9,37,370,NA,NA,No,1,370,Complete,06:00:00,12:10:00,FDFBB89A-01BB-43E1-B011-E26CD61F2378,2021-09-14,Nisqually River,District 11,Nisqually salmon 2021,E6B003C4-0A8D-4577-AB28-DED31D45F12D,Drift,NA,NA,NA,NA,NA,NA,NA,NA,NA,NA,NA,2024-11-26T11:06:34Z,2024-11-26T19:06:34Z
014B661B-6C09-4460-9A33-80FB93BF8535,6F5650A8-0D59-4D3A-B243-87D9C50A24B5,Chinook,NA,Adult,AD,NA,NA,Released,2,Chinook_Adult_AD_Released,2021,9,37,355,NA,NA,No,1,355,Complete,05:45:00,11:40:00,FDFBB89A-01BB-43E1-B011-E26CD61F2378,2021-09-14,Nisqually River,District 11,Nisqually salmon 2021,91D9CDF4-C231-4F51-9ACD-9DF7065FA513,Drift,NA,NA,NA,NA,NA,NA,NA,NA,NA,NA,NA,2024-11-26T11:06:34Z,2024-11-26T19:06:34Z
B5FFFEAB-9376-4602-A980-EFB93F3C9E13,70A3CD86-2B5B-46D7-A8CF-822BF63F0956,Chinook,NA,Adult,AD,NA,NA,Kept,1,Chinook_Adult_AD_Kept,2021,9,37,420,NA,NA,No,1,420,Complete,05:45:00,12:45:00,FDFBB89A-01BB-43E1-B011-E26CD61F2378,2021-09-14,Nisqually River,District 11,Nisqually salmon 2021,943F2D84-D922-42FC-84DE-E16CF95541D7,Drift,NA,NA,NA,NA,NA,NA,NA,NA,NA,NA,NA,2024-11-26T11:06:34Z,2024-11-26T19:06:34Z
A34DB153-397C-4703-85BF-CD1927F1F074,4821E90C-075E-40A8-AFA6-BEF26C350A3A,Chinook,NA,Jack,AD,NA,NA,Kept,1,Chinook_Jack_AD_Kept,2021,9,37,85,NA,NA,No,1,85,Complete,09:45:00,11:10:00,FDFBB89A-01BB-43E1-B011-E26CD61F2378,2021-09-14,Nisqually River,District 11,Nisqually salmon 2021,47112689-7353-4224-8A83-10B098410271,Drift,NA,NA,NA,NA,NA,NA,NA,NA,NA,NA,NA,2024-11-26T11:06:34Z,2024-11-26T19:06:34Z
5FEE8D53-2C6E-492A-9978-56035DA701BF,7D319D56-157A-4B65-8143-C2B5D5DA1362,Chinook,NA,Adult,AD,NA,NA,Released,1,Chinook_Adult_AD_Released,2021,9,37,340,NA,NA,No,2,680,Complete,05:45:00,11:25:00,FDFBB89A-01BB-43E1-B011-E26CD61F2378,2021-09-14,Nisqually River,District 11,Nisqually salmon 2021,B1473587-9B6A-4A44-A1BE-BB4241C12FC5,Drift,NA,NA,NA,NA,NA,NA,NA,NA,NA,NA,NA,2024-11-26T11:06:34Z,2024-11-26T19:06:34Z
98B01A34-BC9F-4F98-AD7E-785547F6F3FC,16C5550D-4D59-4DB2-B681-24AFB7763E5F,Chinook,NA,Adult,AD,NA,NA,Kept,1,Chinook_Adult_AD_Kept,2021,9,37,185,NA,NA,No,2,370,Complete,12:45:00,15:50:00,FDFBB89A-01BB-43E1-B011-E26CD61F2378,2021-09-14,Nisqually River,District 11,Nisqually salmon 2021,F0227EBE-BBC0-4E56-9597-0A50A109994C,Drift,NA,NA,NA,NA,NA,NA,NA,NA,NA,NA,NA,2024-11-26T11:06:34Z,2024-11-26T19:06:34Z
64F08B4C-2D9E-4294-8BB7-C772E1FA5FFC,85941310-1D83-42F8-9FEB-1D2FB243DF14,Chinook,NA,Adult,AD,NA,NA,Kept,2,Chinook_Adult_AD_Kept,2021,9,37,290,NA,NA,No,1,290,Complete,11:00:00,15:50:00,FDFBB89A-01BB-43E1-B011-E26CD61F2378,2021-09-14,Nisqually River,District 11,Nisqually salmon 2021,86115DB7-0846-49D7-A352-C96D405E6770,Drift,NA,NA,NA,NA,NA,NA,NA,NA,NA,NA,NA,2024-11-26T11:06:34Z,2024-11-26T19:06:34Z
32C56C3E-3D32-4773-B046-ECD562E97559,0B2E5E20-27E6-428D-8261-7199D370FF74,Chinook,NA,Adult,AD,NA,NA,Released,1,Chinook_Adult_AD_Released,2021,9,37,245,NA,NA,No,2,490,Complete,09:00:00,13:05:00,FDFBB89A-01BB-43E1-B011-E26CD61F2378,2021-09-14,Nisqually River,District 11,Nisqually salmon 2021,BAE0857B-E1DE-45AC-A052-BA9A4AED7767,Drift,NA,NA,NA,NA,NA,NA,NA,NA,NA,NA,NA,2024-11-26T11:06:34Z,2024-11-26T19:06:34Z
65EE2573-145E-49F3-ADEC-695414142A08,500724F0-C42F-4175-B7D5-13D011240D5C,Chinook,NA,Jack,AD,NA,NA,Kept,1,Chinook_Jack_AD_Kept,2021,9,37,180,NA,NA,No,1,180,Complete,06:00:00,09:00:00,FDFBB89A-01BB-43E1-B011-E26CD61F2378,2021-09-14,Nisqually River,District 11,Nisqually salmon 2021,BCE5BFF4-A0B2-4772-8894-1D295A0AE0A6,Drift,NA,NA,NA,NA,NA,NA,NA,NA,NA,NA,NA,2024-11-26T11:06:34Z,2024-11-26T19:06:34Z
832C8E07-F6EE-40B1-B90C-032E1C82A504,737EC980-C8B7-4893-A039-1B9ACCD5E508,Chinook,NA,Adult,AD,NA,NA,Kept,1,Chinook_Adult_AD_Kept,2021,9,37,100,NA,NA,No,1,100,Complete,06:30:00,08:10:00,FDFBB89A-01BB-43E1-B011-E26CD61F2378,2021-09-14,Nisqually River,District 11,Nisqually salmon 2021,C37EAF33-5727-424C-B730-642A0AE90662,Drift,NA,NA,NA,NA,NA,NA,NA,NA,NA,NA,NA,2024-11-26T11:06:34Z,2024-11-26T19:06:34Z
41C16455-63A4-4986-AC53-A301608ABE9A,10011F7B-9DBB-463F-90E6-C3C94A1922DB,Chinook,NA,Adult,UM,NA,NA,Released,1,Chinook_Adult_UM_Released,2021,9,37,105,NA,NA,No,1,105,Complete,06:00:00,07:45:00,FDFBB89A-01BB-43E1-B011-E26CD61F2378,2021-09-14,Nisqually River,District 11,Nisqually salmon 2021,ECCF81C7-EFE6-41EB-9595-F6D115DC6DEC,Drift,NA,NA,NA,NA,NA,NA,NA,NA,NA,NA,NA,2024-11-26T11:06:34Z,2024-11-26T19:06:34Z
B9AC0150-DBBC-4B4D-856A-7C4D04F62452,0193B61C-6C58-4243-9586-9199CEC2D550,Chinook,NA,Jack,AD,NA,NA,Kept,1,Chinook_Jack_AD_Kept,2021,9,37,85,NA,NA,No,1,85,Complete,06:15:00,07:40:00,FDFBB89A-01BB-43E1-B011-E26CD61F2378,2021-09-14,Nisqually River,District 11,Nisqually salmon 2021,090DAD87-5E8F-4E95-8629-B2DB5AB2AE9C,Drift,NA,NA,NA,NA,NA,NA,NA,NA,NA,NA,NA,2024-11-26T11:06:34Z,2024-11-26T19:06:34Z
F1E0DA61-2D4A-4C2D-AFB0-6DD3C311A6EE,E5E3D3A0-69F8-4F82-9803-97ED268F749C,Chinook,NA,Adult,AD,NA,NA,Released,1,Chinook_Adult_AD_Released,2021,9,37,290,NA,NA,No,1,290,Complete,05:45:00,10:35:00,FDFBB89A-01BB-43E1-B011-E26CD61F2378,2021-09-14,Nisqually River,District 11,Nisqually salmon 2021,A666A88A-8D37-4234-AA61-502EB62CC7F6,Drift,NA,NA,NA,NA,NA,NA,NA,NA,NA,NA,NA,2024-11-26T11:06:34Z,2024-11-26T19:06:34Z
409C2F83-916C-46D6-91E5-D91A69B8F555,A296BF20-4399-4543-A132-9D783DAA4BE6,Chinook,NA,Adult,AD,NA,NA,Released,1,Chinook_Adult_AD_Released,2021,9,37,272,NA,NA,No,1,272,Complete,05:48:00,10:20:00,FDFBB89A-01BB-43E1-B011-E26CD61F2378,2021-09-14,Nisqually River,District 11,Nisqually salmon 2021,6D480C2F-987D-4866-9E69-37B9849B79AB,Drift,NA,NA,NA,NA,NA,NA,NA,NA,NA,NA,NA,2024-11-26T11:06:34Z,2024-11-26T19:06:34Z
A8B7D95B-E84B-4717-9992-472CA40713CE,89FA4C40-3E7C-4BFB-8509-9C8EF982C1A7,Chinook,NA,Adult,AD,NA,NA,Kept,1,Chinook_Adult_AD_Kept,2021,9,37,155,NA,NA,No,1,155,Complete,07:00:00,09:35:00,FDFBB89A-01BB-43E1-B011-E26CD61F2378,2021-09-14,Nisqually River,District 11,Nisqually salmon 2021,E59D155F-B6D7-4025-B3F1-D5EF5E0BEB73,Drift,NA,NA,NA,NA,NA,NA,NA,NA,NA,NA,NA,2024-11-26T11:06:34Z,2024-11-26T19:06:34Z
E8B8AF7D-0819-4E04-A0C6-43E557B7506C,6279B621-C1C2-4620-BC23-94DFD629289A,Chinook,NA,Adult,AD,NA,NA,Kept,1,Chinook_Adult_AD_Kept,2021,9,37,NA,NA,NA,No,2,NA,Incomplete,07:00:00,NA,7213CBC4-9E97-42EE-B159-A701623549BF,2021-09-11,Nisqually River,District 11,Nisqually salmon 2021,F9155723-16FB-4076-A50D-82EA06CE452B,Drift,NA,NA,NA,NA,NA,NA,NA,NA,NA,NA,NA,2024-11-26T11:06:34Z,2024-11-26T19:06:34Z
310B8111-72F9-4F52-A3C1-D06724033172,A90FEE07-3AF8-480F-AAFC-D62155C1F51A,Chinook,NA,Adult,AD,NA,NA,Released,1,Chinook_Adult_AD_Released,2021,9,37,610,NA,NA,No,2,1220,Complete,07:00:00,17:10:00,7213CBC4-9E97-42EE-B159-A701623549BF,2021-09-11,Nisqually River,District 11,Nisqually salmon 2021,21A2D7E1-EF59-4C4B-8DA8-345B656EEA46,Drift,NA,NA,NA,NA,NA,NA,NA,NA,NA,NA,NA,2024-11-26T11:06:34Z,2024-11-26T19:06:34Z
C058701A-1586-4AC3-BA81-0D3C5972475F,2A101CB4-F11F-47A7-BA35-57F8C496F864,Chinook,NA,Adult,AD,NA,NA,Released,3,Chinook_Adult_AD_Released,2021,9,37,630,NA,NA,No,3,1890,Complete,07:00:00,17:30:00,7213CBC4-9E97-42EE-B159-A701623549BF,2021-09-11,Nisqually River,District 11,Nisqually salmon 2021,BA397F21-F799-4038-955C-2F3B43A537FA,Drift,NA,NA,NA,NA,NA,NA,NA,NA,NA,NA,NA,2024-11-26T11:06:34Z,2024-11-26T19:06:34Z
C058701A-1586-4AC3-BA81-0D3C5972475F,5695E7FB-BC81-4949-82BF-BBCEA7A570DC,Chinook,NA,Adult,AD,NA,NA,Kept,7,Chinook_Adult_AD_Kept,2021,9,37,630,NA,NA,No,3,1890,Complete,07:00:00,17:30:00,7213CBC4-9E97-42EE-B159-A701623549BF,2021-09-11,Nisqually River,District 11,Nisqually salmon 2021,BA397F21-F799-4038-955C-2F3B43A537FA,Drift,NA,NA,NA,NA,NA,NA,NA,NA,NA,NA,NA,2024-11-26T11:06:34Z,2024-11-26T19:06:34Z
270847B5-77AE-446F-BD09-B38B3AEAF036,3E6A992E-469D-4FF3-B1A0-4A9DF7077644,Chinook,NA,Adult,AD,NA,NA,Kept,1,Chinook_Adult_AD_Kept,2021,9,37,NA,NA,NA,No,1,NA,Incomplete,07:45:00,NA,7213CBC4-9E97-42EE-B159-A701623549BF,2021-09-11,Nisqually River,District 11,Nisqually salmon 2021,4C5AF2CC-3F84-446C-B50E-106CB00E6CD2,Drift,NA,NA,NA,NA,NA,NA,NA,NA,NA,NA,NA,2024-11-26T11:06:34Z,2024-11-26T19:06:34Z
81593E3B-896B-4986-9815-3E97C641990A,7004B6A3-0F5D-404F-84F9-7B9577481712,Chinook,NA,Adult,AD,NA,NA,Kept,1,Chinook_Adult_AD_Kept,2021,9,37,NA,NA,NA,No,4,NA,Incomplete,08:45:00,NA,7213CBC4-9E97-42EE-B159-A701623549BF,2021-09-11,Nisqually River,District 11,Nisqually salmon 2021,115F1608-F15F-4095-9A21-D4861EBC82C2,Drift,NA,NA,NA,NA,NA,NA,NA,NA,NA,NA,NA,2024-11-26T11:06:34Z,2024-11-26T19:06:34Z
F5F6D56C-007F-47CC-BA06-998337EF6622,90DE015A-2A97-48FB-80EC-49A4DFA9A926,Chinook,NA,Adult,AD,NA,NA,Kept,3,Chinook_Adult_AD_Kept,2021,9,37,NA,NA,NA,No,2,NA,Incomplete,05:45:00,NA,7213CBC4-9E97-42EE-B159-A701623549BF,2021-09-11,Nisqually River,District 11,Nisqually salmon 2021,5C3C9A58-CE18-429F-ABD0-E65009E334E4,Drift,NA,NA,NA,NA,NA,NA,NA,NA,NA,NA,NA,2024-11-26T11:06:34Z,2024-11-26T19:06:34Z
EF352FF9-F121-46C8-A99E-038609153AB0,BAD1BA22-BA9D-4540-A169-9EF31EB502CC,Chinook,NA,Adult,AD,NA,NA,Kept,2,Chinook_Adult_AD_Kept,2021,9,37,NA,NA,NA,No,5,NA,Incomplete,08:30:00,NA,7213CBC4-9E97-42EE-B159-A701623549BF,2021-09-11,Nisqually River,District 11,Nisqually salmon 2021,9B5241C5-02A3-4F65-A8C2-815B49802AB9,Drift,NA,NA,NA,NA,NA,NA,NA,NA,NA,NA,NA,2024-11-26T11:06:34Z,2024-11-26T19:06:34Z
768AD200-188A-40D7-BEE1-3F62EBFECB0B,233C2596-6794-4BD4-955B-E44AAEEE16E9,Chinook,NA,Adult,AD,NA,NA,Kept,4,Chinook_Adult_AD_Kept,2021,9,37,NA,NA,NA,No,6,NA,Incomplete,06:00:00,NA,7213CBC4-9E97-42EE-B159-A701623549BF,2021-09-11,Nisqually River,District 11,Nisqually salmon 2021,2649399F-FAD6-4F90-8A23-759B88A63D98,Drift,NA,NA,NA,NA,NA,NA,NA,NA,NA,NA,NA,2024-11-26T11:06:34Z,2024-11-26T19:06:34Z
F47CE366-F8CC-404B-95CE-6A27B28FCB96,1D394C77-A623-4A91-859C-BE43541B90F0,Chinook,NA,Adult,AD,NA,NA,Kept,1,Chinook_Adult_AD_Kept,2021,9,37,326,NA,NA,No,3,978,Complete,05:45:00,11:11:00,7213CBC4-9E97-42EE-B159-A701623549BF,2021-09-11,Nisqually River,District 11,Nisqually salmon 2021,5E4FFF6A-681D-41E7-85C3-0421C8F8AA7B,Drift,NA,NA,NA,NA,NA,NA,NA,NA,NA,NA,NA,2024-11-26T11:06:34Z,2024-11-26T19:06:34Z
3FCB7F2C-6DAE-4175-873A-DF56D889AB14,23269C27-6C6E-40EA-A203-D01C8D5F2AAE,Chinook,NA,Adult,AD,NA,NA,Kept,1,Chinook_Adult_AD_Kept,2021,9,37,NA,NA,NA,No,2,NA,Incomplete,06:30:00,NA,7213CBC4-9E97-42EE-B159-A701623549BF,2021-09-11,Nisqually River,District 11,Nisqually salmon 2021,0D1C8C3A-8F7B-41A7-AF2F-3710F4BC9D21,Drift,NA,NA,NA,NA,NA,NA,NA,NA,NA,NA,NA,2024-11-26T11:06:34Z,2024-11-26T19:06:34Z
C14CBD78-2D61-4A1A-8858-E272D844003A,7B72E5E2-05B6-455B-A410-88E00BF9D156,Chinook,NA,Jack,AD,NA,NA,Kept,1,Chinook_Jack_AD_Kept,2021,9,37,220,NA,NA,No,2,440,Complete,09:30:00,13:10:00,C5342288-5284-4326-BFAE-3E6B8EA0F79E,2021-09-11,Nisqually River,District 11,Nisqually salmon 2021,9401C359-A855-4AD8-A8FA-266A0D9ED81C,Drift,NA,NA,NA,NA,NA,NA,NA,NA,NA,NA,NA,2024-11-26T11:06:34Z,2024-11-26T19:06:34Z
C14CBD78-2D61-4A1A-8858-E272D844003A,0A1B84DF-B4C4-4F72-BBF9-A70A2F7A8743,Chinook,NA,Adult,UM,NA,NA,Released,1,Chinook_Adult_UM_Released,2021,9,37,220,NA,NA,No,2,440,Complete,09:30:00,13:10:00,C5342288-5284-4326-BFAE-3E6B8EA0F79E,2021-09-11,Nisqually River,District 11,Nisqually salmon 2021,9401C359-A855-4AD8-A8FA-266A0D9ED81C,Drift,NA,NA,NA,NA,NA,NA,NA,NA,NA,NA,NA,2024-11-26T11:06:34Z,2024-11-26T19:06:34Z
270A0C74-EBFA-4343-98C4-8EB3B3CF9A5A,07D771CE-461B-4B64-9FA4-B8DDC7D2518C,Chinook,NA,Adult,UM,NA,NA,Released,1,Chinook_Adult_UM_Released,2021,9,37,94,NA,NA,No,1,94,Complete,11:00:00,12:34:00,C5342288-5284-4326-BFAE-3E6B8EA0F79E,2021-09-11,Nisqually River,District 11,Nisqually salmon 2021,8BC5DEC2-BC45-493E-8C61-E839707EFB53,Drift,NA,NA,NA,NA,NA,NA,NA,NA,NA,NA,NA,2024-11-26T11:06:34Z,2024-11-26T19:06:34Z
CF94D0C5-5827-422B-8F83-6D26811A8137,72D7D38A-4535-4093-AC29-597493324B98,Chinook,NA,Adult,AD,NA,NA,Kept,1,Chinook_Adult_AD_Kept,2021,9,37,390,NA,NA,No,1,390,Complete,06:30:00,13:00:00,C5342288-5284-4326-BFAE-3E6B8EA0F79E,2021-09-11,Nisqually River,District 11,Nisqually salmon 2021,0279CF1F-8EBA-4A64-B123-D63A07223BA8,Drift,NA,NA,NA,NA,NA,NA,NA,NA,NA,NA,NA,2024-11-26T11:06:34Z,2024-11-26T19:06:34Z
3D3E2A04-84A5-496A-BF70-D3250F87B4ED,64B9E043-0539-47E4-A187-96946031D264,Chinook,NA,Adult,AD,NA,NA,Kept,1,Chinook_Adult_AD_Kept,2021,9,37,358,NA,NA,No,2,716,Complete,08:00:00,13:58:00,C5342288-5284-4326-BFAE-3E6B8EA0F79E,2021-09-11,Nisqually River,District 11,Nisqually salmon 2021,B1D6839C-9778-4E12-867E-F2957F06CFA8,Drift,NA,NA,NA,NA,NA,NA,NA,NA,NA,NA,NA,2024-11-26T11:06:34Z,2024-11-26T19:06:34Z
FF47D18F-A4F1-4F3F-949F-163A56EDED6B,CB65DCC7-4C3C-4574-AB9A-509955DEEAB4,Chinook,NA,Adult,AD,NA,NA,Kept,1,Chinook_Adult_AD_Kept,2021,9,37,185,NA,NA,No,1,185,Complete,09:00:00,12:05:00,C5342288-5284-4326-BFAE-3E6B8EA0F79E,2021-09-11,Nisqually River,District 11,Nisqually salmon 2021,565F5B54-5D78-4CE0-B885-4593E718A047,Drift,NA,NA,NA,NA,NA,NA,NA,NA,NA,NA,NA,2024-11-26T11:06:34Z,2024-11-26T19:06:34Z
AE2CF10E-CF70-4129-8A83-757F0CAD14E9,F00F198E-4885-4C33-AAF3-13F79BDE52E3,Chinook,NA,Adult,AD,NA,NA,Kept,1,Chinook_Adult_AD_Kept,2021,9,37,NA,NA,NA,No,1,NA,Incomplete,06:15:00,NA,C5342288-5284-4326-BFAE-3E6B8EA0F79E,2021-09-11,Nisqually River,District 11,Nisqually salmon 2021,368A4E2C-9F31-4EC4-B953-CA84DBF5EF17,Drift,NA,NA,NA,NA,NA,NA,NA,NA,NA,NA,NA,2024-11-26T11:06:34Z,2024-11-26T19:06:34Z
14FD69BF-C778-4382-B445-AD4DBD3DCFA0,8F7E772C-B471-4102-9558-7742592E2417,Chinook,NA,Adult,AD,NA,NA,Kept,1,Chinook_Adult_AD_Kept,2021,9,37,370,NA,NA,No,1,370,Complete,06:15:00,12:25:00,F2F1C904-290D-4335-A413-4BFC0030679D,2021-09-11,Nisqually River,District 11,Nisqually salmon 2021,CD975542-607E-4FEA-A483-56D40DB61C12,Bobber,Bait,NA,NA,NA,NA,NA,NA,NA,NA,NA,NA,2024-11-26T11:06:34Z,2024-11-26T19:06:34Z
D1598A7B-1F3A-4834-A629-0FE48D18C705,45F6ACB3-D3F2-4E0D-B96B-5946F458452E,Chinook,NA,Adult,UM,NA,NA,Released,1,Chinook_Adult_UM_Released,2021,9,37,370,NA,NA,No,1,370,Complete,06:00:00,12:10:00,F2F1C904-290D-4335-A413-4BFC0030679D,2021-09-11,Nisqually River,District 11,Nisqually salmon 2021,DCC6239F-49E6-439E-BB95-9B33CB6698BF,Drift,NA,NA,NA,NA,NA,NA,NA,NA,NA,NA,NA,2024-11-26T11:06:34Z,2024-11-26T19:06:34Z
0C7592F2-B25E-4A99-8838-EF5EFC4A1682,41EA2E47-91BB-4F1E-A2A5-F4CFD914C59B,Chinook,NA,Adult,AD,NA,NA,Kept,1,Chinook_Adult_AD_Kept,2021,9,37,420,NA,NA,No,1,420,Complete,06:00:00,13:00:00,F2F1C904-290D-4335-A413-4BFC0030679D,2021-09-11,Nisqually River,District 11,Nisqually salmon 2021,069892AB-D6E1-4B0C-A5DB-365F08511F79,Drift,NA,NA,NA,NA,NA,NA,NA,NA,NA,NA,NA,2024-11-26T11:06:34Z,2024-11-26T19:06:34Z
7B0373C4-8EF1-4C62-AC5D-588F0A876D37,1AA4C36F-F9A7-4AA0-814A-F5B1364E9E1F,Chinook,NA,Adult,UM,NA,NA,Released,1,Chinook_Adult_UM_Released,2021,9,37,395,NA,NA,No,2,790,Complete,06:30:00,13:05:00,F2F1C904-290D-4335-A413-4BFC0030679D,2021-09-11,Nisqually River,District 11,Nisqually salmon 2021,4AE6163B-526D-4E34-BB95-05395FA31D51,Drift,NA,NA,NA,NA,NA,NA,NA,NA,NA,NA,NA,2024-11-26T11:06:34Z,2024-11-26T19:06:34Z
FFA65400-3A26-404B-B033-EA764AEAD3DE,911DD131-A095-496F-96BB-16031DB8775E,Chinook,NA,Adult,AD,NA,NA,Kept,1,Chinook_Adult_AD_Kept,2021,9,37,105,NA,NA,No,1,105,Complete,11:30:00,13:15:00,F2F1C904-290D-4335-A413-4BFC0030679D,2021-09-11,Nisqually River,District 11,Nisqually salmon 2021,A97630CE-CD92-4C6B-9798-3330F6E81341,Drift,Bait,NA,NA,NA,NA,NA,NA,NA,NA,NA,NA,2024-11-26T11:06:34Z,2024-11-26T19:06:34Z
AAEE8551-6DE3-49E0-89B5-DDA8AA8E6267,823C2E4C-FF47-4E78-BF95-74D5FCEAB309,Chinook,NA,Adult,AD,NA,NA,Kept,1,Chinook_Adult_AD_Kept,2021,9,37,355,NA,NA,No,2,710,Complete,08:15:00,14:10:00,F2F1C904-290D-4335-A413-4BFC0030679D,2021-09-11,Nisqually River,District 11,Nisqually salmon 2021,C687EBCC-3828-404C-AE82-DEDA4DFC9AB7,Drift,NA,NA,NA,NA,NA,NA,NA,NA,NA,NA,NA,2024-11-26T11:06:34Z,2024-11-26T19:06:34Z
F3939EA8-AE52-41BE-910E-EA93A6C3C476,0BB2E5E5-4894-4E1C-8F51-16233D95C696,Chinook,NA,Adult,UM,NA,NA,Released,1,Chinook_Adult_UM_Released,2021,9,37,130,NA,NA,No,1,130,Complete,06:00:00,08:10:00,F2F1C904-290D-4335-A413-4BFC0030679D,2021-09-11,Nisqually River,District 11,Nisqually salmon 2021,7D728EE5-880D-480C-AFE2-9021FAFB6DCA,Drift,NA,NA,NA,NA,NA,NA,NA,NA,NA,NA,NA,2024-11-26T11:06:34Z,2024-11-26T19:06:34Z
A3585268-9109-47F8-B684-71DB79DC78BE,CC8C2722-FD82-48A3-B8CA-E1F4744624B0,Chinook,NA,Adult,AD,NA,NA,Kept,2,Chinook_Adult_AD_Kept,2021,9,37,465,NA,NA,No,2,930,Complete,05:45:00,13:30:00,F2F1C904-290D-4335-A413-4BFC0030679D,2021-09-11,Nisqually River,District 11,Nisqually salmon 2021,6E50B6F7-67D0-45D7-9916-8397F74D68C8,Drift,NA,NA,NA,NA,NA,NA,NA,NA,NA,NA,NA,2024-11-26T11:06:34Z,2024-11-26T19:06:34Z
67F009BF-2ABD-4805-8B67-49EC6E1829AF,FFEED89B-575C-493B-8954-1788742ACAAB,Chinook,NA,Adult,AD,NA,NA,Kept,1,Chinook_Adult_AD_Kept,2021,9,37,130,NA,NA,No,1,130,Complete,05:50:00,08:00:00,F2F1C904-290D-4335-A413-4BFC0030679D,2021-09-11,Nisqually River,District 11,Nisqually salmon 2021,1D34EA48-8835-461B-9F19-20AC96AE9235,Drift,NA,NA,NA,NA,NA,NA,NA,NA,NA,NA,NA,2024-11-26T11:06:34Z,2024-11-26T19:06:34Z
19218E9D-FC40-4634-9AEE-C3E0076EA41A,878AD9AA-A7CB-43EC-BAF0-6F07CA9C418C,Chinook,NA,Adult,AD,NA,NA,Kept,1,Chinook_Adult_AD_Kept,2021,9,37,150,NA,NA,No,1,150,Complete,05:45:00,08:15:00,F2F1C904-290D-4335-A413-4BFC0030679D,2021-09-11,Nisqually River,District 11,Nisqually salmon 2021,9AF85133-1AA0-498D-8353-99D96D078E3F,Drift,NA,NA,NA,NA,NA,NA,NA,NA,NA,NA,NA,2024-11-26T11:06:34Z,2024-11-26T19:06:34Z
D2CDC6FC-3287-4724-B4E1-A02606C39284,BDAB3E1C-CE2F-4E15-A236-42EE3A9A5514,Chinook,NA,Adult,AD,NA,NA,Kept,1,Chinook_Adult_AD_Kept,2021,9,37,115,NA,NA,No,1,115,Complete,07:00:00,08:55:00,F2F1C904-290D-4335-A413-4BFC0030679D,2021-09-11,Nisqually River,District 11,Nisqually salmon 2021,2FB32273-8C2C-4B07-B6A1-47ECB48E27DC,Drift,Bait,NA,NA,NA,NA,NA,NA,NA,NA,NA,NA,2024-11-26T11:06:34Z,2024-11-26T19:06:34Z
57B5A4F7-1E8D-4E30-992E-E9786E1C93EE,67FEA165-8C72-4BBF-9E13-42A4A1789EA5,Chinook,NA,Adult,UM,NA,NA,Released,1,Chinook_Adult_UM_Released,2021,9,36,250,NA,NA,No,1,250,Complete,06:10:00,10:20:00,20205C1C-4E05-41FB-BFC3-66F27C644AE6,2021-09-08,Nisqually River,District 11,Nisqually salmon 2021,35DD4A37-7794-4AA2-89A6-4D1F6CF639EB,Drift,NA,NA,NA,NA,NA,NA,NA,NA,NA,NA,NA,2024-11-26T11:06:34Z,2024-11-26T19:06:34Z
02F98980-6617-4077-B2A5-2FAF280905EF,5066FE2F-BB0F-48A9-97F4-CE484E868449,Chinook,NA,Adult,UM,NA,NA,Released,1,Chinook_Adult_UM_Released,2021,9,36,270,NA,NA,No,1,270,Complete,06:00:00,10:30:00,20205C1C-4E05-41FB-BFC3-66F27C644AE6,2021-09-08,Nisqually River,District 11,Nisqually salmon 2021,05B86B53-B5C1-4592-91F1-1C58354EA1EB,Drift,NA,NA,NA,NA,NA,NA,NA,NA,NA,NA,NA,2024-11-26T11:06:34Z,2024-11-26T19:06:34Z
4BAD813E-11EC-4C7E-9F50-072A61666330,00F55D17-3D51-4F46-9214-17E9CE8C75BA,Chinook,NA,Adult,UM,NA,NA,Released,1,Chinook_Adult_UM_Released,2021,9,36,280,NA,NA,No,1,280,Complete,05:40:00,10:20:00,20205C1C-4E05-41FB-BFC3-66F27C644AE6,2021-09-08,Nisqually River,District 11,Nisqually salmon 2021,A4EDD7B4-19F1-4A7A-ABB3-0FCE46B221AA,Drift,NA,NA,NA,NA,NA,NA,NA,NA,NA,NA,NA,2024-11-26T11:06:34Z,2024-11-26T19:06:34Z
C295B6F5-C687-4E02-ABE5-2A6D81241C12,098AA989-D7A6-450E-B716-995260E9FD23,Chinook,NA,Adult,AD,NA,NA,Released,1,Chinook_Adult_AD_Released,2021,9,36,275,NA,NA,No,1,275,Complete,06:30:00,11:05:00,20205C1C-4E05-41FB-BFC3-66F27C644AE6,2021-09-08,Nisqually River,District 11,Nisqually salmon 2021,D011C3D5-E1E2-444A-B5ED-BD328ED68F3D,Drift,NA,NA,NA,NA,NA,NA,NA,NA,NA,NA,NA,2024-11-26T11:06:34Z,2024-11-26T19:06:34Z
23D241DF-5AE0-4519-8364-31A7FA73407E,4D90C0C6-EF5D-43A7-93E6-2ACE98603669,Chinook,NA,Adult,UM,NA,NA,Released,1,Chinook_Adult_UM_Released,2021,9,36,310,NA,NA,No,2,620,Complete,06:00:00,11:10:00,20205C1C-4E05-41FB-BFC3-66F27C644AE6,2021-09-08,Nisqually River,District 11,Nisqually salmon 2021,F690DC17-B4E5-4C04-A47D-3D3158A5F652,Drift,NA,NA,NA,NA,NA,NA,NA,NA,NA,NA,NA,2024-11-26T11:06:34Z,2024-11-26T19:06:34Z
2332D4C5-C5A6-4B6C-A523-85AB6B6BCE92,07001B13-014A-4BC9-BD08-0150CFCA5C89,Chinook,NA,Adult,AD,NA,NA,Kept,1,Chinook_Adult_AD_Kept,2021,9,36,285,NA,NA,No,1,285,Complete,06:30:00,11:15:00,20205C1C-4E05-41FB-BFC3-66F27C644AE6,2021-09-08,Nisqually River,District 11,Nisqually salmon 2021,2D7AD125-501F-45A1-A4EA-7BDA1EF9E264,Drift,NA,NA,NA,NA,NA,NA,NA,NA,NA,NA,NA,2024-11-26T11:06:34Z,2024-11-26T19:06:34Z
85AA1D8D-1E6D-45E1-B55C-63847B796D06,03296921-7980-409A-8DFA-9BF72FEF8D69,Chinook,NA,Adult,UM,NA,NA,Released,1,Chinook_Adult_UM_Released,2021,9,36,190,NA,NA,No,1,190,Complete,08:00:00,11:10:00,20205C1C-4E05-41FB-BFC3-66F27C644AE6,2021-09-08,Nisqually River,District 11,Nisqually salmon 2021,F5D9931A-9AB8-4E32-81AD-89A73B75272E,Drift,NA,NA,NA,NA,NA,NA,NA,NA,NA,NA,NA,2024-11-26T11:06:34Z,2024-11-26T19:06:34Z
9036D74E-EAAE-4799-B167-01506154A953,32C6A160-A957-4821-AD8A-F21E24B28EDE,Chinook,NA,Adult,AD,NA,NA,Kept,2,Chinook_Adult_AD_Kept,2021,9,36,165,NA,NA,No,1,165,Complete,05:50:00,08:35:00,20205C1C-4E05-41FB-BFC3-66F27C644AE6,2021-09-08,Nisqually River,District 11,Nisqually salmon 2021,57B42D0A-2848-43EF-91DF-E944235D5413,Drift,NA,NA,NA,NA,NA,NA,NA,NA,NA,NA,NA,2024-11-26T11:06:34Z,2024-11-26T19:06:34Z
BD1D2976-B863-4FD9-B164-0EDBB93927EF,2F28FCAB-A70D-46F2-9CA1-3A0B1F7512FC,Chinook,NA,Adult,UM,NA,NA,Released,1,Chinook_Adult_UM_Released,2021,9,36,180,NA,NA,No,1,180,Complete,08:20:00,11:20:00,20205C1C-4E05-41FB-BFC3-66F27C644AE6,2021-09-08,Nisqually River,District 11,Nisqually salmon 2021,C862FE4B-8AAA-40B6-8CAB-574D593BB714,Drift,NA,NA,NA,NA,NA,NA,NA,NA,NA,NA,NA,2024-11-26T11:06:34Z,2024-11-26T19:06:34Z
DEBC3676-AACA-4A33-A042-8E2E1D03CEE8,D509C211-143D-49DB-920F-C972DFA4A2DE,Chinook,NA,Jack,AD,NA,NA,Kept,3,Chinook_Jack_AD_Kept,2021,9,36,390,NA,NA,No,1,390,Complete,06:30:00,13:00:00,20205C1C-4E05-41FB-BFC3-66F27C644AE6,2021-09-08,Nisqually River,District 11,Nisqually salmon 2021,408F60D0-71FB-42B4-8026-8148208581FD,Drift,NA,NA,NA,NA,NA,NA,NA,NA,NA,NA,NA,2024-11-26T11:06:34Z,2024-11-26T19:06:34Z
4EBBF3EF-5CF5-4EE2-8198-F3CDF90D890E,CD25BC25-6EF8-40A5-BBE3-B5CD1A1E1BAE,Chinook,NA,Adult,AD,NA,NA,Kept,1,Chinook_Adult_AD_Kept,2021,9,36,320,NA,NA,No,1,320,Complete,08:00:00,13:20:00,20205C1C-4E05-41FB-BFC3-66F27C644AE6,2021-09-08,Nisqually River,District 11,Nisqually salmon 2021,CB18443A-5055-41CB-8FCE-41FE33D4C3BD,Drift,NA,NA,NA,NA,NA,NA,NA,NA,NA,NA,NA,2024-11-26T11:06:34Z,2024-11-26T19:06:34Z
5B72720C-C45F-4CB4-8159-220A13DF58F2,2F2F2941-7911-4139-8ECC-727F514C7E88,Chinook,NA,Adult,AD,NA,NA,Kept,1,Chinook_Adult_AD_Kept,2021,9,36,295,NA,NA,No,2,590,Complete,09:00:00,13:55:00,20205C1C-4E05-41FB-BFC3-66F27C644AE6,2021-09-08,Nisqually River,District 11,Nisqually salmon 2021,DB17A2E1-35C1-4911-9CF3-8F8D3BEB3990,Drift,NA,NA,NA,NA,NA,NA,NA,NA,NA,NA,NA,2024-11-26T11:06:34Z,2024-11-26T19:06:34Z
DCA07A39-8D62-4BA9-A815-9925B21C8E79,4A6EAF5E-12B6-4CCF-999A-DD0024D00F96,Chinook,NA,Jack,AD,NA,NA,Kept,1,Chinook_Jack_AD_Kept,2021,9,36,90,NA,NA,No,1,90,Complete,12:30:00,14:00:00,20205C1C-4E05-41FB-BFC3-66F27C644AE6,2021-09-08,Nisqually River,District 11,Nisqually salmon 2021,402B4E85-B5F9-4E43-B1AC-056FB1E5DCE2,Drift,NA,NA,NA,NA,NA,NA,NA,NA,NA,NA,NA,2024-11-26T11:06:34Z,2024-11-26T19:06:34Z
23EC0A50-2D58-42E5-B05B-BA6D51C814DB,E2BCE931-5287-45BC-B8B6-A231DDCA87C3,Chinook,NA,Adult,AD,NA,NA,Kept,2,Chinook_Adult_AD_Kept,2021,9,36,490,NA,NA,No,1,490,Complete,06:00:00,14:10:00,20205C1C-4E05-41FB-BFC3-66F27C644AE6,2021-09-08,Nisqually River,District 11,Nisqually salmon 2021,6D8056AD-B3A4-4F61-A018-3068F6252FA0,Drift,NA,NA,NA,NA,NA,NA,NA,NA,NA,NA,NA,2024-11-26T11:06:34Z,2024-11-26T19:06:34Z
C72FB4B7-08A4-4422-8981-600007E60B87,1076481E-5961-496E-A9A1-8CD2488FB007,Chinook,NA,Adult,UM,NA,NA,Released,1,Chinook_Adult_UM_Released,2021,9,36,340,NA,NA,No,1,340,Complete,06:00:00,11:40:00,20205C1C-4E05-41FB-BFC3-66F27C644AE6,2021-09-08,Nisqually River,District 11,Nisqually salmon 2021,E837F438-9C12-4E71-89C5-99B69FA14BE5,Drift,NA,NA,NA,NA,NA,NA,NA,NA,NA,NA,NA,2024-11-26T11:06:34Z,2024-11-26T19:06:34Z
9A3FAE6E-F9C1-4DC9-8283-9A656F56F63F,FE33E0DE-D82E-458B-BB16-049EC72CCD20,Chinook,NA,Adult,AD,NA,NA,Kept,1,Chinook_Adult_AD_Kept,2021,9,36,265,NA,NA,No,1,265,Complete,07:30:00,11:55:00,20205C1C-4E05-41FB-BFC3-66F27C644AE6,2021-09-08,Nisqually River,District 11,Nisqually salmon 2021,D1B305A0-1360-4AA5-9CFA-21EE5B71658A,Drift,NA,NA,NA,NA,NA,NA,NA,NA,NA,NA,NA,2024-11-26T11:06:34Z,2024-11-26T19:06:34Z
91A36CCA-D01A-432E-91A6-2341A660F953,9CE05BE7-B4F9-4EAB-ABFB-B765ADE5A890,Chinook,NA,Adult,AD,NA,NA,Released,2,Chinook_Adult_AD_Released,2021,9,36,215,NA,NA,No,1,215,Complete,07:00:00,10:35:00,20205C1C-4E05-41FB-BFC3-66F27C644AE6,2021-09-08,Nisqually River,District 11,Nisqually salmon 2021,D2362395-6C28-4D87-A2FA-81A697446994,Drift,NA,NA,NA,NA,NA,NA,NA,NA,NA,NA,NA,2024-11-26T11:06:34Z,2024-11-26T19:06:34Z
8A5A3C9B-6079-401B-A231-F286392F9E5C,39F4E115-39D3-46E3-8059-95AB6F35E36E,Chinook,NA,Adult,UM,NA,NA,Released,1,Chinook_Adult_UM_Released,2021,9,36,195,NA,NA,No,1,195,Complete,09:15:00,12:30:00,20205C1C-4E05-41FB-BFC3-66F27C644AE6,2021-09-08,Nisqually River,District 11,Nisqually salmon 2021,28759A37-3F89-4866-85E1-6A194EA3A9E3,Drift,NA,NA,NA,NA,NA,NA,NA,NA,NA,NA,NA,2024-11-26T11:06:34Z,2024-11-26T19:06:34Z
4D467176-3C91-41EF-8B20-71E36277BEE4,F4F5F321-0580-43F1-BCAC-8F0B99BDC43D,Chinook,NA,Adult,AD,NA,NA,Kept,1,Chinook_Adult_AD_Kept,2021,9,36,365,NA,NA,No,2,730,Complete,06:00:00,12:05:00,20205C1C-4E05-41FB-BFC3-66F27C644AE6,2021-09-08,Nisqually River,District 11,Nisqually salmon 2021,A9B85069-D038-40D4-9B49-3CF9376C499A,Drift,NA,NA,NA,NA,NA,NA,NA,NA,NA,NA,NA,2024-11-26T11:06:34Z,2024-11-26T19:06:34Z
AE5FEBF8-DE1A-4A25-B9B0-B4C6AED7CEF7,ABAD0F20-D7AA-4116-8759-E324FE87E1B3,Chinook,NA,Adult,AD,NA,NA,Kept,1,Chinook_Adult_AD_Kept,2021,9,36,135,NA,NA,No,1,135,Complete,05:40:00,07:55:00,20205C1C-4E05-41FB-BFC3-66F27C644AE6,2021-09-08,Nisqually River,District 11,Nisqually salmon 2021,C6D98642-4862-49F7-BA1B-E9D85E3F9E6B,Drift,NA,NA,NA,NA,NA,NA,NA,NA,NA,NA,NA,2024-11-26T11:06:34Z,2024-11-26T19:06:34Z
47C95157-1182-49AC-9CEA-4EC6D38C4955,0C636E00-ED66-48A1-A8DB-8A4270854FE4,Chinook,NA,Adult,AD,NA,NA,Released,1,Chinook_Adult_AD_Released,2021,9,36,64,NA,NA,No,2,128,Complete,11:30:00,12:34:00,E3463D52-498F-4925-B2DA-36BB78438189,2021-09-08,Nisqually River,District 11,Nisqually salmon 2021,6357D606-B3F6-4E2E-A1D3-FF8AB62B9051,Drift,NA,NA,NA,NA,NA,NA,NA,NA,NA,NA,NA,2024-11-26T11:06:34Z,2024-11-26T19:06:34Z
C45D7281-B21C-45F4-A7E4-DC145DBCCC75,3F57011F-C609-44B1-A444-44A7B599C870,Chinook,NA,Adult,UM,NA,NA,Released,1,Chinook_Adult_UM_Released,2021,9,36,18,NA,NA,No,1,18,Complete,12:00:00,12:18:00,E3463D52-498F-4925-B2DA-36BB78438189,2021-09-08,Nisqually River,District 11,Nisqually salmon 2021,93A65A69-602D-40FC-BA58-4C1C6C0E2FEE,Drift,NA,NA,NA,NA,NA,NA,NA,NA,NA,NA,NA,2024-11-26T11:06:34Z,2024-11-26T19:06:34Z
00D398E7-CA59-4C10-B830-DDAD997799EF,77E63DF7-FAA4-4397-8E21-F5E4C8F78DC3,Chinook,NA,Adult,AD,NA,NA,Kept,1,Chinook_Adult_AD_Kept,2021,9,36,342,NA,NA,No,1,342,Complete,06:00:00,11:42:00,E3463D52-498F-4925-B2DA-36BB78438189,2021-09-08,Nisqually River,District 11,Nisqually salmon 2021,79A006C5-A51A-4F5A-B172-71D7D2371058,Drift,NA,NA,NA,NA,NA,NA,NA,NA,NA,NA,NA,2024-11-26T11:06:34Z,2024-11-26T19:06:34Z
3006280A-DDB8-4168-8969-9BDBFCCB67F8,354F5638-901D-4FFB-ACC8-F6ABD66BBEDC,Chinook,NA,Adult,AD,NA,NA,Kept,3,Chinook_Adult_AD_Kept,2021,9,36,295,NA,NA,No,4,1180,Complete,06:30:00,11:25:00,E3463D52-498F-4925-B2DA-36BB78438189,2021-09-08,Nisqually River,District 11,Nisqually salmon 2021,1A075ED6-99F2-4679-B890-4CB6825FEB0B,Drift,NA,NA,NA,NA,NA,NA,NA,NA,NA,NA,NA,2024-11-26T11:06:34Z,2024-11-26T19:06:34Z
C45FF5D7-123F-4505-BC03-C519194D2168,0689732E-0B19-4F35-BF58-CE0D00A2A1F9,Chinook,NA,Adult,AD,NA,NA,Kept,1,Chinook_Adult_AD_Kept,2021,9,36,135,NA,NA,No,1,135,Complete,09:00:00,11:15:00,E3463D52-498F-4925-B2DA-36BB78438189,2021-09-08,Nisqually River,District 11,Nisqually salmon 2021,C7686055-DE7B-4F13-9730-BA7301FF0B54,Drift,NA,NA,NA,NA,NA,NA,NA,NA,NA,NA,NA,2024-11-26T11:06:34Z,2024-11-26T19:06:34Z
BF12C97D-177D-4F16-8C0F-ECAD4570734B,428211A7-C784-4719-A5F7-7ACBB906A542,Chinook,NA,Adult,AD,NA,NA,Kept,1,Chinook_Adult_AD_Kept,2021,9,36,251,NA,NA,No,4,1004,Complete,08:00:00,12:11:00,E3463D52-498F-4925-B2DA-36BB78438189,2021-09-08,Nisqually River,District 11,Nisqually salmon 2021,68A90833-0F60-4DCD-BAF4-A1747AB15BEF,Drift,NA,NA,NA,NA,NA,NA,NA,NA,NA,NA,NA,2024-11-26T11:06:34Z,2024-11-26T19:06:34Z
473B5347-3EE5-4AE6-850C-1E34DD3BB331,58077778-37EB-46EA-8666-6562338162DA,Chinook,NA,Adult,UM,NA,NA,Released,1,Chinook_Adult_UM_Released,2021,9,36,225,NA,NA,No,2,450,Complete,15:30:00,19:15:00,E3463D52-498F-4925-B2DA-36BB78438189,2021-09-08,Nisqually River,District 11,Nisqually salmon 2021,DA000AE3-FCF3-419A-B710-798B0BE3985D,Drift,NA,NA,NA,NA,NA,NA,NA,NA,NA,NA,NA,2024-11-26T11:06:34Z,2024-11-26T19:06:34Z
BBD26056-66C2-4429-A8AF-B591DA610805,58400825-805E-4346-B565-33514513ECA7,Chinook,NA,Adult,AD,NA,NA,Released,1,Chinook_Adult_AD_Released,2021,9,36,120,NA,NA,No,1,120,Complete,15:30:00,17:30:00,E3463D52-498F-4925-B2DA-36BB78438189,2021-09-08,Nisqually River,District 11,Nisqually salmon 2021,C6E86F64-88A7-4F6C-BFCE-665FC444D843,Drift,NA,NA,NA,NA,NA,NA,NA,NA,NA,NA,NA,2024-11-26T11:06:34Z,2024-11-26T19:06:34Z
D1F3389E-7A3D-447F-9EA4-5AC7BEDE1723,99A91D09-C49C-4CB0-9F01-058B2A3ECABC,Chinook,NA,Adult,AD,NA,NA,Kept,1,Chinook_Adult_AD_Kept,2021,9,36,360,NA,NA,No,2,720,Complete,10:00:00,16:00:00,E3463D52-498F-4925-B2DA-36BB78438189,2021-09-08,Nisqually River,District 11,Nisqually salmon 2021,D2A7E307-96F6-4BD8-831F-A9D8A08A79C2,Drift,NA,NA,NA,NA,NA,NA,NA,NA,NA,NA,NA,2024-11-26T11:06:34Z,2024-11-26T19:06:34Z
BA608264-05D4-461E-AE73-A458BD27A829,AE4AD790-2C34-457E-BF05-9A494C51D768,Chinook,NA,Adult,AD,NA,NA,Kept,2,Chinook_Adult_AD_Kept,2021,9,36,30,NA,NA,No,1,30,Complete,15:40:00,16:10:00,E3463D52-498F-4925-B2DA-36BB78438189,2021-09-08,Nisqually River,District 11,Nisqually salmon 2021,3209CBEB-1644-4000-A9F9-8B8D607F7035,Drift,NA,NA,NA,NA,NA,NA,NA,NA,NA,NA,NA,2024-11-26T11:06:34Z,2024-11-26T19:06:34Z
C9B0167E-782E-41FF-9CD1-3FA13AB82781,B478E8A0-81EC-4957-82CB-FE04169AA8E4,Chinook,NA,Adult,AD,NA,NA,Kept,3,Chinook_Adult_AD_Kept,2021,9,36,390,NA,NA,No,2,780,Complete,09:30:00,16:00:00,8025C08A-3CE3-4A7C-B2AB-842303BCA7F6,2021-09-07,Nisqually River,District 11,Nisqually salmon 2021,1E473163-C8E3-47C1-8E1B-D4C57DA5D06B,Drift,NA,NA,NA,NA,NA,NA,NA,NA,NA,NA,NA,2024-11-26T11:06:34Z,2024-11-26T19:06:34Z
1B6DB920-C92D-4B41-AC53-8C294D60FFC6,259618AE-2BF1-46AD-94D9-CE7C8462EB94,Chinook,NA,Adult,AD,NA,NA,Kept,2,Chinook_Adult_AD_Kept,2021,9,36,205,NA,NA,No,1,205,Complete,13:00:00,16:25:00,8025C08A-3CE3-4A7C-B2AB-842303BCA7F6,2021-09-07,Nisqually River,District 11,Nisqually salmon 2021,D30CF37A-F559-480E-AC55-820E74A89DB7,Drift,NA,NA,NA,NA,NA,NA,NA,NA,NA,NA,NA,2024-11-26T11:06:34Z,2024-11-26T19:06:34Z
6D1D5808-57BA-42F0-9A13-64A8F5A0FE78,0E6F2E54-BED0-49EF-AF17-6B6FEFB96AC2,Chinook,NA,Adult,UM,NA,NA,Released,2,Chinook_Adult_UM_Released,2021,9,36,570,NA,NA,No,1,570,Complete,06:15:00,15:45:00,8025C08A-3CE3-4A7C-B2AB-842303BCA7F6,2021-09-07,Nisqually River,District 11,Nisqually salmon 2021,D12D1274-5C0E-4541-B26E-F1AF670226F1,Drift,NA,NA,NA,NA,NA,NA,NA,NA,NA,NA,NA,2024-11-26T11:06:34Z,2024-11-26T19:06:34Z
1AE8CC05-BD5C-4A20-BA6E-F50637CB5FD7,29249AA7-C18F-499B-A177-CE6950266B17,Chinook,NA,Adult,AD,NA,NA,Released,2,Chinook_Adult_AD_Released,2021,9,36,395,NA,NA,No,1,395,Complete,12:00:00,18:35:00,8025C08A-3CE3-4A7C-B2AB-842303BCA7F6,2021-09-07,Nisqually River,District 11,Nisqually salmon 2021,B4E47E9F-266C-421B-9376-74FED46A6531,Drift,NA,NA,NA,NA,NA,NA,NA,NA,NA,NA,NA,2024-11-26T11:06:34Z,2024-11-26T19:06:34Z
1D3877F3-D973-45CE-8F3F-7BBD6A1B8E34,4421115D-1B0B-4B54-BD6E-16A9C020FAC8,Chinook,NA,Adult,UM,NA,NA,Released,1,Chinook_Adult_UM_Released,2021,9,36,406,NA,NA,No,1,406,Complete,12:00:00,18:46:00,8025C08A-3CE3-4A7C-B2AB-842303BCA7F6,2021-09-07,Nisqually River,District 11,Nisqually salmon 2021,B29AAC0E-6395-4788-95FD-45C4C4ED524F,Drift,NA,NA,NA,NA,NA,NA,NA,NA,NA,NA,NA,2024-11-26T11:06:34Z,2024-11-26T19:06:34Z
FAD249BA-7D6C-4683-93E2-A5CFBD4F086B,CF47367A-2599-42EB-8235-3DED0581C079,Chinook,NA,Adult,UM,NA,NA,Released,1,Chinook_Adult_UM_Released,2021,9,36,300,NA,NA,No,1,300,Complete,14:00:00,19:00:00,8025C08A-3CE3-4A7C-B2AB-842303BCA7F6,2021-09-07,Nisqually River,District 11,Nisqually salmon 2021,DBB520F3-5D13-484A-8B6E-AF0F47629E8B,Drift,NA,NA,NA,NA,NA,NA,NA,NA,NA,NA,NA,2024-11-26T11:06:34Z,2024-11-26T19:06:34Z
743D624C-3C56-4930-AAE3-816259699197,000C50DA-3E86-4D1E-A0B3-BC1C77174145,Chinook,NA,Adult,AD,NA,NA,Kept,1,Chinook_Adult_AD_Kept,2021,9,36,NA,NA,NA,No,1,NA,Incomplete,05:40:00,NA,8025C08A-3CE3-4A7C-B2AB-842303BCA7F6,2021-09-07,Nisqually River,District 11,Nisqually salmon 2021,F2157ED0-EDCF-4F9A-B1BF-91012CE6AEE3,Drift,NA,NA,NA,NA,NA,NA,NA,NA,NA,NA,NA,2024-11-26T11:06:34Z,2024-11-26T19:06:34Z
E15B6D8B-0BED-4C85-963F-B006BB970DA1,C5E992D2-C354-4DB9-BE73-11C85FEC3332,Chinook,NA,Adult,AD,NA,NA,Kept,1,Chinook_Adult_AD_Kept,2021,9,36,590,NA,NA,No,2,1180,Complete,05:30:00,15:20:00,8025C08A-3CE3-4A7C-B2AB-842303BCA7F6,2021-09-07,Nisqually River,District 11,Nisqually salmon 2021,E4C59315-C78E-49E2-A674-741FB98C9645,Drift,NA,NA,NA,NA,NA,NA,NA,NA,NA,NA,NA,2024-11-26T11:06:34Z,2024-11-26T19:06:34Z
97F98167-A66C-4330-A8D4-B81D86C8C348,72EE9E0D-C81C-45DD-9789-4F358EB84EA4,Chinook,NA,Adult,UM,NA,NA,Released,5,Chinook_Adult_UM_Released,2021,9,36,NA,NA,NA,No,1,NA,Incomplete,06:00:00,NA,8025C08A-3CE3-4A7C-B2AB-842303BCA7F6,2021-09-07,Nisqually River,District 11,Nisqually salmon 2021,FCAADDD4-4622-46CE-AB3B-04972328583A,Drift,NA,NA,NA,NA,NA,NA,NA,NA,NA,NA,NA,2024-11-26T11:06:34Z,2024-11-26T19:06:34Z
97F98167-A66C-4330-A8D4-B81D86C8C348,2DDA8866-9E86-4191-BE49-E54077F706C6,Chinook,NA,Adult,AD,NA,NA,Kept,1,Chinook_Adult_AD_Kept,2021,9,36,NA,NA,NA,No,1,NA,Incomplete,06:00:00,NA,8025C08A-3CE3-4A7C-B2AB-842303BCA7F6,2021-09-07,Nisqually River,District 11,Nisqually salmon 2021,FCAADDD4-4622-46CE-AB3B-04972328583A,Drift,NA,NA,NA,NA,NA,NA,NA,NA,NA,NA,NA,2024-11-26T11:06:34Z,2024-11-26T19:06:34Z
A333DF09-9E7A-49F8-ACD0-992C27EBC297,2968554E-3A69-4E7F-9453-5F54F5C32690,Chinook,NA,Adult,AD,NA,NA,Kept,1,Chinook_Adult_AD_Kept,2021,9,36,180,NA,NA,No,2,360,Complete,08:30:00,11:30:00,8025C08A-3CE3-4A7C-B2AB-842303BCA7F6,2021-09-07,Nisqually River,District 11,Nisqually salmon 2021,FA7F0028-A947-4319-AC09-DFD1982A9D9F,Drift,NA,NA,NA,NA,NA,NA,NA,NA,NA,NA,NA,2024-11-26T11:06:34Z,2024-11-26T19:06:34Z
F4C61DE6-9BE3-45D2-9D53-DFCD73C40CD1,3B2D8C70-4112-4A14-8B80-7A4D34EA437E,Chinook,NA,Adult,UM,NA,NA,Released,1,Chinook_Adult_UM_Released,2021,9,36,246,NA,NA,No,1,246,Complete,07:30:00,11:36:00,8025C08A-3CE3-4A7C-B2AB-842303BCA7F6,2021-09-07,Nisqually River,District 11,Nisqually salmon 2021,EEBBE585-C672-4FE4-936B-4C51844E4C9A,Drift,NA,NA,NA,NA,NA,NA,NA,NA,NA,NA,NA,2024-11-26T11:06:34Z,2024-11-26T19:06:34Z
6C6064AC-9963-47C1-9EC8-A76F705A525E,3190E367-F7A2-4319-8AE5-646A89ADBFD1,Chinook,NA,Adult,UM,NA,NA,Released,1,Chinook_Adult_UM_Released,2021,9,36,NA,NA,NA,No,2,NA,Incomplete,06:15:00,NA,8025C08A-3CE3-4A7C-B2AB-842303BCA7F6,2021-09-07,Nisqually River,District 11,Nisqually salmon 2021,E80A2CC0-2135-4A17-8E51-3828EB7F0A41,Drift,NA,NA,NA,NA,NA,NA,NA,NA,NA,NA,NA,2024-11-26T11:06:34Z,2024-11-26T19:06:34Z
6C6064AC-9963-47C1-9EC8-A76F705A525E,85BF2A4C-9829-4DAA-AA53-9A8C472C01E7,Chinook,NA,Adult,AD,NA,NA,Kept,1,Chinook_Adult_AD_Kept,2021,9,36,NA,NA,NA,No,2,NA,Incomplete,06:15:00,NA,8025C08A-3CE3-4A7C-B2AB-842303BCA7F6,2021-09-07,Nisqually River,District 11,Nisqually salmon 2021,E80A2CC0-2135-4A17-8E51-3828EB7F0A41,Drift,NA,NA,NA,NA,NA,NA,NA,NA,NA,NA,NA,2024-11-26T11:06:34Z,2024-11-26T19:06:34Z
92499E24-0B5D-465F-BB8A-D0B087DD7224,9D80D898-4AEF-4D0D-8BD4-6341C1ECE129,Chinook,NA,Adult,AD,NA,NA,Kept,1,Chinook_Adult_AD_Kept,2021,9,36,173,NA,NA,No,2,346,Complete,10:00:00,12:53:00,8025C08A-3CE3-4A7C-B2AB-842303BCA7F6,2021-09-07,Nisqually River,District 11,Nisqually salmon 2021,6E942203-42B3-42F6-A8A4-65C5D3F79748,Drift,NA,NA,NA,NA,NA,NA,NA,NA,NA,NA,NA,2024-11-26T11:06:34Z,2024-11-26T19:06:34Z
776C5727-E5F0-4CAE-B038-F87224CA2FEE,0312DD70-CEE3-4D39-8FA9-BB193629EEBD,Chinook,NA,Adult,AD,NA,NA,Kept,1,Chinook_Adult_AD_Kept,2021,9,36,NA,NA,NA,No,2,NA,Incomplete,07:30:00,NA,8025C08A-3CE3-4A7C-B2AB-842303BCA7F6,2021-09-07,Nisqually River,District 11,Nisqually salmon 2021,617C05A5-5EFB-4712-A6D2-FC1AFBF5EEF7,Drift,NA,NA,NA,NA,NA,NA,NA,NA,NA,NA,NA,2024-11-26T11:06:34Z,2024-11-26T19:06:34Z
C8CDCAC1-D89F-4D9A-8A21-CDF2DDCDC63A,9743D380-2885-4FD8-A13C-8A47211DE328,Chinook,NA,Adult,AD,NA,NA,Kept,1,Chinook_Adult_AD_Kept,2021,9,36,290,NA,NA,No,1,290,Complete,07:30:00,12:20:00,8025C08A-3CE3-4A7C-B2AB-842303BCA7F6,2021-09-07,Nisqually River,District 11,Nisqually salmon 2021,05449EBC-3387-4F17-B46D-0C71FEC707C0,Drift,NA,NA,NA,NA,NA,NA,NA,NA,NA,NA,NA,2024-11-26T11:06:34Z,2024-11-26T19:06:34Z
8BEE5494-CF28-4538-9C6D-D01F137988CB,BB603762-D059-4C1D-B37B-26B18D096D45,Chinook,NA,Adult,UM,NA,NA,Released,1,Chinook_Adult_UM_Released,2021,9,36,370,NA,NA,No,1,370,Complete,05:40:00,11:50:00,DDB296B0-53C1-4BB8-97B4-EFB67FF8A3A3,2021-09-07,Nisqually River,District 11,Nisqually salmon 2021,0A77853D-EE68-4030-B10E-5ADEC1F7A5E7,Drift,NA,NA,NA,NA,NA,NA,NA,NA,NA,NA,NA,2024-11-26T11:06:34Z,2024-11-26T19:06:34Z
E9D0C2B0-2324-462B-9612-FF32CBE505EA,067CD3A7-DD92-48FB-A11F-E97AD4283443,Chinook,NA,Jack,AD,NA,NA,Kept,1,Chinook_Jack_AD_Kept,2021,9,36,210,NA,NA,No,2,420,Complete,10:00:00,13:30:00,DDB296B0-53C1-4BB8-97B4-EFB67FF8A3A3,2021-09-07,Nisqually River,District 11,Nisqually salmon 2021,F3AD8C74-E693-4D91-9151-5B8700D9B56E,Drift,NA,NA,NA,NA,NA,NA,NA,NA,NA,NA,NA,2024-11-26T11:06:34Z,2024-11-26T19:06:34Z
7F943E72-7385-43B4-9B07-D2E26679EA9B,133ECD24-F735-4B13-84D8-9512763EB5D4,Chinook,NA,Adult,AD,NA,NA,Kept,1,Chinook_Adult_AD_Kept,2021,9,36,255,NA,NA,No,1,255,Complete,10:00:00,14:15:00,DDB296B0-53C1-4BB8-97B4-EFB67FF8A3A3,2021-09-07,Nisqually River,District 11,Nisqually salmon 2021,F0AD1801-D053-4BDB-BF09-76F9CB8D40EB,Drift,NA,NA,NA,NA,NA,NA,NA,NA,NA,NA,NA,2024-11-26T11:06:34Z,2024-11-26T19:06:34Z
88DDD7B4-F4A2-40CB-B489-36D726BED439,EB5B7BF6-C90B-460A-8B47-760A18C53A9E,Chinook,NA,Adult,AD,NA,NA,Kept,1,Chinook_Adult_AD_Kept,2021,9,36,275,NA,NA,No,1,275,Complete,08:30:00,13:05:00,DDB296B0-53C1-4BB8-97B4-EFB67FF8A3A3,2021-09-07,Nisqually River,District 11,Nisqually salmon 2021,092CE2D5-0D08-4EF8-A1ED-7848BFFA62A6,Drift,NA,NA,NA,NA,NA,NA,NA,NA,NA,NA,NA,2024-11-26T11:06:34Z,2024-11-26T19:06:34Z
2E72BDF8-D8ED-4A22-A2F6-316C1C9EAC32,15999CE9-B75B-4236-BE0E-89E3637F74A1,Chinook,NA,Adult,AD,NA,NA,Kept,1,Chinook_Adult_AD_Kept,2021,9,36,110,NA,NA,No,1,110,Complete,07:30:00,09:20:00,DDB296B0-53C1-4BB8-97B4-EFB67FF8A3A3,2021-09-07,Nisqually River,District 11,Nisqually salmon 2021,ABC5077F-4CDB-4295-A0D0-4764F745B74E,Drift,NA,NA,NA,NA,NA,NA,NA,NA,NA,NA,NA,2024-11-26T11:06:34Z,2024-11-26T19:06:34Z
3D6213FE-9100-4FB8-9F43-BAC528275881,7D39B8E8-94D5-42A2-8654-029571C430F2,Chinook,NA,Jack,AD,NA,NA,Kept,1,Chinook_Jack_AD_Kept,2021,9,36,220,NA,NA,No,1,220,Complete,05:35:00,09:15:00,DDB296B0-53C1-4BB8-97B4-EFB67FF8A3A3,2021-09-07,Nisqually River,District 11,Nisqually salmon 2021,C363BA0F-E5A0-426F-917C-0128A87D998F,Drift,NA,NA,NA,NA,NA,NA,NA,NA,NA,NA,NA,2024-11-26T11:06:34Z,2024-11-26T19:06:34Z
CDA34F70-DA8F-45E2-BB94-265DB10FE187,174B4F3B-5B02-4087-B8FA-B7027A57C05C,Chinook,NA,Adult,UM,NA,NA,Released,1,Chinook_Adult_UM_Released,2021,9,36,225,NA,NA,No,2,450,Complete,07:00:00,10:45:00,DDB296B0-53C1-4BB8-97B4-EFB67FF8A3A3,2021-09-07,Nisqually River,District 11,Nisqually salmon 2021,E9E7E89E-7B64-4DF6-B320-4A5EB4488D3D,Drift,NA,NA,NA,NA,NA,NA,NA,NA,NA,NA,NA,2024-11-26T11:06:34Z,2024-11-26T19:06:34Z
5F73BC83-16F0-44F9-8805-9C1F79464CC3,17ED9251-1C9F-4878-81F4-28847605A457,Chinook,NA,Adult,UM,NA,NA,Released,1,Chinook_Adult_UM_Released,2021,9,36,205,NA,NA,No,1,205,Complete,06:30:00,09:55:00,DDB296B0-53C1-4BB8-97B4-EFB67FF8A3A3,2021-09-07,Nisqually River,District 11,Nisqually salmon 2021,A6CD414A-07A8-4CB6-B369-2B32A16EE302,Drift,NA,NA,NA,NA,NA,NA,NA,NA,NA,NA,NA,2024-11-26T11:06:34Z,2024-11-26T19:06:34Z
26252A5B-677A-4C75-ABA6-1EF5D59F944B,2086635C-D908-4B1A-BF76-37FE80D30B77,Chinook,NA,Adult,AD,NA,NA,Kept,2,Chinook_Adult_AD_Kept,2021,9,36,495,NA,NA,Yes,2,990,Complete,06:00:00,14:15:00,672ACCE5-32E7-4D50-9C0E-AC84A0F94D55,2021-09-04,Nisqually River,District 11,Nisqually salmon 2021,F61170C6-CB70-4F81-A6C5-B50170008EDE,Bobber,Bait,NA,NA,NA,NA,NA,NA,NA,NA,NA,NA,2024-11-26T11:06:34Z,2024-11-26T19:06:34Z
88239D67-3568-4BAD-A7D1-A3E7EEF8C39B,4892B6E0-1497-44D4-826A-C37A73EEAC8D,Chinook,NA,Adult,AD,NA,NA,Kept,1,Chinook_Adult_AD_Kept,2021,9,36,120,NA,NA,No,1,120,Complete,14:30:00,16:30:00,672ACCE5-32E7-4D50-9C0E-AC84A0F94D55,2021-09-04,Nisqually River,District 11,Nisqually salmon 2021,D939AB8F-1444-4E8B-90B9-DF30A7EEE3A3,Drift,NA,NA,NA,NA,NA,NA,NA,NA,NA,NA,NA,2024-11-26T11:06:34Z,2024-11-26T19:06:34Z
88239D67-3568-4BAD-A7D1-A3E7EEF8C39B,62DAB901-F3CF-44C3-ACFC-3E4D02CA3BB3,Chinook,NA,Adult,UM,NA,NA,Released,1,Chinook_Adult_UM_Released,2021,9,36,120,NA,NA,No,1,120,Complete,14:30:00,16:30:00,672ACCE5-32E7-4D50-9C0E-AC84A0F94D55,2021-09-04,Nisqually River,District 11,Nisqually salmon 2021,D939AB8F-1444-4E8B-90B9-DF30A7EEE3A3,Drift,NA,NA,NA,NA,NA,NA,NA,NA,NA,NA,NA,2024-11-26T11:06:34Z,2024-11-26T19:06:34Z
8F408062-E8E0-48AD-BA9D-D7A2AC2F44BE,D3B639D2-8464-4583-AABB-8EF4B6A632F7,Chinook,NA,Adult,AD,NA,NA,Kept,1,Chinook_Adult_AD_Kept,2021,9,36,360,NA,NA,No,1,360,Complete,11:00:00,17:00:00,672ACCE5-32E7-4D50-9C0E-AC84A0F94D55,2021-09-04,Nisqually River,District 11,Nisqually salmon 2021,0CD4E8FD-C667-41CD-AE07-B13ED1B2DB39,Drift,NA,NA,NA,NA,NA,NA,NA,NA,NA,NA,NA,2024-11-26T11:06:34Z,2024-11-26T19:06:34Z
B5072B3A-4CAA-408F-9831-D38FE79DA22C,3A2DA19E-519C-46B2-9F9B-47C3AC77EA86,Chinook,NA,Adult,AD,NA,NA,Kept,1,Chinook_Adult_AD_Kept,2021,9,36,180,NA,NA,No,1,180,Complete,14:00:00,17:00:00,672ACCE5-32E7-4D50-9C0E-AC84A0F94D55,2021-09-04,Nisqually River,District 11,Nisqually salmon 2021,C20D89B3-1795-4666-A3C1-90960D84F229,Drift,NA,NA,NA,NA,NA,NA,NA,NA,NA,NA,NA,2024-11-26T11:06:34Z,2024-11-26T19:06:34Z
E4FDE128-80E8-4B0C-8E20-8CAC81F0200D,3C00D905-F897-4F27-AB06-884D6689F61A,Chinook,NA,Adult,UM,NA,NA,Released,1,Chinook_Adult_UM_Released,2021,9,36,60,NA,NA,No,2,120,Complete,15:15:00,16:15:00,672ACCE5-32E7-4D50-9C0E-AC84A0F94D55,2021-09-04,Nisqually River,District 11,Nisqually salmon 2021,D688B1D5-BE3A-449F-808E-A3A809A6DFC9,Drift,NA,NA,NA,NA,NA,NA,NA,NA,NA,NA,NA,2024-11-26T11:06:34Z,2024-11-26T19:06:34Z
9B4157DB-9FF2-4C38-9C8E-9FB6C3B524F7,2410A173-A04E-4158-9279-8D8AA1548626,Chinook,NA,Adult,AD,NA,NA,Kept,1,Chinook_Adult_AD_Kept,2021,9,36,465,NA,NA,No,2,930,Complete,10:30:00,18:15:00,672ACCE5-32E7-4D50-9C0E-AC84A0F94D55,2021-09-04,Nisqually River,District 11,Nisqually salmon 2021,2ACDF686-1950-479B-B180-3BA1A3A86A92,NA,Lure,NA,NA,NA,NA,NA,NA,NA,NA,NA,NA,2024-11-26T11:06:34Z,2024-11-26T19:06:34Z
308B0E12-DFE9-4E46-9E43-DC679F3079AA,72B9C9F9-06D8-422E-952B-BBCF9F2CCAAE,Chinook,NA,Adult,AD,NA,NA,Kept,7,Chinook_Adult_AD_Kept,2021,9,36,660,NA,NA,Yes,2,1320,Complete,06:00:00,17:00:00,672ACCE5-32E7-4D50-9C0E-AC84A0F94D55,2021-09-04,Nisqually River,District 11,Nisqually salmon 2021,67978305-0D4D-4667-BBEA-58EE9D542AE5,Bobber,Bait,NA,NA,NA,NA,NA,NA,NA,NA,NA,NA,2024-11-26T11:06:34Z,2024-11-26T19:06:34Z
308B0E12-DFE9-4E46-9E43-DC679F3079AA,DC51BA93-3184-460A-9BCF-AE8CDD0DDCD6,Chinook,NA,Adult,UM,NA,NA,Released,5,Chinook_Adult_UM_Released,2021,9,36,660,NA,NA,Yes,2,1320,Complete,06:00:00,17:00:00,672ACCE5-32E7-4D50-9C0E-AC84A0F94D55,2021-09-04,Nisqually River,District 11,Nisqually salmon 2021,67978305-0D4D-4667-BBEA-58EE9D542AE5,Bobber,Bait,NA,NA,NA,NA,NA,NA,NA,NA,NA,NA,2024-11-26T11:06:34Z,2024-11-26T19:06:34Z
661050FF-F0DF-4F53-8EA5-2C3670C041D4,1DA176E8-2214-420A-A738-C30F57F4C40A,Chinook,NA,Adult,UM,NA,NA,Released,1,Chinook_Adult_UM_Released,2021,9,36,360,NA,NA,No,3,1080,Complete,06:00:00,12:00:00,672ACCE5-32E7-4D50-9C0E-AC84A0F94D55,2021-09-04,Nisqually River,District 11,Nisqually salmon 2021,ACF3B031-3EEE-4D25-9733-41E1BD1320BC,Drift,NA,NA,NA,NA,NA,NA,NA,NA,NA,NA,NA,2024-11-26T11:06:34Z,2024-11-26T19:06:34Z
2F763928-3F9D-4E8E-86EB-8964B1D01E5B,53D0993B-7CF7-4B06-BC85-7C28C5C7D1A4,Chinook,NA,Adult,UM,NA,NA,Released,3,Chinook_Adult_UM_Released,2021,9,36,510,NA,NA,Yes,3,1530,Complete,06:30:00,15:00:00,672ACCE5-32E7-4D50-9C0E-AC84A0F94D55,2021-09-04,Nisqually River,District 11,Nisqually salmon 2021,36268815-4968-4781-ADB3-0495F706767F,Drift,NA,NA,NA,NA,NA,NA,NA,NA,NA,NA,NA,2024-11-26T11:06:34Z,2024-11-26T19:06:34Z
2F763928-3F9D-4E8E-86EB-8964B1D01E5B,A35C477C-B33A-4F2E-BB61-E962FB87AF92,Chinook,NA,Adult,AD,NA,NA,Kept,6,Chinook_Adult_AD_Kept,2021,9,36,510,NA,NA,Yes,3,1530,Complete,06:30:00,15:00:00,672ACCE5-32E7-4D50-9C0E-AC84A0F94D55,2021-09-04,Nisqually River,District 11,Nisqually salmon 2021,36268815-4968-4781-ADB3-0495F706767F,Drift,NA,NA,NA,NA,NA,NA,NA,NA,NA,NA,NA,2024-11-26T11:06:34Z,2024-11-26T19:06:34Z
CC18D91D-076D-4B83-AC76-B31D99688DFB,EF574920-AECB-4F95-9289-12C75E54E3C9,Chinook,NA,Adult,AD,NA,NA,Kept,2,Chinook_Adult_AD_Kept,2021,9,36,570,NA,NA,No,3,1710,Complete,05:50:00,15:20:00,672ACCE5-32E7-4D50-9C0E-AC84A0F94D55,2021-09-04,Nisqually River,District 11,Nisqually salmon 2021,99655CEC-B36D-4F80-8395-2BB54A4280F7,Drift,NA,NA,NA,NA,NA,NA,NA,NA,NA,NA,NA,2024-11-26T11:06:34Z,2024-11-26T19:06:34Z
CC18D91D-076D-4B83-AC76-B31D99688DFB,677615AE-C4AF-40DD-A38A-61891E269DCA,Chinook,NA,Adult,UM,NA,NA,Released,2,Chinook_Adult_UM_Released,2021,9,36,570,NA,NA,No,3,1710,Complete,05:50:00,15:20:00,672ACCE5-32E7-4D50-9C0E-AC84A0F94D55,2021-09-04,Nisqually River,District 11,Nisqually salmon 2021,99655CEC-B36D-4F80-8395-2BB54A4280F7,Drift,NA,NA,NA,NA,NA,NA,NA,NA,NA,NA,NA,2024-11-26T11:06:34Z,2024-11-26T19:06:34Z
1E6D668B-8086-49B7-9737-39D4D879AF7A,B374E019-A0E0-4D51-B814-81B780A8F046,Chinook,NA,Adult,UM,NA,NA,Released,1,Chinook_Adult_UM_Released,2021,9,36,495,NA,NA,No,1,495,Complete,05:30:00,13:45:00,672ACCE5-32E7-4D50-9C0E-AC84A0F94D55,2021-09-04,Nisqually River,District 11,Nisqually salmon 2021,885E2C67-1B3B-4031-8B4F-BAF9A3B603D3,Drift,NA,NA,NA,NA,NA,NA,NA,NA,NA,NA,NA,2024-11-26T11:06:34Z,2024-11-26T19:06:34Z
6AAC2B01-414B-40C5-8F84-A1F0497AA96C,55B9CBDF-1B90-4A7D-9724-68DD229E6585,Chinook,NA,Adult,UM,NA,NA,Released,2,Chinook_Adult_UM_Released,2021,9,36,510,NA,NA,No,1,510,Complete,06:00:00,14:30:00,672ACCE5-32E7-4D50-9C0E-AC84A0F94D55,2021-09-04,Nisqually River,District 11,Nisqually salmon 2021,9509B3CD-5C44-4BC4-A578-1A0725B80442,Drift,NA,NA,NA,NA,NA,NA,NA,NA,NA,NA,NA,2024-11-26T11:06:34Z,2024-11-26T19:06:34Z
AB27C824-5A70-496F-AB5C-1152B91C16EC,39B906D3-06D5-414B-892A-D1658AE5323D,Chinook,NA,Adult,AD,NA,NA,Kept,1,Chinook_Adult_AD_Kept,2021,9,36,480,NA,NA,No,3,1440,Complete,06:00:00,14:00:00,672ACCE5-32E7-4D50-9C0E-AC84A0F94D55,2021-09-04,Nisqually River,District 11,Nisqually salmon 2021,FF88A2A3-80F5-4BFE-9A17-FA2571B0D5D9,Drift,NA,NA,NA,NA,NA,NA,NA,NA,NA,NA,NA,2024-11-26T11:06:34Z,2024-11-26T19:06:34Z
AB27C824-5A70-496F-AB5C-1152B91C16EC,3D4C7469-DE5A-4073-8BC4-F2EAB454CE3A,Chinook,NA,Adult,UM,NA,NA,Released,1,Chinook_Adult_UM_Released,2021,9,36,480,NA,NA,No,3,1440,Complete,06:00:00,14:00:00,672ACCE5-32E7-4D50-9C0E-AC84A0F94D55,2021-09-04,Nisqually River,District 11,Nisqually salmon 2021,FF88A2A3-80F5-4BFE-9A17-FA2571B0D5D9,Drift,NA,NA,NA,NA,NA,NA,NA,NA,NA,NA,NA,2024-11-26T11:06:34Z,2024-11-26T19:06:34Z
ACE05872-5BD5-4286-83A8-A15E8CCC9B97,D527B1F3-0182-4965-91CA-9A87D933824D,Chinook,NA,Adult,UM,NA,NA,Released,1,Chinook_Adult_UM_Released,2021,9,36,180,NA,NA,No,1,180,Complete,08:30:00,11:30:00,7FC8FFBE-6DD5-4E44-B608-B401BCF57EA7,2021-09-04,Nisqually River,District 11,Nisqually salmon 2021,235CCC20-11DF-4676-832B-8A685FABF1EB,Drift,NA,NA,NA,NA,NA,NA,NA,NA,NA,NA,NA,2024-11-26T11:06:34Z,2024-11-26T19:06:34Z
AEA9FD37-84E9-449C-899B-85677D564229,BEE76852-DDB2-485D-BBFB-EB1C9EBE0868,Chinook,NA,Adult,AD,NA,NA,Released,1,Chinook_Adult_AD_Released,2021,9,36,275,NA,NA,No,1,275,Complete,06:30:00,11:05:00,7FC8FFBE-6DD5-4E44-B608-B401BCF57EA7,2021-09-04,Nisqually River,District 11,Nisqually salmon 2021,DEF3776F-D08D-4AB0-8288-02F2E3487889,Drift,NA,NA,NA,NA,NA,NA,NA,NA,NA,NA,NA,2024-11-26T11:06:34Z,2024-11-26T19:06:34Z
AEA9FD37-84E9-449C-899B-85677D564229,C15AD5E3-41ED-4B4E-835B-3E1F047DA3A7,Chinook,NA,Adult,UM,NA,NA,Released,1,Chinook_Adult_UM_Released,2021,9,36,275,NA,NA,No,1,275,Complete,06:30:00,11:05:00,7FC8FFBE-6DD5-4E44-B608-B401BCF57EA7,2021-09-04,Nisqually River,District 11,Nisqually salmon 2021,DEF3776F-D08D-4AB0-8288-02F2E3487889,Drift,NA,NA,NA,NA,NA,NA,NA,NA,NA,NA,NA,2024-11-26T11:06:34Z,2024-11-26T19:06:34Z
118B4DDA-D4B4-422C-B8A0-15A2C1E351BC,ADF15AF8-5DB7-4326-9856-C31995CC17AC,Chinook,NA,Adult,UM,NA,NA,Released,2,Chinook_Adult_UM_Released,2021,9,36,280,NA,NA,No,2,560,Complete,06:30:00,11:10:00,7FC8FFBE-6DD5-4E44-B608-B401BCF57EA7,2021-09-04,Nisqually River,District 11,Nisqually salmon 2021,F3543475-3545-4144-A24B-A010A6542C1F,Drift,NA,NA,NA,NA,NA,NA,NA,NA,NA,NA,NA,2024-11-26T11:06:34Z,2024-11-26T19:06:34Z
D31EB815-326C-423A-8A4E-D4F7C34A4318,0BB30042-9F76-42B3-904C-18353E2C1CE2,Chinook,NA,Adult,UM,NA,NA,Released,2,Chinook_Adult_UM_Released,2021,9,36,270,NA,NA,No,2,540,Complete,06:30:00,11:00:00,7FC8FFBE-6DD5-4E44-B608-B401BCF57EA7,2021-09-04,Nisqually River,District 11,Nisqually salmon 2021,8F37F4CB-5678-4CF5-ACB1-4FADB6739C48,Drift,Bait,NA,NA,NA,NA,NA,NA,NA,NA,NA,NA,2024-11-26T11:06:34Z,2024-11-26T19:06:34Z
E4CD2B74-B81B-42DF-8DE6-A3816D2AC40E,77AEEDB8-B3D6-4DD6-AC2C-B0463F7E4306,Chinook,NA,Adult,UM,NA,NA,Released,1,Chinook_Adult_UM_Released,2021,9,36,105,NA,NA,No,1,105,Complete,09:30:00,11:15:00,7FC8FFBE-6DD5-4E44-B608-B401BCF57EA7,2021-09-04,Nisqually River,District 11,Nisqually salmon 2021,26EE3EDA-0B90-4980-BE3D-B87586A9B803,Drift,NA,NA,NA,NA,NA,NA,NA,NA,NA,NA,NA,2024-11-26T11:06:34Z,2024-11-26T19:06:34Z
A2AD314E-308D-4EC7-8170-176DAB70AA01,AE19B762-0A67-4D2B-A34C-C17ADAF2AA35,Chinook,NA,Adult,AD,NA,NA,Kept,1,Chinook_Adult_AD_Kept,2021,9,36,345,NA,NA,No,2,690,Complete,05:35:00,11:20:00,7FC8FFBE-6DD5-4E44-B608-B401BCF57EA7,2021-09-04,Nisqually River,District 11,Nisqually salmon 2021,10CBD8E0-44AE-45F9-82A1-73A0B7EBB9E8,Drift,NA,NA,NA,NA,NA,NA,NA,NA,NA,NA,NA,2024-11-26T11:06:34Z,2024-11-26T19:06:34Z
A2AD314E-308D-4EC7-8170-176DAB70AA01,6456618F-5C61-4166-8CB4-C311B3B4A127,Chinook,NA,Adult,UM,NA,NA,Released,1,Chinook_Adult_UM_Released,2021,9,36,345,NA,NA,No,2,690,Complete,05:35:00,11:20:00,7FC8FFBE-6DD5-4E44-B608-B401BCF57EA7,2021-09-04,Nisqually River,District 11,Nisqually salmon 2021,10CBD8E0-44AE-45F9-82A1-73A0B7EBB9E8,Drift,NA,NA,NA,NA,NA,NA,NA,NA,NA,NA,NA,2024-11-26T11:06:34Z,2024-11-26T19:06:34Z
CF94EA95-FB69-4EFD-AE94-05B6FE0DD517,AD9D3B30-5DC8-4811-A657-72CE58998B4E,Chinook,NA,Adult,AD,NA,NA,Kept,1,Chinook_Adult_AD_Kept,2021,9,36,295,NA,NA,No,1,295,Complete,06:00:00,10:55:00,7FC8FFBE-6DD5-4E44-B608-B401BCF57EA7,2021-09-04,Nisqually River,District 11,Nisqually salmon 2021,931EEE9C-6EA3-406E-8CF5-DED1EFB424C5,Drift,Bait,NA,NA,NA,NA,NA,NA,NA,NA,NA,NA,2024-11-26T11:06:34Z,2024-11-26T19:06:34Z
E447558E-9FBB-42E7-A614-0B38B3823C52,A3363E21-617C-45BA-BC81-81C6AB5188D0,Chinook,NA,Adult,AD,NA,NA,Kept,1,Chinook_Adult_AD_Kept,2021,9,36,635,NA,NA,No,1,635,Complete,05:35:00,16:10:00,7FC8FFBE-6DD5-4E44-B608-B401BCF57EA7,2021-09-04,Nisqually River,District 11,Nisqually salmon 2021,CF2164B2-360B-42C6-B442-81B13104FD7E,Drift,NA,NA,NA,NA,NA,NA,NA,NA,NA,NA,NA,2024-11-26T11:06:34Z,2024-11-26T19:06:34Z
6C8DBF0E-1C65-4AA7-B104-559FC7B7B782,A2A223CD-656B-4629-9F6A-EBE19369BAA6,Chinook,NA,Adult,AD,NA,NA,Released,1,Chinook_Adult_AD_Released,2021,9,36,235,NA,NA,No,1,235,Complete,11:00:00,14:55:00,7FC8FFBE-6DD5-4E44-B608-B401BCF57EA7,2021-09-04,Nisqually River,District 11,Nisqually salmon 2021,4E9892FC-9AC7-4FAC-833C-A1638E296CEE,Drift,NA,NA,NA,NA,NA,NA,NA,NA,NA,NA,NA,2024-11-26T11:06:34Z,2024-11-26T19:06:34Z
26A0B1CD-AC69-49A1-8449-BAF6452D8E1F,2929A875-3196-4D4A-BB6C-0D0CC517D174,Chinook,NA,Adult,UM,NA,NA,Released,1,Chinook_Adult_UM_Released,2021,9,36,290,NA,NA,No,1,290,Complete,10:00:00,14:50:00,7FC8FFBE-6DD5-4E44-B608-B401BCF57EA7,2021-09-04,Nisqually River,District 11,Nisqually salmon 2021,DF73E940-CB3E-4E71-906A-21DB14F908A3,Drift,NA,NA,NA,NA,NA,NA,NA,NA,NA,NA,NA,2024-11-26T11:06:34Z,2024-11-26T19:06:34Z
15CDB674-C70A-4F5B-8491-715CC5674AC1,124E3390-15A0-4AF1-A6D9-3CD25F4989FC,Chinook,NA,Adult,UM,NA,NA,Released,1,Chinook_Adult_UM_Released,2021,9,36,375,NA,NA,No,2,750,Complete,06:00:00,12:15:00,7FC8FFBE-6DD5-4E44-B608-B401BCF57EA7,2021-09-04,Nisqually River,District 11,Nisqually salmon 2021,C3D2D56F-1E98-4384-BD22-622318867A62,Drift,NA,NA,NA,NA,NA,NA,NA,NA,NA,NA,NA,2024-11-26T11:06:34Z,2024-11-26T19:06:34Z
718B4997-D6B1-476B-ACDB-30B8EBBAF671,7DB84AD1-21DF-45F0-8D45-4A5EE180B407,Chinook,NA,Adult,UM,NA,NA,Released,1,Chinook_Adult_UM_Released,2021,9,36,275,NA,NA,No,1,275,Complete,07:30:00,12:05:00,7FC8FFBE-6DD5-4E44-B608-B401BCF57EA7,2021-09-04,Nisqually River,District 11,Nisqually salmon 2021,95BFA46E-617B-4BC7-B733-10C31162D391,Drift,NA,NA,NA,NA,NA,NA,NA,NA,NA,NA,NA,2024-11-26T11:06:34Z,2024-11-26T19:06:34Z
718B4997-D6B1-476B-ACDB-30B8EBBAF671,3433C84E-2D09-4ACE-931C-DB1A8CA195BF,Chinook,NA,Adult,AD,NA,NA,Kept,1,Chinook_Adult_AD_Kept,2021,9,36,275,NA,NA,No,1,275,Complete,07:30:00,12:05:00,7FC8FFBE-6DD5-4E44-B608-B401BCF57EA7,2021-09-04,Nisqually River,District 11,Nisqually salmon 2021,95BFA46E-617B-4BC7-B733-10C31162D391,Drift,NA,NA,NA,NA,NA,NA,NA,NA,NA,NA,NA,2024-11-26T11:06:34Z,2024-11-26T19:06:34Z
8C8EE923-ACAC-418D-8310-5C2754DF1E44,2CC46FB7-4CC6-42EE-A900-24E0FB5B297C,Chinook,NA,Adult,UM,NA,NA,Released,1,Chinook_Adult_UM_Released,2021,9,36,60,NA,NA,No,1,60,Complete,11:00:00,12:00:00,7FC8FFBE-6DD5-4E44-B608-B401BCF57EA7,2021-09-04,Nisqually River,District 11,Nisqually salmon 2021,0BF17A8C-EF8E-4B67-AA52-138237DB756E,Drift,NA,NA,NA,NA,NA,NA,NA,NA,NA,NA,NA,2024-11-26T11:06:34Z,2024-11-26T19:06:34Z
BC1CCF00-92BA-46E4-BF60-014BF488EBDB,443A1C59-8100-4844-9532-C7C50E1A9196,Chinook,NA,Adult,AD,NA,NA,Kept,1,Chinook_Adult_AD_Kept,2021,9,36,175,NA,NA,No,1,175,Complete,05:35:00,08:30:00,7FC8FFBE-6DD5-4E44-B608-B401BCF57EA7,2021-09-04,Nisqually River,District 11,Nisqually salmon 2021,2A13CD82-F7AA-4989-B5A0-CF2ACCB6AA87,Drift,NA,NA,NA,NA,NA,NA,NA,NA,NA,NA,NA,2024-11-26T11:06:34Z,2024-11-26T19:06:34Z
4A445C5E-CCB6-4A64-B70D-C0AB20CCE36A,31E20337-D5FA-4813-BA60-BDC771E2D32B,Chinook,NA,Adult,AD,NA,NA,Released,1,Chinook_Adult_AD_Released,2021,9,36,195,NA,NA,No,1,195,Complete,06:00:00,09:15:00,7FC8FFBE-6DD5-4E44-B608-B401BCF57EA7,2021-09-04,Nisqually River,District 11,Nisqually salmon 2021,1E5CFDC3-0686-4645-9646-1B8CEFA039C7,Drift,NA,NA,NA,NA,NA,NA,NA,NA,NA,NA,NA,2024-11-26T11:06:34Z,2024-11-26T19:06:34Z
43022555-64F7-4E8A-BF1B-13FA25222309,137A7AFF-33BD-464F-95F5-5E11BF79632F,Chinook,NA,Adult,UM,NA,NA,Released,1,Chinook_Adult_UM_Released,2021,9,36,225,NA,NA,No,1,225,Complete,05:30:00,09:15:00,7FC8FFBE-6DD5-4E44-B608-B401BCF57EA7,2021-09-04,Nisqually River,District 11,Nisqually salmon 2021,C5921E96-6225-4C26-820E-64DCC2303071,Drift,NA,NA,NA,NA,NA,NA,NA,NA,NA,NA,NA,2024-11-26T11:06:34Z,2024-11-26T19:06:34Z
7D626036-1438-49C0-8CB5-44BAD4CA9C68,5471F185-7D43-420E-BD1A-FA3356D8097D,Chinook,NA,Adult,AD,NA,NA,Kept,1,Chinook_Adult_AD_Kept,2021,9,36,100,NA,NA,No,2,200,Complete,07:30:00,09:10:00,7FC8FFBE-6DD5-4E44-B608-B401BCF57EA7,2021-09-04,Nisqually River,District 11,Nisqually salmon 2021,3C1FC568-6146-40C2-8165-591019FDAA8D,Drift,NA,NA,NA,NA,NA,NA,NA,NA,NA,NA,NA,2024-11-26T11:06:34Z,2024-11-26T19:06:34Z
7D626036-1438-49C0-8CB5-44BAD4CA9C68,48641F70-C072-4946-A4C5-FDE3CF20FD26,Chinook,NA,Adult,UM,NA,NA,Released,1,Chinook_Adult_UM_Released,2021,9,36,100,NA,NA,No,2,200,Complete,07:30:00,09:10:00,7FC8FFBE-6DD5-4E44-B608-B401BCF57EA7,2021-09-04,Nisqually River,District 11,Nisqually salmon 2021,3C1FC568-6146-40C2-8165-591019FDAA8D,Drift,NA,NA,NA,NA,NA,NA,NA,NA,NA,NA,NA,2024-11-26T11:06:34Z,2024-11-26T19:06:34Z
C1477B01-427B-4718-B1BD-AFD43CB38A4B,043E8398-07EB-486B-A99A-9BE2193BC324,Chinook,NA,Adult,UM,NA,NA,Released,2,Chinook_Adult_UM_Released,2021,9,36,165,NA,NA,No,1,165,Complete,06:00:00,08:45:00,7FC8FFBE-6DD5-4E44-B608-B401BCF57EA7,2021-09-04,Nisqually River,District 11,Nisqually salmon 2021,3DFD9F6D-EBC9-4C6C-AB96-3D4C273DCA8D,Drift,NA,NA,NA,NA,NA,NA,NA,NA,NA,NA,NA,2024-11-26T11:06:34Z,2024-11-26T19:06:34Z
F8AEF001-9DA5-4AA9-8BDD-BADAE4FAF77B,AE86B669-701F-41D2-A09C-14B8859F46FB,Chinook,NA,Adult,AD,NA,NA,Kept,1,Chinook_Adult_AD_Kept,2021,9,36,205,NA,NA,No,2,410,Complete,05:35:00,09:00:00,7FC8FFBE-6DD5-4E44-B608-B401BCF57EA7,2021-09-04,Nisqually River,District 11,Nisqually salmon 2021,ECBED01C-5FE0-4C21-BB34-8935CBE262DD,Drift,NA,NA,NA,NA,NA,NA,NA,NA,NA,NA,NA,2024-11-26T11:06:34Z,2024-11-26T19:06:34Z
737BB120-5D2D-45CF-A4C1-7248599D5E05,A4C3A50F-68A2-4C86-AAFC-162AD997CB64,Chinook,NA,Adult,AD,NA,NA,Kept,1,Chinook_Adult_AD_Kept,2021,9,36,265,NA,NA,No,1,265,Complete,07:00:00,11:25:00,7FC8FFBE-6DD5-4E44-B608-B401BCF57EA7,2021-09-04,Nisqually River,District 11,Nisqually salmon 2021,303DD347-01D2-488A-A094-D7E7430B4A98,Drift,NA,NA,NA,NA,NA,NA,NA,NA,NA,NA,NA,2024-11-26T11:06:34Z,2024-11-26T19:06:34Z
F2F9602D-50E1-45DD-AAAE-AADCFF2FBEAF,35B16E55-B25E-45C4-A2D0-C8E1EE4E30B4,Chinook,NA,Adult,AD,NA,NA,Kept,1,Chinook_Adult_AD_Kept,2021,9,36,200,NA,NA,No,1,200,Complete,05:35:00,08:55:00,7FC8FFBE-6DD5-4E44-B608-B401BCF57EA7,2021-09-04,Nisqually River,District 11,Nisqually salmon 2021,F5C22864-642E-4373-AD25-7DEFA68AE55D,Drift,NA,NA,NA,NA,NA,NA,NA,NA,NA,NA,NA,2024-11-26T11:06:34Z,2024-11-26T19:06:34Z
3F5C1AA2-EB8C-4005-A64A-8EBB85300651,C2D5E5FE-C93F-4DB7-9058-C59F933C074C,Chinook,NA,Adult,AD,NA,NA,Kept,2,Chinook_Adult_AD_Kept,2021,9,36,140,NA,NA,No,1,140,Complete,08:15:00,10:35:00,7FC8FFBE-6DD5-4E44-B608-B401BCF57EA7,2021-09-04,Nisqually River,District 11,Nisqually salmon 2021,5709DF27-316C-40D3-AF7F-EC427056F5DA,Drift,NA,NA,NA,NA,NA,NA,NA,NA,NA,NA,NA,2024-11-26T11:06:34Z,2024-11-26T19:06:34Z
39C2B251-C76F-4E1B-BCCF-073C8ADABABA,72D1901E-B329-48CA-A7F1-75E545E85D0D,Chinook,NA,Adult,AD,NA,NA,Kept,1,Chinook_Adult_AD_Kept,2021,9,36,90,NA,NA,No,2,180,Complete,06:00:00,07:30:00,7FC8FFBE-6DD5-4E44-B608-B401BCF57EA7,2021-09-04,Nisqually River,District 11,Nisqually salmon 2021,F8FE6AD0-2B73-4DFD-B1F8-14250E079428,Drift,NA,NA,NA,NA,NA,NA,NA,NA,NA,NA,NA,2024-11-26T11:06:34Z,2024-11-26T19:06:34Z
B9C71449-FF9F-4629-8A21-1970A6709DE0,275F298A-47FE-4478-AE30-9E7CB7A9E142,Chinook,NA,Adult,AD,NA,NA,Kept,2,Chinook_Adult_AD_Kept,2021,9,36,290,NA,NA,No,1,290,Complete,05:35:00,10:25:00,7FC8FFBE-6DD5-4E44-B608-B401BCF57EA7,2021-09-04,Nisqually River,District 11,Nisqually salmon 2021,5D2B3EF5-70F3-4882-8929-5377DE5BB7E4,Drift,NA,NA,NA,NA,NA,NA,NA,NA,NA,NA,NA,2024-11-26T11:06:34Z,2024-11-26T19:06:34Z
B4D51A40-B93E-4423-AB99-0D213549E3D8,3C1E6DF1-F202-4669-B291-E090FFAFA413,Chinook,NA,Adult,UM,NA,NA,Released,1,Chinook_Adult_UM_Released,2021,9,36,210,NA,NA,No,1,210,Complete,06:00:00,09:30:00,7FC8FFBE-6DD5-4E44-B608-B401BCF57EA7,2021-09-04,Nisqually River,District 11,Nisqually salmon 2021,397B2369-D0B8-4C0A-AD47-018DF777B1E5,Drift,NA,NA,NA,NA,NA,NA,NA,NA,NA,NA,NA,2024-11-26T11:06:34Z,2024-11-26T19:06:34Z
B4D51A40-B93E-4423-AB99-0D213549E3D8,E0BAA813-18EA-4296-9D75-2BA595D8D717,Chinook,NA,Adult,AD,NA,NA,Released,1,Chinook_Adult_AD_Released,2021,9,36,210,NA,NA,No,1,210,Complete,06:00:00,09:30:00,7FC8FFBE-6DD5-4E44-B608-B401BCF57EA7,2021-09-04,Nisqually River,District 11,Nisqually salmon 2021,397B2369-D0B8-4C0A-AD47-018DF777B1E5,Drift,NA,NA,NA,NA,NA,NA,NA,NA,NA,NA,NA,2024-11-26T11:06:34Z,2024-11-26T19:06:34Z
85180E93-066C-41C8-95DF-EFC0E25D1179,256F4A90-A083-4541-9BAB-DDC3585FF8B6,Chinook,NA,Adult,AD,NA,NA,Kept,1,Chinook_Adult_AD_Kept,2021,9,36,240,NA,NA,No,1,240,Complete,05:35:00,09:35:00,7FC8FFBE-6DD5-4E44-B608-B401BCF57EA7,2021-09-04,Nisqually River,District 11,Nisqually salmon 2021,638D762B-5801-425A-A7B8-37D124BFBD7A,Drift,NA,NA,NA,NA,NA,NA,NA,NA,NA,NA,NA,2024-11-26T11:06:34Z,2024-11-26T19:06:34Z
69382205-A0A2-4161-ADBC-1BDECF18C7F2,4FE5EE57-9636-4BA3-9FB0-AF915EFD3A4E,Chinook,NA,Adult,UM,NA,NA,Released,1,Chinook_Adult_UM_Released,2021,9,36,155,NA,NA,No,2,310,Complete,07:30:00,10:05:00,7FC8FFBE-6DD5-4E44-B608-B401BCF57EA7,2021-09-04,Nisqually River,District 11,Nisqually salmon 2021,A8487FAB-5728-47B2-92AE-2996FB9C2825,Drift,NA,NA,NA,NA,NA,NA,NA,NA,NA,NA,NA,2024-11-26T11:06:34Z,2024-11-26T19:06:34Z
CA41BA7B-E1F6-454A-994D-327E2948EA03,52497502-564B-4354-8CAB-11990716DEF9,Chinook,NA,Adult,AD,NA,NA,Kept,1,Chinook_Adult_AD_Kept,2021,9,36,175,NA,NA,No,1,175,Complete,07:00:00,09:55:00,7FC8FFBE-6DD5-4E44-B608-B401BCF57EA7,2021-09-04,Nisqually River,District 11,Nisqually salmon 2021,50BA6E47-49BB-416E-B2D9-47EF46BEAD82,Drift,NA,NA,NA,NA,NA,NA,NA,NA,NA,NA,NA,2024-11-26T11:06:34Z,2024-11-26T19:06:34Z
D76443DD-38F7-4A5F-8757-26CC76C77D7E,25BC2FB6-EFB0-4FC0-ACC5-54F31A7A8029,Chinook,NA,Adult,AD,NA,NA,Kept,1,Chinook_Adult_AD_Kept,2021,9,36,310,NA,NA,No,2,620,Complete,05:35:00,10:45:00,99B0A7E0-FE1F-43FE-9BC3-B6DD715451FD,2021-09-03,Nisqually River,District 11,Nisqually salmon 2021,F6010CFA-CB4B-45B7-8225-59B9304F7F7E,Drift,NA,NA,NA,NA,NA,NA,NA,NA,NA,NA,NA,2024-11-26T11:06:34Z,2024-11-26T19:06:34Z
D76443DD-38F7-4A5F-8757-26CC76C77D7E,0749CB42-8C5B-47B5-B365-399278A666EA,Chinook,NA,Adult,UM,NA,NA,Released,1,Chinook_Adult_UM_Released,2021,9,36,310,NA,NA,No,2,620,Complete,05:35:00,10:45:00,99B0A7E0-FE1F-43FE-9BC3-B6DD715451FD,2021-09-03,Nisqually River,District 11,Nisqually salmon 2021,F6010CFA-CB4B-45B7-8225-59B9304F7F7E,Drift,NA,NA,NA,NA,NA,NA,NA,NA,NA,NA,NA,2024-11-26T11:06:34Z,2024-11-26T19:06:34Z
A133D8E2-B749-4E18-8E46-EC936A29B147,04395D50-4365-4802-86F4-4C8071063763,Chinook,NA,Adult,UM,NA,NA,Released,1,Chinook_Adult_UM_Released,2021,9,36,130,NA,NA,No,1,130,Complete,06:30:00,08:40:00,99B0A7E0-FE1F-43FE-9BC3-B6DD715451FD,2021-09-03,Nisqually River,District 11,Nisqually salmon 2021,0937DE37-2B8B-49CC-8BC9-B2BA787BDA14,Drift,NA,NA,NA,NA,NA,NA,NA,NA,NA,NA,NA,2024-11-26T11:06:34Z,2024-11-26T19:06:34Z
FF57D44D-A086-49DC-BBF4-214F45267D0E,0A2D333E-83C2-47DD-BDC1-FE7F2806779D,Chinook,NA,Adult,UM,NA,NA,Released,1,Chinook_Adult_UM_Released,2021,9,36,260,NA,NA,No,1,260,Complete,06:30:00,10:50:00,99B0A7E0-FE1F-43FE-9BC3-B6DD715451FD,2021-09-03,Nisqually River,District 11,Nisqually salmon 2021,885E00C3-3239-46C1-AE7F-14E549623191,Drift,NA,NA,NA,NA,NA,NA,NA,NA,NA,NA,NA,2024-11-26T11:06:34Z,2024-11-26T19:06:34Z
37A29977-62D7-4733-A27E-7EFD84D63360,8D543F9D-454A-4345-9FE2-5868544C1DEB,Chinook,NA,Adult,AD,NA,NA,Kept,1,Chinook_Adult_AD_Kept,2021,9,36,205,NA,NA,No,2,410,Complete,07:30:00,10:55:00,99B0A7E0-FE1F-43FE-9BC3-B6DD715451FD,2021-09-03,Nisqually River,District 11,Nisqually salmon 2021,AE093D0A-C19E-4C68-8D28-B37991B7220D,Drift,NA,NA,NA,NA,NA,NA,NA,NA,NA,NA,NA,2024-11-26T11:06:34Z,2024-11-26T19:06:34Z
BBC594AE-33BD-40C2-A1C9-19A79E1A62A9,F2494622-A366-4441-9771-8F44CD460017,Chinook,NA,Adult,AD,NA,NA,Kept,1,Chinook_Adult_AD_Kept,2021,9,36,340,NA,NA,No,1,340,Complete,06:00:00,11:40:00,99B0A7E0-FE1F-43FE-9BC3-B6DD715451FD,2021-09-03,Nisqually River,District 11,Nisqually salmon 2021,7B8396AA-B603-44B0-8AB4-FB1B185EED69,Drift,NA,NA,NA,NA,NA,NA,NA,NA,NA,NA,NA,2024-11-26T11:06:34Z,2024-11-26T19:06:34Z
69DC0C44-E9F2-4975-8EE6-DB0C2D1B5198,0B558849-4591-45A9-9AFC-C55356962FB6,Chinook,NA,Adult,UM,NA,NA,Released,1,Chinook_Adult_UM_Released,2021,9,36,275,NA,NA,No,1,275,Complete,05:30:00,10:05:00,99B0A7E0-FE1F-43FE-9BC3-B6DD715451FD,2021-09-03,Nisqually River,District 11,Nisqually salmon 2021,EB72BE6C-7E39-4991-A4AC-84F784D51E11,Drift,NA,NA,NA,NA,NA,NA,NA,NA,NA,NA,NA,2024-11-26T11:06:34Z,2024-11-26T19:06:34Z
A0A52CB0-B984-4530-8E15-BB79FC8E7352,A92B291F-6E0F-4E7E-ACE9-2A8696CBFE56,Chinook,NA,Adult,AD,NA,NA,Kept,1,Chinook_Adult_AD_Kept,2021,9,36,80,NA,NA,No,1,80,Complete,12:00:00,13:20:00,99B0A7E0-FE1F-43FE-9BC3-B6DD715451FD,2021-09-03,Nisqually River,District 11,Nisqually salmon 2021,55A0F16D-9580-4FFD-B915-EA96BF7D38C0,Drift,NA,NA,NA,NA,NA,NA,NA,NA,NA,NA,NA,2024-11-26T11:06:34Z,2024-11-26T19:06:34Z
615DE2E8-E8B7-48CF-9925-4A62340E438F,12646A3D-87EC-422E-A6A2-1C13F72CD6BC,Chinook,NA,Jack,AD,NA,NA,Kept,3,Chinook_Jack_AD_Kept,2021,9,36,270,NA,NA,No,1,270,Complete,06:00:00,10:30:00,99B0A7E0-FE1F-43FE-9BC3-B6DD715451FD,2021-09-03,Nisqually River,District 11,Nisqually salmon 2021,947716BA-FF6F-4DCF-84E3-760580784B1A,Drift,NA,NA,NA,NA,NA,NA,NA,NA,NA,NA,NA,2024-11-26T11:06:34Z,2024-11-26T19:06:34Z
F5A25AB1-5C16-4EA0-8EF1-9FAE1D0E931E,13386B99-1A4B-4880-A394-34162DB0A780,Chinook,NA,Jack,AD,NA,NA,Kept,2,Chinook_Jack_AD_Kept,2021,9,36,205,NA,NA,No,1,205,Complete,05:30:00,08:55:00,99B0A7E0-FE1F-43FE-9BC3-B6DD715451FD,2021-09-03,Nisqually River,District 11,Nisqually salmon 2021,C6FDFAA5-4FCB-4397-A4B6-938C64FCE399,Drift,NA,NA,NA,NA,NA,NA,NA,NA,NA,NA,NA,2024-11-26T11:06:34Z,2024-11-26T19:06:34Z
36698086-7264-487B-9BC8-F60A5B2A8659,4C97A659-DAF9-42B9-876B-68B4715A6965,Chinook,NA,Adult,UM,NA,NA,Released,1,Chinook_Adult_UM_Released,2021,9,36,210,NA,NA,No,1,210,Complete,06:00:00,09:30:00,99B0A7E0-FE1F-43FE-9BC3-B6DD715451FD,2021-09-03,Nisqually River,District 11,Nisqually salmon 2021,F525E47D-4D81-481F-BF58-8DFD10CD334B,Drift,NA,NA,NA,NA,NA,NA,NA,NA,NA,NA,NA,2024-11-26T11:06:34Z,2024-11-26T19:06:34Z
36698086-7264-487B-9BC8-F60A5B2A8659,1F5C83F5-3A65-43D8-990C-FC8A431CB8C9,Chinook,NA,Adult,AD,NA,NA,Released,1,Chinook_Adult_AD_Released,2021,9,36,210,NA,NA,No,1,210,Complete,06:00:00,09:30:00,99B0A7E0-FE1F-43FE-9BC3-B6DD715451FD,2021-09-03,Nisqually River,District 11,Nisqually salmon 2021,F525E47D-4D81-481F-BF58-8DFD10CD334B,Drift,NA,NA,NA,NA,NA,NA,NA,NA,NA,NA,NA,2024-11-26T11:06:34Z,2024-11-26T19:06:34Z
0AA7558D-67BB-4FA1-BFF6-FB80648ABE3D,0E50D0FF-BA71-4EF4-A68A-4D7CC349E6C6,Chinook,NA,Adult,UM,NA,NA,Released,3,Chinook_Adult_UM_Released,2021,9,36,235,NA,NA,No,1,235,Complete,09:30:00,13:25:00,99B0A7E0-FE1F-43FE-9BC3-B6DD715451FD,2021-09-03,Nisqually River,District 11,Nisqually salmon 2021,E42D2DE6-5565-4EC5-94A7-489C0353701E,Drift,NA,NA,NA,NA,NA,NA,NA,NA,NA,NA,NA,2024-11-26T11:06:34Z,2024-11-26T19:06:34Z
63987BD4-677D-4E3A-83DA-83CE5CA50FEA,92F4EAB6-2AE8-41AB-B150-FD6AE38FCB16,Chinook,NA,Jack,AD,NA,NA,Kept,1,Chinook_Jack_AD_Kept,2021,9,36,100,NA,NA,No,1,100,Complete,12:00:00,13:40:00,99B0A7E0-FE1F-43FE-9BC3-B6DD715451FD,2021-09-03,Nisqually River,District 11,Nisqually salmon 2021,3A3B3018-1AB8-472D-9389-EA41E169B366,Drift,NA,NA,NA,NA,NA,NA,NA,NA,NA,NA,NA,2024-11-26T11:06:34Z,2024-11-26T19:06:34Z
B388A718-C8EC-4FCF-84D7-9D568A3CED00,65BA3057-5661-426A-A6DA-0F5D99F9C703,Chinook,NA,Adult,UM,NA,NA,Released,1,Chinook_Adult_UM_Released,2021,9,36,505,NA,NA,No,1,505,Complete,05:30:00,13:55:00,99B0A7E0-FE1F-43FE-9BC3-B6DD715451FD,2021-09-03,Nisqually River,District 11,Nisqually salmon 2021,4C3F91E8-9A70-49A6-AE15-CB1A4BB2EBCE,Drift,NA,NA,NA,NA,NA,NA,NA,NA,NA,NA,NA,2024-11-26T11:06:34Z,2024-11-26T19:06:34Z
DA253DC9-A16F-4B1B-97A7-FA1357A86718,143FB43A-72C1-49CB-A2A3-30653E920D0D,Chinook,NA,Adult,AD,NA,NA,Kept,2,Chinook_Adult_AD_Kept,2021,9,36,350,NA,NA,No,2,700,Complete,09:00:00,14:50:00,99B0A7E0-FE1F-43FE-9BC3-B6DD715451FD,2021-09-03,Nisqually River,District 11,Nisqually salmon 2021,0A803600-D650-42A5-B52C-F53064899D34,Drift,NA,NA,NA,NA,NA,NA,NA,NA,NA,NA,NA,2024-11-26T11:06:34Z,2024-11-26T19:06:34Z
4312AC6B-EF34-4EB2-A8D7-A0ED66580ADF,3ED0D82B-40CD-4EA7-ADE6-FECDD991BDDD,Chinook,NA,Adult,UM,NA,NA,Released,1,Chinook_Adult_UM_Released,2021,9,36,245,NA,NA,No,2,490,Complete,10:00:00,14:05:00,99B0A7E0-FE1F-43FE-9BC3-B6DD715451FD,2021-09-03,Nisqually River,District 11,Nisqually salmon 2021,D84F6AE4-CF35-4F1E-83B4-5008A448C129,Drift,NA,NA,NA,NA,NA,NA,NA,NA,NA,NA,NA,2024-11-26T11:06:34Z,2024-11-26T19:06:34Z
C9C70A13-860F-43F4-AB50-21C38F0F57F1,58601B67-0354-4185-9EAC-11E1F7ECD656,Chinook,NA,Adult,UM,NA,NA,Released,1,Chinook_Adult_UM_Released,2021,9,36,490,NA,NA,No,1,490,Complete,06:00:00,14:10:00,99B0A7E0-FE1F-43FE-9BC3-B6DD715451FD,2021-09-03,Nisqually River,District 11,Nisqually salmon 2021,57BA66E2-CCC8-409B-ADBE-AD8BDF326CB5,Drift,NA,NA,NA,NA,NA,NA,NA,NA,NA,NA,NA,2024-11-26T11:06:34Z,2024-11-26T19:06:34Z
15A1AA58-6B57-462A-996D-B69C99904107,9905FEA1-0CF8-4FAA-8C0B-E917320ABE4C,Chinook,NA,Adult,UM,NA,NA,Released,1,Chinook_Adult_UM_Released,2021,9,36,390,NA,NA,No,1,390,Complete,08:00:00,14:30:00,99B0A7E0-FE1F-43FE-9BC3-B6DD715451FD,2021-09-03,Nisqually River,District 11,Nisqually salmon 2021,ECAFEEB9-1333-435E-8B95-179EB807D882,Drift,NA,NA,NA,NA,NA,NA,NA,NA,NA,NA,NA,2024-11-26T11:06:34Z,2024-11-26T19:06:34Z
7A25E0EC-B7B5-4F0C-B4E7-8A3659FE21B7,5EF64DC6-8642-4AB3-B96A-49C83774FC8C,Chinook,NA,Adult,UM,NA,NA,Released,1,Chinook_Adult_UM_Released,2021,9,36,345,NA,NA,No,1,345,Complete,06:00:00,11:45:00,99B0A7E0-FE1F-43FE-9BC3-B6DD715451FD,2021-09-03,Nisqually River,District 11,Nisqually salmon 2021,BFBFC6B8-DD42-4149-8C61-02D34B3CEA04,Drift,NA,NA,NA,NA,NA,NA,NA,NA,NA,NA,NA,2024-11-26T11:06:34Z,2024-11-26T19:06:34Z
9B1F1DD4-C339-4793-8AE8-5059CE1C9F70,CBCD5421-A86B-41FD-83AC-B6AA77E175C1,Chinook,NA,Jack,AD,NA,NA,Kept,1,Chinook_Jack_AD_Kept,2021,9,36,230,NA,NA,No,2,460,Complete,08:00:00,11:50:00,99B0A7E0-FE1F-43FE-9BC3-B6DD715451FD,2021-09-03,Nisqually River,District 11,Nisqually salmon 2021,26DDCCB9-B8D4-4A03-8DCA-F7606FB5B556,Drift,NA,NA,NA,NA,NA,NA,NA,NA,NA,NA,NA,2024-11-26T11:06:34Z,2024-11-26T19:06:34Z
9CD6179B-C967-4DC8-BD6E-EDB0ACD21F62,0B14D363-825D-4205-974F-8CA277F7A988,Chinook,NA,Adult,AD,NA,NA,Released,1,Chinook_Adult_AD_Released,2021,9,36,180,NA,NA,No,1,180,Complete,09:00:00,12:00:00,99B0A7E0-FE1F-43FE-9BC3-B6DD715451FD,2021-09-03,Nisqually River,District 11,Nisqually salmon 2021,805E4556-40B6-4A30-AA1F-72326D5B0ED5,Drift,NA,NA,NA,NA,NA,NA,NA,NA,NA,NA,NA,2024-11-26T11:06:34Z,2024-11-26T19:06:34Z
3C6FBB17-BC8B-4AC5-9164-D33D260CFFD7,0C7D4BD6-FC93-46D9-9145-9B52D1F554BE,Chinook,NA,Adult,AD,NA,NA,Released,1,Chinook_Adult_AD_Released,2021,9,36,370,NA,NA,No,1,370,Complete,06:00:00,12:10:00,99B0A7E0-FE1F-43FE-9BC3-B6DD715451FD,2021-09-03,Nisqually River,District 11,Nisqually salmon 2021,F1B09BCF-62FC-4A68-93B4-55199C1C3747,Drift,NA,NA,NA,NA,NA,NA,NA,NA,NA,NA,NA,2024-11-26T11:06:34Z,2024-11-26T19:06:34Z
3C56927D-116F-486C-8D23-ED940502059A,0F3933EF-ABF0-4307-8D86-60D8749568FA,Chinook,NA,Adult,UM,NA,NA,Released,1,Chinook_Adult_UM_Released,2021,9,36,355,NA,NA,No,1,355,Complete,09:00:00,14:55:00,99B0A7E0-FE1F-43FE-9BC3-B6DD715451FD,2021-09-03,Nisqually River,District 11,Nisqually salmon 2021,17BA684B-5F1A-44DA-98E8-E864792D1BAD,Drift,NA,NA,NA,NA,NA,NA,NA,NA,NA,NA,NA,2024-11-26T11:06:34Z,2024-11-26T19:06:34Z
D85EA837-4AF6-4ED6-9CE3-E498B635D986,67CF2906-66B2-460E-A586-AB1EFAF3322C,Chinook,NA,Adult,AD,NA,NA,Kept,1,Chinook_Adult_AD_Kept,2021,9,36,270,NA,NA,No,2,540,Complete,08:30:00,13:00:00,99B0A7E0-FE1F-43FE-9BC3-B6DD715451FD,2021-09-03,Nisqually River,District 11,Nisqually salmon 2021,40C47A95-C7B9-434C-B223-D40FD47D4FF3,Drift,NA,NA,NA,NA,NA,NA,NA,NA,NA,NA,NA,2024-11-26T11:06:34Z,2024-11-26T19:06:34Z
D85EA837-4AF6-4ED6-9CE3-E498B635D986,1E06AFAA-9F9B-4371-8F94-DE6E945E3899,Chinook,NA,Adult,UM,NA,NA,Released,1,Chinook_Adult_UM_Released,2021,9,36,270,NA,NA,No,2,540,Complete,08:30:00,13:00:00,99B0A7E0-FE1F-43FE-9BC3-B6DD715451FD,2021-09-03,Nisqually River,District 11,Nisqually salmon 2021,40C47A95-C7B9-434C-B223-D40FD47D4FF3,Drift,NA,NA,NA,NA,NA,NA,NA,NA,NA,NA,NA,2024-11-26T11:06:34Z,2024-11-26T19:06:34Z
8C059E6B-EBAF-4258-99C6-378959B9DA50,EE13E0DC-5F28-46D0-AFAC-02F24C221BE4,Chinook,NA,Adult,AD,NA,NA,Kept,1,Chinook_Adult_AD_Kept,2021,9,36,165,NA,NA,No,2,330,Complete,12:00:00,14:45:00,99B0A7E0-FE1F-43FE-9BC3-B6DD715451FD,2021-09-03,Nisqually River,District 11,Nisqually salmon 2021,A64D5E37-907B-40FB-A202-904BFADD3889,Drift,NA,NA,NA,NA,NA,NA,NA,NA,NA,NA,NA,2024-11-26T11:06:34Z,2024-11-26T19:06:34Z
8C059E6B-EBAF-4258-99C6-378959B9DA50,D8BE63CC-A6ED-41C7-9B53-7BBE954DA66C,Chinook,NA,Adult,AD,NA,NA,Released,1,Chinook_Adult_AD_Released,2021,9,36,165,NA,NA,No,2,330,Complete,12:00:00,14:45:00,99B0A7E0-FE1F-43FE-9BC3-B6DD715451FD,2021-09-03,Nisqually River,District 11,Nisqually salmon 2021,A64D5E37-907B-40FB-A202-904BFADD3889,Drift,NA,NA,NA,NA,NA,NA,NA,NA,NA,NA,NA,2024-11-26T11:06:34Z,2024-11-26T19:06:34Z
A6658CEC-7D97-4857-97F1-62E9C5C6877A,75373AA0-1285-424C-8AFB-65A4A3D30B2D,Chinook,NA,Adult,AD,NA,NA,Kept,1,Chinook_Adult_AD_Kept,2021,9,36,260,NA,NA,No,2,520,Complete,12:00:00,16:20:00,9B3030AF-0EE6-4914-AE7E-66847EF2E3A9,2021-09-03,Nisqually River,District 11,Nisqually salmon 2021,8F3C5439-B3C9-43A6-8D17-B8A436261AB6,Drift,NA,NA,NA,NA,NA,NA,NA,NA,NA,NA,NA,2024-11-26T11:06:34Z,2024-11-26T19:06:34Z
72B580BD-D2E0-4B27-9C26-AA6496D5CD90,480D0E01-F058-4089-8220-FEACD35A4C41,Chinook,NA,Adult,AD,NA,NA,Kept,1,Chinook_Adult_AD_Kept,2021,9,36,NA,NA,NA,No,4,NA,Incomplete,12:30:00,NA,9B3030AF-0EE6-4914-AE7E-66847EF2E3A9,2021-09-03,Nisqually River,District 11,Nisqually salmon 2021,0739E421-0F6C-46C9-AE39-7D3B0CB2E6AA,Drift,NA,NA,NA,NA,NA,NA,NA,NA,NA,NA,NA,2024-11-26T11:06:34Z,2024-11-26T19:06:34Z
72B580BD-D2E0-4B27-9C26-AA6496D5CD90,54C08D1B-0B5D-46CF-B844-97A4276E1830,Chinook,NA,Adult,UM,NA,NA,Released,1,Chinook_Adult_UM_Released,2021,9,36,NA,NA,NA,No,4,NA,Incomplete,12:30:00,NA,9B3030AF-0EE6-4914-AE7E-66847EF2E3A9,2021-09-03,Nisqually River,District 11,Nisqually salmon 2021,0739E421-0F6C-46C9-AE39-7D3B0CB2E6AA,Drift,NA,NA,NA,NA,NA,NA,NA,NA,NA,NA,NA,2024-11-26T11:06:34Z,2024-11-26T19:06:34Z
72B580BD-D2E0-4B27-9C26-AA6496D5CD90,6C64CA0B-B1D5-407C-BE7B-890AC5229707,Chinook,NA,Adult,AD,NA,NA,Released,1,Chinook_Adult_AD_Released,2021,9,36,NA,NA,NA,No,4,NA,Incomplete,12:30:00,NA,9B3030AF-0EE6-4914-AE7E-66847EF2E3A9,2021-09-03,Nisqually River,District 11,Nisqually salmon 2021,0739E421-0F6C-46C9-AE39-7D3B0CB2E6AA,Drift,NA,NA,NA,NA,NA,NA,NA,NA,NA,NA,NA,2024-11-26T11:06:34Z,2024-11-26T19:06:34Z
F3077561-C804-4C27-B908-8194A999423F,7FA46446-C5CB-45FB-BF0B-E99A0EA532FB,Chinook,NA,Adult,AD,NA,NA,Kept,3,Chinook_Adult_AD_Kept,2021,9,36,270,NA,NA,No,3,810,Complete,06:00:00,10:30:00,9B3030AF-0EE6-4914-AE7E-66847EF2E3A9,2021-09-03,Nisqually River,District 11,Nisqually salmon 2021,C9C8C89F-4292-4D7B-A4D6-A2D7CA0593D9,Drift,NA,NA,NA,NA,NA,NA,NA,NA,NA,NA,NA,2024-11-26T11:06:34Z,2024-11-26T19:06:34Z
0F47D74A-540A-454C-A3BC-419F8BE682C3,084671D0-4CC8-4F5F-A439-EAA7A1DBD182,Chinook,NA,Adult,AD,NA,NA,Released,1,Chinook_Adult_AD_Released,2021,9,36,NA,NA,NA,No,1,NA,Incomplete,06:10:00,NA,9B3030AF-0EE6-4914-AE7E-66847EF2E3A9,2021-09-03,Nisqually River,District 11,Nisqually salmon 2021,E31937BF-CD01-45F8-8A06-A456EBF6621F,Drift,NA,NA,NA,NA,NA,NA,NA,NA,NA,NA,NA,2024-11-26T11:06:34Z,2024-11-26T19:06:34Z
1C85AFBC-BA39-418D-B235-2244ABCB2CD1,5961E55C-AB1B-49DE-BEF5-EEF2E3FEA4B0,Chinook,NA,Adult,AD,NA,NA,Kept,1,Chinook_Adult_AD_Kept,2021,9,36,NA,NA,NA,No,1,NA,Incomplete,08:00:00,NA,9B3030AF-0EE6-4914-AE7E-66847EF2E3A9,2021-09-03,Nisqually River,District 11,Nisqually salmon 2021,655BFF12-C5E5-4426-9CC4-7C83E90DA228,Drift,NA,NA,NA,NA,NA,NA,NA,NA,NA,NA,NA,2024-11-26T11:06:34Z,2024-11-26T19:06:34Z
9D927088-4241-4A46-AC18-D844F321C544,4448D139-DE79-4A1F-B7DD-AE5CE1D34EF8,Chinook,NA,Adult,UM,NA,NA,Released,5,Chinook_Adult_UM_Released,2021,9,36,635,NA,NA,No,1,635,Complete,05:30:00,16:05:00,9B3030AF-0EE6-4914-AE7E-66847EF2E3A9,2021-09-03,Nisqually River,District 11,Nisqually salmon 2021,65C3398D-EA9F-4DB8-9545-10EBE51C30AC,Drift,NA,NA,NA,NA,NA,NA,NA,NA,NA,NA,NA,2024-11-26T11:06:34Z,2024-11-26T19:06:34Z
4ABF153A-EEE2-4930-953B-A1F5E20C6BDC,B87B62C3-2C70-4956-B090-C7AC3D794BD2,Chinook,NA,Adult,AD,NA,NA,Kept,9,Chinook_Adult_AD_Kept,2021,9,36,600,NA,NA,No,4,2400,Complete,06:30:00,16:30:00,9B3030AF-0EE6-4914-AE7E-66847EF2E3A9,2021-09-03,Nisqually River,District 11,Nisqually salmon 2021,15B1716C-E042-4979-A497-F8D9B0A44450,Drift,NA,NA,NA,NA,NA,NA,NA,NA,NA,NA,NA,2024-11-26T11:06:34Z,2024-11-26T19:06:34Z
4ABF153A-EEE2-4930-953B-A1F5E20C6BDC,A8967D1A-76D2-4831-8325-A559D2E1B278,Chinook,NA,Adult,AD,NA,NA,Released,3,Chinook_Adult_AD_Released,2021,9,36,600,NA,NA,No,4,2400,Complete,06:30:00,16:30:00,9B3030AF-0EE6-4914-AE7E-66847EF2E3A9,2021-09-03,Nisqually River,District 11,Nisqually salmon 2021,15B1716C-E042-4979-A497-F8D9B0A44450,Drift,NA,NA,NA,NA,NA,NA,NA,NA,NA,NA,NA,2024-11-26T11:06:34Z,2024-11-26T19:06:34Z
30225D52-04EF-425A-9020-33AEAE5F3235,44F2572B-05C8-413E-9270-8DC2432480DB,Chinook,NA,Adult,UM,NA,NA,Released,1,Chinook_Adult_UM_Released,2021,9,36,150,NA,NA,No,2,300,Complete,14:30:00,17:00:00,9B3030AF-0EE6-4914-AE7E-66847EF2E3A9,2021-09-03,Nisqually River,District 11,Nisqually salmon 2021,AA37E6BF-DA79-4EFE-A3F9-EADA7E78BD75,Drift,NA,NA,NA,NA,NA,NA,NA,NA,NA,NA,NA,2024-11-26T11:06:34Z,2024-11-26T19:06:34Z
E6D85620-BEB8-4E4C-A6F3-0D9F5F8F68C2,415E6ACA-BB0F-40D5-B8D0-9EC5DC6DA66B,Chinook,NA,Adult,AD,NA,NA,Kept,1,Chinook_Adult_AD_Kept,2021,9,36,515,NA,NA,No,1,515,Complete,08:45:00,17:20:00,9B3030AF-0EE6-4914-AE7E-66847EF2E3A9,2021-09-03,Nisqually River,District 11,Nisqually salmon 2021,3F6E7DD7-FBCE-4846-A913-48E89642F4B7,Drift,NA,NA,NA,NA,NA,NA,NA,NA,NA,NA,NA,2024-11-26T11:06:34Z,2024-11-26T19:06:34Z
C49E9A09-897C-4CB5-9F24-A170C267EB17,ED5C4F76-8B56-4B02-9B15-D22306B14D18,Chinook,NA,Adult,AD,NA,NA,Released,1,Chinook_Adult_AD_Released,2021,9,36,690,NA,NA,No,1,690,Complete,06:00:00,17:30:00,9B3030AF-0EE6-4914-AE7E-66847EF2E3A9,2021-09-03,Nisqually River,District 11,Nisqually salmon 2021,3882001F-110D-496E-9AD6-1D9767E6139F,Drift,NA,NA,NA,NA,NA,NA,NA,NA,NA,NA,NA,2024-11-26T11:06:34Z,2024-11-26T19:06:34Z
C49E9A09-897C-4CB5-9F24-A170C267EB17,954273AA-E6FC-4D61-948A-D1D003B5E682,Chinook,NA,Adult,AD,NA,NA,Kept,1,Chinook_Adult_AD_Kept,2021,9,36,690,NA,NA,No,1,690,Complete,06:00:00,17:30:00,9B3030AF-0EE6-4914-AE7E-66847EF2E3A9,2021-09-03,Nisqually River,District 11,Nisqually salmon 2021,3882001F-110D-496E-9AD6-1D9767E6139F,Drift,NA,NA,NA,NA,NA,NA,NA,NA,NA,NA,NA,2024-11-26T11:06:34Z,2024-11-26T19:06:34Z
076E0C8E-921B-4740-8E2B-7DEB6111034D,108FD4A5-FC0E-40F0-8AAB-55DDA5075249,Chinook,NA,Adult,UM,NA,NA,Released,1,Chinook_Adult_UM_Released,2021,9,36,NA,NA,NA,No,2,NA,Incomplete,11:00:00,NA,9B3030AF-0EE6-4914-AE7E-66847EF2E3A9,2021-09-03,Nisqually River,District 11,Nisqually salmon 2021,52D053E9-1DA0-4EA7-AA8E-49D9111D3F80,Drift,NA,NA,NA,NA,NA,NA,NA,NA,NA,NA,NA,2024-11-26T11:06:34Z,2024-11-26T19:06:34Z
8E83BAAC-CD05-4C11-9D64-12C4DC675274,25966A97-D955-4D26-8E6C-80A761D99076,Chinook,NA,Adult,AD,NA,NA,Kept,1,Chinook_Adult_AD_Kept,2021,9,36,NA,NA,NA,No,1,NA,Incomplete,08:00:00,NA,9B3030AF-0EE6-4914-AE7E-66847EF2E3A9,2021-09-03,Nisqually River,District 11,Nisqually salmon 2021,CE9CD831-2983-4F14-B1EE-3F4A47BD0E91,Drift,NA,NA,NA,NA,NA,NA,NA,NA,NA,NA,NA,2024-11-26T11:06:34Z,2024-11-26T19:06:34Z
F259E984-8D07-4C31-B92C-4EB754F85ABA,5B949B94-E7EC-4DD5-A338-A9D62D29791B,Chinook,NA,Adult,AD,NA,NA,Kept,1,Chinook_Adult_AD_Kept,2021,9,36,NA,NA,NA,No,4,NA,Incomplete,06:00:00,NA,9B3030AF-0EE6-4914-AE7E-66847EF2E3A9,2021-09-03,Nisqually River,District 11,Nisqually salmon 2021,E7537849-9712-423F-BA55-C5F81CA5BE71,Drift,NA,NA,NA,NA,NA,NA,NA,NA,NA,NA,NA,2024-11-26T11:06:34Z,2024-11-26T19:06:34Z
9B285CE5-482A-49E7-9057-7BAB0E7FFE59,580D2506-A050-433E-B5C1-14DFCB54F3F2,Chinook,NA,Adult,AD,NA,NA,Kept,1,Chinook_Adult_AD_Kept,2021,9,36,125,NA,NA,No,1,125,Complete,13:00:00,15:05:00,9B3030AF-0EE6-4914-AE7E-66847EF2E3A9,2021-09-03,Nisqually River,District 11,Nisqually salmon 2021,CE3CD635-50C0-4C50-830A-618AF9DBAE77,Drift,NA,NA,NA,NA,NA,NA,NA,NA,NA,NA,NA,2024-11-26T11:06:34Z,2024-11-26T19:06:34Z
49432840-740E-41F5-8B5E-25EA522468C8,3DF9D419-9B3E-4781-BA23-1DB11447DC73,Chinook,NA,Adult,AD,NA,NA,Released,1,Chinook_Adult_AD_Released,2021,9,36,85,NA,NA,No,1,85,Complete,14:00:00,15:25:00,9B3030AF-0EE6-4914-AE7E-66847EF2E3A9,2021-09-03,Nisqually River,District 11,Nisqually salmon 2021,59EF382E-8653-4B9A-B901-7BE417864028,Drift,NA,NA,NA,NA,NA,NA,NA,NA,NA,NA,NA,2024-11-26T11:06:34Z,2024-11-26T19:06:34Z
8E2C774C-95A1-4744-8349-6DB045836CD2,D376CCFF-E836-4EFA-8128-A90E8DA531B8,Chinook,NA,Adult,AD,NA,NA,Kept,2,Chinook_Adult_AD_Kept,2021,9,35,245,NA,NA,No,1,245,Complete,06:45:00,10:50:00,1DBEB3E1-31F5-4B38-B693-8F8C7891BD1A,2021-09-01,Nisqually River,District 11,Nisqually salmon 2021,AE16A11F-1D49-4E7A-8222-6359F13D2706,Drift,NA,NA,NA,NA,NA,NA,NA,NA,NA,NA,NA,2024-11-26T11:06:34Z,2024-11-26T19:06:34Z
80EDC00B-75FB-4192-A773-3738F482F9A4,D8251F86-3DBF-4412-AC8F-278611AA06A7,Chinook,NA,Adult,UM,NA,NA,Released,2,Chinook_Adult_UM_Released,2021,9,35,310,NA,NA,No,1,310,Complete,06:00:00,11:10:00,1DBEB3E1-31F5-4B38-B693-8F8C7891BD1A,2021-09-01,Nisqually River,District 11,Nisqually salmon 2021,F422235A-BB1A-41E3-B11D-CEDCAF467674,Drift,NA,NA,NA,NA,NA,NA,NA,NA,NA,NA,NA,2024-11-26T11:06:34Z,2024-11-26T19:06:34Z
85BE7C01-5103-4B48-B47F-3A97AF01CCB0,44605C31-5D1D-478C-A923-E30C8ACB4CBD,Chinook,NA,Adult,UM,NA,NA,Released,1,Chinook_Adult_UM_Released,2021,9,35,245,NA,NA,No,1,245,Complete,05:00:00,09:05:00,1DBEB3E1-31F5-4B38-B693-8F8C7891BD1A,2021-09-01,Nisqually River,District 11,Nisqually salmon 2021,F05181FD-755A-4EC7-8092-02569EA6DA8F,Drift,NA,NA,NA,NA,NA,NA,NA,NA,NA,NA,NA,2024-11-26T11:06:34Z,2024-11-26T19:06:34Z
24933781-ABB7-44B0-BC83-784F42F6B6ED,6C67B2F6-8D9E-4F2D-8534-9E1D394926FA,Chinook,NA,Adult,AD,NA,NA,Kept,1,Chinook_Adult_AD_Kept,2021,9,35,335,NA,NA,No,1,335,Complete,05:40:00,11:15:00,1DBEB3E1-31F5-4B38-B693-8F8C7891BD1A,2021-09-01,Nisqually River,District 11,Nisqually salmon 2021,BDD8679B-DDBA-434B-912E-4C6D05E8516F,Drift,NA,NA,NA,NA,NA,NA,NA,NA,NA,NA,NA,2024-11-26T11:06:34Z,2024-11-26T19:06:34Z
6FDB35DC-B94B-4956-BE8F-35A551EC74AF,8F3AF088-E058-4D46-9D00-1F3C69CBDBA8,Chinook,NA,Adult,UM,NA,NA,Released,1,Chinook_Adult_UM_Released,2021,9,35,180,NA,NA,No,1,180,Complete,06:00:00,09:00:00,1DBEB3E1-31F5-4B38-B693-8F8C7891BD1A,2021-09-01,Nisqually River,District 11,Nisqually salmon 2021,CACDE6AB-906C-4B97-B04B-7E9AAA819E1E,Drift,NA,NA,NA,NA,NA,NA,NA,NA,NA,NA,NA,2024-11-26T11:06:34Z,2024-11-26T19:06:34Z
CF993266-7B5A-4577-B5F3-CD3475FC4D19,486D63EA-A844-4AE0-820B-1696ADF176F2,Chinook,NA,Adult,AD,NA,NA,Released,2,Chinook_Adult_AD_Released,2021,9,35,185,NA,NA,No,2,370,Complete,06:30:00,09:35:00,1DBEB3E1-31F5-4B38-B693-8F8C7891BD1A,2021-09-01,Nisqually River,District 11,Nisqually salmon 2021,78B9C401-2B47-4D78-AB81-698305380D77,Drift,NA,NA,NA,NA,NA,NA,NA,NA,NA,NA,NA,2024-11-26T11:06:34Z,2024-11-26T19:06:34Z
5A70BB30-A425-42B6-8C30-EA4C84BA8220,20EE4C15-5218-49C4-A2A1-7107669292A0,Chinook,NA,Adult,AD,NA,NA,Kept,2,Chinook_Adult_AD_Kept,2021,9,35,220,NA,NA,No,1,220,Complete,06:00:00,09:40:00,1DBEB3E1-31F5-4B38-B693-8F8C7891BD1A,2021-09-01,Nisqually River,District 11,Nisqually salmon 2021,023994D1-B171-4CE9-A86D-D256228D3A23,Drift,NA,NA,NA,NA,NA,NA,NA,NA,NA,NA,NA,2024-11-26T11:06:34Z,2024-11-26T19:06:34Z
8F2415F5-E062-4E6F-B19E-2CCC2B6B2C3A,CD1A6193-A520-4D65-A452-E46B1CB19B21,Chinook,NA,Adult,AD,NA,NA,Kept,1,Chinook_Adult_AD_Kept,2021,9,35,180,NA,NA,No,1,180,Complete,06:45:00,09:45:00,1DBEB3E1-31F5-4B38-B693-8F8C7891BD1A,2021-09-01,Nisqually River,District 11,Nisqually salmon 2021,DBFBFA62-6BDF-4DF4-8866-7551D9ACF512,Drift,NA,NA,NA,NA,NA,NA,NA,NA,NA,NA,NA,2024-11-26T11:06:34Z,2024-11-26T19:06:34Z
9BB87CDC-9F45-4E0F-8E62-E53EC5CC8B20,4A949095-CC29-47A7-A12F-9925F9FF6B16,Chinook,NA,Adult,AD,NA,NA,Released,1,Chinook_Adult_AD_Released,2021,9,35,295,NA,NA,No,1,295,Complete,08:15:00,13:10:00,1DBEB3E1-31F5-4B38-B693-8F8C7891BD1A,2021-09-01,Nisqually River,District 11,Nisqually salmon 2021,31A34B8C-EFC1-43CC-972F-20EE42F26A49,Drift,NA,NA,NA,NA,NA,NA,NA,NA,NA,NA,NA,2024-11-26T11:06:34Z,2024-11-26T19:06:34Z
8D01FF5A-EC8F-489F-908E-15F1F93C3456,BD8E09FC-106F-4707-8402-97737137C288,Chinook,NA,Jack,AD,NA,NA,Kept,1,Chinook_Jack_AD_Kept,2021,9,35,255,NA,NA,No,1,255,Complete,09:00:00,13:15:00,1DBEB3E1-31F5-4B38-B693-8F8C7891BD1A,2021-09-01,Nisqually River,District 11,Nisqually salmon 2021,61E74FBE-E325-47C3-8FAF-62116A985D07,Drift,NA,NA,NA,NA,NA,NA,NA,NA,NA,NA,NA,2024-11-26T11:06:34Z,2024-11-26T19:06:34Z
7CA0DF1B-B9E9-4AE2-BFFA-FD98D2992705,5F985424-522D-490D-B085-9814D75251D8,Chinook,NA,Adult,AD,NA,NA,Kept,1,Chinook_Adult_AD_Kept,2021,9,35,495,NA,NA,No,1,495,Complete,05:30:00,13:45:00,1DBEB3E1-31F5-4B38-B693-8F8C7891BD1A,2021-09-01,Nisqually River,District 11,Nisqually salmon 2021,778F8E4D-1179-4333-A14E-2D3DE6C9B63B,Drift,NA,NA,NA,NA,NA,NA,NA,NA,NA,NA,NA,2024-11-26T11:06:34Z,2024-11-26T19:06:34Z
D512C155-32A5-4F04-86FF-F1F4E009A54E,1209D6E7-3C69-49C1-8D08-DEC02A18D87B,Chinook,NA,Adult,UM,NA,NA,Released,1,Chinook_Adult_UM_Released,2021,9,35,265,NA,NA,No,1,265,Complete,07:00:00,11:25:00,1DBEB3E1-31F5-4B38-B693-8F8C7891BD1A,2021-09-01,Nisqually River,District 11,Nisqually salmon 2021,BD623E76-3A2C-4388-9DF1-7456740512B3,Drift,NA,NA,NA,NA,NA,NA,NA,NA,NA,NA,NA,2024-11-26T11:06:34Z,2024-11-26T19:06:34Z
C616A8EC-1A2F-49FC-9A6A-EE2C066816E9,51C8D185-B328-4790-94A2-D6919B610E6D,Chinook,NA,Adult,AD,NA,NA,Kept,1,Chinook_Adult_AD_Kept,2021,9,35,215,NA,NA,No,1,215,Complete,09:00:00,12:35:00,1DBEB3E1-31F5-4B38-B693-8F8C7891BD1A,2021-09-01,Nisqually River,District 11,Nisqually salmon 2021,B3C57DED-757B-4A38-A1B3-76E05599DCD6,Drift,NA,NA,NA,NA,NA,NA,NA,NA,NA,NA,NA,2024-11-26T11:06:34Z,2024-11-26T19:06:34Z
93562A2B-094D-458E-AD32-38AFD9691D14,4DFBF431-5C52-417B-A75E-A747F6CDC683,Chinook,NA,Adult,UM,NA,NA,Released,2,Chinook_Adult_UM_Released,2021,9,35,400,NA,NA,No,1,400,Complete,06:00:00,12:40:00,1DBEB3E1-31F5-4B38-B693-8F8C7891BD1A,2021-09-01,Nisqually River,District 11,Nisqually salmon 2021,D3E3809F-1539-41BF-8FA7-C2AD6581864A,Drift,NA,NA,NA,NA,NA,NA,NA,NA,NA,NA,NA,2024-11-26T11:06:34Z,2024-11-26T19:06:34Z
93562A2B-094D-458E-AD32-38AFD9691D14,88FDCB3A-3F61-4F8C-8770-C59CBD3B780D,Chinook,NA,Adult,AD,NA,NA,Released,1,Chinook_Adult_AD_Released,2021,9,35,400,NA,NA,No,1,400,Complete,06:00:00,12:40:00,1DBEB3E1-31F5-4B38-B693-8F8C7891BD1A,2021-09-01,Nisqually River,District 11,Nisqually salmon 2021,D3E3809F-1539-41BF-8FA7-C2AD6581864A,Drift,NA,NA,NA,NA,NA,NA,NA,NA,NA,NA,NA,2024-11-26T11:06:34Z,2024-11-26T19:06:34Z
93562A2B-094D-458E-AD32-38AFD9691D14,043EB892-9F49-4065-A49F-DC825F90A1CD,Chinook,NA,Jack,AD,NA,NA,Kept,2,Chinook_Jack_AD_Kept,2021,9,35,400,NA,NA,No,1,400,Complete,06:00:00,12:40:00,1DBEB3E1-31F5-4B38-B693-8F8C7891BD1A,2021-09-01,Nisqually River,District 11,Nisqually salmon 2021,D3E3809F-1539-41BF-8FA7-C2AD6581864A,Drift,NA,NA,NA,NA,NA,NA,NA,NA,NA,NA,NA,2024-11-26T11:06:34Z,2024-11-26T19:06:34Z
D14AA269-5027-4815-B8B4-C2D41F70598C,386CDA5C-6A55-44D1-8D9D-C2E8BE77DC7B,Chinook,NA,Jack,AD,NA,NA,Kept,3,Chinook_Jack_AD_Kept,2021,9,35,175,NA,NA,No,1,175,Complete,05:30:00,08:25:00,1DBEB3E1-31F5-4B38-B693-8F8C7891BD1A,2021-09-01,Nisqually River,District 11,Nisqually salmon 2021,4DD3F2B7-1492-4DF5-AAA6-4EE7753A7FCE,Drift,NA,NA,NA,NA,NA,NA,NA,NA,NA,NA,NA,2024-11-26T11:06:34Z,2024-11-26T19:06:34Z
0604A6A7-F6F9-4801-819C-D618B3DA75FB,48ED6BAC-CD0C-4E16-831D-CAA1F8C773AE,Chinook,NA,Adult,UM,NA,NA,Released,5,Chinook_Adult_UM_Released,2021,9,35,380,NA,NA,No,1,380,Complete,09:00:00,15:20:00,8BA0206D-3BCD-42D3-8164-FD7522FFFA7C,2021-09-01,Nisqually River,District 11,Nisqually salmon 2021,985B48BB-73AC-4D4B-ABE0-C27A888010B1,Drift,NA,NA,NA,NA,NA,NA,NA,NA,NA,NA,NA,2024-11-26T11:06:34Z,2024-11-26T19:06:34Z
0688E0FC-E6C5-4391-B2A0-FE57967740A0,075325C4-DA09-4ECC-A595-DED95341E591,Chinook,NA,Adult,AD,NA,NA,Kept,2,Chinook_Adult_AD_Kept,2021,9,35,255,NA,NA,No,1,255,Complete,11:00:00,15:15:00,8BA0206D-3BCD-42D3-8164-FD7522FFFA7C,2021-09-01,Nisqually River,District 11,Nisqually salmon 2021,5DCFBBD3-D21C-404F-93EA-9592085C833F,Drift,NA,NA,NA,NA,NA,NA,NA,NA,NA,NA,NA,2024-11-26T11:06:34Z,2024-11-26T19:06:34Z
8B41C094-35B4-4D23-8393-2964F07D9D06,7C9FB6B6-D629-4623-A7E3-651F1BFC84C7,Chinook,NA,Adult,AD,NA,NA,Kept,2,Chinook_Adult_AD_Kept,2021,9,35,390,NA,NA,No,1,390,Complete,08:30:00,15:00:00,8BA0206D-3BCD-42D3-8164-FD7522FFFA7C,2021-09-01,Nisqually River,District 11,Nisqually salmon 2021,5C6F035D-65A6-441C-BF8F-6601834F86E5,Drift,NA,NA,NA,NA,NA,NA,NA,NA,NA,NA,NA,2024-11-26T11:06:34Z,2024-11-26T19:06:34Z
5F33A8B3-CCEB-4167-A8E3-A9148ED541C7,50004826-1F23-4F99-92FF-9A835E04EBDB,Chinook,NA,Adult,UM,NA,NA,Released,1,Chinook_Adult_UM_Released,2021,9,35,NA,NA,NA,No,7,NA,Incomplete,12:00:00,NA,8BA0206D-3BCD-42D3-8164-FD7522FFFA7C,2021-09-01,Nisqually River,District 11,Nisqually salmon 2021,8994B03A-AE6A-4E66-9347-FE89C39A147F,Drift,NA,NA,NA,NA,NA,NA,NA,NA,NA,NA,NA,2024-11-26T11:06:34Z,2024-11-26T19:06:34Z
6A71F409-2F5D-415E-8350-679BE7F31510,40AABAB7-718C-42EA-96CE-C167851FDF9B,Chinook,NA,Adult,UM,NA,NA,Released,1,Chinook_Adult_UM_Released,2021,9,35,NA,NA,NA,No,1,NA,Incomplete,07:00:00,NA,8BA0206D-3BCD-42D3-8164-FD7522FFFA7C,2021-09-01,Nisqually River,District 11,Nisqually salmon 2021,E293F193-A499-4377-AF66-49D0A919E7E2,Drift,NA,NA,NA,NA,NA,NA,NA,NA,NA,NA,NA,2024-11-26T11:06:34Z,2024-11-26T19:06:34Z
F23D9092-7FA0-4DD0-8BC9-A038AA707367,B072AFFC-46CA-4171-8F5B-4DDA5BBE9051,Chinook,NA,Adult,AD,NA,NA,Kept,5,Chinook_Adult_AD_Kept,2021,9,35,NA,NA,NA,No,3,NA,Incomplete,06:00:00,NA,8BA0206D-3BCD-42D3-8164-FD7522FFFA7C,2021-09-01,Nisqually River,District 11,Nisqually salmon 2021,4CDC44DF-ED2E-44D1-B8F2-6322DC8FE7AC,Drift,NA,NA,NA,NA,NA,NA,NA,NA,NA,NA,NA,2024-11-26T11:06:34Z,2024-11-26T19:06:34Z
CC7CB676-1D29-4E10-8CBD-050936D2B9A0,E80651F4-F79E-4052-BA00-1B9DD4E74916,Chinook,NA,Adult,AD,NA,NA,Kept,1,Chinook_Adult_AD_Kept,2021,9,35,60,NA,NA,No,1,60,Complete,18:10:00,19:10:00,8BA0206D-3BCD-42D3-8164-FD7522FFFA7C,2021-09-01,Nisqually River,District 11,Nisqually salmon 2021,7A63AA90-139C-4336-8D10-E1BE37F4AC72,Drift,NA,NA,NA,NA,NA,NA,NA,NA,NA,NA,NA,2024-11-26T11:06:34Z,2024-11-26T19:06:34Z
AFE7DE69-734D-432D-BAE5-C455B45CD279,3B82DA10-FB54-42EB-82A9-BC1156525561,Chinook,NA,Adult,AD,NA,NA,Kept,1,Chinook_Adult_AD_Kept,2021,9,35,310,NA,NA,No,1,310,Complete,14:00:00,19:10:00,8BA0206D-3BCD-42D3-8164-FD7522FFFA7C,2021-09-01,Nisqually River,District 11,Nisqually salmon 2021,700A9D36-ACCE-48CC-8972-7B587EF0E590,Drift,NA,NA,NA,NA,NA,NA,NA,NA,NA,NA,NA,2024-11-26T11:06:34Z,2024-11-26T19:06:34Z
40051E53-7378-40CB-8A0B-74076CAE7C58,39051F28-7238-46EA-819C-74B650CDA9DE,Chinook,NA,Adult,AD,NA,NA,Kept,1,Chinook_Adult_AD_Kept,2021,9,35,180,NA,NA,No,1,180,Complete,16:30:00,19:30:00,8BA0206D-3BCD-42D3-8164-FD7522FFFA7C,2021-09-01,Nisqually River,District 11,Nisqually salmon 2021,C59E885E-751F-4B22-B18B-BF6690D1ADBA,Drift,NA,NA,NA,NA,NA,NA,NA,NA,NA,NA,NA,2024-11-26T11:06:34Z,2024-11-26T19:06:34Z
40051E53-7378-40CB-8A0B-74076CAE7C58,259017DF-3933-4C46-8A7A-260CB15ED271,Chinook,NA,Adult,AD,NA,NA,Released,1,Chinook_Adult_AD_Released,2021,9,35,180,NA,NA,No,1,180,Complete,16:30:00,19:30:00,8BA0206D-3BCD-42D3-8164-FD7522FFFA7C,2021-09-01,Nisqually River,District 11,Nisqually salmon 2021,C59E885E-751F-4B22-B18B-BF6690D1ADBA,Drift,NA,NA,NA,NA,NA,NA,NA,NA,NA,NA,NA,2024-11-26T11:06:34Z,2024-11-26T19:06:34Z
FE5425F8-4C72-4505-A175-D0EDDEF504E4,C2340A5C-F2CB-4943-B409-E72F36299978,Chinook,NA,Adult,AD,NA,NA,Kept,1,Chinook_Adult_AD_Kept,2021,9,35,170,NA,NA,No,1,170,Complete,17:00:00,19:50:00,8BA0206D-3BCD-42D3-8164-FD7522FFFA7C,2021-09-01,Nisqually River,District 11,Nisqually salmon 2021,3995161C-F2E4-41A0-A3AC-ADC1D9AE454A,Drift,NA,NA,NA,NA,NA,NA,NA,NA,NA,NA,NA,2024-11-26T11:06:34Z,2024-11-26T19:06:34Z
F69514C5-646B-4A8C-9724-53B0BB9D55C9,6A157139-E72C-4ACF-AF1A-9A04C967DB1E,Chinook,NA,Adult,AD,NA,NA,Kept,1,Chinook_Adult_AD_Kept,2021,9,35,550,NA,NA,No,1,550,Complete,07:00:00,16:10:00,8BA0206D-3BCD-42D3-8164-FD7522FFFA7C,2021-09-01,Nisqually River,District 11,Nisqually salmon 2021,DB8CD170-2AE5-4B48-8101-5A3DC69BD87C,Drift,NA,NA,NA,NA,NA,NA,NA,NA,NA,NA,NA,2024-11-26T11:06:34Z,2024-11-26T19:06:34Z
CF9D4EFA-7070-498E-8546-55C5ADB7E3A5,90FB00EC-B11B-4B40-8D1D-23C083AB40E2,Chinook,NA,Adult,AD,NA,NA,Kept,2,Chinook_Adult_AD_Kept,2021,9,35,510,NA,NA,No,5,2550,Complete,11:00:00,19:30:00,8BA0206D-3BCD-42D3-8164-FD7522FFFA7C,2021-09-01,Nisqually River,District 11,Nisqually salmon 2021,F6D2FD0F-61C8-455A-AB4F-3FB721B804B8,Drift,NA,NA,NA,NA,NA,NA,NA,NA,NA,NA,NA,2024-11-26T11:06:34Z,2024-11-26T19:06:34Z
1F11464B-670A-444A-9729-2FDDFB49D119,57C20BFE-05F5-4E05-983B-BDC5C91643F3,Chinook,NA,Adult,UM,NA,NA,Released,1,Chinook_Adult_UM_Released,2021,9,35,315,NA,NA,No,1,315,Complete,12:00:00,17:15:00,8BA0206D-3BCD-42D3-8164-FD7522FFFA7C,2021-09-01,Nisqually River,District 11,Nisqually salmon 2021,9436E6BB-91E2-4302-8BEB-B95BB0A93E28,Drift,NA,NA,NA,NA,NA,NA,NA,NA,NA,NA,NA,2024-11-26T11:06:34Z,2024-11-26T19:06:34Z
4F06E115-84AA-42EE-AA97-B29F332FD912,CA11D6F1-4656-4FA8-BF6E-AD570A940C52,Chinook,NA,Adult,AD,NA,NA,Kept,2,Chinook_Adult_AD_Kept,2021,8,35,320,NA,NA,No,1,320,Complete,12:00:00,17:20:00,6852040D-D75B-4A50-974A-FD88088E633E,2021-08-31,Nisqually River,District 11,Nisqually salmon 2021,F9715E53-7892-4985-8934-E6DD5AF5496B,Drift,NA,NA,NA,NA,NA,NA,NA,NA,NA,NA,NA,2024-11-26T11:06:34Z,2024-11-26T19:06:34Z
08E6B076-4B8B-4203-A90F-3B4358CE946B,1A9F9B47-A2C5-4DD7-843C-6DA2CDDAA436,Chinook,NA,Adult,AD,NA,NA,Released,2,Chinook_Adult_AD_Released,2021,8,35,615,NA,NA,No,1,615,Complete,07:00:00,17:15:00,6852040D-D75B-4A50-974A-FD88088E633E,2021-08-31,Nisqually River,District 11,Nisqually salmon 2021,1697BC77-1132-460D-AB63-7E7FDAE904CD,Drift,NA,NA,NA,NA,NA,NA,NA,NA,NA,NA,NA,2024-11-26T11:06:34Z,2024-11-26T19:06:34Z
08E6B076-4B8B-4203-A90F-3B4358CE946B,381DDD38-544E-4013-8E0C-FC18E7A9B5B1,Chinook,NA,Adult,UM,NA,NA,Released,4,Chinook_Adult_UM_Released,2021,8,35,615,NA,NA,No,1,615,Complete,07:00:00,17:15:00,6852040D-D75B-4A50-974A-FD88088E633E,2021-08-31,Nisqually River,District 11,Nisqually salmon 2021,1697BC77-1132-460D-AB63-7E7FDAE904CD,Drift,NA,NA,NA,NA,NA,NA,NA,NA,NA,NA,NA,2024-11-26T11:06:34Z,2024-11-26T19:06:34Z
BE4AE981-5CFF-4CD1-8C20-EFB543DEF58F,7CB402E1-47FC-4FAE-A336-2A2557F1F95F,Chinook,NA,Adult,UM,NA,NA,Released,1,Chinook_Adult_UM_Released,2021,8,35,180,NA,NA,No,1,180,Complete,14:30:00,17:30:00,6852040D-D75B-4A50-974A-FD88088E633E,2021-08-31,Nisqually River,District 11,Nisqually salmon 2021,3C87603E-5965-4573-844E-CE7420AC2D42,Drift,NA,NA,NA,NA,NA,NA,NA,NA,NA,NA,NA,2024-11-26T11:06:34Z,2024-11-26T19:06:34Z
478048D9-A925-4FE5-9806-2A7EFB0B3191,095F1253-932D-41D2-8166-88E0F573081F,Chinook,NA,Adult,UM,NA,NA,Released,2,Chinook_Adult_UM_Released,2021,8,35,140,NA,NA,No,1,140,Complete,16:00:00,18:20:00,6852040D-D75B-4A50-974A-FD88088E633E,2021-08-31,Nisqually River,District 11,Nisqually salmon 2021,A3462E4D-DD6F-4A73-9EEB-E50013D2D049,Drift,NA,NA,NA,NA,NA,NA,NA,NA,NA,NA,NA,2024-11-26T11:06:34Z,2024-11-26T19:06:34Z
8D2D59FA-C7B1-4AC6-8600-7D424AE001D2,ABCA3E68-23FF-46B9-81CE-5DF813D72AC5,Chinook,NA,Adult,AD,NA,NA,Kept,1,Chinook_Adult_AD_Kept,2021,8,35,180,NA,NA,No,2,360,Complete,14:00:00,17:00:00,6852040D-D75B-4A50-974A-FD88088E633E,2021-08-31,Nisqually River,District 11,Nisqually salmon 2021,D86B3616-7CFA-402E-9864-982C2187B3F8,Drift,NA,NA,NA,NA,NA,NA,NA,NA,NA,NA,NA,2024-11-26T11:06:34Z,2024-11-26T19:06:34Z
6E987524-7972-45E8-A56F-0859CD61DE05,5C27E225-6CCE-42DD-89DF-B2FFD736EC16,Chinook,NA,Adult,AD,NA,NA,Kept,1,Chinook_Adult_AD_Kept,2021,8,35,700,NA,NA,No,1,700,Complete,07:00:00,18:40:00,6852040D-D75B-4A50-974A-FD88088E633E,2021-08-31,Nisqually River,District 11,Nisqually salmon 2021,A987FEAD-26BB-4F52-AA0C-356B67853B27,Drift,NA,NA,NA,NA,NA,NA,NA,NA,NA,NA,NA,2024-11-26T11:06:34Z,2024-11-26T19:06:34Z
C1AFBEEF-E10B-49B7-93BC-FCCDAA8FC997,DB187028-6514-4E91-9612-A108C1D14E44,Chinook,NA,Adult,AD,NA,NA,Released,1,Chinook_Adult_AD_Released,2021,8,35,170,NA,NA,No,1,170,Complete,16:30:00,19:20:00,6852040D-D75B-4A50-974A-FD88088E633E,2021-08-31,Nisqually River,District 11,Nisqually salmon 2021,A49091F6-11D5-47BF-8B49-C293D3B7890E,Drift,NA,NA,NA,NA,NA,NA,NA,NA,NA,NA,NA,2024-11-26T11:06:34Z,2024-11-26T19:06:34Z
054AEACC-12D7-4072-ABBE-D90665486896,4CCD1F06-060C-48D7-997F-FF1923E721A8,Chinook,NA,Adult,UM,NA,NA,Released,1,Chinook_Adult_UM_Released,2021,8,35,325,NA,NA,No,2,650,Complete,06:00:00,11:25:00,6852040D-D75B-4A50-974A-FD88088E633E,2021-08-31,Nisqually River,District 11,Nisqually salmon 2021,573CC631-6B0D-49B6-993B-F07ACDA34DBA,Drift,NA,NA,NA,NA,NA,NA,NA,NA,NA,NA,NA,2024-11-26T11:06:34Z,2024-11-26T19:06:34Z
054AEACC-12D7-4072-ABBE-D90665486896,DD76486D-91B9-4EFC-927A-69ECCDEF8876,Chinook,NA,Adult,AD,NA,NA,Kept,4,Chinook_Adult_AD_Kept,2021,8,35,325,NA,NA,No,2,650,Complete,06:00:00,11:25:00,6852040D-D75B-4A50-974A-FD88088E633E,2021-08-31,Nisqually River,District 11,Nisqually salmon 2021,573CC631-6B0D-49B6-993B-F07ACDA34DBA,Drift,NA,NA,NA,NA,NA,NA,NA,NA,NA,NA,NA,2024-11-26T11:06:34Z,2024-11-26T19:06:34Z
8B086F02-97AB-4D43-8FC6-79E986641875,B67A11E1-703C-4267-8275-DA605EF60938,Chinook,NA,Adult,AD,NA,NA,Kept,2,Chinook_Adult_AD_Kept,2021,8,35,585,NA,NA,No,1,585,Complete,06:00:00,15:45:00,6852040D-D75B-4A50-974A-FD88088E633E,2021-08-31,Nisqually River,District 11,Nisqually salmon 2021,B64B8E4A-9EF3-4272-B225-E6F2DBF882BD,Drift,NA,NA,NA,NA,NA,NA,NA,NA,NA,NA,NA,2024-11-26T11:06:34Z,2024-11-26T19:06:34Z
F2CABD1A-C261-43EF-B382-9D9C7E19E8EC,B646B052-62F2-453A-9DC5-E26725ED67DF,Chinook,NA,Adult,AD,NA,NA,Kept,1,Chinook_Adult_AD_Kept,2021,8,35,NA,NA,NA,No,1,NA,Incomplete,10:30:00,NA,6852040D-D75B-4A50-974A-FD88088E633E,2021-08-31,Nisqually River,District 11,Nisqually salmon 2021,8857EE76-2697-4A6E-98AE-6219CA65E54A,Drift,NA,NA,NA,NA,NA,NA,NA,NA,NA,NA,NA,2024-11-26T11:06:34Z,2024-11-26T19:06:34Z
F2CABD1A-C261-43EF-B382-9D9C7E19E8EC,3AF8E264-D36B-43B1-BF42-C8F4DE1B8FD1,Chinook,NA,Adult,UM,NA,NA,Released,1,Chinook_Adult_UM_Released,2021,8,35,NA,NA,NA,No,1,NA,Incomplete,10:30:00,NA,6852040D-D75B-4A50-974A-FD88088E633E,2021-08-31,Nisqually River,District 11,Nisqually salmon 2021,8857EE76-2697-4A6E-98AE-6219CA65E54A,Drift,NA,NA,NA,NA,NA,NA,NA,NA,NA,NA,NA,2024-11-26T11:06:34Z,2024-11-26T19:06:34Z
4C62970E-9713-46E2-9D63-F767D5A46D8B,2728401F-9F75-4944-81D1-24DEDECE5231,Chinook,NA,Adult,AD,NA,NA,Kept,2,Chinook_Adult_AD_Kept,2021,8,35,NA,NA,NA,No,1,NA,Incomplete,08:00:00,NA,6852040D-D75B-4A50-974A-FD88088E633E,2021-08-31,Nisqually River,District 11,Nisqually salmon 2021,4EC740D4-1A81-4C70-845A-4FE9A3556A2E,Drift,NA,NA,NA,NA,NA,NA,NA,NA,NA,NA,NA,2024-11-26T11:06:34Z,2024-11-26T19:06:34Z
D1E6785A-773B-4C62-9F3F-4A28CC309DA3,0E0B0ECA-CF73-478E-A651-1BD3852CF64A,Chinook,NA,Adult,UM,NA,NA,Released,1,Chinook_Adult_UM_Released,2021,8,35,360,NA,NA,No,1,360,Complete,07:00:00,13:00:00,6852040D-D75B-4A50-974A-FD88088E633E,2021-08-31,Nisqually River,District 11,Nisqually salmon 2021,5A56FC3F-416C-40E6-9E4B-EA0173A2E75C,Drift,NA,NA,NA,NA,NA,NA,NA,NA,NA,NA,NA,2024-11-26T11:06:34Z,2024-11-26T19:06:34Z
D1E6785A-773B-4C62-9F3F-4A28CC309DA3,EA4FBB6B-233E-473F-9EF1-6DECFC51655C,Chinook,NA,Adult,AD,NA,NA,Kept,1,Chinook_Adult_AD_Kept,2021,8,35,360,NA,NA,No,1,360,Complete,07:00:00,13:00:00,6852040D-D75B-4A50-974A-FD88088E633E,2021-08-31,Nisqually River,District 11,Nisqually salmon 2021,5A56FC3F-416C-40E6-9E4B-EA0173A2E75C,Drift,NA,NA,NA,NA,NA,NA,NA,NA,NA,NA,NA,2024-11-26T11:06:34Z,2024-11-26T19:06:34Z
63FE3A23-0E7F-4A5A-BB38-35C6F2E3E805,A9017175-DB6D-40E2-B948-DC4158799869,Chinook,NA,Adult,AD,NA,NA,Kept,3,Chinook_Adult_AD_Kept,2021,8,35,350,NA,NA,No,2,700,Complete,07:30:00,13:20:00,6852040D-D75B-4A50-974A-FD88088E633E,2021-08-31,Nisqually River,District 11,Nisqually salmon 2021,BF93454A-BEF7-42DF-A2CB-157DBE512F46,Drift,NA,NA,NA,NA,NA,NA,NA,NA,NA,NA,NA,2024-11-26T11:06:34Z,2024-11-26T19:06:34Z
9C33CAF9-185D-4C1D-B846-2530EF99655E,9E8F4858-8DB2-4DF1-A2A6-1949720382C5,Chinook,NA,Adult,AD,NA,NA,Released,1,Chinook_Adult_AD_Released,2021,8,35,180,NA,NA,No,1,180,Complete,11:00:00,14:00:00,6852040D-D75B-4A50-974A-FD88088E633E,2021-08-31,Nisqually River,District 11,Nisqually salmon 2021,C4D7926C-92B2-4451-B542-66CCCAEEF992,Drift,NA,NA,NA,NA,NA,NA,NA,NA,NA,NA,NA,2024-11-26T11:06:34Z,2024-11-26T19:06:34Z
9C54B9CF-7BD4-4C82-A5ED-1103DDF7EBCC,254A3FD9-C2F5-4978-AE48-CBF8C523B8E7,Chinook,NA,Adult,AD,NA,NA,Kept,1,Chinook_Adult_AD_Kept,2021,8,35,280,NA,NA,No,1,280,Complete,11:00:00,15:40:00,6852040D-D75B-4A50-974A-FD88088E633E,2021-08-31,Nisqually River,District 11,Nisqually salmon 2021,AA5B1996-BFB3-421C-B64E-5B81DB7124F7,Drift,NA,NA,NA,NA,NA,NA,NA,NA,NA,NA,NA,2024-11-26T11:06:34Z,2024-11-26T19:06:34Z
9C54B9CF-7BD4-4C82-A5ED-1103DDF7EBCC,6BBBB156-35A3-4F74-99D5-D9411E780C96,Chinook,NA,Adult,AD,NA,NA,Released,1,Chinook_Adult_AD_Released,2021,8,35,280,NA,NA,No,1,280,Complete,11:00:00,15:40:00,6852040D-D75B-4A50-974A-FD88088E633E,2021-08-31,Nisqually River,District 11,Nisqually salmon 2021,AA5B1996-BFB3-421C-B64E-5B81DB7124F7,Drift,NA,NA,NA,NA,NA,NA,NA,NA,NA,NA,NA,2024-11-26T11:06:34Z,2024-11-26T19:06:34Z
CF33CB3A-AECE-4AD8-B2B6-54CA4598693B,0B463A12-61A7-4061-9861-09F0303B25DC,Chinook,NA,Adult,AD,NA,NA,Kept,1,Chinook_Adult_AD_Kept,2021,8,35,525,NA,NA,No,1,525,Complete,06:30:00,15:15:00,6852040D-D75B-4A50-974A-FD88088E633E,2021-08-31,Nisqually River,District 11,Nisqually salmon 2021,129F9398-4DD7-4EAA-B79E-6A3704D07D7A,Drift,NA,NA,NA,NA,NA,NA,NA,NA,NA,NA,NA,2024-11-26T11:06:34Z,2024-11-26T19:06:34Z
11B65D57-B096-4949-861A-141EFAF8FA96,CCCCD1A3-D53D-478D-BF99-B1AEB91184A5,Chinook,NA,Adult,AD,NA,NA,Kept,1,Chinook_Adult_AD_Kept,2021,8,35,90,NA,NA,No,1,90,Complete,13:00:00,14:30:00,6852040D-D75B-4A50-974A-FD88088E633E,2021-08-31,Nisqually River,District 11,Nisqually salmon 2021,47A22B7D-497D-49AC-8049-9752F9DD660C,Drift,NA,NA,NA,NA,NA,NA,NA,NA,NA,NA,NA,2024-11-26T11:06:34Z,2024-11-26T19:06:34Z
D23334C9-972A-428C-AC95-8175BE4C8BC5,1028B86E-3D61-44B3-AA37-6A0A2F1216D6,Chinook,NA,Adult,UM,NA,NA,Released,1,Chinook_Adult_UM_Released,2021,8,35,130,NA,NA,No,1,130,Complete,09:00:00,11:10:00,B6C9281B-5471-4FA3-B285-A2998AD2F47B,2021-08-31,Nisqually River,District 11,Nisqually salmon 2021,04BDCD58-6558-4A19-9DBB-647E797155FF,Drift,NA,NA,NA,NA,NA,NA,NA,NA,NA,NA,NA,2024-11-26T11:06:34Z,2024-11-26T19:06:34Z
D23334C9-972A-428C-AC95-8175BE4C8BC5,CA8FACF4-55F8-41CC-9896-D6DC7B2D293F,Chinook,NA,Adult,AD,NA,NA,Kept,1,Chinook_Adult_AD_Kept,2021,8,35,130,NA,NA,No,1,130,Complete,09:00:00,11:10:00,B6C9281B-5471-4FA3-B285-A2998AD2F47B,2021-08-31,Nisqually River,District 11,Nisqually salmon 2021,04BDCD58-6558-4A19-9DBB-647E797155FF,Drift,NA,NA,NA,NA,NA,NA,NA,NA,NA,NA,NA,2024-11-26T11:06:34Z,2024-11-26T19:06:34Z
E6B70B7C-E402-4B3C-8256-191B3F27DE65,8B941D07-3B23-49DE-84E9-3975F8EA8598,Chinook,NA,Adult,UM,NA,NA,Released,1,Chinook_Adult_UM_Released,2021,8,35,210,NA,NA,No,2,420,Complete,07:30:00,11:00:00,B6C9281B-5471-4FA3-B285-A2998AD2F47B,2021-08-31,Nisqually River,District 11,Nisqually salmon 2021,BA36CBE5-E13D-4C55-AAFE-8F8AFEFA7C2F,Drift,NA,NA,NA,NA,NA,NA,NA,NA,NA,NA,NA,2024-11-26T11:06:34Z,2024-11-26T19:06:34Z
CD3BE63A-D8BB-4645-BB63-334BE2C1F8E6,F1D68E86-3839-4051-8FC9-F8394DBE267C,Chinook,NA,Adult,UM,NA,NA,Released,1,Chinook_Adult_UM_Released,2021,8,35,320,NA,NA,No,1,320,Complete,05:30:00,10:50:00,B6C9281B-5471-4FA3-B285-A2998AD2F47B,2021-08-31,Nisqually River,District 11,Nisqually salmon 2021,3AB37796-E1F1-4151-9C6D-0166A544EB90,Drift,NA,NA,NA,NA,NA,NA,NA,NA,NA,NA,NA,2024-11-26T11:06:34Z,2024-11-26T19:06:34Z
CD3BE63A-D8BB-4645-BB63-334BE2C1F8E6,15C3DD1C-8F53-48DE-AA26-61EEE111048B,Chinook,NA,Adult,AD,NA,NA,Kept,1,Chinook_Adult_AD_Kept,2021,8,35,320,NA,NA,No,1,320,Complete,05:30:00,10:50:00,B6C9281B-5471-4FA3-B285-A2998AD2F47B,2021-08-31,Nisqually River,District 11,Nisqually salmon 2021,3AB37796-E1F1-4151-9C6D-0166A544EB90,Drift,NA,NA,NA,NA,NA,NA,NA,NA,NA,NA,NA,2024-11-26T11:06:34Z,2024-11-26T19:06:34Z
DCF65365-D21D-4AB4-A984-69C672EF296B,4C58748C-DE31-48AA-88BA-63B4D5491C50,Chinook,NA,Adult,UM,NA,NA,Released,1,Chinook_Adult_UM_Released,2021,8,35,245,NA,NA,No,2,490,Complete,06:30:00,10:35:00,B6C9281B-5471-4FA3-B285-A2998AD2F47B,2021-08-31,Nisqually River,District 11,Nisqually salmon 2021,82BF5D88-5CF3-47FC-AE62-8E5C199AA104,Drift,NA,NA,NA,NA,NA,NA,NA,NA,NA,NA,NA,2024-11-26T11:06:34Z,2024-11-26T19:06:34Z
CFBEDE77-F9B0-48BC-8F86-A23FA5AE46BB,1D2E796E-6956-43BB-881C-E7570DC983C5,Chinook,NA,Jack,AD,NA,NA,Kept,1,Chinook_Jack_AD_Kept,2021,8,35,150,NA,NA,No,1,150,Complete,09:00:00,11:30:00,B6C9281B-5471-4FA3-B285-A2998AD2F47B,2021-08-31,Nisqually River,District 11,Nisqually salmon 2021,46826254-FF42-4704-928D-6EB8E08D3810,Drift,NA,NA,NA,NA,NA,NA,NA,NA,NA,NA,NA,2024-11-26T11:06:34Z,2024-11-26T19:06:34Z
D0729F11-2981-457E-961C-7E4416D5CE1A,0B08FB0F-CE9E-4D68-861C-A6EE926BC8B3,Chinook,NA,Adult,UM,NA,NA,Released,2,Chinook_Adult_UM_Released,2021,8,35,295,NA,NA,No,1,295,Complete,06:45:00,11:40:00,B6C9281B-5471-4FA3-B285-A2998AD2F47B,2021-08-31,Nisqually River,District 11,Nisqually salmon 2021,31766715-AF89-48DC-BD9C-B9540B7E753D,Drift,NA,NA,NA,NA,NA,NA,NA,NA,NA,NA,NA,2024-11-26T11:06:34Z,2024-11-26T19:06:34Z
2A836434-6907-488D-A2CC-B6F01514CB44,587A497C-F308-4012-A8EC-1C55F898A406,Chinook,NA,Adult,UM,NA,NA,Released,2,Chinook_Adult_UM_Released,2021,8,35,280,NA,NA,No,1,280,Complete,07:00:00,11:40:00,B6C9281B-5471-4FA3-B285-A2998AD2F47B,2021-08-31,Nisqually River,District 11,Nisqually salmon 2021,DA2799C1-2F88-48F2-BC25-B1D6EC10E9F0,Drift,NA,NA,NA,NA,NA,NA,NA,NA,NA,NA,NA,2024-11-26T11:06:34Z,2024-11-26T19:06:34Z
C316327B-7B6B-478B-B082-4BC5BE61618F,EFD844AE-344D-4B38-BDB9-7D90AE8F5469,Chinook,NA,Jack,AD,NA,NA,Kept,2,Chinook_Jack_AD_Kept,2021,8,35,330,NA,NA,No,1,330,Complete,06:30:00,12:00:00,B6C9281B-5471-4FA3-B285-A2998AD2F47B,2021-08-31,Nisqually River,District 11,Nisqually salmon 2021,5C32CE91-8ECA-4AF0-8827-CFF52FF472D7,Drift,NA,NA,NA,NA,NA,NA,NA,NA,NA,NA,NA,2024-11-26T11:06:34Z,2024-11-26T19:06:34Z
11654B34-3E05-410E-BE34-992FAA31BB91,29A3BDC7-4482-491A-B26B-10F3C8F375B8,Chinook,NA,Adult,AD,NA,NA,Kept,1,Chinook_Adult_AD_Kept,2021,8,35,135,NA,NA,No,2,270,Complete,09:30:00,11:45:00,B6C9281B-5471-4FA3-B285-A2998AD2F47B,2021-08-31,Nisqually River,District 11,Nisqually salmon 2021,F5B9E00F-F101-432E-967D-178E3FF21109,Drift,NA,NA,NA,NA,NA,NA,NA,NA,NA,NA,NA,2024-11-26T11:06:34Z,2024-11-26T19:06:34Z
62DCAC1B-EE92-425B-9223-DE5CE045743C,6126ED02-B811-4100-9488-267D2C5987A5,Chinook,NA,Adult,AD,NA,NA,Kept,1,Chinook_Adult_AD_Kept,2021,8,35,59,NA,NA,No,1,59,Complete,05:31:00,06:30:00,B6C9281B-5471-4FA3-B285-A2998AD2F47B,2021-08-31,Nisqually River,District 11,Nisqually salmon 2021,AFBC1586-684A-4275-B16B-3DF640A367AB,Drift,NA,NA,NA,NA,NA,NA,NA,NA,NA,NA,NA,2024-11-26T11:06:34Z,2024-11-26T19:06:34Z
CF540589-0872-456D-8CA2-684A2C0324DC,44DFE943-084E-4D70-AB4A-29F993821AB9,Chinook,NA,Adult,AD,NA,NA,Kept,1,Chinook_Adult_AD_Kept,2021,8,35,195,NA,NA,No,1,195,Complete,07:00:00,10:15:00,B6C9281B-5471-4FA3-B285-A2998AD2F47B,2021-08-31,Nisqually River,District 11,Nisqually salmon 2021,B2AE4FA3-EFA0-4623-B52A-4F6AA614D13E,Drift,NA,NA,NA,NA,NA,NA,NA,NA,NA,NA,NA,2024-11-26T11:06:34Z,2024-11-26T19:06:34Z
01057F71-C162-48A2-98A5-3D7C94C3AD59,8181C39B-F8F7-4840-BCCA-7A65A79D425B,Chinook,NA,Adult,UM,NA,NA,Released,1,Chinook_Adult_UM_Released,2021,8,35,355,NA,NA,No,2,710,Complete,06:00:00,11:55:00,B6C9281B-5471-4FA3-B285-A2998AD2F47B,2021-08-31,Nisqually River,District 11,Nisqually salmon 2021,79CE2A21-D27F-40AA-A48D-E31782EF3DBB,Drift,NA,NA,NA,NA,NA,NA,NA,NA,NA,NA,NA,2024-11-26T11:06:34Z,2024-11-26T19:06:34Z
BA44A319-195C-4633-BC23-946A06379CD8,F7968EBD-4B56-47A6-A9EB-2801C7C9A6F5,Chinook,NA,Adult,AD,NA,NA,Kept,2,Chinook_Adult_AD_Kept,2021,8,35,120,NA,NA,No,1,120,Complete,05:45:00,07:45:00,B6C9281B-5471-4FA3-B285-A2998AD2F47B,2021-08-31,Nisqually River,District 11,Nisqually salmon 2021,3D64BABA-D557-493A-823D-BC4857AD894C,Drift,NA,NA,NA,NA,NA,NA,NA,NA,NA,NA,NA,2024-11-26T11:06:34Z,2024-11-26T19:06:34Z
F8191A74-FBE8-473D-B4EC-5A63FFE35310,EEE51795-78F0-4CE3-9DC0-B881CB131363,Chinook,NA,Jack,AD,NA,NA,Kept,1,Chinook_Jack_AD_Kept,2021,8,35,180,NA,NA,No,1,180,Complete,06:00:00,09:00:00,B6C9281B-5471-4FA3-B285-A2998AD2F47B,2021-08-31,Nisqually River,District 11,Nisqually salmon 2021,31DC74FF-9336-43CA-9310-142C83AC74F9,Drift,NA,NA,NA,NA,NA,NA,NA,NA,NA,NA,NA,2024-11-26T11:06:34Z,2024-11-26T19:06:34Z
8B96CBE8-7C4A-4058-8E1C-12C0A64AC550,DCBAD5FC-8C76-4FE6-8BE6-65D2D5D40CE8,Chinook,NA,Adult,AD,NA,NA,Released,1,Chinook_Adult_AD_Released,2021,8,35,255,NA,NA,No,1,255,Complete,05:30:00,09:45:00,B6C9281B-5471-4FA3-B285-A2998AD2F47B,2021-08-31,Nisqually River,District 11,Nisqually salmon 2021,289CE65E-29D7-43F0-8E82-F1132D4B4B98,Drift,NA,NA,NA,NA,NA,NA,NA,NA,NA,NA,NA,2024-11-26T11:06:34Z,2024-11-26T19:06:34Z
A9FEC154-0DAC-4B12-B9E6-776326B3166B,218A149D-9C42-49FB-BAD9-C483ECDC8145,Chinook,NA,Adult,UM,NA,NA,Released,2,Chinook_Adult_UM_Released,2021,8,35,170,NA,NA,No,1,170,Complete,06:30:00,09:20:00,B6C9281B-5471-4FA3-B285-A2998AD2F47B,2021-08-31,Nisqually River,District 11,Nisqually salmon 2021,7695E477-D5E2-4C0D-A59D-8CACA2747E9D,Drift,NA,NA,NA,NA,NA,NA,NA,NA,NA,NA,NA,2024-11-26T11:06:34Z,2024-11-26T19:06:34Z
1B138EF6-5DAA-45DD-B269-77E59CB38A71,EF3D3749-C9FF-4A6B-951D-39553EE4593C,Chinook,NA,Adult,AD,NA,NA,Kept,1,Chinook_Adult_AD_Kept,2021,8,35,190,NA,NA,No,1,190,Complete,06:00:00,09:10:00,B6C9281B-5471-4FA3-B285-A2998AD2F47B,2021-08-31,Nisqually River,District 11,Nisqually salmon 2021,31AA378F-838C-4BB0-A17E-749FA37883E8,Drift,NA,NA,NA,NA,NA,NA,NA,NA,NA,NA,NA,2024-11-26T11:06:34Z,2024-11-26T19:06:34Z
995282B5-64D4-48C3-B115-6F85EB907967,0B27943E-A9BB-4ABF-A6F5-B0CB2B630A5D,Chinook,NA,Adult,AD,NA,NA,Kept,1,Chinook_Adult_AD_Kept,2021,8,35,235,NA,NA,No,1,235,Complete,05:30:00,09:25:00,B6C9281B-5471-4FA3-B285-A2998AD2F47B,2021-08-31,Nisqually River,District 11,Nisqually salmon 2021,0E82E93B-7E6F-414E-B27B-6DC80F7520B3,Drift,NA,NA,NA,NA,NA,NA,NA,NA,NA,NA,NA,2024-11-26T11:06:34Z,2024-11-26T19:06:34Z
995282B5-64D4-48C3-B115-6F85EB907967,613F091D-2D8A-48A7-B9AB-C1FE41827C4D,Chinook,NA,Adult,UM,NA,NA,Released,1,Chinook_Adult_UM_Released,2021,8,35,235,NA,NA,No,1,235,Complete,05:30:00,09:25:00,B6C9281B-5471-4FA3-B285-A2998AD2F47B,2021-08-31,Nisqually River,District 11,Nisqually salmon 2021,0E82E93B-7E6F-414E-B27B-6DC80F7520B3,Drift,NA,NA,NA,NA,NA,NA,NA,NA,NA,NA,NA,2024-11-26T11:06:34Z,2024-11-26T19:06:34Z
58A5811D-DEE0-443C-9386-A0600B3E6DDB,9CAC23CB-5A84-466E-9B9E-C169DD85FB64,Chinook,NA,Jack,AD,NA,NA,Kept,1,Chinook_Jack_AD_Kept,2021,8,35,555,NA,NA,No,1,555,Complete,06:00:00,15:15:00,4790A394-BA63-4EC8-AD2C-5D974E6F873B,2021-08-28,Nisqually River,District 11,Nisqually salmon 2021,53A61A55-DF7B-4B13-AADF-ACB702CCEF9D,Drift,NA,NA,NA,NA,NA,NA,NA,NA,NA,NA,NA,2024-11-26T11:06:34Z,2024-11-26T19:06:34Z
6FAB6822-12FA-471B-94DB-2A5C8AB5670F,7B2892DB-142F-4A2A-B741-A4D86B613EC2,Chinook,NA,Adult,UM,NA,NA,Released,1,Chinook_Adult_UM_Released,2021,8,35,150,NA,NA,No,1,150,Complete,12:00:00,14:30:00,4790A394-BA63-4EC8-AD2C-5D974E6F873B,2021-08-28,Nisqually River,District 11,Nisqually salmon 2021,18414191-543F-4793-B724-AF2AE7402850,Drift,NA,NA,NA,NA,NA,NA,NA,NA,NA,NA,NA,2024-11-26T11:06:34Z,2024-11-26T19:06:34Z
CE4299AF-60B8-4779-852A-D822B6CF8713,6B39068F-366B-4C66-A822-D8849F928EA7,Chinook,NA,Adult,AD,NA,NA,Kept,1,Chinook_Adult_AD_Kept,2021,8,35,200,NA,NA,No,1,200,Complete,12:00:00,15:20:00,4790A394-BA63-4EC8-AD2C-5D974E6F873B,2021-08-28,Nisqually River,District 11,Nisqually salmon 2021,177651FE-6371-4EE0-9A5C-81F0B0B7F1C2,Drift,NA,NA,NA,NA,NA,NA,NA,NA,NA,NA,NA,2024-11-26T11:06:34Z,2024-11-26T19:06:34Z
08F97D54-9B19-4DA8-A378-6969668B0C3C,69740DBE-C950-4313-8F81-2E7EAB07F4E5,Chinook,NA,Adult,AD,NA,NA,Released,1,Chinook_Adult_AD_Released,2021,8,35,240,NA,NA,No,1,240,Complete,10:00:00,14:00:00,4790A394-BA63-4EC8-AD2C-5D974E6F873B,2021-08-28,Nisqually River,District 11,Nisqually salmon 2021,86833EE4-987C-4D53-870E-57B67B6A8F2B,Drift,NA,NA,NA,NA,NA,NA,NA,NA,NA,NA,NA,2024-11-26T11:06:34Z,2024-11-26T19:06:34Z
ED0D20AA-CDFF-4F1C-9A8B-D45F5D03EE87,E4104B00-A915-4B05-A8B5-4005DE2946FA,Chinook,NA,Adult,AD,NA,NA,Kept,1,Chinook_Adult_AD_Kept,2021,8,35,275,NA,NA,No,1,275,Complete,06:45:00,11:20:00,4790A394-BA63-4EC8-AD2C-5D974E6F873B,2021-08-28,Nisqually River,District 11,Nisqually salmon 2021,9B7FB357-B2E2-41A4-ACAF-B37DB5D77193,Drift,NA,NA,NA,NA,NA,NA,NA,NA,NA,NA,NA,2024-11-26T11:06:34Z,2024-11-26T19:06:34Z
6707CD98-5CEA-4D2E-AA94-5F00B2A983E3,04E5EFA5-F147-4297-B29F-F13B21249B2D,Chinook,NA,Adult,UM,NA,NA,Released,1,Chinook_Adult_UM_Released,2021,8,35,250,NA,NA,No,1,250,Complete,13:30:00,17:40:00,4790A394-BA63-4EC8-AD2C-5D974E6F873B,2021-08-28,Nisqually River,District 11,Nisqually salmon 2021,C9CEA5EB-2F0B-474E-84DF-454969B5FD65,Drift,NA,NA,NA,NA,NA,NA,NA,NA,NA,NA,NA,2024-11-26T11:06:34Z,2024-11-26T19:06:34Z
6707CD98-5CEA-4D2E-AA94-5F00B2A983E3,803ABABB-20B8-4CE7-8A72-EB5F1A0B8CCE,Chinook,NA,Jack,AD,NA,NA,Kept,1,Chinook_Jack_AD_Kept,2021,8,35,250,NA,NA,No,1,250,Complete,13:30:00,17:40:00,4790A394-BA63-4EC8-AD2C-5D974E6F873B,2021-08-28,Nisqually River,District 11,Nisqually salmon 2021,C9CEA5EB-2F0B-474E-84DF-454969B5FD65,Drift,NA,NA,NA,NA,NA,NA,NA,NA,NA,NA,NA,2024-11-26T11:06:34Z,2024-11-26T19:06:34Z
82BB5686-C9B4-4043-AC21-7363F9847072,9C340D61-5772-47A0-BBD6-0E7945B2148F,Chinook,NA,Adult,UM,NA,NA,Released,2,Chinook_Adult_UM_Released,2021,8,35,165,NA,NA,No,2,330,Complete,17:00:00,19:45:00,4790A394-BA63-4EC8-AD2C-5D974E6F873B,2021-08-28,Nisqually River,District 11,Nisqually salmon 2021,61FF159D-E752-445A-890A-674574CA1C7B,Drift,NA,NA,NA,NA,NA,NA,NA,NA,NA,NA,NA,2024-11-26T11:06:34Z,2024-11-26T19:06:34Z
CC2500F1-BD9B-4509-9AC1-974410E2B6C4,01C826F4-59FA-44E0-9A3B-D1B34B8B02A9,Chinook,NA,Adult,UM,NA,NA,Released,1,Chinook_Adult_UM_Released,2021,8,35,195,NA,NA,No,1,195,Complete,15:00:00,18:15:00,4790A394-BA63-4EC8-AD2C-5D974E6F873B,2021-08-28,Nisqually River,District 11,Nisqually salmon 2021,F3AB6B59-2AD8-4226-AD75-644D1B4EBEEC,Drift,NA,NA,NA,NA,NA,NA,NA,NA,NA,NA,NA,2024-11-26T11:06:34Z,2024-11-26T19:06:34Z
E367574D-5B0F-433E-83BE-4B16C38E0AB6,224DF44B-042C-4A38-982E-09867ACB0325,Chinook,NA,Adult,AD,NA,NA,Kept,3,Chinook_Adult_AD_Kept,2021,8,35,125,NA,NA,No,2,250,Complete,16:00:00,18:05:00,4790A394-BA63-4EC8-AD2C-5D974E6F873B,2021-08-28,Nisqually River,District 11,Nisqually salmon 2021,BEBA72E1-0C6B-4AED-BF3D-F49E4E89DA21,Drift,NA,NA,NA,NA,NA,NA,NA,NA,NA,NA,NA,2024-11-26T11:06:34Z,2024-11-26T19:06:34Z
D77BE122-A8D5-4E56-8491-4AE21A3F8302,544FCAC3-DA41-4E40-A1DF-7376D02E1557,Chinook,NA,Adult,AD,NA,NA,Kept,1,Chinook_Adult_AD_Kept,2021,8,35,110,NA,NA,No,1,110,Complete,16:00:00,17:50:00,4790A394-BA63-4EC8-AD2C-5D974E6F873B,2021-08-28,Nisqually River,District 11,Nisqually salmon 2021,27B6402B-C100-43A8-9F1F-2AA11A369B8D,Drift,NA,NA,NA,NA,NA,NA,NA,NA,NA,NA,NA,2024-11-26T11:06:34Z,2024-11-26T19:06:34Z
D77BE122-A8D5-4E56-8491-4AE21A3F8302,2477CE11-B8AD-4037-8BC9-6461BB4422C3,Chinook,NA,Adult,UM,NA,NA,Released,1,Chinook_Adult_UM_Released,2021,8,35,110,NA,NA,No,1,110,Complete,16:00:00,17:50:00,4790A394-BA63-4EC8-AD2C-5D974E6F873B,2021-08-28,Nisqually River,District 11,Nisqually salmon 2021,27B6402B-C100-43A8-9F1F-2AA11A369B8D,Drift,NA,NA,NA,NA,NA,NA,NA,NA,NA,NA,NA,2024-11-26T11:06:34Z,2024-11-26T19:06:34Z
CCB945F6-A23A-40F1-81DA-7CB4CCDEF2A6,83CF5E68-C4CC-49BD-8C70-A9CDC8DC1EB4,Chinook,NA,Adult,UM,NA,NA,Released,1,Chinook_Adult_UM_Released,2021,8,35,160,NA,NA,No,1,160,Complete,15:00:00,17:40:00,4790A394-BA63-4EC8-AD2C-5D974E6F873B,2021-08-28,Nisqually River,District 11,Nisqually salmon 2021,1F19E2E3-768D-47FF-8686-1E7D0CC17C74,Drift,NA,NA,NA,NA,NA,NA,NA,NA,NA,NA,NA,2024-11-26T11:06:34Z,2024-11-26T19:06:34Z
6399763E-65BC-48B2-8944-CD8430FA5C6B,8A003C39-D965-42A0-BE0E-151B9AF8EBD6,Chinook,NA,Adult,AD,NA,NA,Kept,2,Chinook_Adult_AD_Kept,2021,8,35,270,NA,NA,No,2,540,Complete,13:00:00,17:30:00,4790A394-BA63-4EC8-AD2C-5D974E6F873B,2021-08-28,Nisqually River,District 11,Nisqually salmon 2021,A73CCC07-5997-47E5-873C-3ADD80BE45A3,Drift,NA,NA,NA,NA,NA,NA,NA,NA,NA,NA,NA,2024-11-26T11:06:34Z,2024-11-26T19:06:34Z
84EED3FF-C6F3-45D4-8309-E8093A1F96F4,00A347F9-6636-47F9-BD90-61E6557C8FDD,Chinook,NA,Adult,UM,NA,NA,Released,1,Chinook_Adult_UM_Released,2021,8,35,285,NA,NA,No,1,285,Complete,12:00:00,16:45:00,4790A394-BA63-4EC8-AD2C-5D974E6F873B,2021-08-28,Nisqually River,District 11,Nisqually salmon 2021,C3997DE4-7DE7-4A98-8F67-4DC731556AA1,Drift,NA,NA,NA,NA,NA,NA,NA,NA,NA,NA,NA,2024-11-26T11:06:34Z,2024-11-26T19:06:34Z
84A15055-7C39-4006-A70E-D3A8FEFEC16D,96F30714-9816-4116-AFB1-D879056756B5,Chinook,NA,Adult,AD,NA,NA,Kept,2,Chinook_Adult_AD_Kept,2021,8,35,600,NA,NA,No,2,1200,Complete,06:30:00,16:30:00,4790A394-BA63-4EC8-AD2C-5D974E6F873B,2021-08-28,Nisqually River,District 11,Nisqually salmon 2021,96710209-DD17-4372-9844-33A831A7FDC7,Drift,NA,NA,NA,NA,NA,NA,NA,NA,NA,NA,NA,2024-11-26T11:06:34Z,2024-11-26T19:06:34Z
ED1E580F-0335-4116-BBE4-03D392150C1F,56C375B9-FFD6-496F-82A3-E17346A12C70,Chinook,NA,Adult,AD,NA,NA,Kept,1,Chinook_Adult_AD_Kept,2021,8,35,240,NA,NA,No,1,240,Complete,14:00:00,18:00:00,4790A394-BA63-4EC8-AD2C-5D974E6F873B,2021-08-28,Nisqually River,District 11,Nisqually salmon 2021,A36A683E-71CA-4FCD-9338-EB0E6C1182B5,Drift,NA,NA,NA,NA,NA,NA,NA,NA,NA,NA,NA,2024-11-26T11:06:34Z,2024-11-26T19:06:34Z
041E2333-A88A-4B83-971A-33AC73D643F9,DC8FFCE3-FB27-499A-BE12-391F685117BE,Chinook,NA,Adult,AD,NA,NA,Kept,1,Chinook_Adult_AD_Kept,2021,8,35,485,NA,NA,No,1,485,Complete,05:25:00,13:30:00,A9B09E47-3281-4928-A171-019AB31484CA,2021-08-28,Nisqually River,District 11,Nisqually salmon 2021,8E594385-81DE-4E76-8B3A-FF59FD410357,Drift,NA,NA,NA,NA,NA,NA,NA,NA,NA,NA,NA,2024-11-26T11:06:34Z,2024-11-26T19:06:34Z
015DF834-CC09-4E55-8DB8-11C29671EFAD,276A5BD5-32F7-41B0-AA3C-4CF8F852B056,Chinook,NA,Adult,UM,NA,NA,Released,2,Chinook_Adult_UM_Released,2021,8,35,465,NA,NA,No,1,465,Complete,05:25:00,13:10:00,A9B09E47-3281-4928-A171-019AB31484CA,2021-08-28,Nisqually River,District 11,Nisqually salmon 2021,EE49D72C-E405-4BC6-B65F-DE5F4EADE647,Drift,NA,NA,NA,NA,NA,NA,NA,NA,NA,NA,NA,2024-11-26T11:06:34Z,2024-11-26T19:06:34Z
AE9AA7C7-E5C5-43C8-B4E9-EBECCA60C46D,E173A9CB-4F2D-4812-9916-680AB44474EA,Chinook,NA,Adult,AD,NA,NA,Kept,1,Chinook_Adult_AD_Kept,2021,8,35,440,NA,NA,No,1,440,Complete,06:00:00,13:20:00,A9B09E47-3281-4928-A171-019AB31484CA,2021-08-28,Nisqually River,District 11,Nisqually salmon 2021,C4420B4A-54CE-4EF3-97AB-E96840E97BE9,Drift,NA,NA,NA,NA,NA,NA,NA,NA,NA,NA,NA,2024-11-26T11:06:34Z,2024-11-26T19:06:34Z
AE9AA7C7-E5C5-43C8-B4E9-EBECCA60C46D,7A88E298-EE5F-4D59-9F77-C2520FA9158A,Chinook,NA,Adult,UM,NA,NA,Released,2,Chinook_Adult_UM_Released,2021,8,35,440,NA,NA,No,1,440,Complete,06:00:00,13:20:00,A9B09E47-3281-4928-A171-019AB31484CA,2021-08-28,Nisqually River,District 11,Nisqually salmon 2021,C4420B4A-54CE-4EF3-97AB-E96840E97BE9,Drift,NA,NA,NA,NA,NA,NA,NA,NA,NA,NA,NA,2024-11-26T11:06:34Z,2024-11-26T19:06:34Z
8B2EF0FE-7D2E-4F08-8961-AC8FBC9EC01E,DA820699-9FA1-49D6-ADE3-CC71A38C0D8D,Chinook,NA,Adult,AD,NA,NA,Kept,1,Chinook_Adult_AD_Kept,2021,8,35,150,NA,NA,No,1,150,Complete,11:00:00,13:30:00,A9B09E47-3281-4928-A171-019AB31484CA,2021-08-28,Nisqually River,District 11,Nisqually salmon 2021,FFA61543-48D4-415D-9B0F-1C8C43E9C891,Drift,NA,NA,NA,NA,NA,NA,NA,NA,NA,NA,NA,2024-11-26T11:06:34Z,2024-11-26T19:06:34Z
902E56F8-00B3-4C32-90EF-2BFAA1BF714C,42EFA8F9-5602-41CF-BEE6-27919462DC25,Chinook,NA,Adult,AD,NA,NA,Kept,4,Chinook_Adult_AD_Kept,2021,8,35,480,NA,NA,No,2,960,Complete,05:30:00,13:30:00,A9B09E47-3281-4928-A171-019AB31484CA,2021-08-28,Nisqually River,District 11,Nisqually salmon 2021,0212B303-C78D-445D-AE40-06D932272EDE,Drift,NA,NA,NA,NA,NA,NA,NA,NA,NA,NA,NA,2024-11-26T11:06:34Z,2024-11-26T19:06:34Z
4BBCEF13-CF36-472B-B8B8-659E0B3B9EBE,6B8DE625-C4D4-4ABC-ACD6-60B9486178AE,Chinook,NA,Adult,AD,NA,NA,Released,1,Chinook_Adult_AD_Released,2021,8,35,75,NA,NA,No,6,450,Complete,14:45:00,16:00:00,A9B09E47-3281-4928-A171-019AB31484CA,2021-08-28,Nisqually River,District 11,Nisqually salmon 2021,99C80790-557B-4CEA-90AE-2D6448EA50C2,Drift,NA,NA,NA,NA,NA,NA,NA,NA,NA,NA,NA,2024-11-26T11:06:34Z,2024-11-26T19:06:34Z
4BBCEF13-CF36-472B-B8B8-659E0B3B9EBE,6C92BE05-CA31-4BFF-9E94-75F408A78173,Chinook,NA,Adult,AD,NA,NA,Kept,1,Chinook_Adult_AD_Kept,2021,8,35,75,NA,NA,No,6,450,Complete,14:45:00,16:00:00,A9B09E47-3281-4928-A171-019AB31484CA,2021-08-28,Nisqually River,District 11,Nisqually salmon 2021,99C80790-557B-4CEA-90AE-2D6448EA50C2,Drift,NA,NA,NA,NA,NA,NA,NA,NA,NA,NA,NA,2024-11-26T11:06:34Z,2024-11-26T19:06:34Z
DB3E27D2-C824-42D6-B6B3-6548B323AFBB,ED589440-3AC3-42AB-BD7C-A0FD0CD1F074,Chinook,NA,Adult,AD,NA,NA,Released,2,Chinook_Adult_AD_Released,2021,8,35,365,NA,NA,No,1,365,Complete,06:30:00,12:35:00,A9B09E47-3281-4928-A171-019AB31484CA,2021-08-28,Nisqually River,District 11,Nisqually salmon 2021,364F813E-B362-4A35-B6A6-8EEB267C8416,Drift,NA,NA,NA,NA,NA,NA,NA,NA,NA,NA,NA,2024-11-26T11:06:34Z,2024-11-26T19:06:34Z
DB3E27D2-C824-42D6-B6B3-6548B323AFBB,196F3CF5-0C05-4AF9-9BD1-402504D26036,Chinook,NA,Adult,UM,NA,NA,Released,1,Chinook_Adult_UM_Released,2021,8,35,365,NA,NA,No,1,365,Complete,06:30:00,12:35:00,A9B09E47-3281-4928-A171-019AB31484CA,2021-08-28,Nisqually River,District 11,Nisqually salmon 2021,364F813E-B362-4A35-B6A6-8EEB267C8416,Drift,NA,NA,NA,NA,NA,NA,NA,NA,NA,NA,NA,2024-11-26T11:06:34Z,2024-11-26T19:06:34Z
BCE7C08B-B207-4206-BEDE-33590A64E964,507FEF36-5EEB-403E-BF56-585088EF697C,Chinook,NA,Adult,AD,NA,NA,Kept,1,Chinook_Adult_AD_Kept,2021,8,35,300,NA,NA,No,1,300,Complete,08:00:00,13:00:00,A9B09E47-3281-4928-A171-019AB31484CA,2021-08-28,Nisqually River,District 11,Nisqually salmon 2021,F6E9C917-DDB0-4245-8805-FA63ADEA2D37,Drift,NA,NA,NA,NA,NA,NA,NA,NA,NA,NA,NA,2024-11-26T11:06:34Z,2024-11-26T19:06:34Z
7756884E-BB25-4E64-9E1C-3E4811433A8C,1DD847A5-BFF0-485D-872C-9BCBA0A63FF4,Chinook,NA,Adult,AD,NA,NA,Kept,3,Chinook_Adult_AD_Kept,2021,8,35,450,NA,NA,No,6,2700,Complete,06:00:00,13:30:00,A9B09E47-3281-4928-A171-019AB31484CA,2021-08-28,Nisqually River,District 11,Nisqually salmon 2021,80C71139-A8DA-4DB3-808F-91E40A654E8D,Drift,NA,NA,NA,NA,NA,NA,NA,NA,NA,NA,NA,2024-11-26T11:06:34Z,2024-11-26T19:06:34Z
958AC0E8-8EF3-4677-BFB0-B8A31C910B62,4417C31B-11FA-445C-82BB-EC08DE1117D3,Chinook,NA,Adult,AD,NA,NA,Released,3,Chinook_Adult_AD_Released,2021,8,35,245,NA,NA,No,1,245,Complete,05:25:00,09:30:00,A9B09E47-3281-4928-A171-019AB31484CA,2021-08-28,Nisqually River,District 11,Nisqually salmon 2021,96C4886B-6C99-4D66-8367-F0D1E6640FF7,Drift,NA,NA,NA,NA,NA,NA,NA,NA,NA,NA,NA,2024-11-26T11:06:34Z,2024-11-26T19:06:34Z
958AC0E8-8EF3-4677-BFB0-B8A31C910B62,2672A481-7AD8-4DAB-936B-5EB31627F900,Chinook,NA,Adult,UM,NA,NA,Released,2,Chinook_Adult_UM_Released,2021,8,35,245,NA,NA,No,1,245,Complete,05:25:00,09:30:00,A9B09E47-3281-4928-A171-019AB31484CA,2021-08-28,Nisqually River,District 11,Nisqually salmon 2021,96C4886B-6C99-4D66-8367-F0D1E6640FF7,Drift,NA,NA,NA,NA,NA,NA,NA,NA,NA,NA,NA,2024-11-26T11:06:34Z,2024-11-26T19:06:34Z
1E8B39DE-C4CC-4D47-ADA5-2C9464B70F29,7E3BEA51-7AAA-45AA-A61C-CADDBB1797A9,Chinook,NA,Adult,AD,NA,NA,Kept,2,Chinook_Adult_AD_Kept,2021,8,35,215,NA,NA,No,1,215,Complete,05:25:00,09:00:00,A9B09E47-3281-4928-A171-019AB31484CA,2021-08-28,Nisqually River,District 11,Nisqually salmon 2021,4CAA4F7C-0602-434D-8EB0-E68E0E799B42,Drift,NA,NA,NA,NA,NA,NA,NA,NA,NA,NA,NA,2024-11-26T11:06:34Z,2024-11-26T19:06:34Z
1E8B39DE-C4CC-4D47-ADA5-2C9464B70F29,FFFA6E87-5E2D-45E6-9EFD-DC0A272D8DF9,Chinook,NA,Adult,AD,NA,NA,Released,1,Chinook_Adult_AD_Released,2021,8,35,215,NA,NA,No,1,215,Complete,05:25:00,09:00:00,A9B09E47-3281-4928-A171-019AB31484CA,2021-08-28,Nisqually River,District 11,Nisqually salmon 2021,4CAA4F7C-0602-434D-8EB0-E68E0E799B42,Drift,NA,NA,NA,NA,NA,NA,NA,NA,NA,NA,NA,2024-11-26T11:06:34Z,2024-11-26T19:06:34Z
A6B3B64B-B056-4A67-8382-3322A8D6408D,0D425E07-00DC-4DB8-89B1-8336138925CF,Chinook,NA,Adult,AD,NA,NA,Kept,2,Chinook_Adult_AD_Kept,2021,8,35,200,NA,NA,No,1,200,Complete,05:30:00,08:50:00,A9B09E47-3281-4928-A171-019AB31484CA,2021-08-28,Nisqually River,District 11,Nisqually salmon 2021,515A59C6-3E38-42E2-B9D8-D636B752805A,Drift,NA,NA,NA,NA,NA,NA,NA,NA,NA,NA,NA,2024-11-26T11:06:34Z,2024-11-26T19:06:34Z
F00D89A3-8A46-4EA4-A217-BE0E71BE9326,A2C73148-D6DC-42C1-A36D-829139628DF2,Chinook,NA,Adult,AD,NA,NA,Kept,1,Chinook_Adult_AD_Kept,2021,8,35,175,NA,NA,No,2,350,Complete,05:30:00,08:25:00,A9B09E47-3281-4928-A171-019AB31484CA,2021-08-28,Nisqually River,District 11,Nisqually salmon 2021,C44B2EE5-AAD3-4D52-949A-B9B28FD97CA8,Drift,NA,NA,NA,NA,NA,NA,NA,NA,NA,NA,NA,2024-11-26T11:06:34Z,2024-11-26T19:06:34Z
FC769294-4909-4127-B556-94E2ACBFEAF4,989EB355-60E4-4A9D-805A-49519E57AE95,Chinook,NA,Adult,AD,NA,NA,Released,1,Chinook_Adult_AD_Released,2021,8,35,440,NA,NA,No,1,440,Complete,05:30:00,12:50:00,A9B09E47-3281-4928-A171-019AB31484CA,2021-08-28,Nisqually River,District 11,Nisqually salmon 2021,67DFA3E2-24FD-43AA-9D5A-DD7733CF164A,Drift,NA,NA,NA,NA,NA,NA,NA,NA,NA,NA,NA,2024-11-26T11:06:34Z,2024-11-26T19:06:34Z
9D615EF5-D883-4F77-A187-FB144A8C5B7F,5727C4C5-9A27-4981-8494-B54C8AF3B492,Chinook,NA,Adult,UM,NA,NA,Released,1,Chinook_Adult_UM_Released,2021,8,35,135,NA,NA,No,1,135,Complete,06:00:00,08:15:00,A9B09E47-3281-4928-A171-019AB31484CA,2021-08-28,Nisqually River,District 11,Nisqually salmon 2021,41E9FFD3-4808-4F33-AA1D-5BA021E5F365,Drift,NA,NA,NA,NA,NA,NA,NA,NA,NA,NA,NA,2024-11-26T11:06:34Z,2024-11-26T19:06:34Z
349970AD-2E52-48CE-903D-88DE17E87B4B,4B8C24CE-2536-4BA5-B81E-125845B4CEEE,Chinook,NA,Adult,UM,NA,NA,Released,2,Chinook_Adult_UM_Released,2021,8,35,155,NA,NA,No,1,155,Complete,05:25:00,08:00:00,A9B09E47-3281-4928-A171-019AB31484CA,2021-08-28,Nisqually River,District 11,Nisqually salmon 2021,EFACED54-7914-4B55-9E9E-5C14A6690098,Drift,NA,NA,NA,NA,NA,NA,NA,NA,NA,NA,NA,2024-11-26T11:06:34Z,2024-11-26T19:06:34Z
349970AD-2E52-48CE-903D-88DE17E87B4B,D018761D-5C09-484F-A4D1-9A123B81B567,Chinook,NA,Adult,AD,NA,NA,Kept,1,Chinook_Adult_AD_Kept,2021,8,35,155,NA,NA,No,1,155,Complete,05:25:00,08:00:00,A9B09E47-3281-4928-A171-019AB31484CA,2021-08-28,Nisqually River,District 11,Nisqually salmon 2021,EFACED54-7914-4B55-9E9E-5C14A6690098,Drift,NA,NA,NA,NA,NA,NA,NA,NA,NA,NA,NA,2024-11-26T11:06:34Z,2024-11-26T19:06:34Z
D2F73F68-8DA5-49E0-B3EC-6DA1E1D5BA21,8AA62B02-BF40-4F25-AEBE-5FC38001D35B,Chinook,NA,Adult,UM,NA,NA,Released,1,Chinook_Adult_UM_Released,2021,8,35,380,NA,NA,No,1,380,Complete,06:00:00,12:20:00,A9B09E47-3281-4928-A171-019AB31484CA,2021-08-28,Nisqually River,District 11,Nisqually salmon 2021,BACBB284-05EE-4561-8B6B-0EC9C32B2FDA,Drift,NA,NA,NA,NA,NA,NA,NA,NA,NA,NA,NA,2024-11-26T11:06:34Z,2024-11-26T19:06:34Z
99CFE4FA-2121-4ADE-82FE-03919A1D6F74,42092E62-430F-4BBA-9F89-F747A5FDC0C8,Chinook,NA,Adult,UM,NA,NA,Released,1,Chinook_Adult_UM_Released,2021,8,35,385,NA,NA,No,2,770,Complete,05:35:00,12:00:00,A9B09E47-3281-4928-A171-019AB31484CA,2021-08-28,Nisqually River,District 11,Nisqually salmon 2021,FCBB9E94-B6C1-4288-BB75-ED35F232C84C,Drift,NA,NA,NA,NA,NA,NA,NA,NA,NA,NA,NA,2024-11-26T11:06:34Z,2024-11-26T19:06:34Z
99CFE4FA-2121-4ADE-82FE-03919A1D6F74,0E93B0A2-49AA-4D1D-84CF-A5DCF49D83E1,Chinook,NA,Adult,AD,NA,NA,Kept,4,Chinook_Adult_AD_Kept,2021,8,35,385,NA,NA,No,2,770,Complete,05:35:00,12:00:00,A9B09E47-3281-4928-A171-019AB31484CA,2021-08-28,Nisqually River,District 11,Nisqually salmon 2021,FCBB9E94-B6C1-4288-BB75-ED35F232C84C,Drift,NA,NA,NA,NA,NA,NA,NA,NA,NA,NA,NA,2024-11-26T11:06:34Z,2024-11-26T19:06:34Z
60660F5C-7685-4BDA-BF6A-6C2B0E809BB0,6D15018B-253F-43E2-9713-3983E3ACFEC8,Chinook,NA,Adult,AD,NA,NA,Kept,1,Chinook_Adult_AD_Kept,2021,8,35,315,NA,NA,No,1,315,Complete,06:45:00,12:00:00,A9B09E47-3281-4928-A171-019AB31484CA,2021-08-28,Nisqually River,District 11,Nisqually salmon 2021,9F90A47F-AF43-4AD4-ADA4-477C4BDB6C93,Drift,NA,NA,NA,NA,NA,NA,NA,NA,NA,NA,NA,2024-11-26T11:06:34Z,2024-11-26T19:06:34Z
73016CD8-DE01-445F-A4DC-C7611DDF66A2,D3AC0D69-4D4F-49DF-BFC9-A7B23EC33CA7,Chinook,NA,Adult,AD,NA,NA,Kept,2,Chinook_Adult_AD_Kept,2021,8,35,270,NA,NA,No,1,270,Complete,07:00:00,11:30:00,A9B09E47-3281-4928-A171-019AB31484CA,2021-08-28,Nisqually River,District 11,Nisqually salmon 2021,1E5F91FD-BE63-4C6E-A313-D2DC20530B9E,Drift,NA,NA,NA,NA,NA,NA,NA,NA,NA,NA,NA,2024-11-26T11:06:34Z,2024-11-26T19:06:34Z
D1750FB4-076E-43EB-8557-BE19197E2CF0,CD32E7FD-5CFC-410A-A625-89E9BA12E05A,Chinook,NA,Adult,AD,NA,NA,Kept,1,Chinook_Adult_AD_Kept,2021,8,35,200,NA,NA,No,1,200,Complete,06:30:00,09:50:00,A9B09E47-3281-4928-A171-019AB31484CA,2021-08-28,Nisqually River,District 11,Nisqually salmon 2021,A5975BB5-B40B-4BFF-91BA-CD652F97FBC1,Drift,NA,NA,NA,NA,NA,NA,NA,NA,NA,NA,NA,2024-11-26T11:06:34Z,2024-11-26T19:06:34Z
1A5ECE2D-C43A-4D02-AC05-F231F957E6D7,2546E26B-6A2D-4EF0-B30A-5B387262A58E,Chinook,NA,Adult,AD,NA,NA,Kept,1,Chinook_Adult_AD_Kept,2021,8,35,200,NA,NA,No,1,200,Complete,07:00:00,10:20:00,A9B09E47-3281-4928-A171-019AB31484CA,2021-08-28,Nisqually River,District 11,Nisqually salmon 2021,7C248CF3-E355-4DB3-993D-D40BB2D7F776,Drift,NA,NA,NA,NA,NA,NA,NA,NA,NA,NA,NA,2024-11-26T11:06:34Z,2024-11-26T19:06:34Z
C85373A8-AC81-48C2-838F-EDA90D570AD5,B2523C53-B645-4D7D-9860-9BA689A71BF8,Chinook,NA,Adult,AD,NA,NA,Kept,1,Chinook_Adult_AD_Kept,2021,8,35,285,NA,NA,No,2,570,Complete,06:00:00,10:45:00,A9B09E47-3281-4928-A171-019AB31484CA,2021-08-28,Nisqually River,District 11,Nisqually salmon 2021,1451392F-2B13-4835-8A1E-2CAF3F864167,Drift,NA,NA,NA,NA,NA,NA,NA,NA,NA,NA,NA,2024-11-26T11:06:34Z,2024-11-26T19:06:34Z
C85373A8-AC81-48C2-838F-EDA90D570AD5,870E3459-C4EA-49F8-86F4-423342902FF5,Chinook,NA,Adult,UM,NA,NA,Released,1,Chinook_Adult_UM_Released,2021,8,35,285,NA,NA,No,2,570,Complete,06:00:00,10:45:00,A9B09E47-3281-4928-A171-019AB31484CA,2021-08-28,Nisqually River,District 11,Nisqually salmon 2021,1451392F-2B13-4835-8A1E-2CAF3F864167,Drift,NA,NA,NA,NA,NA,NA,NA,NA,NA,NA,NA,2024-11-26T11:06:34Z,2024-11-26T19:06:34Z
F7A007D2-8C09-4408-833E-83594A800AEF,ACDBD122-9FDF-458B-9CFB-6924CEFA91D5,Chinook,NA,Adult,AD,NA,NA,Kept,1,Chinook_Adult_AD_Kept,2021,8,35,330,NA,NA,No,1,330,Complete,05:30:00,11:00:00,A9B09E47-3281-4928-A171-019AB31484CA,2021-08-28,Nisqually River,District 11,Nisqually salmon 2021,F249DB73-9F51-4AE5-A6C2-F16BD038C900,Drift,NA,NA,NA,NA,NA,NA,NA,NA,NA,NA,NA,2024-11-26T11:06:34Z,2024-11-26T19:06:34Z
F7A007D2-8C09-4408-833E-83594A800AEF,DE7ABA24-FAC6-46DF-9994-1551B47BEAB3,Chinook,NA,Adult,UM,NA,NA,Released,1,Chinook_Adult_UM_Released,2021,8,35,330,NA,NA,No,1,330,Complete,05:30:00,11:00:00,A9B09E47-3281-4928-A171-019AB31484CA,2021-08-28,Nisqually River,District 11,Nisqually salmon 2021,F249DB73-9F51-4AE5-A6C2-F16BD038C900,Drift,NA,NA,NA,NA,NA,NA,NA,NA,NA,NA,NA,2024-11-26T11:06:34Z,2024-11-26T19:06:34Z
EC60A2FA-DBD0-4A2C-86E2-1902D84B16C4,7DBB2672-417F-43F8-9D10-73EF0F73256C,Chinook,NA,Adult,AD,NA,NA,Kept,1,Chinook_Adult_AD_Kept,2021,8,35,195,NA,NA,No,1,195,Complete,07:45:00,11:00:00,85DBBB7C-62CA-45BE-95E0-4E57289AB4BC,2021-08-27,Nisqually River,District 11,Nisqually salmon 2021,1095A03A-42EA-46F7-8EC6-5FBC3FFD5F2C,Drift,NA,NA,NA,NA,NA,NA,NA,NA,NA,NA,NA,2024-11-26T11:06:34Z,2024-11-26T19:06:34Z
984CE252-4865-464C-BA48-87A94F7BBE1B,2D67A635-073D-4DAB-B381-791F0904DBA2,Chinook,NA,Adult,AD,NA,NA,Kept,1,Chinook_Adult_AD_Kept,2021,8,35,290,NA,NA,No,1,290,Complete,06:30:00,11:20:00,85DBBB7C-62CA-45BE-95E0-4E57289AB4BC,2021-08-27,Nisqually River,District 11,Nisqually salmon 2021,7413F9DF-3674-4AA4-8922-74DED07E4A7B,Drift,NA,NA,NA,NA,NA,NA,NA,NA,NA,NA,NA,2024-11-26T11:06:34Z,2024-11-26T19:06:34Z
36241B9A-5498-4AD9-B6F4-70A8604870B0,8674B963-8956-41F9-8E89-07810FDD69A7,Chinook,NA,Adult,AD,NA,NA,Kept,1,Chinook_Adult_AD_Kept,2021,8,35,375,NA,NA,No,1,375,Complete,05:25:00,11:40:00,85DBBB7C-62CA-45BE-95E0-4E57289AB4BC,2021-08-27,Nisqually River,District 11,Nisqually salmon 2021,30038B02-B83E-41B5-8555-B59F5027F7F5,Drift,NA,NA,NA,NA,NA,NA,NA,NA,NA,NA,NA,2024-11-26T11:06:34Z,2024-11-26T19:06:34Z
3576B41E-3434-422B-8AF7-E2C5D0413655,825C9B67-6751-4C28-A87F-6009BFFD4C8E,Chinook,NA,Adult,AD,NA,NA,Kept,1,Chinook_Adult_AD_Kept,2021,8,35,160,NA,NA,No,2,320,Complete,09:00:00,11:40:00,85DBBB7C-62CA-45BE-95E0-4E57289AB4BC,2021-08-27,Nisqually River,District 11,Nisqually salmon 2021,1A425101-D240-493C-BC24-FE15A25E50C0,Drift,NA,NA,NA,NA,NA,NA,NA,NA,NA,NA,NA,2024-11-26T11:06:34Z,2024-11-26T19:06:34Z
C682DAFA-6EB3-4CBB-8033-A30F519496AE,29F1DD54-5B1E-47A4-BB1B-4B4D7E189A3F,Chinook,NA,Adult,AD,NA,NA,Kept,4,Chinook_Adult_AD_Kept,2021,8,35,260,NA,NA,No,2,520,Complete,07:00:00,11:20:00,85DBBB7C-62CA-45BE-95E0-4E57289AB4BC,2021-08-27,Nisqually River,District 11,Nisqually salmon 2021,09960628-A616-4CA2-8999-29C310EE15EC,Drift,NA,NA,NA,NA,NA,NA,NA,NA,NA,NA,NA,2024-11-26T11:06:34Z,2024-11-26T19:06:34Z
2A076868-CAE9-49BB-9D44-90A80B8EDDE4,26D8C460-80F7-4C27-8A7A-3CEDF1A9AE26,Chinook,NA,Adult,UM,NA,NA,Released,1,Chinook_Adult_UM_Released,2021,8,35,230,NA,NA,No,1,230,Complete,07:30:00,11:20:00,85DBBB7C-62CA-45BE-95E0-4E57289AB4BC,2021-08-27,Nisqually River,District 11,Nisqually salmon 2021,B53D5AA1-BBF5-409C-9B04-6D1C1A48DFEE,Drift,NA,NA,NA,NA,NA,NA,NA,NA,NA,NA,NA,2024-11-26T11:06:34Z,2024-11-26T19:06:34Z
6D6AEE99-2B3C-4B1C-9B5B-24168943D723,2978313A-EFF5-4078-8058-9A4CFB7EAC9C,Chinook,NA,Adult,UM,NA,NA,Released,1,Chinook_Adult_UM_Released,2021,8,35,255,NA,NA,No,1,255,Complete,07:00:00,11:15:00,85DBBB7C-62CA-45BE-95E0-4E57289AB4BC,2021-08-27,Nisqually River,District 11,Nisqually salmon 2021,8E8E48AD-5630-487F-9758-068317D47A70,Drift,NA,NA,NA,NA,NA,NA,NA,NA,NA,NA,NA,2024-11-26T11:06:34Z,2024-11-26T19:06:34Z
EF98E16D-79BA-49CA-B5B1-861E728EDFF6,B2EB8C84-1C97-40D3-8A9E-E6D1E7B681C9,Chinook,NA,Adult,AD,NA,NA,Kept,6,Chinook_Adult_AD_Kept,2021,8,35,540,NA,NA,No,5,2700,Complete,05:30:00,14:30:00,85DBBB7C-62CA-45BE-95E0-4E57289AB4BC,2021-08-27,Nisqually River,District 11,Nisqually salmon 2021,3896CE71-5A96-4AFF-9A9E-285E50419E96,Drift,NA,NA,NA,NA,NA,NA,NA,NA,NA,NA,NA,2024-11-26T11:06:34Z,2024-11-26T19:06:34Z
EF98E16D-79BA-49CA-B5B1-861E728EDFF6,AE078B0B-53D7-434A-8E14-C86A590BE1E8,Chinook,NA,Adult,UM,NA,NA,Released,2,Chinook_Adult_UM_Released,2021,8,35,540,NA,NA,No,5,2700,Complete,05:30:00,14:30:00,85DBBB7C-62CA-45BE-95E0-4E57289AB4BC,2021-08-27,Nisqually River,District 11,Nisqually salmon 2021,3896CE71-5A96-4AFF-9A9E-285E50419E96,Drift,NA,NA,NA,NA,NA,NA,NA,NA,NA,NA,NA,2024-11-26T11:06:34Z,2024-11-26T19:06:34Z
7D38912F-ACE2-4A7A-B25E-C27AD87A8739,0719195F-167C-447C-AD15-45F8CB1D6AC4,Chinook,NA,Adult,AD,NA,NA,Kept,1,Chinook_Adult_AD_Kept,2021,8,35,180,NA,NA,No,1,180,Complete,08:00:00,11:00:00,85DBBB7C-62CA-45BE-95E0-4E57289AB4BC,2021-08-27,Nisqually River,District 11,Nisqually salmon 2021,39D1CF97-8326-46A1-BA10-4979418942B3,Drift,NA,NA,NA,NA,NA,NA,NA,NA,NA,NA,NA,2024-11-26T11:06:34Z,2024-11-26T19:06:34Z
649F5126-A755-45E7-8B6C-FD927C2EAC6C,5C93E26D-21D8-44D4-8DD7-44B04E4A3E55,Chinook,NA,Adult,AD,NA,NA,Kept,2,Chinook_Adult_AD_Kept,2021,8,35,320,NA,NA,No,1,320,Complete,05:30:00,10:50:00,85DBBB7C-62CA-45BE-95E0-4E57289AB4BC,2021-08-27,Nisqually River,District 11,Nisqually salmon 2021,56320481-D8A0-40E8-83E5-2A81B781E736,Drift,NA,NA,NA,NA,NA,NA,NA,NA,NA,NA,NA,2024-11-26T11:06:34Z,2024-11-26T19:06:34Z
B961D230-3FAB-4680-83D6-6347C5285362,1162A20D-6C77-4DE5-BB05-BD667C1A5271,Chinook,NA,Adult,AD,NA,NA,Kept,3,Chinook_Adult_AD_Kept,2021,8,35,NA,NA,NA,No,1,NA,Incomplete,05:30:00,NA,85DBBB7C-62CA-45BE-95E0-4E57289AB4BC,2021-08-27,Nisqually River,District 11,Nisqually salmon 2021,13503AA6-2DB8-4200-8DFD-94F577EF943E,Drift,NA,NA,NA,NA,NA,NA,NA,NA,NA,NA,NA,2024-11-26T11:06:34Z,2024-11-26T19:06:34Z
1C8DEE20-A9B9-4B48-8855-32DB39626037,FF2DFB6A-A2FE-4E48-B22D-DEF09901ABB5,Chinook,NA,Adult,AD,NA,NA,Kept,1,Chinook_Adult_AD_Kept,2021,8,35,75,NA,NA,No,1,75,Complete,13:00:00,14:15:00,85DBBB7C-62CA-45BE-95E0-4E57289AB4BC,2021-08-27,Nisqually River,District 11,Nisqually salmon 2021,B3813F56-5937-426D-92F3-27FAFA5D2878,Drift,NA,NA,NA,NA,NA,NA,NA,NA,NA,NA,NA,2024-11-26T11:06:34Z,2024-11-26T19:06:34Z
99CEF3EA-7E11-45E4-93A5-43605EEE4D78,847A4879-1E44-4ED6-88B9-90A2415F9FB7,Chinook,NA,Adult,AD,NA,NA,Kept,1,Chinook_Adult_AD_Kept,2021,8,35,330,NA,NA,No,1,330,Complete,06:30:00,12:00:00,85DBBB7C-62CA-45BE-95E0-4E57289AB4BC,2021-08-27,Nisqually River,District 11,Nisqually salmon 2021,5D683151-1F92-4D36-9B3E-9D5A7497DCD0,Drift,NA,NA,NA,NA,NA,NA,NA,NA,NA,NA,NA,2024-11-26T11:06:34Z,2024-11-26T19:06:34Z
1B44AB83-DDD2-4107-8A4F-81FC53FCEAF7,4B997B3F-C7F2-4173-AA52-C5D0CBA531F3,Chinook,NA,Adult,AD,NA,NA,Kept,1,Chinook_Adult_AD_Kept,2021,8,35,NA,NA,NA,No,1,NA,Incomplete,06:00:00,NA,85DBBB7C-62CA-45BE-95E0-4E57289AB4BC,2021-08-27,Nisqually River,District 11,Nisqually salmon 2021,D5F286AB-F171-4933-89C0-7360387EB1B2,Drift,NA,NA,NA,NA,NA,NA,NA,NA,NA,NA,NA,2024-11-26T11:06:34Z,2024-11-26T19:06:34Z
1B44AB83-DDD2-4107-8A4F-81FC53FCEAF7,8E73CD55-AD2E-4213-94E0-B1B4A6766ECE,Chinook,NA,Adult,AD,NA,NA,Released,4,Chinook_Adult_AD_Released,2021,8,35,NA,NA,NA,No,1,NA,Incomplete,06:00:00,NA,85DBBB7C-62CA-45BE-95E0-4E57289AB4BC,2021-08-27,Nisqually River,District 11,Nisqually salmon 2021,D5F286AB-F171-4933-89C0-7360387EB1B2,Drift,NA,NA,NA,NA,NA,NA,NA,NA,NA,NA,NA,2024-11-26T11:06:34Z,2024-11-26T19:06:34Z
8A912024-7402-4F2E-9089-8BB4647F724C,233844D9-9667-4698-9F25-10233F862598,Chinook,NA,Adult,AD,NA,NA,Kept,1,Chinook_Adult_AD_Kept,2021,8,35,383,NA,NA,No,1,383,Complete,08:00:00,14:23:00,85DBBB7C-62CA-45BE-95E0-4E57289AB4BC,2021-08-27,Nisqually River,District 11,Nisqually salmon 2021,5EEA971E-5094-4266-8996-5FBF80578CA7,Drift,NA,NA,NA,NA,NA,NA,NA,NA,NA,NA,NA,2024-11-26T11:06:34Z,2024-11-26T19:06:34Z
5EFC16DD-CE29-49BE-BB4C-A92DE1B2EC43,5BC2A7C1-66AF-4960-A8B2-3B588289AB67,Chinook,NA,Adult,AD,NA,NA,Kept,1,Chinook_Adult_AD_Kept,2021,8,35,210,NA,NA,No,1,210,Complete,10:00:00,13:30:00,85DBBB7C-62CA-45BE-95E0-4E57289AB4BC,2021-08-27,Nisqually River,District 11,Nisqually salmon 2021,92730EDB-881F-476D-950B-B8E85DF6265D,Drift,NA,NA,NA,NA,NA,NA,NA,NA,NA,NA,NA,2024-11-26T11:06:34Z,2024-11-26T19:06:34Z
ED02DB51-5536-4606-84E0-6ABB12F1E039,3DEBD33E-DC16-41DA-B92F-4B0758387D93,Chinook,NA,Adult,AD,NA,NA,Kept,2,Chinook_Adult_AD_Kept,2021,8,35,200,NA,NA,No,1,200,Complete,06:00:00,09:20:00,85DBBB7C-62CA-45BE-95E0-4E57289AB4BC,2021-08-27,Nisqually River,District 11,Nisqually salmon 2021,483BC41E-54A1-4054-ACB5-A414D46771E6,Drift,NA,NA,NA,NA,NA,NA,NA,NA,NA,NA,NA,2024-11-26T11:06:34Z,2024-11-26T19:06:34Z
9A3544D1-88F3-49B2-A641-6C3B788F8789,22590D75-629B-47AF-B513-9EBCA3B829EB,Chinook,NA,Adult,UM,NA,NA,Released,1,Chinook_Adult_UM_Released,2021,8,35,220,NA,NA,No,1,220,Complete,05:30:00,09:10:00,85DBBB7C-62CA-45BE-95E0-4E57289AB4BC,2021-08-27,Nisqually River,District 11,Nisqually salmon 2021,41560041-670E-4635-9E4C-BEC7DD2E3995,Drift,NA,NA,NA,NA,NA,NA,NA,NA,NA,NA,NA,2024-11-26T11:06:34Z,2024-11-26T19:06:34Z
9A3544D1-88F3-49B2-A641-6C3B788F8789,7B653A3E-7176-4D2A-B1EF-AA35AAC29662,Chinook,NA,Adult,AD,NA,NA,Released,1,Chinook_Adult_AD_Released,2021,8,35,220,NA,NA,No,1,220,Complete,05:30:00,09:10:00,85DBBB7C-62CA-45BE-95E0-4E57289AB4BC,2021-08-27,Nisqually River,District 11,Nisqually salmon 2021,41560041-670E-4635-9E4C-BEC7DD2E3995,Drift,NA,NA,NA,NA,NA,NA,NA,NA,NA,NA,NA,2024-11-26T11:06:34Z,2024-11-26T19:06:34Z
49BFF1AD-3A21-43C4-B2E7-B586B957840D,B41D21E5-6039-4A9C-9374-D7F78298C5E2,Chinook,NA,Adult,AD,NA,NA,Kept,1,Chinook_Adult_AD_Kept,2021,8,35,250,NA,NA,No,1,250,Complete,05:25:00,09:35:00,85DBBB7C-62CA-45BE-95E0-4E57289AB4BC,2021-08-27,Nisqually River,District 11,Nisqually salmon 2021,8C9FC2C4-7D48-4E54-8969-22C0BA35BE75,Drift,NA,NA,NA,NA,NA,NA,NA,NA,NA,NA,NA,2024-11-26T11:06:34Z,2024-11-26T19:06:34Z
49BFF1AD-3A21-43C4-B2E7-B586B957840D,800AB2CA-B023-42DD-887B-E29DEE94CA4C,Chinook,NA,Adult,UM,NA,NA,Released,1,Chinook_Adult_UM_Released,2021,8,35,250,NA,NA,No,1,250,Complete,05:25:00,09:35:00,85DBBB7C-62CA-45BE-95E0-4E57289AB4BC,2021-08-27,Nisqually River,District 11,Nisqually salmon 2021,8C9FC2C4-7D48-4E54-8969-22C0BA35BE75,Drift,NA,NA,NA,NA,NA,NA,NA,NA,NA,NA,NA,2024-11-26T11:06:34Z,2024-11-26T19:06:34Z
ADDAAF9B-1ABD-45BF-825B-49F375A2D2BE,8C7B5754-418F-4F3F-9134-B18529E6440F,Chinook,NA,Adult,AD,NA,NA,Kept,1,Chinook_Adult_AD_Kept,2021,8,35,155,NA,NA,No,1,155,Complete,05:25:00,08:00:00,85DBBB7C-62CA-45BE-95E0-4E57289AB4BC,2021-08-27,Nisqually River,District 11,Nisqually salmon 2021,E2A8A2D0-8AD4-43BB-9140-484D2D5F92CF,Drift,NA,NA,NA,NA,NA,NA,NA,NA,NA,NA,NA,2024-11-26T11:06:34Z,2024-11-26T19:06:34Z
FC839C8B-6946-4768-BDE1-3C76941714BA,F1ED12BC-919E-4D2C-A035-19DF46F444AD,Chinook,NA,Adult,AD,NA,NA,Kept,1,Chinook_Adult_AD_Kept,2021,8,35,220,NA,NA,No,1,220,Complete,06:00:00,09:40:00,85DBBB7C-62CA-45BE-95E0-4E57289AB4BC,2021-08-27,Nisqually River,District 11,Nisqually salmon 2021,486964ED-E15D-4C35-B44B-160408DA2E2C,Drift,NA,NA,NA,NA,NA,NA,NA,NA,NA,NA,NA,2024-11-26T11:06:34Z,2024-11-26T19:06:34Z
5913A520-3DD9-41FF-8E81-690F5DD89571,AFA4CD53-9A6B-414B-BB5F-02EB983EC594,Chinook,NA,Adult,AD,NA,NA,Kept,1,Chinook_Adult_AD_Kept,2021,8,35,270,NA,NA,No,1,270,Complete,06:00:00,10:30:00,85DBBB7C-62CA-45BE-95E0-4E57289AB4BC,2021-08-27,Nisqually River,District 11,Nisqually salmon 2021,79427B0A-F19B-4F68-AE83-1C94B71AC229,Drift,NA,NA,NA,NA,NA,NA,NA,NA,NA,NA,NA,2024-11-26T11:06:34Z,2024-11-26T19:06:34Z
5913A520-3DD9-41FF-8E81-690F5DD89571,DDB6E800-72DA-4199-98EF-88FAF703A253,Chinook,NA,Adult,UM,NA,NA,Released,1,Chinook_Adult_UM_Released,2021,8,35,270,NA,NA,No,1,270,Complete,06:00:00,10:30:00,85DBBB7C-62CA-45BE-95E0-4E57289AB4BC,2021-08-27,Nisqually River,District 11,Nisqually salmon 2021,79427B0A-F19B-4F68-AE83-1C94B71AC229,Drift,NA,NA,NA,NA,NA,NA,NA,NA,NA,NA,NA,2024-11-26T11:06:34Z,2024-11-26T19:06:34Z
6638FBFA-5F32-4481-BBC5-CAC94B8951F7,4B1CA0B1-8F8B-4764-B6D9-C39CF74CBE33,Chinook,NA,Adult,UM,NA,NA,Released,2,Chinook_Adult_UM_Released,2021,8,35,255,NA,NA,No,1,255,Complete,06:00:00,10:15:00,85DBBB7C-62CA-45BE-95E0-4E57289AB4BC,2021-08-27,Nisqually River,District 11,Nisqually salmon 2021,D3FB328F-F575-48D0-A76F-61D29E486A17,Drift,NA,NA,NA,NA,NA,NA,NA,NA,NA,NA,NA,2024-11-26T11:06:34Z,2024-11-26T19:06:34Z
6638FBFA-5F32-4481-BBC5-CAC94B8951F7,02B58CFA-6CD0-47FD-B1F6-6DE87F41D98D,Chinook,NA,Adult,AD,NA,NA,Released,1,Chinook_Adult_AD_Released,2021,8,35,255,NA,NA,No,1,255,Complete,06:00:00,10:15:00,85DBBB7C-62CA-45BE-95E0-4E57289AB4BC,2021-08-27,Nisqually River,District 11,Nisqually salmon 2021,D3FB328F-F575-48D0-A76F-61D29E486A17,Drift,NA,NA,NA,NA,NA,NA,NA,NA,NA,NA,NA,2024-11-26T11:06:34Z,2024-11-26T19:06:34Z
E023BECE-48B6-45F4-95E6-B59779CEA73A,4ED2EA9D-2350-411B-B537-B33646953AE1,Chinook,NA,Adult,AD,NA,NA,Released,1,Chinook_Adult_AD_Released,2021,8,35,225,NA,NA,No,1,225,Complete,06:20:00,10:05:00,85DBBB7C-62CA-45BE-95E0-4E57289AB4BC,2021-08-27,Nisqually River,District 11,Nisqually salmon 2021,72B2D417-52D5-4883-B63A-213B9D378778,Drift,NA,NA,NA,NA,NA,NA,NA,NA,NA,NA,NA,2024-11-26T11:06:34Z,2024-11-26T19:06:34Z
BF9BF2A0-330D-4268-B262-46DE49D54207,1E0216AB-915D-4B5B-90B5-D748D65141EF,Chinook,NA,Adult,UM,NA,NA,Released,1,Chinook_Adult_UM_Released,2021,8,35,180,NA,NA,No,1,180,Complete,07:00:00,10:00:00,85DBBB7C-62CA-45BE-95E0-4E57289AB4BC,2021-08-27,Nisqually River,District 11,Nisqually salmon 2021,62D18444-7CC3-4AA3-A90B-F163CF92CB54,Drift,NA,NA,NA,NA,NA,NA,NA,NA,NA,NA,NA,2024-11-26T11:06:34Z,2024-11-26T19:06:34Z
461CD72B-BF74-4DF6-BAF4-C0ADF9E4969B,DBA9DB0A-08C4-4AFD-B424-F30FFED63589,Chinook,NA,Adult,AD,NA,NA,Released,1,Chinook_Adult_AD_Released,2021,8,35,270,NA,NA,No,1,270,Complete,05:30:00,10:00:00,85DBBB7C-62CA-45BE-95E0-4E57289AB4BC,2021-08-27,Nisqually River,District 11,Nisqually salmon 2021,B583235C-786F-4A08-8C08-9D1D15F521E1,Drift,NA,NA,NA,NA,NA,NA,NA,NA,NA,NA,NA,2024-11-26T11:06:34Z,2024-11-26T19:06:34Z
B74530BE-C8C9-42E1-B485-DEAB1620C297,F372BCA5-1888-48B0-B5A6-2492A6286957,Chinook,NA,Adult,AD,NA,NA,Kept,4,Chinook_Adult_AD_Kept,2021,8,35,555,NA,NA,Yes,3,1665,Complete,06:30:00,15:45:00,85DBBB7C-62CA-45BE-95E0-4E57289AB4BC,2021-08-27,Nisqually River,District 11,Nisqually salmon 2021,816BA953-4CAD-48A7-BA86-321BCD8CD1A1,Bobber,Bait,NA,NA,NA,NA,NA,NA,NA,NA,NA,NA,2024-11-26T11:06:34Z,2024-11-26T19:06:34Z
6F9732A1-759F-4E16-8FBE-5666FA6EB0FA,1F875255-4625-460E-BCCB-316A3F3E0A15,Chinook,NA,Adult,AD,NA,NA,Kept,2,Chinook_Adult_AD_Kept,2021,8,35,165,NA,NA,No,1,165,Complete,07:45:00,10:30:00,85DBBB7C-62CA-45BE-95E0-4E57289AB4BC,2021-08-27,Nisqually River,District 11,Nisqually salmon 2021,6729FC24-16EB-4196-983C-544AEDC42239,Drift,NA,NA,NA,NA,NA,NA,NA,NA,NA,NA,NA,2024-11-26T11:06:34Z,2024-11-26T19:06:34Z
6F9732A1-759F-4E16-8FBE-5666FA6EB0FA,A538E289-935C-416C-BAD0-B0ACFB7A8F7B,Chinook,NA,Adult,AD,NA,NA,Released,1,Chinook_Adult_AD_Released,2021,8,35,165,NA,NA,No,1,165,Complete,07:45:00,10:30:00,85DBBB7C-62CA-45BE-95E0-4E57289AB4BC,2021-08-27,Nisqually River,District 11,Nisqually salmon 2021,6729FC24-16EB-4196-983C-544AEDC42239,Drift,NA,NA,NA,NA,NA,NA,NA,NA,NA,NA,NA,2024-11-26T11:06:34Z,2024-11-26T19:06:34Z
C9917372-15D6-4E33-AE77-C821C345B7AC,94509ED7-E8D9-4725-9EBC-8BFEAC1F14CB,Chinook,NA,Adult,UM,NA,NA,Released,5,Chinook_Adult_UM_Released,2021,8,35,255,NA,NA,No,2,510,Complete,05:25:00,09:40:00,85DBBB7C-62CA-45BE-95E0-4E57289AB4BC,2021-08-27,Nisqually River,District 11,Nisqually salmon 2021,074AF3D1-FE73-4989-9615-133A227516CB,Drift,NA,NA,NA,NA,NA,NA,NA,NA,NA,NA,NA,2024-11-26T11:06:34Z,2024-11-26T19:06:34Z
C9917372-15D6-4E33-AE77-C821C345B7AC,24DF7E5F-F2CE-45DA-8A89-16029DAB9643,Chinook,NA,Adult,AD,NA,NA,Kept,1,Chinook_Adult_AD_Kept,2021,8,35,255,NA,NA,No,2,510,Complete,05:25:00,09:40:00,85DBBB7C-62CA-45BE-95E0-4E57289AB4BC,2021-08-27,Nisqually River,District 11,Nisqually salmon 2021,074AF3D1-FE73-4989-9615-133A227516CB,Drift,NA,NA,NA,NA,NA,NA,NA,NA,NA,NA,NA,2024-11-26T11:06:34Z,2024-11-26T19:06:34Z
8FAC1102-ADFB-40EF-B656-0A23B9FFD0B5,07BF0B21-8FE6-4215-B31F-BE91D169C914,Chinook,NA,Adult,UM,NA,NA,Released,1,Chinook_Adult_UM_Released,2021,8,35,195,NA,NA,No,1,195,Complete,14:00:00,17:15:00,CA628FAB-AB65-4C68-AE95-8FF087E2D0AC,2021-08-27,Nisqually River,District 11,Nisqually salmon 2021,00D218A2-6184-4BA7-9E46-C54A718D154F,Drift,NA,NA,NA,NA,NA,NA,NA,NA,NA,NA,NA,2024-11-26T11:06:34Z,2024-11-26T19:06:34Z
F119A448-5FC8-4B90-9207-78691346BDEA,CFD6989B-24C2-40BB-82E7-760506BEB845,Chinook,NA,Adult,UM,NA,NA,Released,4,Chinook_Adult_UM_Released,2021,8,35,630,NA,NA,No,1,630,Complete,07:00:00,17:30:00,CA628FAB-AB65-4C68-AE95-8FF087E2D0AC,2021-08-27,Nisqually River,District 11,Nisqually salmon 2021,7D9E9986-6F8A-4A31-AE90-E7C72F909392,Drift,NA,NA,NA,NA,NA,NA,NA,NA,NA,NA,NA,2024-11-26T11:06:34Z,2024-11-26T19:06:34Z
B6AF84A0-1A64-4A9C-8AEE-A9C3AE6E765C,2138D7A8-3A1E-4C39-94C3-B7F11811D968,Chinook,NA,Adult,UM,NA,NA,Released,1,Chinook_Adult_UM_Released,2021,8,35,120,NA,NA,No,1,120,Complete,15:30:00,17:30:00,CA628FAB-AB65-4C68-AE95-8FF087E2D0AC,2021-08-27,Nisqually River,District 11,Nisqually salmon 2021,626DCFC3-215E-4FA3-ADE6-63E234A81235,Drift,NA,NA,NA,NA,NA,NA,NA,NA,NA,NA,NA,2024-11-26T11:06:34Z,2024-11-26T19:06:34Z
2DFE2472-FEE7-4952-8C81-BB74536A9537,550681CE-BC4F-467E-B607-990BE62EA8F4,Chinook,NA,Adult,AD,NA,NA,Kept,1,Chinook_Adult_AD_Kept,2021,8,35,225,NA,NA,No,1,225,Complete,14:00:00,17:45:00,CA628FAB-AB65-4C68-AE95-8FF087E2D0AC,2021-08-27,Nisqually River,District 11,Nisqually salmon 2021,0BFDDD86-DA82-403B-BB38-A7CB6C00589C,Drift,NA,NA,NA,NA,NA,NA,NA,NA,NA,NA,NA,2024-11-26T11:06:34Z,2024-11-26T19:06:34Z
8D7C4A0F-BA12-4564-8877-76BC5A540EDE,1CE506D8-1FD1-4FDC-A259-22972AC90EBA,Chinook,NA,Adult,UM,NA,NA,Released,1,Chinook_Adult_UM_Released,2021,8,35,185,NA,NA,No,1,185,Complete,14:00:00,17:05:00,CA628FAB-AB65-4C68-AE95-8FF087E2D0AC,2021-08-27,Nisqually River,District 11,Nisqually salmon 2021,6D91871F-EEF8-49CC-B996-40CD0B4DEEDB,Drift,NA,NA,NA,NA,NA,NA,NA,NA,NA,NA,NA,2024-11-26T11:06:34Z,2024-11-26T19:06:34Z
8D7C4A0F-BA12-4564-8877-76BC5A540EDE,4D612265-48A0-46C9-AB2D-D53528F0AE04,Chinook,NA,Adult,AD,NA,NA,Kept,2,Chinook_Adult_AD_Kept,2021,8,35,185,NA,NA,No,1,185,Complete,14:00:00,17:05:00,CA628FAB-AB65-4C68-AE95-8FF087E2D0AC,2021-08-27,Nisqually River,District 11,Nisqually salmon 2021,6D91871F-EEF8-49CC-B996-40CD0B4DEEDB,Drift,NA,NA,NA,NA,NA,NA,NA,NA,NA,NA,NA,2024-11-26T11:06:34Z,2024-11-26T19:06:34Z
62EAF65A-3B63-4C15-BB4D-6E49025941E1,7BE222FE-B65A-4A12-B78E-6949566641DB,Chinook,NA,Adult,UM,NA,NA,Released,1,Chinook_Adult_UM_Released,2021,8,35,240,NA,NA,No,1,240,Complete,13:00:00,17:00:00,CA628FAB-AB65-4C68-AE95-8FF087E2D0AC,2021-08-27,Nisqually River,District 11,Nisqually salmon 2021,B02818CD-F44A-41F9-B8D8-5C709EAD7C42,Drift,NA,NA,NA,NA,NA,NA,NA,NA,NA,NA,NA,2024-11-26T11:06:34Z,2024-11-26T19:06:34Z
CFBDC4EA-DDE4-4CBF-A166-3411266B5B88,C412B6E0-B042-4724-B800-73E73524B101,Chinook,NA,Adult,AD,NA,NA,Released,1,Chinook_Adult_AD_Released,2021,8,35,240,NA,NA,No,1,240,Complete,12:00:00,16:00:00,CA628FAB-AB65-4C68-AE95-8FF087E2D0AC,2021-08-27,Nisqually River,District 11,Nisqually salmon 2021,06C5B866-5FE9-4667-A25D-1350E5135A51,Drift,NA,NA,NA,NA,NA,NA,NA,NA,NA,NA,NA,2024-11-26T11:06:34Z,2024-11-26T19:06:34Z
8BE643FB-3BB4-4FAB-9DBB-907352EF4A01,42FDB06D-BF63-4ED4-8BDF-0C32DBA1B9A6,Chinook,NA,Adult,AD,NA,NA,Released,1,Chinook_Adult_AD_Released,2021,8,35,205,NA,NA,No,1,205,Complete,16:00:00,19:25:00,CA628FAB-AB65-4C68-AE95-8FF087E2D0AC,2021-08-27,Nisqually River,District 11,Nisqually salmon 2021,24FC9EA2-7B75-4EAB-BC17-6CFCD12CE4CD,Drift,NA,NA,NA,NA,NA,NA,NA,NA,NA,NA,NA,2024-11-26T11:06:34Z,2024-11-26T19:06:34Z
8BE643FB-3BB4-4FAB-9DBB-907352EF4A01,F50757E4-E680-43C9-9F72-CF1A229DC4B0,Chinook,NA,Adult,AD,NA,NA,Kept,1,Chinook_Adult_AD_Kept,2021,8,35,205,NA,NA,No,1,205,Complete,16:00:00,19:25:00,CA628FAB-AB65-4C68-AE95-8FF087E2D0AC,2021-08-27,Nisqually River,District 11,Nisqually salmon 2021,24FC9EA2-7B75-4EAB-BC17-6CFCD12CE4CD,Drift,NA,NA,NA,NA,NA,NA,NA,NA,NA,NA,NA,2024-11-26T11:06:34Z,2024-11-26T19:06:34Z
4B51F678-7C50-4913-8435-0058A8645061,99D198D7-A46C-4FB3-976D-D75B1A7ABFFA,Chinook,NA,Adult,UM,NA,NA,Released,2,Chinook_Adult_UM_Released,2021,8,35,585,NA,NA,No,1,585,Complete,06:00:00,15:45:00,CA628FAB-AB65-4C68-AE95-8FF087E2D0AC,2021-08-27,Nisqually River,District 11,Nisqually salmon 2021,A3628AB0-A06A-4895-953F-31909D07F5F9,Drift,NA,NA,NA,NA,NA,NA,NA,NA,NA,NA,NA,2024-11-26T11:06:34Z,2024-11-26T19:06:34Z
AC4BD535-3AC3-43AE-93BE-02915B5F8907,2B73751D-21D6-4005-945A-23A842BDE270,Chinook,NA,Adult,UM,NA,NA,Released,5,Chinook_Adult_UM_Released,2021,8,35,60,NA,NA,Yes,2,120,Complete,18:30:00,19:30:00,CA628FAB-AB65-4C68-AE95-8FF087E2D0AC,2021-08-27,Nisqually River,District 11,Nisqually salmon 2021,3B62F189-5046-49D0-BCF6-0D0DAF0299B2,Drift,Bait,NA,NA,NA,NA,NA,NA,NA,NA,NA,NA,2024-11-26T11:06:34Z,2024-11-26T19:06:34Z
AC4BD535-3AC3-43AE-93BE-02915B5F8907,6E44B1B2-1C46-46E5-A49F-17600DBAC93F,Chinook,NA,Adult,AD,NA,NA,Kept,4,Chinook_Adult_AD_Kept,2021,8,35,60,NA,NA,Yes,2,120,Complete,18:30:00,19:30:00,CA628FAB-AB65-4C68-AE95-8FF087E2D0AC,2021-08-27,Nisqually River,District 11,Nisqually salmon 2021,3B62F189-5046-49D0-BCF6-0D0DAF0299B2,Drift,Bait,NA,NA,NA,NA,NA,NA,NA,NA,NA,NA,2024-11-26T11:06:34Z,2024-11-26T19:06:34Z
720CD802-3C17-49A3-A727-B8EB529124E3,9EDB8728-3400-49FB-8114-8498254F785B,Chinook,NA,Adult,UM,NA,NA,Released,3,Chinook_Adult_UM_Released,2021,8,35,130,NA,NA,No,1,130,Complete,16:00:00,18:10:00,CA628FAB-AB65-4C68-AE95-8FF087E2D0AC,2021-08-27,Nisqually River,District 11,Nisqually salmon 2021,47F3846F-AF0F-4D6B-8C03-7A5E07305345,Drift,NA,NA,NA,NA,NA,NA,NA,NA,NA,NA,NA,2024-11-26T11:06:34Z,2024-11-26T19:06:34Z
05620A37-34A5-453D-B2A1-E77F3780DD98,78F3942F-3C3E-40F0-90D1-4A386557C2AE,Chinook,NA,Adult,AD,NA,NA,Released,1,Chinook_Adult_AD_Released,2021,8,35,255,NA,NA,No,1,255,Complete,15:00:00,19:15:00,CA628FAB-AB65-4C68-AE95-8FF087E2D0AC,2021-08-27,Nisqually River,District 11,Nisqually salmon 2021,10774D8F-8926-4E3C-A77D-B1950AEB5C0D,Drift,NA,NA,NA,NA,NA,NA,NA,NA,NA,NA,NA,2024-11-26T11:06:34Z,2024-11-26T19:06:34Z
05620A37-34A5-453D-B2A1-E77F3780DD98,13F950D5-8A33-4EC5-8BFB-FE9FF263BA6B,Chinook,NA,Adult,AD,NA,NA,Kept,1,Chinook_Adult_AD_Kept,2021,8,35,255,NA,NA,No,1,255,Complete,15:00:00,19:15:00,CA628FAB-AB65-4C68-AE95-8FF087E2D0AC,2021-08-27,Nisqually River,District 11,Nisqually salmon 2021,10774D8F-8926-4E3C-A77D-B1950AEB5C0D,Drift,NA,NA,NA,NA,NA,NA,NA,NA,NA,NA,NA,2024-11-26T11:06:34Z,2024-11-26T19:06:34Z
C424AEA5-54C9-4387-A20C-59E8917E9FD4,A7029221-AE7B-4ABF-81D7-C445ADAB499A,Chinook,NA,Adult,AD,NA,NA,Kept,1,Chinook_Adult_AD_Kept,2021,8,35,315,NA,NA,No,1,315,Complete,13:30:00,18:45:00,CA628FAB-AB65-4C68-AE95-8FF087E2D0AC,2021-08-27,Nisqually River,District 11,Nisqually salmon 2021,B2CC7C1D-6168-47FA-9197-0A14867E3EFE,Drift,NA,NA,NA,NA,NA,NA,NA,NA,NA,NA,NA,2024-11-26T11:06:34Z,2024-11-26T19:06:34Z
333118AC-95D9-41C9-9BDF-22444FDEE81B,1849E3CC-C996-4B80-B0D2-9637D45DF02D,Chinook,NA,Adult,UM,NA,NA,Released,2,Chinook_Adult_UM_Released,2021,8,35,345,NA,NA,No,2,690,Complete,12:30:00,18:15:00,CA628FAB-AB65-4C68-AE95-8FF087E2D0AC,2021-08-27,Nisqually River,District 11,Nisqually salmon 2021,27F311E1-1FC4-41C2-9B43-41AE9C0A107C,Drift,NA,NA,NA,NA,NA,NA,NA,NA,NA,NA,NA,2024-11-26T11:06:34Z,2024-11-26T19:06:34Z
A1911283-CAD1-4B5B-94D9-60A673C04947,21D68EC5-9CBD-47FE-87AD-D5578A45990C,Chinook,NA,Adult,UM,NA,NA,Released,1,Chinook_Adult_UM_Released,2021,8,35,240,NA,NA,No,1,240,Complete,15:30:00,19:30:00,CA628FAB-AB65-4C68-AE95-8FF087E2D0AC,2021-08-27,Nisqually River,District 11,Nisqually salmon 2021,1B9C236F-988D-480D-B78C-DB73E3B6B2D5,Drift,NA,NA,NA,NA,NA,NA,NA,NA,NA,NA,NA,2024-11-26T11:06:34Z,2024-11-26T19:06:34Z
EC3CF909-765B-49B7-9100-89BE409F8086,1911E9DE-325A-4FE1-90DB-E39E3BCF7D81,Chinook,NA,Adult,AD,NA,NA,Kept,3,Chinook_Adult_AD_Kept,2021,8,35,195,NA,NA,No,3,585,Complete,10:00:00,13:15:00,CA628FAB-AB65-4C68-AE95-8FF087E2D0AC,2021-08-27,Nisqually River,District 11,Nisqually salmon 2021,2780DA4C-C2A4-43CF-A93C-A8DBFBB04E1E,Drift,NA,NA,NA,NA,NA,NA,NA,NA,NA,NA,NA,2024-11-26T11:06:34Z,2024-11-26T19:06:34Z
C50AD96C-3042-48F9-A2D6-80CF4FF3F785,4DA72F42-B723-4813-9947-6152EF6FB1E4,Chinook,NA,Jack,AD,NA,NA,Kept,1,Chinook_Jack_AD_Kept,2021,8,35,385,NA,NA,No,2,770,Complete,06:30:00,12:55:00,CA628FAB-AB65-4C68-AE95-8FF087E2D0AC,2021-08-27,Nisqually River,District 11,Nisqually salmon 2021,AA61CF53-DCDE-45B4-8AE9-11475B09FB23,Drift,NA,NA,NA,NA,NA,NA,NA,NA,NA,NA,NA,2024-11-26T11:06:34Z,2024-11-26T19:06:34Z
1FB07137-24DB-4823-BC85-4621BEFC197E,149A223B-D4AA-44F2-A429-5BB2D24C99BF,Chinook,NA,Adult,UM,NA,NA,Released,1,Chinook_Adult_UM_Released,2021,8,35,105,NA,NA,No,1,105,Complete,11:00:00,12:45:00,CA628FAB-AB65-4C68-AE95-8FF087E2D0AC,2021-08-27,Nisqually River,District 11,Nisqually salmon 2021,46E8BE21-1D9D-4921-9E28-A85C04901DBA,Drift,NA,NA,NA,NA,NA,NA,NA,NA,NA,NA,NA,2024-11-26T11:06:34Z,2024-11-26T19:06:34Z
94F0BAE0-510C-48A0-855B-5532F05CDA8F,3E52CC3E-6D35-420C-8A53-D3A6B61FEF4A,Chinook,NA,Adult,UM,NA,NA,Released,1,Chinook_Adult_UM_Released,2021,8,35,135,NA,NA,No,1,135,Complete,10:30:00,12:45:00,CA628FAB-AB65-4C68-AE95-8FF087E2D0AC,2021-08-27,Nisqually River,District 11,Nisqually salmon 2021,0BD33890-B4E2-4CA8-BBC1-0278613F241B,Drift,NA,NA,NA,NA,NA,NA,NA,NA,NA,NA,NA,2024-11-26T11:06:34Z,2024-11-26T19:06:34Z
0A69FDDF-7595-42BF-AB5C-BC05D94A33F8,4E64D44E-7988-4CA4-80B3-A6FACED00886,Chinook,NA,Adult,AD,NA,NA,Kept,1,Chinook_Adult_AD_Kept,2021,8,35,360,NA,NA,No,1,360,Complete,07:30:00,13:30:00,CA628FAB-AB65-4C68-AE95-8FF087E2D0AC,2021-08-27,Nisqually River,District 11,Nisqually salmon 2021,9FAB8247-E464-4437-9E04-3B5D9B8699D5,Drift,NA,NA,NA,NA,NA,NA,NA,NA,NA,NA,NA,2024-11-26T11:06:34Z,2024-11-26T19:06:34Z
BDE2A19C-B986-4000-A788-D4523AC762B1,5DC4A895-9B48-4847-9BE4-45A819E91D03,Chinook,NA,Adult,UM,NA,NA,Released,1,Chinook_Adult_UM_Released,2021,8,35,420,NA,NA,No,1,420,Complete,05:30:00,12:30:00,CA628FAB-AB65-4C68-AE95-8FF087E2D0AC,2021-08-27,Nisqually River,District 11,Nisqually salmon 2021,A09B73C5-FC4E-45CB-90ED-78B80DA45973,Drift,NA,NA,NA,NA,NA,NA,NA,NA,NA,NA,NA,2024-11-26T11:06:34Z,2024-11-26T19:06:34Z
EDFA2E59-8D02-4571-AA55-A4BD2408796D,5881745C-592C-4C62-AE11-3FA5B3130589,Chinook,NA,Adult,AD,NA,NA,Released,2,Chinook_Adult_AD_Released,2021,8,35,165,NA,NA,No,1,165,Complete,09:30:00,12:15:00,CA628FAB-AB65-4C68-AE95-8FF087E2D0AC,2021-08-27,Nisqually River,District 11,Nisqually salmon 2021,32D9CAAE-47AB-46AA-80DD-D7850E481F1F,Drift,NA,NA,NA,NA,NA,NA,NA,NA,NA,NA,NA,2024-11-26T11:06:34Z,2024-11-26T19:06:34Z
82E35FAA-CF2A-4A71-95EE-C4E08D9CFD45,049433B0-AB72-43DD-888A-092368DBA83C,Chinook,NA,Adult,UM,NA,NA,Released,1,Chinook_Adult_UM_Released,2021,8,35,390,NA,NA,No,2,780,Complete,05:30:00,12:00:00,CA628FAB-AB65-4C68-AE95-8FF087E2D0AC,2021-08-27,Nisqually River,District 11,Nisqually salmon 2021,64E484EB-F8C0-476B-91B8-B40B5426B6FB,Drift,NA,NA,NA,NA,NA,NA,NA,NA,NA,NA,NA,2024-11-26T11:06:34Z,2024-11-26T19:06:34Z
64543E28-3567-4114-8FD1-82753CAA7343,F96B9ED3-24E0-4EEF-B9C3-A9C649D3AF7E,Chinook,NA,Jack,AD,NA,NA,Kept,2,Chinook_Jack_AD_Kept,2021,8,35,330,NA,NA,No,4,1320,Complete,05:00:00,10:30:00,CA628FAB-AB65-4C68-AE95-8FF087E2D0AC,2021-08-27,Nisqually River,District 11,Nisqually salmon 2021,DC71EB50-C8CF-47AA-B3AC-4DB38FA8B379,Drift,NA,NA,NA,NA,NA,NA,NA,NA,NA,NA,NA,2024-11-26T11:06:34Z,2024-11-26T19:06:34Z
AD29E867-E936-4850-9393-D93F10452B01,35F5E75D-5703-47E4-8F55-F4DA09403C0D,Chinook,NA,Adult,AD,NA,NA,Released,1,Chinook_Adult_AD_Released,2021,8,35,150,NA,NA,No,2,300,Complete,12:00:00,14:30:00,CA628FAB-AB65-4C68-AE95-8FF087E2D0AC,2021-08-27,Nisqually River,District 11,Nisqually salmon 2021,AFAB1E17-138A-4A73-8BD5-E79CD007D7BA,Drift,NA,NA,NA,NA,NA,NA,NA,NA,NA,NA,NA,2024-11-26T11:06:34Z,2024-11-26T19:06:34Z
E879438F-641A-404D-A6D5-A78AAB91D35A,9CE002FE-DB4B-4288-B84E-22C6CBEF61F7,Chinook,NA,Adult,AD,NA,NA,Kept,1,Chinook_Adult_AD_Kept,2021,8,35,390,NA,NA,No,1,390,Complete,07:00:00,13:30:00,CA628FAB-AB65-4C68-AE95-8FF087E2D0AC,2021-08-27,Nisqually River,District 11,Nisqually salmon 2021,C369471A-2C78-45D5-961A-DBF122F1233B,Drift,NA,NA,NA,NA,NA,NA,NA,NA,NA,NA,NA,2024-11-26T11:06:34Z,2024-11-26T19:06:34Z
BC7DCC19-520B-4A4C-A310-31BCE4E0989B,6A87276D-AD5A-48C6-AD21-031648A4F77E,Chinook,NA,Jack,AD,NA,NA,Kept,2,Chinook_Jack_AD_Kept,2021,8,35,245,NA,NA,No,1,245,Complete,09:30:00,13:35:00,CA628FAB-AB65-4C68-AE95-8FF087E2D0AC,2021-08-27,Nisqually River,District 11,Nisqually salmon 2021,C8B46C54-802F-4235-B5A7-C2499D9742F4,Drift,NA,NA,NA,NA,NA,NA,NA,NA,NA,NA,NA,2024-11-26T11:06:34Z,2024-11-26T19:06:34Z
1F06A636-C411-41C4-919F-37F78985AA86,47DD248D-E64C-432E-AE55-81AAD3658DEA,Chinook,NA,Adult,UM,NA,NA,Released,8,Chinook_Adult_UM_Released,2021,8,35,435,NA,NA,No,1,435,Complete,06:30:00,13:45:00,CA628FAB-AB65-4C68-AE95-8FF087E2D0AC,2021-08-27,Nisqually River,District 11,Nisqually salmon 2021,DD3FDC32-59CF-4334-9833-AFB35253E99C,Drift,NA,NA,NA,NA,NA,NA,NA,NA,NA,NA,NA,2024-11-26T11:06:34Z,2024-11-26T19:06:34Z
63134116-449D-43F8-B161-7B13CD074FFE,E36CC258-938A-485C-ABE5-2B8513D1A356,Chinook,NA,Adult,AD,NA,NA,Kept,1,Chinook_Adult_AD_Kept,2021,8,35,390,NA,NA,No,1,390,Complete,07:30:00,14:00:00,CA628FAB-AB65-4C68-AE95-8FF087E2D0AC,2021-08-27,Nisqually River,District 11,Nisqually salmon 2021,75709E78-F1CC-4A3B-A3B3-EB4947619C19,Drift,NA,NA,NA,NA,NA,NA,NA,NA,NA,NA,NA,2024-11-26T11:06:34Z,2024-11-26T19:06:34Z
447AE65E-EEFB-41CD-B0B5-BBF7DD2A50B3,F37ECAB1-2249-406A-A00A-55150815848F,Chinook,NA,Adult,AD,NA,NA,Released,1,Chinook_Adult_AD_Released,2021,8,35,150,NA,NA,No,1,150,Complete,11:30:00,14:00:00,CA628FAB-AB65-4C68-AE95-8FF087E2D0AC,2021-08-27,Nisqually River,District 11,Nisqually salmon 2021,54DC33D5-8B14-48B1-9E96-4CE563C7C605,Drift,NA,NA,NA,NA,NA,NA,NA,NA,NA,NA,NA,2024-11-26T11:06:34Z,2024-11-26T19:06:34Z
447AE65E-EEFB-41CD-B0B5-BBF7DD2A50B3,6A3DC200-43E0-4E52-8AAA-D5548AFA4615,Chinook,NA,Adult,UM,NA,NA,Released,1,Chinook_Adult_UM_Released,2021,8,35,150,NA,NA,No,1,150,Complete,11:30:00,14:00:00,CA628FAB-AB65-4C68-AE95-8FF087E2D0AC,2021-08-27,Nisqually River,District 11,Nisqually salmon 2021,54DC33D5-8B14-48B1-9E96-4CE563C7C605,Drift,NA,NA,NA,NA,NA,NA,NA,NA,NA,NA,NA,2024-11-26T11:06:34Z,2024-11-26T19:06:34Z
8531CBAB-1D87-4E25-89E8-7C388E69CDFC,E94FE375-92B8-4415-B3F7-E57F2DE137BF,Chinook,NA,Adult,AD,NA,NA,Released,1,Chinook_Adult_AD_Released,2021,8,35,215,NA,NA,No,1,215,Complete,10:30:00,14:05:00,CA628FAB-AB65-4C68-AE95-8FF087E2D0AC,2021-08-27,Nisqually River,District 11,Nisqually salmon 2021,48501202-1248-429E-AD93-D2F110910200,Drift,NA,NA,NA,NA,NA,NA,NA,NA,NA,NA,NA,2024-11-26T11:06:34Z,2024-11-26T19:06:34Z
8FEA12B6-536F-432D-B039-5A1D7E9B07DD,4CC4DE5B-B83A-4126-B209-0082B5273A46,Chinook,NA,Adult,UM,NA,NA,Released,1,Chinook_Adult_UM_Released,2021,8,35,460,NA,NA,No,1,460,Complete,06:30:00,14:10:00,CA628FAB-AB65-4C68-AE95-8FF087E2D0AC,2021-08-27,Nisqually River,District 11,Nisqually salmon 2021,4084F6E9-8F1A-4E33-86E3-5E087BE46D14,Drift,NA,NA,NA,NA,NA,NA,NA,NA,NA,NA,NA,2024-11-26T11:06:34Z,2024-11-26T19:06:34Z
8FEA12B6-536F-432D-B039-5A1D7E9B07DD,23763822-03AA-4D0A-9B06-07934A7D97A1,Chinook,NA,Jack,AD,NA,NA,Kept,2,Chinook_Jack_AD_Kept,2021,8,35,460,NA,NA,No,1,460,Complete,06:30:00,14:10:00,CA628FAB-AB65-4C68-AE95-8FF087E2D0AC,2021-08-27,Nisqually River,District 11,Nisqually salmon 2021,4084F6E9-8F1A-4E33-86E3-5E087BE46D14,Drift,NA,NA,NA,NA,NA,NA,NA,NA,NA,NA,NA,2024-11-26T11:06:34Z,2024-11-26T19:06:34Z
79EEA2FB-321D-4965-984C-39A1ED90EB91,5FA44E71-31D6-48CF-9E72-A1A43D08C5F2,Chinook,NA,Adult,AD,NA,NA,Kept,2,Chinook_Adult_AD_Kept,2021,8,34,120,NA,NA,No,1,120,Complete,12:00:00,14:00:00,6F8077A8-9628-4680-B77B-6B7BD03A2B12,2021-08-26,Nisqually River,District 11,Nisqually salmon 2021,ED3DE41C-F4B8-42F0-A39F-CFFF116D46FD,Drift,NA,NA,NA,NA,NA,NA,NA,NA,NA,NA,NA,2024-11-26T11:06:34Z,2024-11-26T19:06:34Z
FEE8E4BB-FD31-4894-87E2-6180ABFF64BF,1FAC3661-A1B3-4CF2-8A89-E8F5B40122F3,Chinook,NA,Adult,AD,NA,NA,Kept,1,Chinook_Adult_AD_Kept,2021,8,34,60,NA,NA,No,1,60,Complete,09:00:00,10:00:00,6F8077A8-9628-4680-B77B-6B7BD03A2B12,2021-08-26,Nisqually River,District 11,Nisqually salmon 2021,DB05B613-9EF0-4636-BA02-8433A2E91573,Drift,NA,NA,NA,NA,NA,NA,NA,NA,NA,NA,NA,2024-11-26T11:06:34Z,2024-11-26T19:06:34Z
358CB250-019F-4B68-8C76-BA6DE43E358F,D5E1A04C-0751-4729-BCC3-4516080CD6DF,Chinook,NA,Adult,AD,NA,NA,Released,2,Chinook_Adult_AD_Released,2021,8,34,450,NA,NA,No,1,450,Complete,06:30:00,14:00:00,6F8077A8-9628-4680-B77B-6B7BD03A2B12,2021-08-26,Nisqually River,District 11,Nisqually salmon 2021,2EE93ECC-815E-476E-A6BA-FE9853ED0B38,Drift,NA,NA,NA,NA,NA,NA,NA,NA,NA,NA,NA,2024-11-26T11:06:34Z,2024-11-26T19:06:34Z
358CB250-019F-4B68-8C76-BA6DE43E358F,476E05B7-8499-4473-B6E8-511B7B35C8CD,Chinook,NA,Adult,AD,NA,NA,Kept,2,Chinook_Adult_AD_Kept,2021,8,34,450,NA,NA,No,1,450,Complete,06:30:00,14:00:00,6F8077A8-9628-4680-B77B-6B7BD03A2B12,2021-08-26,Nisqually River,District 11,Nisqually salmon 2021,2EE93ECC-815E-476E-A6BA-FE9853ED0B38,Drift,NA,NA,NA,NA,NA,NA,NA,NA,NA,NA,NA,2024-11-26T11:06:34Z,2024-11-26T19:06:34Z
358CB250-019F-4B68-8C76-BA6DE43E358F,27EBB0BB-7512-47A1-A24D-447CAA0995FD,Chinook,NA,Adult,UM,NA,NA,Released,1,Chinook_Adult_UM_Released,2021,8,34,450,NA,NA,No,1,450,Complete,06:30:00,14:00:00,6F8077A8-9628-4680-B77B-6B7BD03A2B12,2021-08-26,Nisqually River,District 11,Nisqually salmon 2021,2EE93ECC-815E-476E-A6BA-FE9853ED0B38,Drift,NA,NA,NA,NA,NA,NA,NA,NA,NA,NA,NA,2024-11-26T11:06:34Z,2024-11-26T19:06:34Z
0AEF462E-E481-4E04-B4E9-716EE7B428EA,20A3A5D3-9057-44D8-9028-20AED2FB5259,Chinook,NA,Adult,AD,NA,NA,Kept,1,Chinook_Adult_AD_Kept,2021,8,34,230,NA,NA,No,1,230,Complete,09:00:00,12:50:00,6F8077A8-9628-4680-B77B-6B7BD03A2B12,2021-08-26,Nisqually River,District 11,Nisqually salmon 2021,B9E0A119-2210-49F8-B8A9-E1A6E4E729E9,Drift,NA,NA,NA,NA,NA,NA,NA,NA,NA,NA,NA,2024-11-26T11:06:34Z,2024-11-26T19:06:34Z
0EC23BF2-EB4A-428E-ACB7-6E374001124B,AE115E32-7D4C-4FBB-94C0-6F40DA97404C,Chinook,NA,Adult,AD,NA,NA,Kept,1,Chinook_Adult_AD_Kept,2021,8,34,300,NA,NA,No,2,600,Complete,10:00:00,15:00:00,6F8077A8-9628-4680-B77B-6B7BD03A2B12,2021-08-26,Nisqually River,District 11,Nisqually salmon 2021,F413DEB8-2F12-4482-B2B0-A3CA5C8AE13F,Drift,NA,NA,NA,NA,NA,NA,NA,NA,NA,NA,NA,2024-11-26T11:06:34Z,2024-11-26T19:06:34Z
EFB4771B-BBC0-4242-A129-BA153EDEECDB,11808BF3-6E0C-45B1-9D19-CE59EE8F4AFD,Chinook,NA,Adult,AD,NA,NA,Kept,1,Chinook_Adult_AD_Kept,2021,8,34,355,NA,NA,No,1,355,Complete,07:00:00,12:55:00,6F8077A8-9628-4680-B77B-6B7BD03A2B12,2021-08-26,Nisqually River,District 11,Nisqually salmon 2021,F21A18BE-C673-4304-B64B-19084AE01A7B,Drift,NA,NA,NA,NA,NA,NA,NA,NA,NA,NA,NA,2024-11-26T11:06:34Z,2024-11-26T19:06:34Z
C60C0B10-A6FE-4F14-9CE6-B25DDA292B98,0DCE1CAB-7949-4CBD-A081-23651EB384B3,Chinook,NA,Adult,AD,NA,NA,Kept,1,Chinook_Adult_AD_Kept,2021,8,34,90,NA,NA,No,1,90,Complete,07:00:00,08:30:00,6F8077A8-9628-4680-B77B-6B7BD03A2B12,2021-08-26,Nisqually River,District 11,Nisqually salmon 2021,C8C68379-D854-4170-BDA7-E486FC4181A5,Drift,NA,NA,NA,NA,NA,NA,NA,NA,NA,NA,NA,2024-11-26T11:06:34Z,2024-11-26T19:06:34Z
E7F43217-AFCE-4779-A3E2-649C9F79EF00,0019DD7F-F4D3-481F-BA86-D6F7CF979CFF,Chinook,NA,Adult,UM,NA,NA,Released,3,Chinook_Adult_UM_Released,2021,8,34,160,NA,NA,No,1,160,Complete,05:25:00,08:05:00,6F8077A8-9628-4680-B77B-6B7BD03A2B12,2021-08-26,Nisqually River,District 11,Nisqually salmon 2021,ED8E5BDD-5A36-4D2D-8E0B-3F24B1C7BCA0,Drift,NA,NA,NA,NA,NA,NA,NA,NA,NA,NA,NA,2024-11-26T11:06:34Z,2024-11-26T19:06:34Z
C1DC1BB0-9F27-4720-9445-518BE8578A58,96A133C5-11B5-4271-8BBF-A8D701569F72,Chinook,NA,Adult,AD,NA,NA,Kept,1,Chinook_Adult_AD_Kept,2021,8,34,150,NA,NA,No,1,150,Complete,05:30:00,08:00:00,6F8077A8-9628-4680-B77B-6B7BD03A2B12,2021-08-26,Nisqually River,District 11,Nisqually salmon 2021,8F16BA5F-B39D-4CB2-AB92-80D43B686154,Drift,NA,NA,NA,NA,NA,NA,NA,NA,NA,NA,NA,2024-11-26T11:06:34Z,2024-11-26T19:06:34Z
685A82AB-ABBB-4416-84B7-2E7EC7926DA0,0A294CBD-3FFD-405F-9306-725408D1C65A,Chinook,NA,Adult,UM,NA,NA,Released,1,Chinook_Adult_UM_Released,2021,8,34,120,NA,NA,No,1,120,Complete,13:00:00,15:00:00,6F8077A8-9628-4680-B77B-6B7BD03A2B12,2021-08-26,Nisqually River,District 11,Nisqually salmon 2021,F9AD0141-6F34-4B11-A8EE-340018107694,Drift,NA,NA,NA,NA,NA,NA,NA,NA,NA,NA,NA,2024-11-26T11:06:34Z,2024-11-26T19:06:34Z
DDAB4A06-96E9-4ED2-83D9-A52D4DA89B1E,A10586E9-AC25-464C-B249-2C9EEB1EA38B,Chinook,NA,Adult,AD,NA,NA,Kept,1,Chinook_Adult_AD_Kept,2021,8,34,NA,NA,NA,No,9,NA,Incomplete,06:30:00,NA,6F8077A8-9628-4680-B77B-6B7BD03A2B12,2021-08-26,Nisqually River,District 11,Nisqually salmon 2021,7DE0B0B7-A4F6-4E99-AB89-BB39D99087C4,Drift,NA,NA,NA,NA,NA,NA,NA,NA,NA,NA,NA,2024-11-26T11:06:34Z,2024-11-26T19:06:34Z
39DC1623-E00B-4461-8F3C-8B22C53915FA,FE789256-EADA-4678-8279-956FD1653D0F,Chinook,NA,Adult,AD,NA,NA,Kept,1,Chinook_Adult_AD_Kept,2021,8,34,120,NA,NA,No,1,120,Complete,07:00:00,09:00:00,6F8077A8-9628-4680-B77B-6B7BD03A2B12,2021-08-26,Nisqually River,District 11,Nisqually salmon 2021,294E042A-4B2C-4ECD-B46F-DBB872A5A489,Drift,NA,NA,NA,NA,NA,NA,NA,NA,NA,NA,NA,2024-11-26T11:06:34Z,2024-11-26T19:06:34Z
65A645F3-3993-48C2-95F0-B72600D115BC,4B0B8F75-1CC0-4416-9AEA-03C3A381B2A4,Chinook,NA,Adult,AD,NA,NA,Kept,2,Chinook_Adult_AD_Kept,2021,8,34,230,NA,NA,No,1,230,Complete,06:00:00,09:50:00,6F8077A8-9628-4680-B77B-6B7BD03A2B12,2021-08-26,Nisqually River,District 11,Nisqually salmon 2021,46813FD6-8A8C-4063-839C-1EE88992DFD4,Drift,NA,NA,NA,NA,NA,NA,NA,NA,NA,NA,NA,2024-11-26T11:06:34Z,2024-11-26T19:06:34Z
4D54543B-99CB-431B-BFEC-72595D0B142B,FDA6CC83-7495-4684-AD58-A207C988CF8E,Chinook,NA,Adult,AD,NA,NA,Released,1,Chinook_Adult_AD_Released,2021,8,34,180,NA,NA,No,1,180,Complete,06:45:00,09:45:00,6F8077A8-9628-4680-B77B-6B7BD03A2B12,2021-08-26,Nisqually River,District 11,Nisqually salmon 2021,8DCFFE44-2B6D-484C-A3FB-F8524CC07BA1,Drift,NA,NA,NA,NA,NA,NA,NA,NA,NA,NA,NA,2024-11-26T11:06:34Z,2024-11-26T19:06:34Z
35FB1AA1-26EE-4E8B-85CC-B790C2AF37EE,FFFCB834-1D68-4DC6-A30C-C6497079D631,Chinook,NA,Adult,AD,NA,NA,Kept,1,Chinook_Adult_AD_Kept,2021,8,34,140,NA,NA,No,1,140,Complete,06:30:00,08:50:00,6F8077A8-9628-4680-B77B-6B7BD03A2B12,2021-08-26,Nisqually River,District 11,Nisqually salmon 2021,A815A156-5048-4ECE-9F08-0D0B86306AFF,Drift,NA,NA,NA,NA,NA,NA,NA,NA,NA,NA,NA,2024-11-26T11:06:34Z,2024-11-26T19:06:34Z
F3B71F80-3335-4A2D-A4F1-2961F4FFAD02,C6822737-304D-44EE-B734-DF56FD38C198,Chinook,NA,Adult,AD,NA,NA,Kept,1,Chinook_Adult_AD_Kept,2021,8,34,200,NA,NA,No,1,200,Complete,05:30:00,08:50:00,6F8077A8-9628-4680-B77B-6B7BD03A2B12,2021-08-26,Nisqually River,District 11,Nisqually salmon 2021,60FE9C5D-A5B2-4AA9-9FED-85395E2D2253,Drift,NA,NA,NA,NA,NA,NA,NA,NA,NA,NA,NA,2024-11-26T11:06:34Z,2024-11-26T19:06:34Z
F53E1D22-93AE-4F3E-BE41-BEB0110140E4,3124615A-0831-4340-86A0-F812546C814A,Chinook,NA,Adult,AD,NA,NA,Kept,2,Chinook_Adult_AD_Kept,2021,8,34,185,NA,NA,No,1,185,Complete,05:25:00,08:30:00,6F8077A8-9628-4680-B77B-6B7BD03A2B12,2021-08-26,Nisqually River,District 11,Nisqually salmon 2021,6457FCDB-52BE-465E-8585-892B5249643B,Drift,NA,NA,NA,NA,NA,NA,NA,NA,NA,NA,NA,2024-11-26T11:06:34Z,2024-11-26T19:06:34Z
145A9855-009E-4CDB-8CBC-0ECDAB235166,7654E8B4-F3FA-41D7-9F0F-5C763E64A02A,Chinook,NA,Adult,UM,NA,NA,Released,1,Chinook_Adult_UM_Released,2021,8,34,105,NA,NA,No,1,105,Complete,10:15:00,12:00:00,6F8077A8-9628-4680-B77B-6B7BD03A2B12,2021-08-26,Nisqually River,District 11,Nisqually salmon 2021,14AC99AA-67BA-4EAE-90D2-231153FA6A0F,Drift,NA,NA,NA,NA,NA,NA,NA,NA,NA,NA,NA,2024-11-26T11:06:34Z,2024-11-26T19:06:34Z
145A9855-009E-4CDB-8CBC-0ECDAB235166,16BCDA80-6D2C-4487-B7F2-FA56A32C5E04,Chinook,NA,Adult,AD,NA,NA,Kept,1,Chinook_Adult_AD_Kept,2021,8,34,105,NA,NA,No,1,105,Complete,10:15:00,12:00:00,6F8077A8-9628-4680-B77B-6B7BD03A2B12,2021-08-26,Nisqually River,District 11,Nisqually salmon 2021,14AC99AA-67BA-4EAE-90D2-231153FA6A0F,Drift,NA,NA,NA,NA,NA,NA,NA,NA,NA,NA,NA,2024-11-26T11:06:34Z,2024-11-26T19:06:34Z
F82E327B-469A-4289-B645-A59BE02595EF,18FDEA54-285F-47CE-8981-DBC18CCC8ADE,Chinook,NA,Adult,UM,NA,NA,Released,1,Chinook_Adult_UM_Released,2021,8,34,140,NA,NA,No,1,140,Complete,07:00:00,09:20:00,6F8077A8-9628-4680-B77B-6B7BD03A2B12,2021-08-26,Nisqually River,District 11,Nisqually salmon 2021,924AB20E-0274-4681-B92A-CDADF18EB1EC,Drift,NA,NA,NA,NA,NA,NA,NA,NA,NA,NA,NA,2024-11-26T11:06:34Z,2024-11-26T19:06:34Z
24B661F6-24BB-4B93-BC7F-64180321DC3F,6CC02584-EDC6-4E3D-8B8D-4D108B100510,Chinook,NA,Adult,AD,NA,NA,Kept,1,Chinook_Adult_AD_Kept,2021,8,34,335,NA,NA,No,2,670,Complete,05:25:00,11:00:00,6F8077A8-9628-4680-B77B-6B7BD03A2B12,2021-08-26,Nisqually River,District 11,Nisqually salmon 2021,077165E2-D9B3-47FE-AFE5-68FB9B10AED2,Drift,NA,NA,NA,NA,NA,NA,NA,NA,NA,NA,NA,2024-11-26T11:06:34Z,2024-11-26T19:06:34Z
48C1D454-F00B-4DEF-80F6-E9B14F68ABD9,6BF8C5B8-F56B-4547-8CBC-D9FF6A9A4590,Chinook,NA,Adult,AD,NA,NA,Kept,1,Chinook_Adult_AD_Kept,2021,8,34,270,NA,NA,No,1,270,Complete,07:30:00,12:00:00,6F8077A8-9628-4680-B77B-6B7BD03A2B12,2021-08-26,Nisqually River,District 11,Nisqually salmon 2021,1AB51605-DE52-4D9B-900F-962AFB01B122,Drift,NA,NA,NA,NA,NA,NA,NA,NA,NA,NA,NA,2024-11-26T11:06:34Z,2024-11-26T19:06:34Z
337494D7-D180-4C8C-BFDA-4A47F228A62E,12104227-7C00-4BC3-9F97-D64F9B2CE9AD,Chinook,NA,Adult,AD,NA,NA,Kept,1,Chinook_Adult_AD_Kept,2021,8,34,360,NA,NA,No,1,360,Complete,06:00:00,12:00:00,6F8077A8-9628-4680-B77B-6B7BD03A2B12,2021-08-26,Nisqually River,District 11,Nisqually salmon 2021,8CA48DC9-7F3D-46C5-B8AC-2BBD9713512F,Drift,NA,NA,NA,NA,NA,NA,NA,NA,NA,NA,NA,2024-11-26T11:06:34Z,2024-11-26T19:06:34Z
8E4B4127-5B19-434E-876D-03045B3E1B6D,CE59C2E6-30FF-4F8C-9F6A-F041C3D66289,Chinook,NA,Adult,AD,NA,NA,Kept,1,Chinook_Adult_AD_Kept,2021,8,34,200,NA,NA,No,1,200,Complete,08:00:00,11:20:00,6F8077A8-9628-4680-B77B-6B7BD03A2B12,2021-08-26,Nisqually River,District 11,Nisqually salmon 2021,4E03A3B5-DD38-43E7-A7A9-0A28779A89CC,Drift,NA,NA,NA,NA,NA,NA,NA,NA,NA,NA,NA,2024-11-26T11:06:34Z,2024-11-26T19:06:34Z
38F24EA8-FAE1-4096-8055-D0A53AC5AEB4,2DF4C7D8-4F37-41F6-950F-FBE6234D1A21,Chinook,NA,Adult,AD,NA,NA,Kept,2,Chinook_Adult_AD_Kept,2021,8,34,355,NA,NA,No,1,355,Complete,05:25:00,11:20:00,6F8077A8-9628-4680-B77B-6B7BD03A2B12,2021-08-26,Nisqually River,District 11,Nisqually salmon 2021,51C76D09-3AAB-4F2A-8599-3DC277C8F235,Drift,NA,NA,NA,NA,NA,NA,NA,NA,NA,NA,NA,2024-11-26T11:06:34Z,2024-11-26T19:06:34Z
F826319E-BA96-4726-BF3F-7998B021FB89,00931A12-6C79-4ED6-A221-2D91FE171AF8,Chinook,NA,Adult,AD,NA,NA,Kept,1,Chinook_Adult_AD_Kept,2021,8,34,250,NA,NA,No,1,250,Complete,07:30:00,11:40:00,6F8077A8-9628-4680-B77B-6B7BD03A2B12,2021-08-26,Nisqually River,District 11,Nisqually salmon 2021,77FB659B-5AFB-42D7-BA9C-BAFBA54CBE2F,Drift,NA,NA,NA,NA,NA,NA,NA,NA,NA,NA,NA,2024-11-26T11:06:34Z,2024-11-26T19:06:34Z
89FB6477-463E-4011-A93D-509CE38427D9,624F4D22-1D08-4CBF-9B1C-EF6280D35FEB,Chinook,NA,Adult,AD,NA,NA,Kept,2,Chinook_Adult_AD_Kept,2021,8,34,405,NA,NA,No,3,1215,Complete,10:30:00,17:15:00,878A5A54-04BB-4642-B823-B4032EA2D11B,2021-08-26,Nisqually River,District 11,Nisqually salmon 2021,38C77717-D7EC-49A2-BAD0-1D584ADC9476,Drift,NA,NA,NA,NA,NA,NA,NA,NA,NA,NA,NA,2024-11-26T11:06:34Z,2024-11-26T19:06:34Z
C67BF38F-F1AC-4DF7-9AA7-CEBBF26FD956,9755E28F-EA15-4A18-8467-DABBC475F41B,Chinook,NA,Adult,AD,NA,NA,Kept,1,Chinook_Adult_AD_Kept,2021,8,34,85,NA,NA,No,1,85,Complete,15:50:00,17:15:00,878A5A54-04BB-4642-B823-B4032EA2D11B,2021-08-26,Nisqually River,District 11,Nisqually salmon 2021,71C159F7-A916-477A-9A1A-D66D609578D7,Drift,NA,NA,NA,NA,NA,NA,NA,NA,NA,NA,NA,2024-11-26T11:06:34Z,2024-11-26T19:06:34Z
07D7CAA3-6B19-47DA-B38F-6048FAB970D4,6EC0B7B8-6A41-4A78-8A3E-942544392CE6,Chinook,NA,Adult,AD,NA,NA,Kept,1,Chinook_Adult_AD_Kept,2021,8,34,175,NA,NA,No,1,175,Complete,15:00:00,17:55:00,878A5A54-04BB-4642-B823-B4032EA2D11B,2021-08-26,Nisqually River,District 11,Nisqually salmon 2021,3EA27F28-D2E4-4B48-9807-20E1405E7CAC,Drift,NA,NA,NA,NA,NA,NA,NA,NA,NA,NA,NA,2024-11-26T11:06:34Z,2024-11-26T19:06:34Z
223F519B-A121-40F4-B7CF-65E6DC8C7A43,8268D168-2A79-4F82-8795-C22718DBC520,Chinook,NA,Jack,AD,NA,NA,Kept,4,Chinook_Jack_AD_Kept,2021,8,34,430,NA,NA,No,1,430,Complete,11:00:00,18:10:00,878A5A54-04BB-4642-B823-B4032EA2D11B,2021-08-26,Nisqually River,District 11,Nisqually salmon 2021,A8FEF101-17FC-440E-9954-D8A9905177D6,Drift,NA,NA,NA,NA,NA,NA,NA,NA,NA,NA,NA,2024-11-26T11:06:34Z,2024-11-26T19:06:34Z
04E5B63F-75EE-46C6-8816-EA82565A267E,4877E235-B0F3-4E03-B933-AAC1C553878B,Chinook,NA,Adult,UM,NA,NA,Released,5,Chinook_Adult_UM_Released,2021,8,34,735,NA,NA,No,1,735,Complete,06:00:00,18:15:00,878A5A54-04BB-4642-B823-B4032EA2D11B,2021-08-26,Nisqually River,District 11,Nisqually salmon 2021,EB3C30F6-B463-4FF9-9814-4F0AB669BED1,Drift,NA,NA,NA,NA,NA,NA,NA,NA,NA,NA,NA,2024-11-26T11:06:34Z,2024-11-26T19:06:34Z
1CAED735-B90D-4962-8799-70DF1ADFE6EC,878527BD-EDCC-4C98-B1DB-C323523FB3CD,Chinook,NA,Adult,AD,NA,NA,Kept,1,Chinook_Adult_AD_Kept,2021,8,34,120,NA,NA,No,1,120,Complete,16:30:00,18:30:00,878A5A54-04BB-4642-B823-B4032EA2D11B,2021-08-26,Nisqually River,District 11,Nisqually salmon 2021,83278510-83AD-406C-A4EA-F17CCFEBF85A,Drift,NA,NA,NA,NA,NA,NA,NA,NA,NA,NA,NA,2024-11-26T11:06:34Z,2024-11-26T19:06:34Z
096583AD-2839-441E-A2BE-14A9108B938E,DF3F440F-ABC3-4129-BC70-8462FFC13AEE,Chinook,NA,Adult,AD,NA,NA,Released,1,Chinook_Adult_AD_Released,2021,8,34,150,NA,NA,No,1,150,Complete,16:00:00,18:30:00,878A5A54-04BB-4642-B823-B4032EA2D11B,2021-08-26,Nisqually River,District 11,Nisqually salmon 2021,995B00A5-0373-4F1C-856E-52F5AD9155B5,Drift,NA,NA,NA,NA,NA,NA,NA,NA,NA,NA,NA,2024-11-26T11:06:34Z,2024-11-26T19:06:34Z
096583AD-2839-441E-A2BE-14A9108B938E,74813535-C7D0-4CBD-97DA-1D807A82575D,Chinook,NA,Adult,AD,NA,NA,Kept,2,Chinook_Adult_AD_Kept,2021,8,34,150,NA,NA,No,1,150,Complete,16:00:00,18:30:00,878A5A54-04BB-4642-B823-B4032EA2D11B,2021-08-26,Nisqually River,District 11,Nisqually salmon 2021,995B00A5-0373-4F1C-856E-52F5AD9155B5,Drift,NA,NA,NA,NA,NA,NA,NA,NA,NA,NA,NA,2024-11-26T11:06:34Z,2024-11-26T19:06:34Z
54737D66-E2DD-45DF-9D8B-6B6C0C97470A,9872B326-B7CE-4693-8F28-AD9868F39EEF,Chinook,NA,Adult,UM,NA,NA,Released,2,Chinook_Adult_UM_Released,2021,8,34,125,NA,NA,No,1,125,Complete,15:00:00,17:05:00,878A5A54-04BB-4642-B823-B4032EA2D11B,2021-08-26,Nisqually River,District 11,Nisqually salmon 2021,2601EB00-5F99-46FC-9A03-5E050C85AF5D,Drift,NA,NA,NA,NA,NA,NA,NA,NA,NA,NA,NA,2024-11-26T11:06:34Z,2024-11-26T19:06:34Z
54737D66-E2DD-45DF-9D8B-6B6C0C97470A,4715CAB5-9AD4-47BF-9ABA-945B8E339A01,Chinook,NA,Jack,AD,NA,NA,Kept,1,Chinook_Jack_AD_Kept,2021,8,34,125,NA,NA,No,1,125,Complete,15:00:00,17:05:00,878A5A54-04BB-4642-B823-B4032EA2D11B,2021-08-26,Nisqually River,District 11,Nisqually salmon 2021,2601EB00-5F99-46FC-9A03-5E050C85AF5D,Drift,NA,NA,NA,NA,NA,NA,NA,NA,NA,NA,NA,2024-11-26T11:06:34Z,2024-11-26T19:06:34Z
62F3BDA3-9E8A-476F-82D4-F797B785EF4B,1565B240-2710-440A-A256-F6399ADECEBA,Chinook,NA,Adult,AD,NA,NA,Kept,1,Chinook_Adult_AD_Kept,2021,8,34,360,NA,NA,No,1,360,Complete,12:30:00,18:30:00,878A5A54-04BB-4642-B823-B4032EA2D11B,2021-08-26,Nisqually River,District 11,Nisqually salmon 2021,7E455121-D198-4C7A-9AF3-7310580889B9,Drift,NA,NA,NA,NA,NA,NA,NA,NA,NA,NA,NA,2024-11-26T11:06:34Z,2024-11-26T19:06:34Z
0C0471FB-39DE-4E4B-A17E-A3CA3481618A,553ACE9B-D493-4CF5-BB26-10685CD631C5,Chinook,NA,Adult,UM,NA,NA,Released,1,Chinook_Adult_UM_Released,2021,8,34,135,NA,NA,No,1,135,Complete,14:30:00,16:45:00,878A5A54-04BB-4642-B823-B4032EA2D11B,2021-08-26,Nisqually River,District 11,Nisqually salmon 2021,70441853-6FCE-4549-94B8-0C4301913FFE,Drift,NA,NA,NA,NA,NA,NA,NA,NA,NA,NA,NA,2024-11-26T11:06:34Z,2024-11-26T19:06:34Z
EB168E6E-27E2-4EB6-A6B5-F8B578B59637,D81B83BF-73AE-4F83-A04E-A2EBC396BF42,Chinook,NA,Adult,AD,NA,NA,Kept,2,Chinook_Adult_AD_Kept,2021,8,34,135,NA,NA,No,1,135,Complete,14:10:00,16:25:00,878A5A54-04BB-4642-B823-B4032EA2D11B,2021-08-26,Nisqually River,District 11,Nisqually salmon 2021,DDEABA86-7699-4C27-8196-D5E31F46FE0D,Drift,NA,NA,NA,NA,NA,NA,NA,NA,NA,NA,NA,2024-11-26T11:06:34Z,2024-11-26T19:06:34Z
58F0FA9B-1732-457B-85F0-157449C9A030,60927FD1-08F2-4CA7-A119-4E2462F878A0,Chinook,NA,Jack,AD,NA,NA,Kept,2,Chinook_Jack_AD_Kept,2021,8,34,245,NA,NA,No,2,490,Complete,12:30:00,16:35:00,878A5A54-04BB-4642-B823-B4032EA2D11B,2021-08-26,Nisqually River,District 11,Nisqually salmon 2021,B0B1BE0C-3085-4474-B641-C9D0B94F9974,Drift,NA,NA,NA,NA,NA,NA,NA,NA,NA,NA,NA,2024-11-26T11:06:34Z,2024-11-26T19:06:34Z
0C0B77C8-D394-4F49-A24F-DFE92B74059B,0719DDAA-8750-4F64-8FC3-B99B8BCBD6B3,Chinook,NA,Jack,AD,NA,NA,Kept,3,Chinook_Jack_AD_Kept,2021,8,34,735,NA,NA,Yes,2,1470,Complete,05:30:00,17:45:00,878A5A54-04BB-4642-B823-B4032EA2D11B,2021-08-26,Nisqually River,District 11,Nisqually salmon 2021,18AD7C20-837E-4C6C-A214-DC868479851A,Drift,Bait,NA,NA,NA,NA,NA,NA,NA,NA,NA,NA,2024-11-26T11:06:34Z,2024-11-26T19:06:34Z
DA34BD43-D5C1-4F00-ABBD-8F672E6424F2,5A13E53C-22B5-4F02-BE14-F91C2F66D265,Chinook,NA,Jack,AD,NA,NA,Kept,1,Chinook_Jack_AD_Kept,2021,8,34,200,NA,NA,No,1,200,Complete,13:30:00,16:50:00,878A5A54-04BB-4642-B823-B4032EA2D11B,2021-08-26,Nisqually River,District 11,Nisqually salmon 2021,130E138A-BA70-482C-A044-379AC0E46002,Drift,NA,NA,NA,NA,NA,NA,NA,NA,NA,NA,NA,2024-11-26T11:06:34Z,2024-11-26T19:06:34Z
B91D3F09-C523-4838-8513-4C09FB8D5FA3,993256DC-4D1E-4557-A0CC-32BBE1F023ED,Chinook,NA,Adult,AD,NA,NA,Kept,1,Chinook_Adult_AD_Kept,2021,8,34,315,NA,NA,No,1,315,Complete,06:30:00,11:45:00,0107A0D3-A054-4C9A-A4FC-222566145F1C,2021-08-25,Nisqually River,District 11,Nisqually salmon 2021,04128E5F-4EAC-40B2-9E5A-98DB3C58EECB,Drift,NA,NA,NA,NA,NA,NA,NA,NA,NA,NA,NA,2024-11-26T11:06:34Z,2024-11-26T19:06:34Z
B91D3F09-C523-4838-8513-4C09FB8D5FA3,D2709B38-296F-41BA-BF4E-9FD974D5F633,Chinook,NA,Adult,AD,NA,NA,Released,2,Chinook_Adult_AD_Released,2021,8,34,315,NA,NA,No,1,315,Complete,06:30:00,11:45:00,0107A0D3-A054-4C9A-A4FC-222566145F1C,2021-08-25,Nisqually River,District 11,Nisqually salmon 2021,04128E5F-4EAC-40B2-9E5A-98DB3C58EECB,Drift,NA,NA,NA,NA,NA,NA,NA,NA,NA,NA,NA,2024-11-26T11:06:34Z,2024-11-26T19:06:34Z
2E4EB5A8-5F1A-4D4D-A0C4-7BE9933449C7,05E49BD5-624B-4460-9114-45A9B5180B7F,Chinook,NA,Jack,AD,NA,NA,Kept,1,Chinook_Jack_AD_Kept,2021,8,34,340,NA,NA,No,1,340,Complete,05:20:00,11:00:00,0107A0D3-A054-4C9A-A4FC-222566145F1C,2021-08-25,Nisqually River,District 11,Nisqually salmon 2021,76D9F140-98F8-4DA4-A390-379A9759C820,Drift,NA,NA,NA,NA,NA,NA,NA,NA,NA,NA,NA,2024-11-26T11:06:34Z,2024-11-26T19:06:34Z
2E4EB5A8-5F1A-4D4D-A0C4-7BE9933449C7,D25FF3EB-EC9F-4FAA-BCCA-DE963895F4C5,Chinook,NA,Adult,AD,NA,NA,Kept,2,Chinook_Adult_AD_Kept,2021,8,34,340,NA,NA,No,1,340,Complete,05:20:00,11:00:00,0107A0D3-A054-4C9A-A4FC-222566145F1C,2021-08-25,Nisqually River,District 11,Nisqually salmon 2021,76D9F140-98F8-4DA4-A390-379A9759C820,Drift,NA,NA,NA,NA,NA,NA,NA,NA,NA,NA,NA,2024-11-26T11:06:34Z,2024-11-26T19:06:34Z
2E4EB5A8-5F1A-4D4D-A0C4-7BE9933449C7,FC83BECF-88CD-43F5-BB91-12CD4165BF5A,Chinook,NA,Adult,AD,NA,NA,Released,1,Chinook_Adult_AD_Released,2021,8,34,340,NA,NA,No,1,340,Complete,05:20:00,11:00:00,0107A0D3-A054-4C9A-A4FC-222566145F1C,2021-08-25,Nisqually River,District 11,Nisqually salmon 2021,76D9F140-98F8-4DA4-A390-379A9759C820,Drift,NA,NA,NA,NA,NA,NA,NA,NA,NA,NA,NA,2024-11-26T11:06:34Z,2024-11-26T19:06:34Z
7D6105D6-F253-4335-82FA-F2163EB02EFE,64494DF8-40EC-4BF7-988B-32A4A91B7FD5,Chinook,NA,Adult,AD,NA,NA,Kept,1,Chinook_Adult_AD_Kept,2021,8,34,250,NA,NA,No,1,250,Complete,07:30:00,11:40:00,0107A0D3-A054-4C9A-A4FC-222566145F1C,2021-08-25,Nisqually River,District 11,Nisqually salmon 2021,0244D989-3402-4914-92A1-6F378977EC71,Drift,NA,NA,NA,NA,NA,NA,NA,NA,NA,NA,NA,2024-11-26T11:06:34Z,2024-11-26T19:06:34Z
161217AF-879D-4C3B-B1BA-0C0020B2DD48,8F546BBC-E4CC-42C9-8896-E45AAE09DE9A,Chinook,NA,Adult,AD,NA,NA,Kept,1,Chinook_Adult_AD_Kept,2021,8,34,195,NA,NA,No,1,195,Complete,08:00:00,11:15:00,0107A0D3-A054-4C9A-A4FC-222566145F1C,2021-08-25,Nisqually River,District 11,Nisqually salmon 2021,F160BEDC-D79E-441E-BDE2-8F81014FC7D6,Drift,NA,NA,NA,NA,NA,NA,NA,NA,NA,NA,NA,2024-11-26T11:06:34Z,2024-11-26T19:06:34Z
161217AF-879D-4C3B-B1BA-0C0020B2DD48,0CE5E19C-7376-4426-8BDE-1B876A2937B4,Chinook,NA,Adult,UM,NA,NA,Released,1,Chinook_Adult_UM_Released,2021,8,34,195,NA,NA,No,1,195,Complete,08:00:00,11:15:00,0107A0D3-A054-4C9A-A4FC-222566145F1C,2021-08-25,Nisqually River,District 11,Nisqually salmon 2021,F160BEDC-D79E-441E-BDE2-8F81014FC7D6,Drift,NA,NA,NA,NA,NA,NA,NA,NA,NA,NA,NA,2024-11-26T11:06:34Z,2024-11-26T19:06:34Z
161217AF-879D-4C3B-B1BA-0C0020B2DD48,5F864357-A576-4DF3-90FD-2942CE36BA7D,Chinook,NA,Adult,AD,NA,NA,Released,1,Chinook_Adult_AD_Released,2021,8,34,195,NA,NA,No,1,195,Complete,08:00:00,11:15:00,0107A0D3-A054-4C9A-A4FC-222566145F1C,2021-08-25,Nisqually River,District 11,Nisqually salmon 2021,F160BEDC-D79E-441E-BDE2-8F81014FC7D6,Drift,NA,NA,NA,NA,NA,NA,NA,NA,NA,NA,NA,2024-11-26T11:06:34Z,2024-11-26T19:06:34Z
A21F8E3D-3E5B-4081-92AA-EF1EE8ACAC66,558ABE7C-9AE0-446A-AF9F-7542B7DD1B34,Chinook,NA,Adult,AD,NA,NA,Kept,1,Chinook_Adult_AD_Kept,2021,8,34,495,NA,NA,No,1,495,Complete,05:25:00,13:40:00,0107A0D3-A054-4C9A-A4FC-222566145F1C,2021-08-25,Nisqually River,District 11,Nisqually salmon 2021,4DE2C041-7CCF-4F44-B710-526EDC1A065A,Drift,NA,NA,NA,NA,NA,NA,NA,NA,NA,NA,NA,2024-11-26T11:06:34Z,2024-11-26T19:06:34Z
ADAA307E-085E-4C6B-B8EA-1DF83E8DB6DF,4B2BFEA1-571E-4243-944B-B3D48B1F0534,Chinook,NA,Adult,AD,NA,NA,Kept,1,Chinook_Adult_AD_Kept,2021,8,34,375,NA,NA,No,1,375,Complete,06:30:00,12:45:00,0107A0D3-A054-4C9A-A4FC-222566145F1C,2021-08-25,Nisqually River,District 11,Nisqually salmon 2021,3A77BD9B-2B32-45A6-956E-808B1DD950F4,Drift,NA,NA,NA,NA,NA,NA,NA,NA,NA,NA,NA,2024-11-26T11:06:34Z,2024-11-26T19:06:34Z
D88A9B31-0B15-4C8E-99D1-82CD1E1AB0E7,B4EC51A3-7032-436C-9F63-7BA0E19B84AE,Chinook,NA,Adult,AD,NA,NA,Released,1,Chinook_Adult_AD_Released,2021,8,34,125,NA,NA,No,1,125,Complete,10:30:00,12:35:00,0107A0D3-A054-4C9A-A4FC-222566145F1C,2021-08-25,Nisqually River,District 11,Nisqually salmon 2021,FD901F72-16DA-434C-A595-B73A2C9F9E88,Drift,NA,NA,NA,NA,NA,NA,NA,NA,NA,NA,NA,2024-11-26T11:06:34Z,2024-11-26T19:06:34Z
581FDE34-0D7B-4C88-902D-764B7AC16253,11458975-A724-43A8-8304-AF2AD89318EE,Chinook,NA,Adult,UM,NA,NA,Released,1,Chinook_Adult_UM_Released,2021,8,34,430,NA,NA,No,1,430,Complete,05:20:00,12:30:00,0107A0D3-A054-4C9A-A4FC-222566145F1C,2021-08-25,Nisqually River,District 11,Nisqually salmon 2021,CC34147A-8C59-4B20-8894-3A594779D2DB,Drift,NA,NA,NA,NA,NA,NA,NA,NA,NA,NA,NA,2024-11-26T11:06:34Z,2024-11-26T19:06:34Z
70B7BF9C-0315-4D49-8512-C066002AB070,7C9FFCAB-DE47-46F0-AF2F-5E6E072E24E1,Chinook,NA,Adult,UM,NA,NA,Released,2,Chinook_Adult_UM_Released,2021,8,34,190,NA,NA,No,1,190,Complete,05:30:00,08:40:00,0107A0D3-A054-4C9A-A4FC-222566145F1C,2021-08-25,Nisqually River,District 11,Nisqually salmon 2021,3A9DDCC5-A3E7-48A5-B375-DF6FCC085302,Drift,NA,NA,NA,NA,NA,NA,NA,NA,NA,NA,NA,2024-11-26T11:06:34Z,2024-11-26T19:06:34Z
70B7BF9C-0315-4D49-8512-C066002AB070,290B7E08-77FD-464C-BE78-5B57315CF533,Chinook,NA,Adult,AD,NA,NA,Kept,1,Chinook_Adult_AD_Kept,2021,8,34,190,NA,NA,No,1,190,Complete,05:30:00,08:40:00,0107A0D3-A054-4C9A-A4FC-222566145F1C,2021-08-25,Nisqually River,District 11,Nisqually salmon 2021,3A9DDCC5-A3E7-48A5-B375-DF6FCC085302,Drift,NA,NA,NA,NA,NA,NA,NA,NA,NA,NA,NA,2024-11-26T11:06:34Z,2024-11-26T19:06:34Z
871B9DC6-B9C9-4448-B739-F98524C80783,470C17F4-9265-41C3-9CDF-86FC04085259,Chinook,NA,Adult,AD,NA,NA,Kept,1,Chinook_Adult_AD_Kept,2021,8,34,135,NA,NA,No,1,135,Complete,05:30:00,07:45:00,0107A0D3-A054-4C9A-A4FC-222566145F1C,2021-08-25,Nisqually River,District 11,Nisqually salmon 2021,1E2C4E70-21BA-4A23-AF5A-C95B314C1E24,Drift,NA,NA,NA,NA,NA,NA,NA,NA,NA,NA,NA,2024-11-26T11:06:34Z,2024-11-26T19:06:34Z
DD554E19-E7C7-45C7-B341-1CDFF0F99876,C5549679-BE0D-452F-B628-001F29341B23,Chinook,NA,Adult,AD,NA,NA,Kept,1,Chinook_Adult_AD_Kept,2021,8,34,265,NA,NA,No,1,265,Complete,05:25:00,09:50:00,0107A0D3-A054-4C9A-A4FC-222566145F1C,2021-08-25,Nisqually River,District 11,Nisqually salmon 2021,70F17F43-5D0B-47C7-9697-4EEE13815C29,Drift,NA,NA,NA,NA,NA,NA,NA,NA,NA,NA,NA,2024-11-26T11:06:34Z,2024-11-26T19:06:34Z
72731FF9-9F8E-45B2-BE9E-4790EED76430,B252FFFA-FB6C-4FC0-9546-2D6BEFDC6539,Chinook,NA,Adult,AD,NA,NA,Kept,2,Chinook_Adult_AD_Kept,2021,8,34,230,NA,NA,No,2,460,Complete,05:30:00,09:20:00,0107A0D3-A054-4C9A-A4FC-222566145F1C,2021-08-25,Nisqually River,District 11,Nisqually salmon 2021,82FEA863-A584-40E9-82F0-F2E1667143E1,Drift,NA,NA,NA,NA,NA,NA,NA,NA,NA,NA,NA,2024-11-26T11:06:34Z,2024-11-26T19:06:34Z
484CA0EC-F834-4285-9173-39ED8D5819D7,322AF110-71DF-4B42-9F04-87D63F2B5F79,Chinook,NA,Adult,AD,NA,NA,Kept,2,Chinook_Adult_AD_Kept,2021,8,34,230,NA,NA,No,1,230,Complete,05:30:00,09:20:00,0107A0D3-A054-4C9A-A4FC-222566145F1C,2021-08-25,Nisqually River,District 11,Nisqually salmon 2021,52434238-971F-4A0A-9931-E6BDCE674D64,Drift,NA,NA,NA,NA,NA,NA,NA,NA,NA,NA,NA,2024-11-26T11:06:34Z,2024-11-26T19:06:34Z
3CB09E47-3E32-445B-B6C2-FDE0739A15A1,326201B0-33B7-4DC9-A747-C6F2209A82EA,Chinook,NA,Adult,AD,NA,NA,Kept,2,Chinook_Adult_AD_Kept,2021,8,34,200,NA,NA,No,1,200,Complete,07:00:00,10:20:00,0107A0D3-A054-4C9A-A4FC-222566145F1C,2021-08-25,Nisqually River,District 11,Nisqually salmon 2021,8B3AFA34-9212-46E6-B177-AE2F73DC5037,Drift,NA,NA,NA,NA,NA,NA,NA,NA,NA,NA,NA,2024-11-26T11:06:34Z,2024-11-26T19:06:34Z
493A7FC5-7D39-4CC9-90BC-3DEC72579B34,017906C5-6049-4147-AC53-9A8D448CD2D1,Chinook,NA,Adult,UM,NA,NA,Released,1,Chinook_Adult_UM_Released,2021,8,34,120,NA,NA,No,1,120,Complete,15:00:00,17:00:00,A064B5A7-108E-4598-9F85-6F6804E2F546,2021-08-25,Nisqually River,District 11,Nisqually salmon 2021,B2833D60-1D83-4D54-883A-54AC17841548,Drift,NA,NA,NA,NA,NA,NA,NA,NA,NA,NA,NA,2024-11-26T11:06:34Z,2024-11-26T19:06:34Z
8BF7CED8-76C6-4E88-8BE4-618E61E05051,64FB61B8-1F86-4612-9315-A94FE7B5AC46,Chinook,NA,Adult,UM,NA,NA,Released,2,Chinook_Adult_UM_Released,2021,8,34,395,NA,NA,No,1,395,Complete,06:30:00,13:05:00,0F81E2C9-7157-42DD-82E5-D5AAE9F46FD8,2021-08-21,Nisqually River,District 11,Nisqually salmon 2021,676F43DB-DF48-4566-AE08-83EBB1B12809,Drift,NA,NA,NA,NA,NA,NA,NA,NA,NA,NA,NA,2024-11-26T11:06:34Z,2024-11-26T19:06:34Z
1D1B0A2C-053E-46EE-A1A8-E2E8AEB5A27A,E1B931AC-AB2C-4A67-9235-60FFABA640B6,Chinook,NA,Jack,AD,NA,NA,Kept,2,Chinook_Jack_AD_Kept,2021,8,34,525,NA,NA,No,1,525,Complete,05:15:00,14:00:00,0F81E2C9-7157-42DD-82E5-D5AAE9F46FD8,2021-08-21,Nisqually River,District 11,Nisqually salmon 2021,E12AA02F-F1DC-4AF0-B03A-D6FCF82291EA,Drift,NA,NA,NA,NA,NA,NA,NA,NA,NA,NA,NA,2024-11-26T11:06:34Z,2024-11-26T19:06:34Z
1D1B0A2C-053E-46EE-A1A8-E2E8AEB5A27A,24DB04DA-9E28-49C1-B748-8D89D1739113,Chinook,NA,Adult,UM,NA,NA,Released,2,Chinook_Adult_UM_Released,2021,8,34,525,NA,NA,No,1,525,Complete,05:15:00,14:00:00,0F81E2C9-7157-42DD-82E5-D5AAE9F46FD8,2021-08-21,Nisqually River,District 11,Nisqually salmon 2021,E12AA02F-F1DC-4AF0-B03A-D6FCF82291EA,Drift,NA,NA,NA,NA,NA,NA,NA,NA,NA,NA,NA,2024-11-26T11:06:34Z,2024-11-26T19:06:34Z
9C99041F-A027-4E9A-86ED-E788E3218732,9AF81A6B-6FCE-4EE7-AA23-86FB9B3E1B61,Chinook,NA,Adult,UM,NA,NA,Released,2,Chinook_Adult_UM_Released,2021,8,34,600,NA,NA,Yes,2,1200,Complete,05:00:00,15:00:00,0F81E2C9-7157-42DD-82E5-D5AAE9F46FD8,2021-08-21,Nisqually River,District 11,Nisqually salmon 2021,68F20B06-EDCC-4827-8CB1-53CEA80AC8AA,Bobber,Bait,NA,NA,NA,NA,NA,NA,NA,NA,NA,NA,2024-11-26T11:06:34Z,2024-11-26T19:06:34Z
E61E601A-BF64-40A4-BE1E-C560FA2A1C22,5317896D-FEB0-4A90-A910-E6FE152CE290,Chinook,NA,Adult,AD,NA,NA,Kept,1,Chinook_Adult_AD_Kept,2021,8,34,540,NA,NA,No,1,540,Complete,05:15:00,14:15:00,0F81E2C9-7157-42DD-82E5-D5AAE9F46FD8,2021-08-21,Nisqually River,District 11,Nisqually salmon 2021,CFC00E4B-EA3C-4D8C-A9FB-A1E4592AFEC8,Drift,NA,NA,NA,NA,NA,NA,NA,NA,NA,NA,NA,2024-11-26T11:06:34Z,2024-11-26T19:06:34Z
E61E601A-BF64-40A4-BE1E-C560FA2A1C22,3449D865-4E2E-4F35-98D6-F93C48E38AA0,Chinook,NA,Adult,UM,NA,NA,Released,1,Chinook_Adult_UM_Released,2021,8,34,540,NA,NA,No,1,540,Complete,05:15:00,14:15:00,0F81E2C9-7157-42DD-82E5-D5AAE9F46FD8,2021-08-21,Nisqually River,District 11,Nisqually salmon 2021,CFC00E4B-EA3C-4D8C-A9FB-A1E4592AFEC8,Drift,NA,NA,NA,NA,NA,NA,NA,NA,NA,NA,NA,2024-11-26T11:06:34Z,2024-11-26T19:06:34Z
E61E601A-BF64-40A4-BE1E-C560FA2A1C22,53BA95FA-7B35-4EFD-BA70-DDA6C61176D4,Chinook,NA,Adult,AD,NA,NA,Released,1,Chinook_Adult_AD_Released,2021,8,34,540,NA,NA,No,1,540,Complete,05:15:00,14:15:00,0F81E2C9-7157-42DD-82E5-D5AAE9F46FD8,2021-08-21,Nisqually River,District 11,Nisqually salmon 2021,CFC00E4B-EA3C-4D8C-A9FB-A1E4592AFEC8,Drift,NA,NA,NA,NA,NA,NA,NA,NA,NA,NA,NA,2024-11-26T11:06:34Z,2024-11-26T19:06:34Z
ACFD6BB6-E1A8-44D8-A222-5B512B4D7534,9BCEDCCE-2B27-41F2-903D-35FFC0EE1BE3,Chinook,NA,Adult,AD,NA,NA,Kept,1,Chinook_Adult_AD_Kept,2021,8,34,240,NA,NA,No,1,240,Complete,15:00:00,19:00:00,0F81E2C9-7157-42DD-82E5-D5AAE9F46FD8,2021-08-21,Nisqually River,District 11,Nisqually salmon 2021,DCA186C4-5754-4B60-A24B-B3A5E554144B,Drift,NA,NA,NA,NA,NA,NA,NA,NA,NA,NA,NA,2024-11-26T11:06:34Z,2024-11-26T19:06:34Z
0ED6B2E7-4EFD-44C1-A518-73B65031C279,495BEC56-2CDD-4304-B975-C7706EB758EC,Chinook,NA,Adult,UM,NA,NA,Released,1,Chinook_Adult_UM_Released,2021,8,34,150,NA,NA,No,1,150,Complete,12:00:00,14:30:00,0F81E2C9-7157-42DD-82E5-D5AAE9F46FD8,2021-08-21,Nisqually River,District 11,Nisqually salmon 2021,8C8D0D7C-EBEB-44F5-9C48-9E1AF5A21271,Drift,NA,NA,NA,NA,NA,NA,NA,NA,NA,NA,NA,2024-11-26T11:06:34Z,2024-11-26T19:06:34Z
3DEAFD89-1ED2-487E-A1A7-7E043BF2CED5,59C67DA8-5044-4FD6-BEA3-8C176DDA9CAC,Chinook,NA,Adult,UM,NA,NA,Released,2,Chinook_Adult_UM_Released,2021,8,34,360,NA,NA,No,1,360,Complete,09:30:00,15:30:00,0F81E2C9-7157-42DD-82E5-D5AAE9F46FD8,2021-08-21,Nisqually River,District 11,Nisqually salmon 2021,50523DF4-DCA4-432E-9AC4-31B04D6EE43F,Drift,NA,NA,NA,NA,NA,NA,NA,NA,NA,NA,NA,2024-11-26T11:06:34Z,2024-11-26T19:06:34Z
66403276-02A7-445D-BD9B-248148C6CB20,25FE6B8C-7B40-4651-B0F2-80C8BF6AAD60,Chinook,NA,Adult,UM,NA,NA,Released,1,Chinook_Adult_UM_Released,2021,8,34,690,NA,NA,No,1,690,Complete,05:30:00,17:00:00,0F81E2C9-7157-42DD-82E5-D5AAE9F46FD8,2021-08-21,Nisqually River,District 11,Nisqually salmon 2021,A67D2081-059F-4558-A264-B571BF0F8D2D,Drift,NA,NA,NA,NA,NA,NA,NA,NA,NA,NA,NA,2024-11-26T11:06:34Z,2024-11-26T19:06:34Z
9F8AE786-86BD-4B95-AD1A-96A46B27B59C,F57D11B4-A68D-4666-AA50-345498421C4B,Chinook,NA,Adult,AD,NA,NA,Released,1,Chinook_Adult_AD_Released,2021,8,34,90,NA,NA,No,1,90,Complete,16:00:00,17:30:00,0F81E2C9-7157-42DD-82E5-D5AAE9F46FD8,2021-08-21,Nisqually River,District 11,Nisqually salmon 2021,42C05D53-3ED9-4657-B94B-869B4397C580,Drift,NA,NA,NA,NA,NA,NA,NA,NA,NA,NA,NA,2024-11-26T11:06:34Z,2024-11-26T19:06:34Z
2E51328B-006A-431E-9BC0-41A5E60F0DF9,D73A03D4-58FE-4C9B-9D30-ABB64774145D,Chinook,NA,Adult,AD,NA,NA,Released,2,Chinook_Adult_AD_Released,2021,8,34,540,NA,NA,No,1,540,Complete,06:00:00,15:00:00,0F81E2C9-7157-42DD-82E5-D5AAE9F46FD8,2021-08-21,Nisqually River,District 11,Nisqually salmon 2021,7CB1174D-D238-43CB-85E1-F716A5EFCA4E,Drift,NA,NA,NA,NA,NA,NA,NA,NA,NA,NA,NA,2024-11-26T11:06:34Z,2024-11-26T19:06:34Z
3FD28AE0-9018-4E36-BEE8-76D296C88792,5D922A0F-C495-4DF4-8E04-12886933A2B3,Chinook,NA,Adult,UM,NA,NA,Released,1,Chinook_Adult_UM_Released,2021,8,34,310,NA,NA,No,1,310,Complete,05:30:00,10:40:00,9EF0920D-CF30-4447-82DD-9ED21589193A,2021-08-21,Nisqually River,District 11,Nisqually salmon 2021,739AE3E7-48B3-4D53-839E-A9E8022B513B,Drift,NA,NA,NA,NA,NA,NA,NA,NA,NA,NA,NA,2024-11-26T11:06:34Z,2024-11-26T19:06:34Z
15E5230D-164C-40E9-A91D-1E9C0DD6993B,7998E056-B50A-4486-8E9B-62AD8BB7951F,Chinook,NA,Adult,UM,NA,NA,Released,1,Chinook_Adult_UM_Released,2021,8,34,310,NA,NA,No,2,620,Complete,05:30:00,10:40:00,9EF0920D-CF30-4447-82DD-9ED21589193A,2021-08-21,Nisqually River,District 11,Nisqually salmon 2021,82E21CAF-CB3E-4301-AB65-7A1A535D049C,Drift,NA,NA,NA,NA,NA,NA,NA,NA,NA,NA,NA,2024-11-26T11:06:34Z,2024-11-26T19:06:34Z
77E78CA3-E1FE-4CC9-B1B4-0DA1150CFAA4,4B1BCF0D-09E6-454F-8F6D-E9B10F07FDBC,Chinook,NA,Adult,AD,NA,NA,Kept,1,Chinook_Adult_AD_Kept,2021,8,34,60,NA,NA,No,1,60,Complete,06:20:00,07:20:00,9EF0920D-CF30-4447-82DD-9ED21589193A,2021-08-21,Nisqually River,District 11,Nisqually salmon 2021,E8A84DCF-F4C3-4027-A66E-194456A38111,Drift,NA,NA,NA,NA,NA,NA,NA,NA,NA,NA,NA,2024-11-26T11:06:34Z,2024-11-26T19:06:34Z
B7ED4A85-FFAA-4C31-A663-71D940343F24,204BCA97-212D-467D-88DD-0CF026AF65A4,Chinook,NA,Adult,AD,NA,NA,Kept,1,Chinook_Adult_AD_Kept,2021,8,34,110,NA,NA,No,1,110,Complete,05:20:00,07:10:00,9EF0920D-CF30-4447-82DD-9ED21589193A,2021-08-21,Nisqually River,District 11,Nisqually salmon 2021,A1B6D2E5-EE68-4E12-8C38-9F4755EA206B,Drift,NA,NA,NA,NA,NA,NA,NA,NA,NA,NA,NA,2024-11-26T11:06:34Z,2024-11-26T19:06:34Z
FE10698B-33E7-47F2-97C5-D200E24004D8,06AAF80E-0277-4B9B-82CE-7DAD33784190,Chinook,NA,Adult,AD,NA,NA,Kept,1,Chinook_Adult_AD_Kept,2021,8,34,315,NA,NA,No,1,315,Complete,06:15:00,11:30:00,9EF0920D-CF30-4447-82DD-9ED21589193A,2021-08-21,Nisqually River,District 11,Nisqually salmon 2021,C080B4F7-A29E-4F44-A55D-D5C1825BA3C0,Drift,NA,NA,NA,NA,NA,NA,NA,NA,NA,NA,NA,2024-11-26T11:06:34Z,2024-11-26T19:06:34Z
F0A97D1D-750F-4B99-9EA0-24A8F53797B2,A7F69F0D-CB79-449F-9C40-5445755D1CFF,Chinook,NA,Jack,UM,NA,NA,Released,1,Chinook_Jack_UM_Released,2021,8,34,325,NA,NA,No,1,325,Complete,05:45:00,11:10:00,9EF0920D-CF30-4447-82DD-9ED21589193A,2021-08-21,Nisqually River,District 11,Nisqually salmon 2021,3515D39F-3A34-4EEC-96D4-6A4059F6D666,Drift,NA,NA,NA,NA,NA,NA,NA,NA,NA,NA,NA,2024-11-26T11:06:34Z,2024-11-26T19:06:34Z
6B98D4D8-3E54-4CCB-917A-03A5E0D04DBF,8D6457ED-6DF5-4BF8-A325-CD9DB6366CA2,Chinook,NA,Adult,AD,NA,NA,Kept,1,Chinook_Adult_AD_Kept,2021,8,34,NA,NA,NA,No,4,NA,Incomplete,09:00:00,NA,9EF0920D-CF30-4447-82DD-9ED21589193A,2021-08-21,Nisqually River,District 11,Nisqually salmon 2021,1A6BF68D-F245-4C08-BB86-7F05327EC9F6,Drift,NA,NA,NA,NA,NA,NA,NA,NA,NA,NA,NA,2024-11-26T11:06:34Z,2024-11-26T19:06:34Z
B8455A92-DD19-4C30-9720-CC29A9627468,5DFF70B2-3810-4A07-AB39-26897696F9EB,Chinook,NA,Adult,AD,NA,NA,Kept,1,Chinook_Adult_AD_Kept,2021,8,34,425,NA,NA,No,1,425,Complete,05:15:00,12:20:00,117F9484-70D0-433B-BBF7-5E319B490660,2021-08-20,Nisqually River,District 11,Nisqually salmon 2021,52583A86-DC06-459E-A3A5-B6308C3E8C46,Drift,NA,NA,NA,NA,NA,NA,NA,NA,NA,NA,NA,2024-11-26T11:06:34Z,2024-11-26T19:06:34Z
0E2E2D86-16BE-4E34-A091-5B618495EE74,60765AFF-7B77-4356-9BF1-68E2D6DCB39D,Chinook,NA,Adult,UM,NA,NA,Released,1,Chinook_Adult_UM_Released,2021,8,34,210,NA,NA,No,1,210,Complete,08:30:00,12:00:00,117F9484-70D0-433B-BBF7-5E319B490660,2021-08-20,Nisqually River,District 11,Nisqually salmon 2021,A223F6A9-5539-4037-9435-A95A1E21593D,Drift,NA,NA,NA,NA,NA,NA,NA,NA,NA,NA,NA,2024-11-26T11:06:34Z,2024-11-26T19:06:34Z
21F00FAD-9F3C-4A46-B759-BA28BA1A1344,15AB6893-431E-457B-96B3-B578AF0A51EE,Chinook,NA,Adult,UM,NA,NA,Released,1,Chinook_Adult_UM_Released,2021,8,34,NA,NA,NA,No,1,NA,Incomplete,12:00:00,NA,117F9484-70D0-433B-BBF7-5E319B490660,2021-08-20,Nisqually River,District 11,Nisqually salmon 2021,4C646C12-BC3D-49E9-A0BC-ADF527E030AD,Drift,NA,NA,NA,NA,NA,NA,NA,NA,NA,NA,NA,2024-11-26T11:06:34Z,2024-11-26T19:06:34Z
21F00FAD-9F3C-4A46-B759-BA28BA1A1344,38747D87-8741-4155-8A97-333B5DBEBC15,Chinook,NA,Adult,AD,NA,NA,Kept,1,Chinook_Adult_AD_Kept,2021,8,34,NA,NA,NA,No,1,NA,Incomplete,12:00:00,NA,117F9484-70D0-433B-BBF7-5E319B490660,2021-08-20,Nisqually River,District 11,Nisqually salmon 2021,4C646C12-BC3D-49E9-A0BC-ADF527E030AD,Drift,NA,NA,NA,NA,NA,NA,NA,NA,NA,NA,NA,2024-11-26T11:06:34Z,2024-11-26T19:06:34Z
86F786AB-ECD4-4991-B0DE-3F236E9C145E,6D3DD120-BE82-46BC-9D73-A025975CCF51,Chinook,NA,Adult,UM,NA,NA,Released,1,Chinook_Adult_UM_Released,2021,8,34,NA,NA,NA,No,1,NA,Incomplete,13:00:00,NA,117F9484-70D0-433B-BBF7-5E319B490660,2021-08-20,Nisqually River,District 11,Nisqually salmon 2021,66E6D858-BE2C-4ADD-BC08-CFBFC2B2C6DE,Drift,NA,NA,NA,NA,NA,NA,NA,NA,NA,NA,NA,2024-11-26T11:06:34Z,2024-11-26T19:06:34Z
7FE9DADC-D595-4E4C-916A-2E00E3B0BA2D,31187A1E-61A3-475F-8C29-32EF28386AB4,Chinook,NA,Adult,UM,NA,NA,Released,1,Chinook_Adult_UM_Released,2021,8,34,515,NA,NA,No,1,515,Complete,05:15:00,13:50:00,117F9484-70D0-433B-BBF7-5E319B490660,2021-08-20,Nisqually River,District 11,Nisqually salmon 2021,36CBE9D5-60FE-4C5D-8190-D0D6FE48FDAE,Drift,NA,NA,NA,NA,NA,NA,NA,NA,NA,NA,NA,2024-11-26T11:06:34Z,2024-11-26T19:06:34Z
7FE9DADC-D595-4E4C-916A-2E00E3B0BA2D,9C25DFC8-7FAF-491B-8659-D8ED7B435859,Chinook,NA,Adult,AD,NA,NA,Kept,1,Chinook_Adult_AD_Kept,2021,8,34,515,NA,NA,No,1,515,Complete,05:15:00,13:50:00,117F9484-70D0-433B-BBF7-5E319B490660,2021-08-20,Nisqually River,District 11,Nisqually salmon 2021,36CBE9D5-60FE-4C5D-8190-D0D6FE48FDAE,Drift,NA,NA,NA,NA,NA,NA,NA,NA,NA,NA,NA,2024-11-26T11:06:34Z,2024-11-26T19:06:34Z
7FE9DADC-D595-4E4C-916A-2E00E3B0BA2D,0590D544-1F4F-4F7E-82D7-7E19E6A0290A,Chinook,NA,Adult,AD,NA,NA,Released,1,Chinook_Adult_AD_Released,2021,8,34,515,NA,NA,No,1,515,Complete,05:15:00,13:50:00,117F9484-70D0-433B-BBF7-5E319B490660,2021-08-20,Nisqually River,District 11,Nisqually salmon 2021,36CBE9D5-60FE-4C5D-8190-D0D6FE48FDAE,Drift,NA,NA,NA,NA,NA,NA,NA,NA,NA,NA,NA,2024-11-26T11:06:34Z,2024-11-26T19:06:34Z
49CBC7F0-6046-455B-BEBA-4A3FAE814C0B,2C00CA0A-EBB6-41BD-A758-D3AAFBDB8E55,Chinook,NA,Adult,AD,NA,NA,Kept,1,Chinook_Adult_AD_Kept,2021,8,34,NA,NA,NA,No,1,NA,Incomplete,14:00:00,NA,117F9484-70D0-433B-BBF7-5E319B490660,2021-08-20,Nisqually River,District 11,Nisqually salmon 2021,C4E89E65-A795-444D-9C9D-576A8BC59AEB,Drift,NA,NA,NA,NA,NA,NA,NA,NA,NA,NA,NA,2024-11-26T11:06:34Z,2024-11-26T19:06:34Z
49CBC7F0-6046-455B-BEBA-4A3FAE814C0B,10D53956-4D38-4381-ACB6-5D4E131DDEEF,Chinook,NA,Adult,AD,NA,NA,Released,1,Chinook_Adult_AD_Released,2021,8,34,NA,NA,NA,No,1,NA,Incomplete,14:00:00,NA,117F9484-70D0-433B-BBF7-5E319B490660,2021-08-20,Nisqually River,District 11,Nisqually salmon 2021,C4E89E65-A795-444D-9C9D-576A8BC59AEB,Drift,NA,NA,NA,NA,NA,NA,NA,NA,NA,NA,NA,2024-11-26T11:06:34Z,2024-11-26T19:06:34Z
3111B47B-6E9E-402F-A7E2-05DE113A96FD,4F3830DF-08F4-4A21-9E14-4412828F3246,Chinook,NA,Adult,AD,NA,NA,Kept,1,Chinook_Adult_AD_Kept,2021,8,34,135,NA,NA,No,1,135,Complete,05:45:00,08:00:00,117F9484-70D0-433B-BBF7-5E319B490660,2021-08-20,Nisqually River,District 11,Nisqually salmon 2021,4AE47759-4398-4D53-A31A-6F249F5AB952,Drift,NA,NA,NA,NA,NA,NA,NA,NA,NA,NA,NA,2024-11-26T11:06:34Z,2024-11-26T19:06:34Z
2DF5D7C6-E5FA-4431-8AE9-B9F367BE6E24,1093C138-0B20-443D-8D09-2754AF8CB80A,Chinook,NA,Adult,AD,NA,NA,Kept,1,Chinook_Adult_AD_Kept,2021,8,34,130,NA,NA,No,1,130,Complete,05:30:00,07:40:00,117F9484-70D0-433B-BBF7-5E319B490660,2021-08-20,Nisqually River,District 11,Nisqually salmon 2021,D2D784F7-4FA4-41BD-B082-AA26411CB0A4,Drift,NA,NA,NA,NA,NA,NA,NA,NA,NA,NA,NA,2024-11-26T11:06:34Z,2024-11-26T19:06:34Z
38B3CDA5-65F5-457B-AD2C-37D07C30FD07,55F84F03-4395-4F1E-8013-2AC47A0EF7F2,Chinook,NA,Adult,AD,NA,NA,Kept,1,Chinook_Adult_AD_Kept,2021,8,34,330,NA,NA,No,1,330,Complete,05:30:00,11:00:00,117F9484-70D0-433B-BBF7-5E319B490660,2021-08-20,Nisqually River,District 11,Nisqually salmon 2021,01A0A69E-01B1-4B4C-8C89-58CBA2E0920F,Drift,NA,NA,NA,NA,NA,NA,NA,NA,NA,NA,NA,2024-11-26T11:06:34Z,2024-11-26T19:06:34Z
3C7825F1-BE5D-4661-984D-E16C97F5DB04,82FA9DCF-7311-42D0-A969-F9275A4EA450,Chinook,NA,Adult,AD,NA,NA,Kept,1,Chinook_Adult_AD_Kept,2021,8,34,275,NA,NA,No,2,550,Complete,05:15:00,09:50:00,117F9484-70D0-433B-BBF7-5E319B490660,2021-08-20,Nisqually River,District 11,Nisqually salmon 2021,BA42BE72-E28E-4B2D-8C6E-9BFCF83A5E4A,Drift,NA,NA,NA,NA,NA,NA,NA,NA,NA,NA,NA,2024-11-26T11:06:34Z,2024-11-26T19:06:34Z
D5DA41E0-B322-456A-A611-9E2F6859B873,A45A7553-4E5B-41D0-9A8B-7D6CCF5ED2E3,Chinook,NA,Adult,AD,NA,NA,Released,1,Chinook_Adult_AD_Released,2021,8,34,520,NA,NA,No,1,520,Complete,08:00:00,16:40:00,AE08C760-E12D-47A8-9128-DC02A499F424,2021-08-20,Nisqually River,District 11,Nisqually salmon 2021,14522A53-871C-4394-BEB1-8C63B2F27B74,Drift,NA,NA,NA,NA,NA,NA,NA,NA,NA,NA,NA,2024-11-26T11:06:34Z,2024-11-26T19:06:34Z
D5DA41E0-B322-456A-A611-9E2F6859B873,659349F4-FA95-4B45-9519-6A2F1C84348E,Chinook,NA,Adult,UM,NA,NA,Released,1,Chinook_Adult_UM_Released,2021,8,34,520,NA,NA,No,1,520,Complete,08:00:00,16:40:00,AE08C760-E12D-47A8-9128-DC02A499F424,2021-08-20,Nisqually River,District 11,Nisqually salmon 2021,14522A53-871C-4394-BEB1-8C63B2F27B74,Drift,NA,NA,NA,NA,NA,NA,NA,NA,NA,NA,NA,2024-11-26T11:06:34Z,2024-11-26T19:06:34Z
4C873B9A-27C8-40CF-B926-9FA794EAC6E6,59C90FB8-B56A-4F3C-A960-EAA633BFD9CC,Chinook,NA,Jack,AD,NA,NA,Kept,1,Chinook_Jack_AD_Kept,2021,8,34,540,NA,NA,No,2,1080,Complete,07:00:00,16:00:00,AE08C760-E12D-47A8-9128-DC02A499F424,2021-08-20,Nisqually River,District 11,Nisqually salmon 2021,7C6C600F-F867-45AD-9F3D-52D50E661EFB,Drift,NA,NA,NA,NA,NA,NA,NA,NA,NA,NA,NA,2024-11-26T11:06:34Z,2024-11-26T19:06:34Z
81F26B6A-37D0-4FAD-8ED0-2784C1E78F6B,967C3E68-A20D-4620-831E-76B8DD32773F,Chinook,NA,Adult,UM,NA,NA,Released,1,Chinook_Adult_UM_Released,2021,8,34,75,NA,NA,No,1,75,Complete,15:30:00,16:45:00,AE08C760-E12D-47A8-9128-DC02A499F424,2021-08-20,Nisqually River,District 11,Nisqually salmon 2021,596184DE-F08D-4BEF-A4F7-A25BF29AB2EE,Drift,NA,NA,NA,NA,NA,NA,NA,NA,NA,NA,NA,2024-11-26T11:06:34Z,2024-11-26T19:06:34Z
FAAC517A-789B-470E-96A1-C550B0369D5D,825AE3EE-D8B7-4962-A7BD-5AB49BF08F3A,Chinook,NA,Adult,UM,NA,NA,Released,5,Chinook_Adult_UM_Released,2021,8,34,260,NA,NA,No,1,260,Complete,13:00:00,17:20:00,AE08C760-E12D-47A8-9128-DC02A499F424,2021-08-20,Nisqually River,District 11,Nisqually salmon 2021,017F821E-947E-4FB7-A848-1B331C252480,Drift,NA,NA,NA,NA,NA,NA,NA,NA,NA,NA,NA,2024-11-26T11:06:34Z,2024-11-26T19:06:34Z
0096C6FE-B52D-41E4-9ACC-044AD52C4B35,1A09D667-E9B3-4818-AC9C-A52D676D32BF,Chinook,NA,Adult,UM,NA,NA,Released,1,Chinook_Adult_UM_Released,2021,8,34,440,NA,NA,No,1,440,Complete,10:00:00,17:20:00,AE08C760-E12D-47A8-9128-DC02A499F424,2021-08-20,Nisqually River,District 11,Nisqually salmon 2021,5EA90769-ADF0-4E8F-B851-D4A5016C2A6B,Drift,NA,NA,NA,NA,NA,NA,NA,NA,NA,NA,NA,2024-11-26T11:06:34Z,2024-11-26T19:06:34Z
C39EC4D7-246D-47E4-AA4B-68EBAC840AB1,6C8FFA45-AEBF-4306-8BBD-2E1B7E895902,Chinook,NA,Jack,AD,NA,NA,Kept,1,Chinook_Jack_AD_Kept,2021,8,34,495,NA,NA,Yes,1,495,Complete,07:00:00,15:15:00,AE08C760-E12D-47A8-9128-DC02A499F424,2021-08-20,Nisqually River,District 11,Nisqually salmon 2021,3E07E01B-0DD7-4AF7-93D9-D906563A9191,Drift,NA,NA,NA,NA,NA,NA,NA,NA,NA,NA,NA,2024-11-26T11:06:34Z,2024-11-26T19:06:34Z
C39EC4D7-246D-47E4-AA4B-68EBAC840AB1,F24F2F53-428A-46C9-8196-9DC381236381,Chinook,NA,Adult,AD,NA,NA,Kept,2,Chinook_Adult_AD_Kept,2021,8,34,495,NA,NA,Yes,1,495,Complete,07:00:00,15:15:00,AE08C760-E12D-47A8-9128-DC02A499F424,2021-08-20,Nisqually River,District 11,Nisqually salmon 2021,3E07E01B-0DD7-4AF7-93D9-D906563A9191,Drift,NA,NA,NA,NA,NA,NA,NA,NA,NA,NA,NA,2024-11-26T11:06:34Z,2024-11-26T19:06:34Z
07DF0A41-9404-404C-AF22-CC6AEAFD5C28,31474AF0-2C15-4E4D-AB24-2C8E0F4EC147,Chinook,NA,Adult,UM,NA,NA,Released,3,Chinook_Adult_UM_Released,2021,8,34,195,NA,NA,No,1,195,Complete,12:00:00,15:15:00,AE08C760-E12D-47A8-9128-DC02A499F424,2021-08-20,Nisqually River,District 11,Nisqually salmon 2021,B47620EB-16DD-433A-970A-8EC9F35D5D8B,Drift,NA,NA,NA,NA,NA,NA,NA,NA,NA,NA,NA,2024-11-26T11:06:34Z,2024-11-26T19:06:34Z
D4526F3B-A339-4F10-BF10-0B25286A6373,2C18EBB9-E7A5-4D7F-BE17-C0C0F9F275CE,Chinook,NA,Adult,UM,NA,NA,Released,2,Chinook_Adult_UM_Released,2021,8,34,80,NA,NA,No,1,80,Complete,14:00:00,15:20:00,AE08C760-E12D-47A8-9128-DC02A499F424,2021-08-20,Nisqually River,District 11,Nisqually salmon 2021,E4B23E8C-3910-4D22-93E9-104C1460C88A,Drift,NA,NA,NA,NA,NA,NA,NA,NA,NA,NA,NA,2024-11-26T11:06:34Z,2024-11-26T19:06:34Z
A4C9FB65-3525-4B77-B9B6-55F9691F39B7,9AC8D230-3FAA-45CF-B5FE-E3A4E05DD355,Chinook,NA,Adult,UM,NA,NA,Released,1,Chinook_Adult_UM_Released,2021,8,34,405,NA,NA,No,1,405,Complete,08:00:00,14:45:00,AE08C760-E12D-47A8-9128-DC02A499F424,2021-08-20,Nisqually River,District 11,Nisqually salmon 2021,404173DD-5D0A-4372-9E43-3D16DC70D376,Drift,NA,NA,NA,NA,NA,NA,NA,NA,NA,NA,NA,2024-11-26T11:06:34Z,2024-11-26T19:06:34Z
7485CB9C-FEDE-4FB1-8C90-91CEF6245BA7,8DF466F7-A5C3-451F-AFAA-D47A6E270E0D,Chinook,NA,Adult,UM,NA,NA,Released,2,Chinook_Adult_UM_Released,2021,8,34,555,NA,NA,No,1,555,Complete,05:30:00,14:45:00,AE08C760-E12D-47A8-9128-DC02A499F424,2021-08-20,Nisqually River,District 11,Nisqually salmon 2021,BE19E5E4-7E91-48F3-95D8-E3F89DE6D0BE,Drift,NA,NA,NA,NA,NA,NA,NA,NA,NA,NA,NA,2024-11-26T11:06:34Z,2024-11-26T19:06:34Z
E6840271-6019-4049-B72E-4B71C00F2F62,CF471A29-0ABF-43C5-8487-9EA2A602FA96,Chinook,NA,Adult,AD,NA,NA,Kept,1,Chinook_Adult_AD_Kept,2021,8,33,390,NA,NA,No,1,390,Complete,06:30:00,13:00:00,9799635D-E2B2-493B-AAD0-B1A1A7CCCE8F,2021-08-17,Nisqually River,District 11,Nisqually salmon 2021,59A4DF9E-C2A2-4EA3-8BED-7587FDF088CF,Drift,NA,NA,NA,NA,NA,NA,NA,NA,NA,NA,NA,2024-11-26T11:06:34Z,2024-11-26T19:06:34Z
58FACADD-8330-45C7-9B1B-7A44D8CF08A5,D41DCF17-FEFE-4A0F-A4D6-3D79CED03E1E,Chinook,NA,Adult,AD,NA,NA,Kept,1,Chinook_Adult_AD_Kept,2021,8,33,290,NA,NA,No,1,290,Complete,06:00:00,10:50:00,9799635D-E2B2-493B-AAD0-B1A1A7CCCE8F,2021-08-17,Nisqually River,District 11,Nisqually salmon 2021,1EA81AD0-3EA4-40D8-ACD3-84B5D25BAE5C,Drift,NA,NA,NA,NA,NA,NA,NA,NA,NA,NA,NA,2024-11-26T11:06:34Z,2024-11-26T19:06:34Z
FAAD99FF-E5CD-414F-AA52-084370A666F3,BA27FA8E-6225-4E05-9C24-265B2AD6AC9A,Chinook,NA,Adult,UM,NA,NA,Released,1,Chinook_Adult_UM_Released,2021,8,33,210,NA,NA,No,1,210,Complete,08:00:00,11:30:00,9799635D-E2B2-493B-AAD0-B1A1A7CCCE8F,2021-08-17,Nisqually River,District 11,Nisqually salmon 2021,8BD9685C-1A01-46BA-994C-19107A971A88,Drift,NA,NA,NA,NA,NA,NA,NA,NA,NA,NA,NA,2024-11-26T11:06:34Z,2024-11-26T19:06:34Z
59439D0D-8F13-4A2C-92AB-B8BE4C9146C3,73ECCA9B-ACDE-48E4-ADF6-49779F3A7087,Chinook,NA,Adult,AD,NA,NA,Kept,1,Chinook_Adult_AD_Kept,2021,8,33,150,NA,NA,No,1,150,Complete,06:15:00,08:45:00,9799635D-E2B2-493B-AAD0-B1A1A7CCCE8F,2021-08-17,Nisqually River,District 11,Nisqually salmon 2021,80AF3033-624F-4917-B58C-5025C0091419,Drift,NA,NA,NA,NA,NA,NA,NA,NA,NA,NA,NA,2024-11-26T11:06:34Z,2024-11-26T19:06:34Z
981F5AF2-B2D7-40F7-87E1-FB4C3BB40E48,34716132-DFC7-44A7-85FD-898C9B91F23B,Chinook,NA,Adult,AD,NA,NA,Kept,1,Chinook_Adult_AD_Kept,2021,8,33,160,NA,NA,No,1,160,Complete,06:40:00,09:20:00,9799635D-E2B2-493B-AAD0-B1A1A7CCCE8F,2021-08-17,Nisqually River,District 11,Nisqually salmon 2021,FFE35754-231E-4171-8EE2-9A10140B12D8,Drift,NA,NA,NA,NA,NA,NA,NA,NA,NA,NA,NA,2024-11-26T11:06:34Z,2024-11-26T19:06:34Z
B708E4B0-03EF-4174-A931-091CE572C4C5,9096DD7B-29E1-4EC5-B13D-E5D5C07F6484,Chinook,NA,Adult,UM,NA,NA,Released,1,Chinook_Adult_UM_Released,2021,8,33,260,NA,NA,No,1,260,Complete,13:00:00,17:20:00,B7DD3314-60E5-4ED0-8371-F1A60DCE58BC,2021-08-17,Nisqually River,District 11,Nisqually salmon 2021,D2CCB696-2D4C-453C-93D8-77A30DDD1C7A,Drift,NA,NA,NA,NA,NA,NA,NA,NA,NA,NA,NA,2024-11-26T11:06:34Z,2024-11-26T19:06:34Z
FC40C0B4-F625-4C19-92E6-B89B66623528,FD533DAA-DB47-423E-AC4A-BED900431A63,Chinook,NA,Adult,UM,NA,NA,Released,1,Chinook_Adult_UM_Released,2021,8,33,210,NA,NA,No,1,210,Complete,13:30:00,17:00:00,B7DD3314-60E5-4ED0-8371-F1A60DCE58BC,2021-08-17,Nisqually River,District 11,Nisqually salmon 2021,F0E831CD-EBB2-4DC9-A4B3-33ACE04F9BA5,Drift,NA,NA,NA,NA,NA,NA,NA,NA,NA,NA,NA,2024-11-26T11:06:34Z,2024-11-26T19:06:34Z
4EED0317-919B-4A4D-8C9C-8328ED5699C6,71CB4B70-39EE-4175-B4BF-D6FC04C74505,Chinook,NA,Adult,AD,NA,NA,Kept,1,Chinook_Adult_AD_Kept,2021,8,33,165,NA,NA,No,1,165,Complete,14:00:00,16:45:00,B7DD3314-60E5-4ED0-8371-F1A60DCE58BC,2021-08-17,Nisqually River,District 11,Nisqually salmon 2021,B40F3B51-FC1B-45C5-AD83-24AC0C93FA10,Drift,NA,NA,NA,NA,NA,NA,NA,NA,NA,NA,NA,2024-11-26T11:06:34Z,2024-11-26T19:06:34Z
0646E851-3ABA-4F7E-AB67-223FC10113CA,EB341EBD-5429-47CF-AA5F-4C0186652751,Chinook,NA,Adult,AD,NA,NA,Kept,1,Chinook_Adult_AD_Kept,2021,8,33,220,NA,NA,No,2,440,Complete,12:30:00,16:10:00,1727CD4D-8B14-4A4C-A74D-964B7C200B55,2021-08-16,Nisqually River,District 11,Nisqually salmon 2021,E593D466-D276-4278-AE37-3A8DD88CFA0A,Drift,NA,NA,NA,NA,NA,NA,NA,NA,NA,NA,NA,2024-11-26T11:06:34Z,2024-11-26T19:06:34Z
423BD8FE-2822-4B71-9311-3CC7D7427725,1BBFFB7C-FE7B-4955-A516-60B5D5D72048,Chinook,NA,Jack,AD,NA,NA,Kept,1,Chinook_Jack_AD_Kept,2021,8,33,175,NA,NA,No,2,350,Complete,16:00:00,18:55:00,1727CD4D-8B14-4A4C-A74D-964B7C200B55,2021-08-16,Nisqually River,District 11,Nisqually salmon 2021,658789B1-6C2F-498B-BA2E-CF1A3AF29360,Drift,NA,NA,NA,NA,NA,NA,NA,NA,NA,NA,NA,2024-11-26T11:06:34Z,2024-11-26T19:06:34Z
B853AC44-791B-4361-8EB6-9A17C63CEAB2,0267D413-A0DC-45AA-BB79-1B9C29BFFD8C,Chinook,NA,Adult,AD,NA,NA,Kept,1,Chinook_Adult_AD_Kept,2021,8,33,245,NA,NA,No,1,245,Complete,16:30:00,20:35:00,1727CD4D-8B14-4A4C-A74D-964B7C200B55,2021-08-16,Nisqually River,District 11,Nisqually salmon 2021,5787E869-7711-49F7-BEAA-E3C09BD71750,Drift,NA,NA,NA,NA,NA,NA,NA,NA,NA,NA,NA,2024-11-26T11:06:34Z,2024-11-26T19:06:34Z
514BA76E-B7BF-4F35-A859-5FEC0AEA4EED,405A7A5C-9362-4BDD-B89B-7A536B42B541,Chinook,NA,Adult,AD,NA,NA,Kept,2,Chinook_Adult_AD_Kept,2021,8,33,120,NA,NA,No,2,240,Complete,18:30:00,20:30:00,1727CD4D-8B14-4A4C-A74D-964B7C200B55,2021-08-16,Nisqually River,District 11,Nisqually salmon 2021,C12BD6C7-2E68-416B-B666-292BB7A6F23A,Drift,NA,NA,NA,NA,NA,NA,NA,NA,NA,NA,NA,2024-11-26T11:06:34Z,2024-11-26T19:06:34Z
D9E1D482-2046-4CD0-A3B5-D41EAEA04B7A,E0142C7A-F6B9-4D37-A0C7-3BBD83F69D30,Chinook,NA,Adult,AD,NA,NA,Kept,1,Chinook_Adult_AD_Kept,2021,8,33,135,NA,NA,No,1,135,Complete,12:00:00,14:15:00,485A0A54-1E60-46DF-A867-CF7E2A4BF300,2021-08-16,Nisqually River,District 11,Nisqually salmon 2021,B50691DA-1496-494D-920A-F62CCE9812CE,Drift,NA,NA,NA,NA,NA,NA,NA,NA,NA,NA,NA,2024-11-26T11:06:34Z,2024-11-26T19:06:34Z
0FB54A4F-7DC6-4A82-A1B8-A24E293B49F9,0E9BE6BE-187C-402A-B063-022B25F5F14B,Chinook,NA,Adult,AD,NA,NA,Kept,2,Chinook_Adult_AD_Kept,2021,8,33,120,NA,NA,No,1,120,Complete,08:00:00,10:00:00,485A0A54-1E60-46DF-A867-CF7E2A4BF300,2021-08-16,Nisqually River,District 11,Nisqually salmon 2021,C6DAB87F-987D-445A-A43D-941AF4EB9BFB,Drift,NA,NA,NA,NA,NA,NA,NA,NA,NA,NA,NA,2024-11-26T11:06:34Z,2024-11-26T19:06:34Z
EE79C5F2-927B-4DDA-8CA6-D471775FE00C,8C71FEE6-F1DF-4A57-8323-3071574F8A7C,Chinook,NA,Jack,AD,NA,NA,Kept,1,Chinook_Jack_AD_Kept,2021,8,33,240,NA,NA,No,1,240,Complete,06:00:00,10:00:00,485A0A54-1E60-46DF-A867-CF7E2A4BF300,2021-08-16,Nisqually River,District 11,Nisqually salmon 2021,4B20946A-F030-4C13-955D-E420F926E4B9,Drift,NA,NA,NA,NA,NA,NA,NA,NA,NA,NA,NA,2024-11-26T11:06:34Z,2024-11-26T19:06:34Z
1B0A1583-8FD8-44D9-8D4C-F57300AFA5B1,9139CE55-1BCC-4ADC-B159-A82B34049920,Chinook,NA,Adult,UM,NA,NA,Released,1,Chinook_Adult_UM_Released,2021,8,33,150,NA,NA,No,1,150,Complete,07:30:00,10:00:00,485A0A54-1E60-46DF-A867-CF7E2A4BF300,2021-08-16,Nisqually River,District 11,Nisqually salmon 2021,47F7974F-234F-4FA9-9445-0E62A58621DB,Drift,NA,NA,NA,NA,NA,NA,NA,NA,NA,NA,NA,2024-11-26T11:06:34Z,2024-11-26T19:06:34Z
15E03DDA-94A8-4CA3-8045-581E76D746F0,975F15F8-67CB-4E01-ACD2-CD4E4BE3283E,Chinook,NA,Adult,AD,NA,NA,Kept,1,Chinook_Adult_AD_Kept,2021,8,33,105,NA,NA,No,1,105,Complete,07:30:00,09:15:00,485A0A54-1E60-46DF-A867-CF7E2A4BF300,2021-08-16,Nisqually River,District 11,Nisqually salmon 2021,E2A1B921-B369-47A9-819E-AD0F45CA5428,Drift,NA,NA,NA,NA,NA,NA,NA,NA,NA,NA,NA,2024-11-26T11:06:34Z,2024-11-26T19:06:34Z
67C882BA-C167-4C49-80B9-F8C56B0FF924,B86A3BE8-4AB8-4AE7-8638-0EBE253C68C9,Chinook,NA,Adult,AD,NA,NA,Kept,1,Chinook_Adult_AD_Kept,2021,8,33,135,NA,NA,No,1,135,Complete,05:15:00,07:30:00,485A0A54-1E60-46DF-A867-CF7E2A4BF300,2021-08-16,Nisqually River,District 11,Nisqually salmon 2021,856D5A32-09FD-45A7-9E9F-0F2764882311,Drift,NA,NA,NA,NA,NA,NA,NA,NA,NA,NA,NA,2024-11-26T11:06:34Z,2024-11-26T19:06:34Z
B99D4803-4F16-4860-90F5-E74BC2DB0DF8,707DA475-6136-446B-85CA-E31D22A4B570,Chinook,NA,Adult,UM,NA,NA,Released,1,Chinook_Adult_UM_Released,2021,8,33,120,NA,NA,No,1,120,Complete,08:15:00,10:15:00,485A0A54-1E60-46DF-A867-CF7E2A4BF300,2021-08-16,Nisqually River,District 11,Nisqually salmon 2021,11BBD9A6-BBDB-4A5B-9F12-3CDC86879AE1,Drift,NA,NA,NA,NA,NA,NA,NA,NA,NA,NA,NA,2024-11-26T11:06:34Z,2024-11-26T19:06:34Z
37D9B493-4840-4805-A7AC-10815A99C6FC,E12C32C1-C7EB-489E-BDB2-F0106CD61781,Chinook,NA,Adult,AD,NA,NA,Kept,1,Chinook_Adult_AD_Kept,2021,8,33,165,NA,NA,No,1,165,Complete,06:00:00,08:45:00,485A0A54-1E60-46DF-A867-CF7E2A4BF300,2021-08-16,Nisqually River,District 11,Nisqually salmon 2021,6A5ACD83-043F-4F52-855E-3495F027FD3A,Drift,NA,NA,NA,NA,NA,NA,NA,NA,NA,NA,NA,2024-11-26T11:06:34Z,2024-11-26T19:06:34Z
46FAF86A-900C-457B-BE57-EFDD51A9EA45,876FAA8D-C97A-4CC8-920B-6093CC06E8C1,Chinook,NA,Adult,AD,NA,NA,Kept,1,Chinook_Adult_AD_Kept,2021,8,33,105,NA,NA,No,1,105,Complete,07:00:00,08:45:00,485A0A54-1E60-46DF-A867-CF7E2A4BF300,2021-08-16,Nisqually River,District 11,Nisqually salmon 2021,132EDDA0-525C-4C44-B2AC-721CBB4903C5,Drift,Bait,NA,NA,NA,NA,NA,NA,NA,NA,NA,NA,2024-11-26T11:06:34Z,2024-11-26T19:06:34Z
F10474B5-8B36-496D-A4DD-054EA7AB681C,100DCFFA-0EAB-4186-8E1D-E2802C14AC85,Chinook,NA,Adult,AD,NA,NA,Kept,2,Chinook_Adult_AD_Kept,2021,8,33,195,NA,NA,No,1,195,Complete,05:15:00,08:30:00,485A0A54-1E60-46DF-A867-CF7E2A4BF300,2021-08-16,Nisqually River,District 11,Nisqually salmon 2021,EC5E572B-FCD8-4198-BC92-3F24F5619AB8,Bobber,Bait,NA,NA,NA,NA,NA,NA,NA,NA,NA,NA,2024-11-26T11:06:34Z,2024-11-26T19:06:34Z
3FA89446-4683-421C-B2F5-53B2256DB8AF,4CBE7C76-73AD-4898-A670-7361BA74086F,Chinook,NA,Adult,AD,NA,NA,Kept,1,Chinook_Adult_AD_Kept,2021,8,33,120,NA,NA,No,2,240,Complete,05:45:00,07:45:00,485A0A54-1E60-46DF-A867-CF7E2A4BF300,2021-08-16,Nisqually River,District 11,Nisqually salmon 2021,B984A381-4DC7-430B-9825-0074AA4FBC76,Drift,Bait,NA,NA,NA,NA,NA,NA,NA,NA,NA,NA,2024-11-26T11:06:34Z,2024-11-26T19:06:34Z
576384FF-A57D-4ECD-8F35-8E7B429829C2,C8AA87FD-BEF5-4E89-9C35-B84F25ED6BA5,Chinook,NA,Adult,AD,NA,NA,Kept,1,Chinook_Adult_AD_Kept,2021,8,33,330,NA,NA,No,2,660,Complete,06:30:00,12:00:00,485A0A54-1E60-46DF-A867-CF7E2A4BF300,2021-08-16,Nisqually River,District 11,Nisqually salmon 2021,B4023880-ECE3-468B-89D6-6022D9A25798,Drift,NA,NA,NA,NA,NA,NA,NA,NA,NA,NA,NA,2024-11-26T11:06:34Z,2024-11-26T19:06:34Z
6AAF4B8E-FFAD-448F-8AD7-D179ECFFA809,AD80A41D-64BC-49AB-B4E1-D9839227074D,Chinook,NA,Adult,AD,NA,NA,Kept,1,Chinook_Adult_AD_Kept,2021,8,33,150,NA,NA,No,1,150,Complete,08:00:00,10:30:00,485A0A54-1E60-46DF-A867-CF7E2A4BF300,2021-08-16,Nisqually River,District 11,Nisqually salmon 2021,1A5A8AF6-5FF5-46B6-986F-483B642D1C34,Drift,NA,NA,NA,NA,NA,NA,NA,NA,NA,NA,NA,2024-11-26T11:06:34Z,2024-11-26T19:06:34Z
03D9CD93-32CC-4DF3-B50B-54E6F398C916,F839A6D4-CD4F-4CE5-A7F4-42A2CA5B7DE6,Chinook,NA,Adult,AD,NA,NA,Kept,1,Chinook_Adult_AD_Kept,2021,8,33,195,NA,NA,No,1,195,Complete,07:15:00,10:30:00,485A0A54-1E60-46DF-A867-CF7E2A4BF300,2021-08-16,Nisqually River,District 11,Nisqually salmon 2021,E201E9D4-DF79-4233-B654-7045EE58DEE4,Drift,NA,NA,NA,NA,NA,NA,NA,NA,NA,NA,NA,2024-11-26T11:06:34Z,2024-11-26T19:06:34Z
C04877DD-C7F3-4525-B896-3A3E0026EB92,B188B77E-A24A-4584-90E8-7620DF3F1EBD,Chinook,NA,Adult,UM,NA,NA,Released,1,Chinook_Adult_UM_Released,2021,8,33,210,NA,NA,No,1,210,Complete,07:00:00,10:30:00,485A0A54-1E60-46DF-A867-CF7E2A4BF300,2021-08-16,Nisqually River,District 11,Nisqually salmon 2021,2870DF85-D35B-4094-B4C6-373EAC40C2E6,Drift,NA,NA,NA,NA,NA,NA,NA,NA,NA,NA,NA,2024-11-26T11:06:34Z,2024-11-26T19:06:34Z
C359AA7F-866E-467B-845F-53E3A453B4EE,01B73394-79B9-445E-80B0-644A2E5791F6,Chinook,NA,Adult,AD,NA,NA,Kept,1,Chinook_Adult_AD_Kept,2021,8,33,390,NA,NA,No,4,1560,Complete,08:30:00,15:00:00,43A4FFA6-521A-42ED-9396-DC2E7F6EAB41,2021-08-14,Nisqually River,District 11,Nisqually salmon 2021,3DC33ED4-772F-410C-91B3-986B27AB07CA,Drift,Bait,NA,NA,NA,NA,NA,NA,NA,NA,NA,NA,2024-11-26T11:06:34Z,2024-11-26T19:06:34Z
B6265136-C120-41A8-9E3E-58359161E308,B8D6DA66-EF8A-467F-9AD8-E9DDA93A78B9,Chinook,NA,Adult,AD,NA,NA,Kept,1,Chinook_Adult_AD_Kept,2021,8,33,225,NA,NA,No,1,225,Complete,16:00:00,19:45:00,43A4FFA6-521A-42ED-9396-DC2E7F6EAB41,2021-08-14,Nisqually River,District 11,Nisqually salmon 2021,60574929-BC88-44CF-86DE-E72518D2596D,Drift,NA,NA,NA,NA,NA,NA,NA,NA,NA,NA,NA,2024-11-26T11:06:34Z,2024-11-26T19:06:34Z
30BA24B3-3628-48A5-9643-CA5C9085EC73,70DAF58D-4702-4248-A26F-7201C6495A96,Chinook,NA,Adult,AD,NA,NA,Kept,1,Chinook_Adult_AD_Kept,2021,8,33,105,NA,NA,No,1,105,Complete,17:30:00,19:15:00,43A4FFA6-521A-42ED-9396-DC2E7F6EAB41,2021-08-14,Nisqually River,District 11,Nisqually salmon 2021,317C222D-1568-4E00-816F-19F54C3FFCFC,Drift,NA,NA,NA,NA,NA,NA,NA,NA,NA,NA,NA,2024-11-26T11:06:34Z,2024-11-26T19:06:34Z
D082E23B-CB51-4F7F-B248-0A726BC8F3F7,1BA7B8BD-2A23-4CA5-9E56-ED0229D71210,Chinook,NA,Adult,UM,NA,NA,Released,1,Chinook_Adult_UM_Released,2021,8,33,135,NA,NA,No,1,135,Complete,17:30:00,19:45:00,43A4FFA6-521A-42ED-9396-DC2E7F6EAB41,2021-08-14,Nisqually River,District 11,Nisqually salmon 2021,EC8E255A-7B7D-4387-8B90-4F758AEBB6A1,Drift,NA,NA,NA,NA,NA,NA,NA,NA,NA,NA,NA,2024-11-26T11:06:34Z,2024-11-26T19:06:34Z
D082E23B-CB51-4F7F-B248-0A726BC8F3F7,67A0BF5E-983C-40C0-AEDB-D1379C501802,Chinook,NA,Adult,AD,NA,NA,Kept,2,Chinook_Adult_AD_Kept,2021,8,33,135,NA,NA,No,1,135,Complete,17:30:00,19:45:00,43A4FFA6-521A-42ED-9396-DC2E7F6EAB41,2021-08-14,Nisqually River,District 11,Nisqually salmon 2021,EC8E255A-7B7D-4387-8B90-4F758AEBB6A1,Drift,NA,NA,NA,NA,NA,NA,NA,NA,NA,NA,NA,2024-11-26T11:06:34Z,2024-11-26T19:06:34Z
463CC0BC-C64A-4CC1-B0C4-61E3F465F12B,975B1E7D-3932-4551-B57A-0E73C0FBEC86,Chinook,NA,Adult,UM,NA,NA,Released,1,Chinook_Adult_UM_Released,2021,8,33,225,NA,NA,No,1,225,Complete,16:00:00,19:45:00,43A4FFA6-521A-42ED-9396-DC2E7F6EAB41,2021-08-14,Nisqually River,District 11,Nisqually salmon 2021,49C7DA42-4640-4509-B29A-112C741C8966,Drift,NA,NA,NA,NA,NA,NA,NA,NA,NA,NA,NA,2024-11-26T11:06:34Z,2024-11-26T19:06:34Z
463CC0BC-C64A-4CC1-B0C4-61E3F465F12B,83D7E1E5-E18E-415B-B961-E77267257B88,Chinook,NA,Adult,AD,NA,NA,Kept,1,Chinook_Adult_AD_Kept,2021,8,33,225,NA,NA,No,1,225,Complete,16:00:00,19:45:00,43A4FFA6-521A-42ED-9396-DC2E7F6EAB41,2021-08-14,Nisqually River,District 11,Nisqually salmon 2021,49C7DA42-4640-4509-B29A-112C741C8966,Drift,NA,NA,NA,NA,NA,NA,NA,NA,NA,NA,NA,2024-11-26T11:06:34Z,2024-11-26T19:06:34Z
F6BE259F-0C50-4420-8063-F09DB37F8824,669F0101-CADE-419B-9AD5-F1026688668C,Chinook,NA,Adult,AD,NA,NA,Kept,1,Chinook_Adult_AD_Kept,2021,8,33,480,NA,NA,No,2,960,Complete,05:10:00,13:10:00,44852165-0584-4351-8F46-24DB48334622,2021-08-14,Nisqually River,District 11,Nisqually salmon 2021,D104297D-AC98-494B-94FD-8B072E9ACB85,Drift,NA,NA,NA,NA,NA,NA,NA,NA,NA,NA,NA,2024-11-26T11:06:34Z,2024-11-26T19:06:34Z
2AD0F0F4-5630-4B79-AE04-414545647999,82A618E0-454E-4D71-ACFD-C22FE02078ED,Chinook,NA,Adult,AD,NA,NA,Kept,1,Chinook_Adult_AD_Kept,2021,8,33,150,NA,NA,No,1,150,Complete,06:30:00,09:00:00,44852165-0584-4351-8F46-24DB48334622,2021-08-14,Nisqually River,District 11,Nisqually salmon 2021,7C2668EC-E3A1-4AB6-AABC-ACF71737F758,Drift,NA,NA,NA,NA,NA,NA,NA,NA,NA,NA,NA,2024-11-26T11:06:34Z,2024-11-26T19:06:34Z
01890CD8-6E2C-49FD-B616-1DE47A4CDE32,E58EB429-5595-4CC0-A3CD-A2C87585D885,Chinook,NA,Adult,AD,NA,NA,Kept,2,Chinook_Adult_AD_Kept,2021,8,33,230,NA,NA,No,1,230,Complete,06:00:00,09:50:00,44852165-0584-4351-8F46-24DB48334622,2021-08-14,Nisqually River,District 11,Nisqually salmon 2021,E279D4E3-E8E6-420A-9D63-2D4F88D948A0,Drift,NA,NA,NA,NA,NA,NA,NA,NA,NA,NA,NA,2024-11-26T11:06:34Z,2024-11-26T19:06:34Z
B39A2FD7-AF7C-453D-8F36-D49CCA9C0CBD,1CA955B7-D40E-45AE-9918-05E64A1DC166,Chinook,NA,Adult,UM,NA,NA,Released,1,Chinook_Adult_UM_Released,2021,8,33,240,NA,NA,No,2,480,Complete,05:45:00,09:45:00,44852165-0584-4351-8F46-24DB48334622,2021-08-14,Nisqually River,District 11,Nisqually salmon 2021,1C1964C2-74D3-485E-9567-AE8C73B0B3E0,Drift,NA,NA,NA,NA,NA,NA,NA,NA,NA,NA,NA,2024-11-26T11:06:34Z,2024-11-26T19:06:34Z
E4DECF96-EBFE-4365-9868-A15E998ED92E,A307005C-7658-40C4-B680-E277B3149E0F,Chinook,NA,Adult,AD,NA,NA,Kept,1,Chinook_Adult_AD_Kept,2021,8,33,190,NA,NA,No,1,190,Complete,05:50:00,09:00:00,44852165-0584-4351-8F46-24DB48334622,2021-08-14,Nisqually River,District 11,Nisqually salmon 2021,22EF4F25-3318-4189-B390-5C53BF4D4609,Drift,NA,NA,NA,NA,NA,NA,NA,NA,NA,NA,NA,2024-11-26T11:06:34Z,2024-11-26T19:06:34Z
3CF75E9B-6A99-41F0-9153-F0539DE984D8,1B09A877-5349-45E7-93E2-FA857E6F1F02,Chinook,NA,Adult,AD,NA,NA,Kept,1,Chinook_Adult_AD_Kept,2021,8,33,170,NA,NA,No,1,170,Complete,06:10:00,09:00:00,44852165-0584-4351-8F46-24DB48334622,2021-08-14,Nisqually River,District 11,Nisqually salmon 2021,3365E118-05DA-4549-B956-9C012623D46B,Drift,NA,NA,NA,NA,NA,NA,NA,NA,NA,NA,NA,2024-11-26T11:06:34Z,2024-11-26T19:06:34Z
8E34F136-D0E3-464A-9CB0-A7F76175B8F0,3F269D1A-DA19-4011-8B5A-0C554B09E855,Chinook,NA,Adult,AD,NA,NA,Kept,2,Chinook_Adult_AD_Kept,2021,8,33,410,NA,NA,No,1,410,Complete,05:30:00,12:20:00,44852165-0584-4351-8F46-24DB48334622,2021-08-14,Nisqually River,District 11,Nisqually salmon 2021,12423288-521A-46F7-9FB7-4BF77B5258B6,Drift,NA,NA,NA,NA,NA,NA,NA,NA,NA,NA,NA,2024-11-26T11:06:34Z,2024-11-26T19:06:34Z
118DC069-83DB-424E-8761-D41F7C2BA118,015294AA-DD33-4108-91AF-C812EFBD5D29,Chinook,NA,Adult,AD,NA,NA,Released,1,Chinook_Adult_AD_Released,2021,8,33,175,NA,NA,No,1,175,Complete,05:05:00,08:00:00,44852165-0584-4351-8F46-24DB48334622,2021-08-14,Nisqually River,District 11,Nisqually salmon 2021,F293FD34-70EB-4C35-8AA6-05B93825A60F,Drift,NA,NA,NA,NA,NA,NA,NA,NA,NA,NA,NA,2024-11-26T11:06:34Z,2024-11-26T19:06:34Z
2CFC82BE-C285-4552-A349-C5750566637A,18319642-150D-428F-9D31-21310F01F17B,Chinook,NA,Adult,AD,NA,NA,Kept,1,Chinook_Adult_AD_Kept,2021,8,33,255,NA,NA,No,1,255,Complete,05:45:00,10:00:00,44852165-0584-4351-8F46-24DB48334622,2021-08-14,Nisqually River,District 11,Nisqually salmon 2021,2E3550F0-4019-4329-B163-650B962E5E6A,Drift,NA,NA,NA,NA,NA,NA,NA,NA,NA,NA,NA,2024-11-26T11:06:34Z,2024-11-26T19:06:34Z
A778303A-0FD7-4853-B02E-4B1792FE2B32,44C19FEF-1AE2-4740-B0EC-2CFF28578B04,Chinook,NA,Adult,AD,NA,NA,Kept,2,Chinook_Adult_AD_Kept,2021,8,33,295,NA,NA,No,2,590,Complete,05:30:00,10:25:00,44852165-0584-4351-8F46-24DB48334622,2021-08-14,Nisqually River,District 11,Nisqually salmon 2021,A4ABA462-CDF2-4DCB-93AA-A1D04D478F50,Drift,NA,NA,NA,NA,NA,NA,NA,NA,NA,NA,NA,2024-11-26T11:06:34Z,2024-11-26T19:06:34Z
7B76761D-35C0-4FDE-BC4F-CB97188B24CC,009DD1BB-4BF5-4A50-9023-FEB9F48BEB09,Chinook,NA,Adult,AD,NA,NA,Kept,2,Chinook_Adult_AD_Kept,2021,8,33,180,NA,NA,No,1,180,Complete,07:30:00,10:30:00,44852165-0584-4351-8F46-24DB48334622,2021-08-14,Nisqually River,District 11,Nisqually salmon 2021,1AB14F07-3766-4867-874A-FF89DF095B8E,Drift,NA,NA,NA,NA,NA,NA,NA,NA,NA,NA,NA,2024-11-26T11:06:34Z,2024-11-26T19:06:34Z
ABAD86B2-BFE4-4481-95EC-5F23D3C751E9,E15172EA-7AE4-423E-BC3E-D9E32BCE4A41,Chinook,NA,Adult,AD,NA,NA,Kept,1,Chinook_Adult_AD_Kept,2021,8,33,120,NA,NA,No,1,120,Complete,15:00:00,17:00:00,3C8242D9-CB5E-433F-9B2E-A1FB07ECC28C,2021-08-13,Nisqually River,District 11,Nisqually salmon 2021,F8894BCB-CCD8-4C30-8D1F-FAD0BCA5F750,Drift,NA,NA,NA,NA,NA,NA,NA,NA,NA,NA,NA,2024-11-26T11:06:34Z,2024-11-26T19:06:34Z
C9E65FD0-F17B-4D93-B1DF-4517F61F8F1D,703CDB9E-E07C-4F7A-92F8-50D483D85E34,Chinook,NA,Adult,AD,NA,NA,Kept,1,Chinook_Adult_AD_Kept,2021,8,33,675,NA,NA,No,1,675,Complete,06:00:00,17:15:00,3C8242D9-CB5E-433F-9B2E-A1FB07ECC28C,2021-08-13,Nisqually River,District 11,Nisqually salmon 2021,DCC07DF3-E876-4E79-840C-C7046FDB4F46,Drift,NA,NA,NA,NA,NA,NA,NA,NA,NA,NA,NA,2024-11-26T11:06:34Z,2024-11-26T19:06:34Z
7E95C40E-1E0D-4AC9-B8D8-F27703BD9B2A,9E66A852-A919-42E2-ADC6-FE59637D327C,Chinook,NA,Adult,AD,NA,NA,Kept,2,Chinook_Adult_AD_Kept,2021,8,33,120,NA,NA,No,1,120,Complete,17:15:00,19:15:00,3C8242D9-CB5E-433F-9B2E-A1FB07ECC28C,2021-08-13,Nisqually River,District 11,Nisqually salmon 2021,5337B4E3-8AF4-49ED-B61B-469D920FB9A5,Drift,NA,NA,NA,NA,NA,NA,NA,NA,NA,NA,NA,2024-11-26T11:06:34Z,2024-11-26T19:06:34Z
C0682DC1-B5CE-46FF-9C82-46F2A62A5022,148E58E2-B44B-4627-8694-0E2A4CB823DE,Chinook,NA,Adult,UM,NA,NA,Released,1,Chinook_Adult_UM_Released,2021,8,33,165,NA,NA,No,1,165,Complete,08:00:00,10:45:00,A8ABA62C-9552-4CCE-A292-AD002DDD344E,2021-08-13,Nisqually River,District 11,Nisqually salmon 2021,61E9FC8B-B655-45B1-B131-AC459C5709B9,Drift,NA,NA,NA,NA,NA,NA,NA,NA,NA,NA,NA,2024-11-26T11:06:34Z,2024-11-26T19:06:34Z
748E1D99-4A4F-45ED-A709-FF021B5EA1C0,E2A937EE-66FB-4BBD-A8A4-1909B9195AFD,Chinook,NA,Adult,AD,NA,NA,Kept,1,Chinook_Adult_AD_Kept,2021,8,33,195,NA,NA,No,1,195,Complete,07:00:00,10:15:00,A8ABA62C-9552-4CCE-A292-AD002DDD344E,2021-08-13,Nisqually River,District 11,Nisqually salmon 2021,6AF178D1-6B84-4B0C-A790-388C88AA1323,Drift,NA,NA,NA,NA,NA,NA,NA,NA,NA,NA,NA,2024-11-26T11:06:34Z,2024-11-26T19:06:34Z
F8D5DC09-DB40-47B7-9C0B-8E0265395C0A,71E1560A-B5BC-42E4-83F3-BE3377690646,Chinook,NA,Adult,AD,NA,NA,Kept,1,Chinook_Adult_AD_Kept,2021,8,33,285,NA,NA,No,2,570,Complete,05:05:00,09:50:00,A8ABA62C-9552-4CCE-A292-AD002DDD344E,2021-08-13,Nisqually River,District 11,Nisqually salmon 2021,1AF85E21-AF0E-4B75-9218-ED87C4BBB10F,Drift,NA,NA,NA,NA,NA,NA,NA,NA,NA,NA,NA,2024-11-26T11:06:34Z,2024-11-26T19:06:34Z
9C11FAED-3B77-428F-A7AF-41E9853CFA56,0DA6F40B-F2A6-45C6-B015-17A80DB7FB1C,Chinook,NA,Adult,AD,NA,NA,Kept,3,Chinook_Adult_AD_Kept,2021,8,33,360,NA,NA,No,2,720,Complete,05:30:00,11:30:00,A8ABA62C-9552-4CCE-A292-AD002DDD344E,2021-08-13,Nisqually River,District 11,Nisqually salmon 2021,8E5D2180-88BB-489B-B2E2-79CC2BE09B31,Drift,NA,NA,NA,NA,NA,NA,NA,NA,NA,NA,NA,2024-11-26T11:06:34Z,2024-11-26T19:06:34Z
9C11FAED-3B77-428F-A7AF-41E9853CFA56,59F99D35-5E7F-4D63-8E5B-25A691E9F660,Chinook,NA,Adult,UM,NA,NA,Released,1,Chinook_Adult_UM_Released,2021,8,33,360,NA,NA,No,2,720,Complete,05:30:00,11:30:00,A8ABA62C-9552-4CCE-A292-AD002DDD344E,2021-08-13,Nisqually River,District 11,Nisqually salmon 2021,8E5D2180-88BB-489B-B2E2-79CC2BE09B31,Drift,NA,NA,NA,NA,NA,NA,NA,NA,NA,NA,NA,2024-11-26T11:06:34Z,2024-11-26T19:06:34Z
830E4D3C-0C63-4744-83AE-A79F910D4BE2,C6B5442D-2526-4C8A-B297-E4BF2B6FF55F,Chinook,NA,Adult,AD,NA,NA,Kept,1,Chinook_Adult_AD_Kept,2021,8,33,300,NA,NA,No,1,300,Complete,07:00:00,12:00:00,A8ABA62C-9552-4CCE-A292-AD002DDD344E,2021-08-13,Nisqually River,District 11,Nisqually salmon 2021,40EB291F-3075-4712-B5CF-429607C687C1,Drift,NA,NA,NA,NA,NA,NA,NA,NA,NA,NA,NA,2024-11-26T11:06:34Z,2024-11-26T19:06:34Z
F6085297-6D3A-4181-9D2F-C9DA5BA4EB02,6394B532-81F8-4158-AB76-5BBBB78EA3BF,Chinook,NA,Adult,AD,NA,NA,Kept,2,Chinook_Adult_AD_Kept,2021,8,32,180,NA,NA,No,1,180,Complete,09:00:00,12:00:00,26D2E5AC-0CF3-4B15-BFA5-30714EE203A1,2021-08-12,Nisqually River,District 11,Nisqually salmon 2021,4EAC5200-B6ED-40BD-BAEA-48889C749306,Drift,NA,NA,NA,NA,NA,NA,NA,NA,NA,NA,NA,2024-11-26T11:06:34Z,2024-11-26T19:06:34Z
090CCF22-B4AC-4F4C-BF4C-6E4D3B6AF7E9,5DEF5AEE-F37B-4D47-BEEB-B754F158CA60,Chinook,NA,Jack,UM,NA,NA,Released,1,Chinook_Jack_UM_Released,2021,8,32,150,NA,NA,No,1,150,Complete,06:00:00,08:30:00,26D2E5AC-0CF3-4B15-BFA5-30714EE203A1,2021-08-12,Nisqually River,District 11,Nisqually salmon 2021,4E6A37D9-6B3D-4A1D-A65E-1BE2D9933304,Drift,NA,NA,NA,NA,NA,NA,NA,NA,NA,NA,NA,2024-11-26T11:06:34Z,2024-11-26T19:06:34Z
DFECE0DF-D669-4C2C-BE0E-77EEE96C55A1,47C59450-84DC-48BA-B93F-700DF11F0E3F,Chinook,NA,Adult,AD,NA,NA,Kept,1,Chinook_Adult_AD_Kept,2021,8,32,215,NA,NA,No,1,215,Complete,06:15:00,09:50:00,26D2E5AC-0CF3-4B15-BFA5-30714EE203A1,2021-08-12,Nisqually River,District 11,Nisqually salmon 2021,59B080B8-4DD7-4308-AF22-71A5F12FAA56,Drift,NA,NA,NA,NA,NA,NA,NA,NA,NA,NA,NA,2024-11-26T11:06:34Z,2024-11-26T19:06:34Z
F95DAED4-4CE1-4196-AFEA-047247310B84,492A1CBF-E190-4163-8DA2-87C3FCB45929,Chinook,NA,Adult,AD,NA,NA,Kept,1,Chinook_Adult_AD_Kept,2021,8,32,300,NA,NA,No,1,300,Complete,05:00:00,10:00:00,26D2E5AC-0CF3-4B15-BFA5-30714EE203A1,2021-08-12,Nisqually River,District 11,Nisqually salmon 2021,5275BD86-C23C-47DE-AAD5-05C0F70F7B91,Drift,NA,NA,NA,NA,NA,NA,NA,NA,NA,NA,NA,2024-11-26T11:06:34Z,2024-11-26T19:06:34Z
BB67656D-5BCB-406C-888B-BAF050AC1EF7,89F237A0-59D5-4A4E-85C8-980D3562E0BE,Chinook,NA,Adult,UM,NA,NA,Released,1,Chinook_Adult_UM_Released,2021,8,32,165,NA,NA,No,1,165,Complete,14:30:00,17:15:00,924B6B0E-D8E6-423B-9196-E9FF2BB8EDFB,2021-08-11,Nisqually River,District 11,Nisqually salmon 2021,3CD5C821-E362-45B8-87EB-5F0C9BE41236,Drift,NA,NA,NA,NA,NA,NA,NA,NA,NA,NA,NA,2024-11-26T11:06:34Z,2024-11-26T19:06:34Z
A29D8FBC-9862-4896-864C-9A9904E7DA4A,8155E93A-DA6E-4F7F-B264-9C9669F30B5A,Chinook,NA,Adult,AD,NA,NA,Released,1,Chinook_Adult_AD_Released,2021,8,32,165,NA,NA,No,2,330,Complete,06:30:00,09:15:00,F75D446E-345B-4EE1-B569-C4FE7F3E7F6C,2021-08-11,Nisqually River,District 11,Nisqually salmon 2021,B5C96841-EC0E-4D1F-A10F-F5109EB17CD6,Drift,NA,NA,NA,NA,NA,NA,NA,NA,NA,NA,NA,2024-11-26T11:06:34Z,2024-11-26T19:06:34Z
BF28D760-49EA-4095-94BC-A774D32B544E,F4B6F927-DA09-491B-818F-971C1322AE36,Chinook,NA,Adult,AD,NA,NA,Kept,1,Chinook_Adult_AD_Kept,2021,8,32,145,NA,NA,No,1,145,Complete,06:00:00,08:25:00,F75D446E-345B-4EE1-B569-C4FE7F3E7F6C,2021-08-11,Nisqually River,District 11,Nisqually salmon 2021,BFD862B4-F065-4642-AE1C-C2AE46868C94,Drift,NA,NA,NA,NA,NA,NA,NA,NA,NA,NA,NA,2024-11-26T11:06:34Z,2024-11-26T19:06:34Z
0F7D7A93-F3C3-40EF-B08F-41702945CA0F,3AE7DDB0-23C5-4BFA-84AB-87CB884DE1C3,Chinook,NA,Adult,UM,NA,NA,Kept,1,Chinook_Adult_UM_Kept,2021,8,32,170,NA,NA,No,1,170,Complete,05:30:00,08:20:00,5F52438C-9401-4D20-B527-B1489ECA5ADC,2021-08-06,Nisqually River,District 11,Nisqually salmon 2021,07E8E683-2CC2-4F39-83D5-B04AF71B61EF,Drift,NA,NA,NA,NA,NA,NA,NA,NA,NA,NA,NA,2024-11-26T11:06:34Z,2024-11-26T19:06:34Z
0DA73D14-71F7-4788-9BFC-D3D272B6F96E,8CD00852-7CD7-4485-BF87-76C10D1FE73A,Chinook,NA,Jack,UM,NA,NA,Released,1,Chinook_Jack_UM_Released,2021,8,32,395,NA,NA,No,1,395,Complete,05:00:00,11:35:00,5F52438C-9401-4D20-B527-B1489ECA5ADC,2021-08-06,Nisqually River,District 11,Nisqually salmon 2021,B37C79A1-0F4F-4139-96C6-C7EA47F61FF0,Drift,NA,NA,NA,NA,NA,NA,NA,NA,NA,NA,NA,2024-11-26T11:06:34Z,2024-11-26T19:06:34Z
0DA73D14-71F7-4788-9BFC-D3D272B6F96E,7E939AC9-CC47-49AB-838F-274688058C72,Chinook,NA,Jack,AD,NA,NA,Released,1,Chinook_Jack_AD_Released,2021,8,32,395,NA,NA,No,1,395,Complete,05:00:00,11:35:00,5F52438C-9401-4D20-B527-B1489ECA5ADC,2021-08-06,Nisqually River,District 11,Nisqually salmon 2021,B37C79A1-0F4F-4139-96C6-C7EA47F61FF0,Drift,NA,NA,NA,NA,NA,NA,NA,NA,NA,NA,NA,2024-11-26T11:06:34Z,2024-11-26T19:06:34Z
B630A25F-2CBF-42C4-A078-5723926C6D1B,483B33E9-B2E8-4BD8-BF3E-C654E0EFA145,Chinook,NA,Adult,AD,NA,NA,Kept,1,Chinook_Adult_AD_Kept,2021,8,32,285,NA,NA,No,1,285,Complete,07:00:00,11:45:00,5F52438C-9401-4D20-B527-B1489ECA5ADC,2021-08-06,Nisqually River,District 11,Nisqually salmon 2021,041AB63D-C9AB-4BE1-BC92-745E094C6551,Drift,NA,NA,NA,NA,NA,NA,NA,NA,NA,NA,NA,2024-11-26T11:06:34Z,2024-11-26T19:06:34Z
DCB4B98E-EB09-4B40-A4A4-1A7E35050669,47B8D6C3-4876-4695-BA1D-7FA5F8E01EB1,Chinook,NA,Adult,AD,NA,NA,Kept,2,Chinook_Adult_AD_Kept,2021,8,31,135,NA,NA,No,2,270,Complete,11:00:00,13:15:00,DB2850BE-4CC8-4408-BB69-2B7502D73044,2021-08-05,Nisqually River,District 11,Nisqually salmon 2021,ABC5A1A2-7500-4322-ABE9-E5B9E64B326A,Drift,NA,NA,NA,NA,NA,NA,NA,NA,NA,NA,NA,2024-11-26T11:06:34Z,2024-11-26T19:06:34Z
5D7A6AC4-4E8C-4BBE-A8A8-A691F5A40831,FE16DDA2-FE07-47DB-98EC-F1CB50759000,Chinook,NA,Adult,AD,NA,NA,Kept,1,Chinook_Adult_AD_Kept,2022,10,44,303,NA,Drift Boat/ Raft,Yes,3,909,Complete,07:00:00,12:03:00,A2D2523F-B04E-48D1-BC20-FBB214E609D3,2022-10-29,Nisqually River,District 11,Nisqually salmon 2022,57592838-D9D6-479C-B03E-04FDC74C4EE1,NA,Gear,NA,NA,NA,NA,NA,NA,NA,NA,NA,NA,2022-10-29T12:03:58Z,2022-10-29T23:59:15Z
236011BE-5744-4A30-A1FE-212A1EA6A1DF,92578107-A800-463E-9365-4E8A260C19ED,Chinook,NA,Jack,UNK,NA,NA,Released,1,Chinook_Jack_UNK_Released,2022,10,42,359,NA,Drift Boat/ Raft,Yes,3,1077,Complete,10:00:00,15:59:00,2EDD413E-1D04-4FB0-A512-016ECA5CF4AF,2022-10-20,Nisqually River,District 11,Nisqually salmon 2022,0224CB6B-2486-4D3E-B651-C4A59B36E005,NA,Gear,NA,NA,NA,NA,NA,NA,NA,NA,NA,NA,2022-10-20T15:59:46Z,2022-10-21T00:15:24Z
73BFE5D8-8227-42BB-9766-68D7941136FE,09BF2243-8872-44DB-9B4E-D376846978BE,Chinook,NA,Adult,AD,NA,66,Kept,1,Chinook_Adult_AD_Kept,2022,10,42,146,NA,NA,No,4,584,Complete,10:15:00,12:41:00,16F50EE3-EE37-4FE7-AB39-1AE91B1B21D5,2022-10-15,Nisqually River,District 11,Nisqually salmon 2022,61470A95-3B41-47C4-8C68-19FAEE62749A,NA,Gear,NA,NA,NA,NA,NA,NA,NA,NA,NA,NA,2022-10-15T12:41:40Z,2022-10-16T02:30:12Z
0457A0E5-C22A-458E-97FF-293F88CCD630,06194F5A-2938-4DB8-A13A-01DCA7BC6DE5,Chinook,NA,Adult,UM,NA,NA,Released,1,Chinook_Adult_UM_Released,2022,10,42,168,NA,NA,No,1,168,Complete,06:40:00,09:28:00,A86703E2-1BBC-424D-BD5B-13433C6F4042,2022-10-15,Nisqually River,District 11,Nisqually salmon 2022,BB074C22-5438-4A9E-8978-718AA0A2E5F6,NA,Gear,NA,NA,NA,NA,NA,NA,NA,NA,NA,NA,2022-10-15T09:29:05Z,2022-10-15T23:00:22Z
D941B08B-CE1B-4466-9531-9F32BF541C85,836DE1AA-A8F3-4BDB-A879-551CE114CA6A,Chinook,NA,Adult,UM,NA,NA,Released,1,Chinook_Adult_UM_Released,2022,10,41,273,NA,NA,No,1,273,Complete,06:30:00,11:03:00,58A108F6-7A65-4FA4-90EC-8023AB136910,2022-10-14,Nisqually River,District 11,Nisqually salmon 2022,CF44B7C9-A91D-4887-9BDE-EA7FB77D7FB1,NA,Gear,NA,NA,NA,NA,NA,NA,NA,NA,NA,NA,2022-10-14T11:03:10Z,2022-10-15T02:00:09Z
75D8AF4B-4218-493D-B8AB-07B2B25844D5,0D458497-8331-426E-B3B9-A81A8483B822,Chinook,NA,Adult,AD,NA,67,Kept,1,Chinook_Adult_AD_Kept,2022,10,41,185,NA,NA,No,1,185,Complete,07:30:00,10:35:00,50EF16E8-C49E-4DE3-BF2C-5BF523B6CF9E,2022-10-08,Nisqually River,District 11,Nisqually salmon 2022,FB52C984-DA58-4A0C-B1AA-DE54B3386D70,NA,Gear,NA,NA,NA,NA,NA,NA,NA,NA,NA,NA,2022-10-08T10:35:27Z,2022-10-08T23:44:51Z
3FDC1949-9698-4627-8D74-BD25E2C38B6F,DF7B638D-0BE8-4199-87F4-D0CFDA067B00,Chinook,NA,Jack,AD,NA,49,Kept,1,Chinook_Jack_AD_Kept,2022,10,41,437,NA,Drift Boat/ Raft,Yes,3,1311,Complete,07:20:00,14:37:00,7080FC74-0416-48E9-AD3B-8C0A534F6F3A,2022-10-08,Nisqually River,District 11,Nisqually salmon 2022,A0F5AF74-02C9-422F-9572-8E03D4E5CABA,NA,Gear,NA,NA,NA,NA,NA,NA,NA,NA,NA,NA,2022-10-08T14:31:42Z,2023-01-03T20:04:12Z
3FDC1949-9698-4627-8D74-BD25E2C38B6F,4250A0C6-FE44-4BBB-861F-00B60FC95C40,Chinook,NA,Adult,AD,NA,67,Kept,1,Chinook_Adult_AD_Kept,2022,10,41,437,NA,Drift Boat/ Raft,Yes,3,1311,Complete,07:20:00,14:37:00,7080FC74-0416-48E9-AD3B-8C0A534F6F3A,2022-10-08,Nisqually River,District 11,Nisqually salmon 2022,A0F5AF74-02C9-422F-9572-8E03D4E5CABA,NA,Gear,NA,NA,NA,NA,NA,NA,NA,NA,NA,NA,2022-10-08T14:31:42Z,2023-01-03T20:04:12Z
3FDC1949-9698-4627-8D74-BD25E2C38B6F,9CBD489D-2657-4D37-97EC-72C53177A4FE,Chinook,NA,Adult,AD,NA,61,Kept,1,Chinook_Adult_AD_Kept,2022,10,41,437,NA,Drift Boat/ Raft,Yes,3,1311,Complete,07:20:00,14:37:00,7080FC74-0416-48E9-AD3B-8C0A534F6F3A,2022-10-08,Nisqually River,District 11,Nisqually salmon 2022,A0F5AF74-02C9-422F-9572-8E03D4E5CABA,NA,Gear,NA,NA,NA,NA,NA,NA,NA,NA,NA,NA,2022-10-08T14:31:42Z,2023-01-03T20:04:12Z
3FDC1949-9698-4627-8D74-BD25E2C38B6F,B41A0D7F-7713-4A46-B543-CD79669255B3,Chinook,NA,Adult,AD,NA,64,Kept,1,Chinook_Adult_AD_Kept,2022,10,41,437,NA,Drift Boat/ Raft,Yes,3,1311,Complete,07:20:00,14:37:00,7080FC74-0416-48E9-AD3B-8C0A534F6F3A,2022-10-08,Nisqually River,District 11,Nisqually salmon 2022,A0F5AF74-02C9-422F-9572-8E03D4E5CABA,NA,Gear,NA,NA,NA,NA,NA,NA,NA,NA,NA,NA,2022-10-08T14:31:42Z,2023-01-03T20:04:12Z
6865C5CE-9121-46A6-83D2-CB6A8331F692,9543B1C7-DE5B-450E-923C-7A82020CCD70,Chinook,NA,Adult,AD,NA,63,Kept,1,Chinook_Adult_AD_Kept,2022,10,40,421,NA,NA,No,3,1263,Complete,06:20:00,13:21:00,D61C324F-E7B5-426C-9F87-DD836722D8A8,2022-10-07,Nisqually River,District 11,Nisqually salmon 2022,47073827-C8A7-4D1D-BDC5-BC1E1A9DCE23,NA,Gear,NA,NA,NA,NA,NA,NA,NA,NA,NA,NA,2022-10-07T13:21:52Z,2022-10-07T23:29:50Z
42C32EA5-401B-4205-AD92-52ABC3C670F6,B9EC8737-E567-4E64-8F67-E3B9DB61770B,Chinook,NA,Adult,AD,NA,76,Kept,1,Chinook_Adult_AD_Kept,2022,10,40,376,NA,Pontoon/Kick/Kayak/Dinghy,Yes,4,1504,Complete,07:30:00,13:46:00,02318AC5-9755-4E6C-89DB-2B21E533EDAC,2022-10-06,Nisqually River,District 11,Nisqually salmon 2022,EC07AAAC-601E-4A9C-A61A-2346CF35BB00,NA,Gear,NA,NA,NA,NA,NA,NA,NA,NA,NA,NA,2022-10-06T13:37:44Z,2022-12-11T02:57:03Z
42C32EA5-401B-4205-AD92-52ABC3C670F6,1C4662E4-A4EA-48C9-80C0-B1A70C3FD774,Chinook,NA,Adult,AD,NA,78,Kept,1,Chinook_Adult_AD_Kept,2022,10,40,376,NA,Pontoon/Kick/Kayak/Dinghy,Yes,4,1504,Complete,07:30:00,13:46:00,02318AC5-9755-4E6C-89DB-2B21E533EDAC,2022-10-06,Nisqually River,District 11,Nisqually salmon 2022,EC07AAAC-601E-4A9C-A61A-2346CF35BB00,NA,Gear,NA,NA,NA,NA,NA,NA,NA,NA,NA,NA,2022-10-06T13:37:44Z,2022-12-11T02:57:03Z
87F1F145-C32C-4332-A2AB-1C1B531A86FB,55020B42-328C-436D-8D76-6F912C22EFE5,Chinook,NA,Adult,AD,NA,72,Kept,1,Chinook_Adult_AD_Kept,2022,10,40,251,NA,Drift Boat/ Raft,Yes,4,1004,Complete,10:20:00,14:31:00,02318AC5-9755-4E6C-89DB-2B21E533EDAC,2022-10-06,Nisqually River,District 11,Nisqually salmon 2022,20CF34E9-AF15-4059-BD64-C0BB14871D41,NA,Gear,NA,NA,NA,NA,NA,NA,NA,NA,NA,NA,2022-10-06T14:31:39Z,2022-10-06T23:44:47Z
9F865D2E-2C5D-4443-AFEF-2F4BDBC01234,70844FE0-0528-4688-95D2-DADFB89A5455,Chinook,NA,Adult,UM,NA,NA,Released,1,Chinook_Adult_UM_Released,2022,10,40,458,NA,NA,No,1,458,Complete,08:30:00,16:08:00,02318AC5-9755-4E6C-89DB-2B21E533EDAC,2022-10-06,Nisqually River,District 11,Nisqually salmon 2022,47273533-D557-4FAE-8D87-160F82FAB494,NA,Gear,NA,NA,NA,NA,NA,NA,NA,NA,NA,NA,2022-10-06T15:26:28Z,2022-12-12T21:52:03Z
6AE13C0E-9D9B-4F81-8B08-AE3D7F623130,6A82C434-5893-4346-97E6-4A1D411A2400,Chinook,NA,Adult,UNK,NA,NA,Released,2,Chinook_Adult_UNK_Released,2022,10,40,301,NA,NA,No,1,301,Complete,06:15:00,11:16:00,37CC2660-55CB-4B68-951F-42EBAB7456C9,2022-10-05,Nisqually River,District 11,Nisqually salmon 2022,CC3EA8AB-F16C-4CFD-9804-E26121E48951,NA,Gear,NA,NA,NA,NA,NA,NA,NA,NA,NA,NA,2022-10-05T11:18:34Z,2022-10-06T02:29:48Z
D71ED7C4-4A4A-4723-98BC-78E8FB5E6B80,E3B5A327-8498-4924-9305-2EDE645B9117,Chinook,NA,Jack,AD,NA,58,Kept,1,Chinook_Jack_AD_Kept,2022,10,40,264,NA,NA,No,1,264,Complete,09:00:00,13:24:00,DB12E1BA-54D6-4F19-A484-EE9F6D0EBE95,2022-10-05,Nisqually River,District 11,Nisqually salmon 2022,6603E03E-364C-4DC7-9D85-DD5CBA48F527,NA,Gear,NA,NA,NA,NA,NA,NA,NA,NA,NA,NA,2022-10-05T13:24:40Z,2022-10-06T00:14:45Z
895EA3C2-85AA-4589-9D2A-05CEA4522C09,303858F3-2C31-4843-8D51-66578BDC94DA,Chinook,NA,Adult,AD,NA,NA,Released,1,Chinook_Adult_AD_Released,2022,10,40,120,NA,NA,No,1,120,Complete,06:06:00,08:06:00,NA,NA,NA,NA,NA,NA,NA,NA,NA,NA,NA,NA,NA,NA,NA,NA,NA,NA,NA,NA
9FBD2937-E345-4191-9905-0410533E1F35,F252427E-F7B1-41FB-BF5D-39C0C7DFEF9D,Chinook,NA,Adult,UM,NA,NA,Released,1,Chinook_Adult_UM_Released,2022,10,40,253,NA,NA,No,1,253,Complete,06:30:00,10:43:00,54287E4E-BB1C-4DC4-9AE4-6B4205957679,2022-10-05,Nisqually River,District 11,Nisqually salmon 2022,7FE0CB72-3F36-44B5-953A-4FC3E56F00E0,NA,Gear,NA,NA,NA,NA,NA,NA,NA,NA,NA,NA,2022-10-05T10:38:39Z,2022-10-05T23:14:45Z
BCEDE396-0D2A-44D2-AEE1-D963D285117B,475357C7-AEE5-4E04-9D07-901115E98598,Chinook,NA,Adult,AD,NA,68,Kept,1,Chinook_Adult_AD_Kept,2022,10,40,373,NA,NA,No,1,373,Complete,07:00:00,13:13:00,54287E4E-BB1C-4DC4-9AE4-6B4205957679,2022-10-05,Nisqually River,District 11,Nisqually salmon 2022,6C9EDC61-C5B4-436A-977A-C6B963756988,NA,Gear,NA,NA,NA,NA,NA,NA,NA,NA,NA,NA,2022-10-05T13:11:01Z,2022-10-05T23:14:45Z
A4A1EE1D-A816-4B86-BA18-F3033E9783F3,1DBE7579-A4AE-475E-B2E0-B04B9A4F0A52,Chinook,NA,Adult,AD,NA,NA,Kept,1,Chinook_Adult_AD_Kept,2022,10,40,544,NA,Drift Boat/ Raft,Yes,3,1632,Complete,06:00:00,15:04:00,99F29ECC-DA48-4CF6-B8DA-3FF09B03315F,2022-10-01,Nisqually River,District 11,Nisqually salmon 2022,B2D1C8CC-8926-4EC6-A666-911F4971A268,NA,Gear,NA,NA,NA,NA,NA,NA,NA,NA,NA,NA,2022-10-01T15:06:26Z,2022-10-02T02:14:42Z
A4A1EE1D-A816-4B86-BA18-F3033E9783F3,673DFFE1-7864-4D53-BCA1-3D60500FAFAD,Chinook,NA,Adult,AD,NA,NA,Kept,1,Chinook_Adult_AD_Kept,2022,10,40,544,NA,Drift Boat/ Raft,Yes,3,1632,Complete,06:00:00,15:04:00,99F29ECC-DA48-4CF6-B8DA-3FF09B03315F,2022-10-01,Nisqually River,District 11,Nisqually salmon 2022,B2D1C8CC-8926-4EC6-A666-911F4971A268,NA,Gear,NA,NA,NA,NA,NA,NA,NA,NA,NA,NA,2022-10-01T15:06:26Z,2022-10-02T02:14:42Z
A4A1EE1D-A816-4B86-BA18-F3033E9783F3,4D8E442F-2865-4F7F-B95A-AFF927B9963C,Chinook,NA,Adult,AD,NA,NA,Kept,1,Chinook_Adult_AD_Kept,2022,10,40,544,NA,Drift Boat/ Raft,Yes,3,1632,Complete,06:00:00,15:04:00,99F29ECC-DA48-4CF6-B8DA-3FF09B03315F,2022-10-01,Nisqually River,District 11,Nisqually salmon 2022,B2D1C8CC-8926-4EC6-A666-911F4971A268,NA,Gear,NA,NA,NA,NA,NA,NA,NA,NA,NA,NA,2022-10-01T15:06:26Z,2022-10-02T02:14:42Z
A4A1EE1D-A816-4B86-BA18-F3033E9783F3,C9E0B852-8FCF-47CA-ABD1-BD5F756FE2D4,Chinook,NA,Jack,AD,NA,57,Kept,1,Chinook_Jack_AD_Kept,2022,10,40,544,NA,Drift Boat/ Raft,Yes,3,1632,Complete,06:00:00,15:04:00,99F29ECC-DA48-4CF6-B8DA-3FF09B03315F,2022-10-01,Nisqually River,District 11,Nisqually salmon 2022,B2D1C8CC-8926-4EC6-A666-911F4971A268,NA,Gear,NA,NA,NA,NA,NA,NA,NA,NA,NA,NA,2022-10-01T15:06:26Z,2022-10-02T02:14:42Z
7FCFDC10-4746-4E15-A06D-7E251B9EBD41,A7262AC8-B78B-46DD-83BE-4FCD8CDF1942,Chinook,NA,Adult,AD,NA,88,Kept,1,Chinook_Adult_AD_Kept,2022,10,40,538,NA,Drift Boat/ Raft,Yes,3,1614,Complete,06:30:00,15:28:00,99F29ECC-DA48-4CF6-B8DA-3FF09B03315F,2022-10-01,Nisqually River,District 11,Nisqually salmon 2022,39DB11DE-62C8-4ED6-89CD-5E141F38028A,NA,Gear,NA,NA,NA,NA,NA,NA,NA,NA,NA,NA,2022-10-01T15:23:11Z,2024-02-21T19:26:51Z
AF9213D5-E2E6-4CD1-A7F1-F307FEA18E1D,789B202F-044C-44C6-8D93-81F5A9019E98,Chinook,NA,Adult,AD,NA,67,Kept,1,Chinook_Adult_AD_Kept,2022,10,40,212,NA,NA,No,2,424,Complete,06:15:00,09:47:00,7009EAAB-FE13-4BFF-982C-D50518FAF6C0,2022-10-01,Nisqually River,District 11,Nisqually salmon 2022,8A0012E4-86DB-46EF-9901-C79B9044ED58,NA,Gear,NA,NA,NA,NA,NA,NA,NA,NA,NA,NA,2022-10-01T09:49:54Z,2022-10-01T21:44:40Z
3DBAC6FE-FE64-47FF-8E93-DDB6BFFAD95B,FAAE78BD-D056-4E26-A407-61F1A831130C,Chinook,NA,Adult,AD,NA,68,Kept,1,Chinook_Adult_AD_Kept,2022,10,40,135,NA,NA,No,1,135,Complete,10:00:00,12:15:00,7009EAAB-FE13-4BFF-982C-D50518FAF6C0,2022-10-01,Nisqually River,District 11,Nisqually salmon 2022,2359A849-23F0-4893-86A3-D6CC30971094,NA,Gear,NA,NA,NA,NA,NA,NA,NA,NA,NA,NA,2022-10-01T12:15:21Z,2022-10-01T21:44:40Z
627D2ACC-94DD-4446-840E-7FABEE975663,3EACDB10-F7E4-4BB8-92E4-837BD575FB97,Chinook,NA,Adult,AD,NA,77,Kept,1,Chinook_Adult_AD_Kept,2022,10,40,310,NA,NA,No,2,620,Complete,07:30:00,12:40:00,7009EAAB-FE13-4BFF-982C-D50518FAF6C0,2022-10-01,Nisqually River,District 11,Nisqually salmon 2022,48C66EAF-FF98-42A1-AB97-0302696BB2A9,NA,Gear,NA,NA,NA,NA,NA,NA,NA,NA,NA,NA,2022-10-01T12:40:56Z,2022-10-01T21:44:40Z
06FDB383-5579-4E2C-B31C-333D661F5F23,6B0B3EB2-B8DC-45C1-895D-E08594E3CAED,Chinook,NA,Adult,AD,NA,NA,Kept,1,Chinook_Adult_AD_Kept,2022,10,40,100,NA,NA,No,1,100,Complete,06:18:00,07:58:00,534B6975-49EF-454C-B875-8BAC71C6259D,2022-10-01,Nisqually River,District 11,Nisqually salmon 2022,7A84ABA2-D547-4399-90CA-C9522A038BB6,NA,Gear,NA,NA,NA,NA,NA,NA,NA,NA,NA,NA,2022-10-01T07:58:43Z,2022-10-01T23:29:42Z
3AE6CCF9-F231-4A0C-8FC3-C7511588CF40,381A7764-318E-413D-9B37-6AB45317CA67,Chinook,NA,Jack,AD,NA,55,Kept,1,Chinook_Jack_AD_Kept,2022,10,40,174,NA,NA,No,2,348,Complete,06:10:00,09:04:00,534B6975-49EF-454C-B875-8BAC71C6259D,2022-10-01,Nisqually River,District 11,Nisqually salmon 2022,8933FBBE-D5AF-48D7-8987-7A7123A995D1,NA,Gear,NA,NA,NA,NA,NA,NA,NA,NA,NA,NA,2022-10-01T09:04:26Z,2022-10-01T23:29:42Z
439458C9-E421-49C7-9097-E2CDAB2FD3FE,6D24A1EA-C59A-4BFF-9BD0-CF8D18307268,Chinook,NA,Adult,AD,NA,62,Kept,1,Chinook_Adult_AD_Kept,2022,10,40,210,NA,NA,No,1,210,Complete,06:10:00,09:40:00,534B6975-49EF-454C-B875-8BAC71C6259D,2022-10-01,Nisqually River,District 11,Nisqually salmon 2022,5B592C79-76A0-4CD6-BED9-3C6B1218177E,NA,Gear,NA,NA,NA,NA,NA,NA,NA,NA,NA,NA,2022-10-01T09:40:51Z,2022-10-01T23:29:42Z
3F949FB4-EABA-4F51-A035-33032ADC4F96,285CA2FF-F333-429E-8831-D9029A4AAC4B,Chinook,NA,Adult,AD,NA,72,Kept,1,Chinook_Adult_AD_Kept,2022,10,40,188,NA,NA,No,1,188,Complete,07:00:00,10:08:00,534B6975-49EF-454C-B875-8BAC71C6259D,2022-10-01,Nisqually River,District 11,Nisqually salmon 2022,AFBF080C-2150-418F-B90A-37D4504CF114,NA,Gear,NA,NA,NA,NA,NA,NA,NA,NA,NA,NA,2022-10-01T10:01:59Z,2022-10-01T23:29:42Z
C70E12F2-4BB7-4636-B9D8-7099B42085D7,2CC6CE59-E9BF-4E1F-B11F-98A4322185DB,Chinook,NA,Jack,AD,NA,40,Kept,1,Chinook_Jack_AD_Kept,2022,10,40,288,NA,NA,No,1,288,Complete,06:09:00,10:57:00,534B6975-49EF-454C-B875-8BAC71C6259D,2022-10-01,Nisqually River,District 11,Nisqually salmon 2022,28D17101-E5C6-4E12-A946-566A128253C8,NA,Gear,NA,NA,NA,NA,NA,NA,NA,NA,NA,NA,2022-10-01T10:57:12Z,2022-10-01T23:29:42Z
14982796-536D-4EA9-A698-808D9364BB1C,CFC36E5E-DD49-4DDE-AAEC-112F30E87980,Chinook,NA,Adult,AD,NA,NA,Released,1,Chinook_Adult_AD_Released,2022,9,39,345,NA,NA,No,1,345,Complete,07:00:00,12:45:00,ADCBA8DB-70F2-47D9-8AF0-D32683F0A2A3,2022-09-30,Nisqually River,District 11,Nisqually salmon 2022,A90AA604-7237-4214-9A3A-D5DA1CB1B954,NA,Gear,NA,NA,NA,NA,NA,NA,NA,NA,NA,NA,2022-09-30T12:45:06Z,2022-10-01T02:29:42Z
6BB9FB39-5C00-4C90-8DF8-A2C54CE17382,E81D3633-0DE3-402C-95E9-6CB3EF52DB12,Chinook,NA,Adult,UM,NA,NA,Released,1,Chinook_Adult_UM_Released,2022,9,39,234,NA,NA,No,1,234,Complete,09:00:00,12:54:00,ADCBA8DB-70F2-47D9-8AF0-D32683F0A2A3,2022-09-30,Nisqually River,District 11,Nisqually salmon 2022,7A2DEA2F-0775-4F5B-AF0A-AA208E078817,NA,Gear,NA,NA,NA,NA,NA,NA,NA,NA,NA,NA,2022-09-30T12:54:47Z,2022-10-01T02:29:42Z
7F4716CA-1E92-4F59-9DF6-5727A10FEA9D,DA563436-3B9E-483B-8C9B-F9E7B0BF2C8D,Chinook,NA,Adult,AD,NA,NA,Released,2,Chinook_Adult_AD_Released,2022,9,39,239,NA,NA,No,1,239,Complete,09:00:00,12:59:00,ADCBA8DB-70F2-47D9-8AF0-D32683F0A2A3,2022-09-30,Nisqually River,District 11,Nisqually salmon 2022,BDE9721B-A1A7-4E0D-979A-D9CD8058F73B,NA,Gear,NA,NA,NA,NA,NA,NA,NA,NA,NA,NA,2022-09-30T12:59:28Z,2022-10-01T02:29:42Z
E4A146C9-BF1F-4F37-B0A6-D415E4D726A5,81AB1095-25FC-4791-92A9-305C2497093F,Chinook,NA,Adult,AD,NA,79,Kept,1,Chinook_Adult_AD_Kept,2022,9,39,120,NA,NA,No,1,120,Complete,12:30:00,14:30:00,ADCBA8DB-70F2-47D9-8AF0-D32683F0A2A3,2022-09-30,Nisqually River,District 11,Nisqually salmon 2022,6352BFE9-B2F2-4CD5-BB34-CE0ABBC192D8,NA,Gear,NA,NA,NA,NA,NA,NA,NA,NA,NA,NA,2022-09-30T14:30:43Z,2022-10-01T02:29:42Z
DE08B174-9F22-4F78-9EDB-DA8ADB9C5EF5,1CEE467A-3CF0-4A6F-865F-5E5F61A7C835,Chinook,NA,Adult,AD,NA,67,Kept,1,Chinook_Adult_AD_Kept,2022,9,39,538,NA,NA,No,3,1614,Complete,07:30:00,16:28:00,ADCBA8DB-70F2-47D9-8AF0-D32683F0A2A3,2022-09-30,Nisqually River,District 11,Nisqually salmon 2022,91DC2937-BAE2-4787-935D-50C0EC5868FF,NA,Gear,NA,NA,NA,NA,NA,NA,NA,NA,NA,NA,2022-09-30T16:28:45Z,2022-10-01T02:29:42Z
B7A9D6AC-6C89-4960-9DD7-92E88BD8FC59,BE91CC8C-5AD2-48C9-B133-832759B0BF1C,Chinook,NA,Adult,UM,NA,NA,Released,1,Chinook_Adult_UM_Released,2022,9,39,320,NA,NA,No,1,320,Complete,12:00:00,17:20:00,ADCBA8DB-70F2-47D9-8AF0-D32683F0A2A3,2022-09-30,Nisqually River,District 11,Nisqually salmon 2022,9A066D3A-190D-4FEE-891F-DBA47306C02B,NA,Gear,NA,NA,NA,NA,NA,NA,NA,NA,NA,NA,2022-09-30T17:20:34Z,2022-10-01T02:29:42Z
28C3528B-E39C-41A4-8787-E649D4F5BB6F,D852736A-467E-4D70-9591-3911FC30C47E,Chinook,NA,Jack,UM,NA,NA,Released,2,Chinook_Jack_UM_Released,2022,9,39,154,NA,NA,No,1,154,Complete,06:15:00,08:49:00,E2487CD8-ADD7-40A5-B41F-38FB4BCC6B42,2022-09-30,Nisqually River,District 11,Nisqually salmon 2022,F2BAF08B-8320-4607-9406-2494C67F292D,NA,Gear,NA,NA,NA,NA,NA,NA,NA,NA,NA,NA,2022-09-30T08:56:37Z,2022-09-30T23:44:40Z
E9DB3B3E-5C78-4105-A8EF-29F992020482,E43FA6E1-3CB0-4404-B6D1-990713390734,Chinook,NA,Adult,UM,NA,NA,Released,1,Chinook_Adult_UM_Released,2022,9,39,423,NA,NA,No,1,423,Complete,06:05:00,13:08:00,E2487CD8-ADD7-40A5-B41F-38FB4BCC6B42,2022-09-30,Nisqually River,District 11,Nisqually salmon 2022,83CB551E-054D-4EEB-8F5B-CE16A455C5AF,NA,Gear,NA,NA,NA,NA,NA,NA,NA,NA,NA,NA,2022-09-30T13:09:03Z,2022-09-30T23:44:40Z
730E294E-99BC-4B60-A198-3E5EB5EAF04C,52DD50B0-E9C8-4935-B6C8-E2A171AF34C6,Chinook,NA,Adult,AD,NA,62,Kept,1,Chinook_Adult_AD_Kept,2022,9,39,104,NA,NA,No,1,104,Complete,07:00:00,08:44:00,AE63CD7B-B012-4252-9888-5F80BD9754F6,2022-09-30,Nisqually River,District 11,Nisqually salmon 2022,CC270B57-DD12-46C6-84DE-79E74661FC9F,NA,Gear,NA,NA,NA,NA,NA,NA,NA,NA,NA,NA,2022-09-30T08:44:34Z,2022-09-30T23:59:41Z
BCBE38F1-5A45-4E23-A571-4A3326AE3AFA,E7FF0D54-7006-4504-9282-B18607A06559,Chinook,NA,Adult,AD,NA,71,Kept,1,Chinook_Adult_AD_Kept,2022,9,39,303,NA,NA,No,1,303,Complete,06:00:00,11:03:00,AE63CD7B-B012-4252-9888-5F80BD9754F6,2022-09-30,Nisqually River,District 11,Nisqually salmon 2022,0AC7F248-90B8-442B-9CA1-ACE94FFF6C64,NA,Gear,NA,NA,NA,NA,NA,NA,NA,NA,NA,NA,2022-09-30T11:03:48Z,2022-12-12T21:44:21Z
BF71DBCD-C352-40D2-A152-F2E7CEB28515,D5DE81C9-FA38-4648-AC7A-2337A93FB646,Chinook,NA,Adult,AD,NA,64,Kept,1,Chinook_Adult_AD_Kept,2022,9,39,300,NA,Drift Boat/ Raft,Yes,2,600,Complete,08:03:00,13:03:00,AE63CD7B-B012-4252-9888-5F80BD9754F6,2022-09-30,Nisqually River,District 11,Nisqually salmon 2022,A9762D9E-9ADF-441D-8A1D-AEE50F5E5C49,NA,Gear,NA,NA,NA,NA,NA,NA,NA,NA,NA,NA,2022-09-30T13:03:12Z,2022-12-12T21:44:53Z
BF71DBCD-C352-40D2-A152-F2E7CEB28515,FD3AF827-1615-41F6-ABEC-D026AD64C3E9,Chinook,NA,Adult,AD,NA,60,Kept,1,Chinook_Adult_AD_Kept,2022,9,39,300,NA,Drift Boat/ Raft,Yes,2,600,Complete,08:03:00,13:03:00,AE63CD7B-B012-4252-9888-5F80BD9754F6,2022-09-30,Nisqually River,District 11,Nisqually salmon 2022,A9762D9E-9ADF-441D-8A1D-AEE50F5E5C49,NA,Gear,NA,NA,NA,NA,NA,NA,NA,NA,NA,NA,2022-09-30T13:03:12Z,2022-12-12T21:44:53Z
61B3C30D-7E4B-40BE-BC93-6CC793643C16,7D4AD20C-D383-4834-B673-E81F5C617557,Chinook,NA,Jack,AD,NA,57,Kept,1,Chinook_Jack_AD_Kept,2022,9,39,391,NA,NA,No,2,782,Complete,07:00:00,13:31:00,AE63CD7B-B012-4252-9888-5F80BD9754F6,2022-09-30,Nisqually River,District 11,Nisqually salmon 2022,16E0B30D-AE8B-4066-95BC-EE7D205D019B,NA,Gear,NA,NA,NA,NA,NA,NA,NA,NA,NA,NA,2022-09-30T13:31:24Z,2022-09-30T23:59:41Z
7E3317C3-837C-4621-96E9-C42C32875313,292E593F-699A-42B2-B82C-E07A329812D1,Chinook,NA,Adult,AD,NA,NA,Kept,1,Chinook_Adult_AD_Kept,2022,9,39,499,NA,NA,No,1,499,Complete,07:15:00,15:34:00,AE63CD7B-B012-4252-9888-5F80BD9754F6,2022-09-30,Nisqually River,District 11,Nisqually salmon 2022,F7C40CA3-E5D8-45ED-B7B9-560F3743D63E,NA,Gear,NA,NA,NA,NA,NA,NA,NA,NA,NA,NA,2022-09-30T15:15:40Z,2022-09-30T23:59:41Z
0F5BCD04-ED84-4477-A7E3-49F3391F096B,86C89DFC-72A1-48F6-A5D4-A550A1FD31BB,Chinook,NA,Adult,AD,NA,NA,Released,1,Chinook_Adult_AD_Released,2022,9,39,403,NA,NA,No,1,403,Complete,06:05:00,12:48:00,CC9235FD-6509-46A6-AF25-7D62EBF14A23,2022-09-29,Nisqually River,District 11,Nisqually salmon 2022,B7DBCC22-7C86-44D4-B838-547D33768CA4,NA,Gear,NA,NA,NA,NA,NA,NA,NA,NA,NA,NA,2022-09-29T12:48:58Z,2022-09-30T05:53:39Z
34AEE851-64D1-4A4E-8D95-DAECB264B1B6,E2917D94-8BB6-47A2-A54C-FD536819FB4B,Chinook,NA,Adult,AD,NA,72,Kept,1,Chinook_Adult_AD_Kept,2022,9,39,353,NA,NA,No,2,706,Complete,08:15:00,14:08:00,CC9235FD-6509-46A6-AF25-7D62EBF14A23,2022-09-29,Nisqually River,District 11,Nisqually salmon 2022,B120AB49-B939-4136-AFCF-9DC532FBC684,NA,Gear,NA,NA,NA,NA,NA,NA,NA,NA,NA,NA,2022-09-29T13:50:43Z,2022-09-30T05:53:39Z
633B1FD1-8F6A-42D1-9353-3CF3FBEBE273,92A5699C-E8E8-414E-B91A-6AAA367584C9,Chinook,NA,Adult,AD,NA,61,Kept,1,Chinook_Adult_AD_Kept,2022,9,39,216,NA,NA,No,1,216,Complete,07:00:00,10:36:00,32C86556-D5E5-4DDE-BB87-E2DFCEDE81F8,2022-09-29,Nisqually River,District 11,Nisqually salmon 2022,01506C5A-804B-45BA-9AD2-686E6021EF4B,NA,Gear,NA,NA,NA,NA,NA,NA,NA,NA,NA,NA,2022-09-29T10:36:17Z,2023-01-03T18:32:11Z
08AFAF21-2C14-41D4-B447-9D7E90770131,FE14361C-FCDD-4397-8005-66BF26649C9A,Chinook,NA,Adult,AD,NA,71,Kept,1,Chinook_Adult_AD_Kept,2022,9,39,225,NA,NA,No,1,225,Complete,07:30:00,11:15:00,32C86556-D5E5-4DDE-BB87-E2DFCEDE81F8,2022-09-29,Nisqually River,District 11,Nisqually salmon 2022,C1CFF4E3-377E-4238-9CC5-C5E8398CF97D,NA,Gear,NA,NA,NA,NA,NA,NA,NA,NA,NA,NA,2022-09-29T11:15:41Z,2022-09-30T00:44:41Z
C88ED763-FC34-40E0-8838-CC622845B671,6AC636F4-C90B-4747-AE32-28D57C465B52,Chinook,NA,Adult,UM,NA,NA,Released,1,Chinook_Adult_UM_Released,2022,9,39,298,NA,NA,No,1,298,Complete,07:00:00,11:58:00,32C86556-D5E5-4DDE-BB87-E2DFCEDE81F8,2022-09-29,Nisqually River,District 11,Nisqually salmon 2022,185B3965-A3C5-493C-A620-B55C50BB1F4C,NA,Gear,NA,NA,NA,NA,NA,NA,NA,NA,NA,NA,2022-09-29T11:58:49Z,2022-09-30T00:44:41Z
3614C3BF-B67C-4CA8-A6FE-E99313C0F981,9C5435C2-2335-4C4F-BF47-9FC350A29B10,Chinook,NA,Adult,AD,NA,81,Kept,1,Chinook_Adult_AD_Kept,2022,9,39,433,NA,NA,No,1,433,Complete,06:05:00,13:18:00,32C86556-D5E5-4DDE-BB87-E2DFCEDE81F8,2022-09-29,Nisqually River,District 11,Nisqually salmon 2022,589423C1-2951-4581-9CD8-9B8ADA33B4E9,NA,Gear,NA,NA,NA,NA,NA,NA,NA,NA,NA,NA,2022-09-29T13:18:35Z,2022-09-30T00:44:41Z
34979F26-A54B-4B66-9FA8-C64A2C9E5B86,169697F0-BC53-4187-983C-16F345C78136,Chinook,NA,Adult,UM,NA,NA,Released,1,Chinook_Adult_UM_Released,2022,9,39,456,NA,NA,No,1,456,Complete,06:05:00,13:41:00,32C86556-D5E5-4DDE-BB87-E2DFCEDE81F8,2022-09-29,Nisqually River,District 11,Nisqually salmon 2022,B18831BE-87A8-4F60-AE8D-D4170FC5DE74,NA,Gear,NA,NA,NA,NA,NA,NA,NA,NA,NA,NA,2022-09-29T13:41:39Z,2022-09-30T00:44:41Z
43EDA3D1-DF7C-4977-9CB1-E55774C4D034,ABFE0C96-77F2-4BA2-AD36-CB223EE0902A,Chinook,NA,Adult,AD,NA,63,Kept,1,Chinook_Adult_AD_Kept,2022,9,39,410,NA,NA,No,2,820,Complete,07:00:00,13:50:00,32C86556-D5E5-4DDE-BB87-E2DFCEDE81F8,2022-09-29,Nisqually River,District 11,Nisqually salmon 2022,C353C855-9B0B-4404-A025-DAD55F7335ED,NA,Gear,NA,NA,NA,NA,NA,NA,NA,NA,NA,NA,2022-09-29T14:03:30Z,2022-09-30T00:44:41Z
43EDA3D1-DF7C-4977-9CB1-E55774C4D034,686BFE5A-1156-4D78-96EC-2BC66FB4E802,Chinook,NA,Adult,AD,NA,60,Kept,1,Chinook_Adult_AD_Kept,2022,9,39,410,NA,NA,No,2,820,Complete,07:00:00,13:50:00,32C86556-D5E5-4DDE-BB87-E2DFCEDE81F8,2022-09-29,Nisqually River,District 11,Nisqually salmon 2022,C353C855-9B0B-4404-A025-DAD55F7335ED,NA,Gear,NA,NA,NA,NA,NA,NA,NA,NA,NA,NA,2022-09-29T14:03:30Z,2022-09-30T00:44:41Z
B84D1640-BB23-4537-B7BB-9AE1ED070547,9232727C-6E50-48DA-B003-BA3184C7FE4B,Chinook,NA,Adult,AD,NA,60,Kept,1,Chinook_Adult_AD_Kept,2022,9,39,151,NA,NA,No,1,151,Complete,07:00:00,09:31:00,7F284022-710E-431D-9E89-269F3FFCBD92,2022-09-29,Nisqually River,District 11,Nisqually salmon 2022,6D127947-7382-42AB-85A4-50AE33EB165C,NA,Gear,NA,NA,NA,NA,NA,NA,NA,NA,NA,NA,2022-09-29T09:31:16Z,2022-09-30T00:14:39Z
42DC0936-0FB1-4F3D-8F18-75C36508D75E,A3433E98-1B20-4A59-B5AB-CAF41DAC05A6,Chinook,NA,Adult,AD,NA,NA,Released,1,Chinook_Adult_AD_Released,2022,9,39,313,NA,NA,No,1,313,Complete,07:00:00,12:13:00,E2652186-2446-4220-AE15-D0FFE517047F,2022-09-28,Nisqually River,District 11,Nisqually salmon 2022,BE1AA25F-64B5-4A65-BFE3-ADEB592EA125,NA,Gear,NA,NA,NA,NA,NA,NA,NA,NA,NA,NA,2022-09-28T12:13:57Z,2022-09-29T02:29:40Z
EBE262D3-A697-471D-B907-030C9DC5BA41,DA13DFC3-0D84-4D5B-9CAD-27B37B6799EF,Chinook,NA,Adult,UM,NA,NA,Released,1,Chinook_Adult_UM_Released,2022,9,39,108,NA,NA,No,2,216,Complete,06:30:00,08:18:00,706AB77A-C519-475B-8170-EE46774F0BD1,2022-09-28,Nisqually River,District 11,Nisqually salmon 2022,77089A01-4AE4-48BE-B036-6466528ABDE0,NA,Gear,NA,NA,NA,NA,NA,NA,NA,NA,NA,NA,2022-09-28T08:24:26Z,2022-09-28T23:59:40Z
EBE262D3-A697-471D-B907-030C9DC5BA41,3F610460-EF91-4FE9-819E-362A53EAD9D7,Chinook,NA,Adult,AD,NA,62,Kept,1,Chinook_Adult_AD_Kept,2022,9,39,108,NA,NA,No,2,216,Complete,06:30:00,08:18:00,706AB77A-C519-475B-8170-EE46774F0BD1,2022-09-28,Nisqually River,District 11,Nisqually salmon 2022,77089A01-4AE4-48BE-B036-6466528ABDE0,NA,Gear,NA,NA,NA,NA,NA,NA,NA,NA,NA,NA,2022-09-28T08:24:26Z,2022-09-28T23:59:40Z
EBE262D3-A697-471D-B907-030C9DC5BA41,A03997DB-5E49-47FB-A5EF-FE4B2A2ABA88,Chinook,NA,Adult,AD,NA,80,Kept,1,Chinook_Adult_AD_Kept,2022,9,39,108,NA,NA,No,2,216,Complete,06:30:00,08:18:00,706AB77A-C519-475B-8170-EE46774F0BD1,2022-09-28,Nisqually River,District 11,Nisqually salmon 2022,77089A01-4AE4-48BE-B036-6466528ABDE0,NA,Gear,NA,NA,NA,NA,NA,NA,NA,NA,NA,NA,2022-09-28T08:24:26Z,2022-09-28T23:59:40Z
C2BB14BF-AB52-456B-8858-D399BFD4CBFF,1B3DA3CC-9C39-44D2-A37D-65BE8E936C73,Chinook,NA,Adult,UM,NA,NA,Released,1,Chinook_Adult_UM_Released,2022,9,39,171,NA,NA,No,4,684,Complete,06:05:00,08:56:00,706AB77A-C519-475B-8170-EE46774F0BD1,2022-09-28,Nisqually River,District 11,Nisqually salmon 2022,FF73C921-CBDC-4D3C-AC73-87474DB04991,NA,Gear,NA,NA,NA,NA,NA,NA,NA,NA,NA,NA,2022-09-28T08:59:17Z,2022-09-28T23:59:40Z
D55FA417-CA0E-4338-B42D-4EDF3DCB7A47,4221274D-3E64-4549-8241-6DC107885034,Chinook,NA,Adult,UM,NA,NA,Released,1,Chinook_Adult_UM_Released,2022,9,39,98,NA,NA,No,1,98,Complete,07:30:00,09:08:00,706AB77A-C519-475B-8170-EE46774F0BD1,2022-09-28,Nisqually River,District 11,Nisqually salmon 2022,BDD866FD-EE2B-4A1B-96DE-6940A709B059,NA,Gear,NA,NA,NA,NA,NA,NA,NA,NA,NA,NA,2022-09-28T09:08:06Z,2022-09-28T23:59:40Z
5156F5F2-279E-4D85-A766-9451A5F99719,E2754117-EEC9-4154-8B54-AA914179BF6B,Chinook,NA,Jack,AD,NA,54,Kept,1,Chinook_Jack_AD_Kept,2022,9,39,214,NA,NA,No,1,214,Complete,07:00:00,10:34:00,706AB77A-C519-475B-8170-EE46774F0BD1,2022-09-28,Nisqually River,District 11,Nisqually salmon 2022,A21996DC-C754-4ACA-A1B1-F20AF38F5DE9,NA,Gear,NA,NA,NA,NA,NA,NA,NA,NA,NA,NA,2022-09-28T10:34:17Z,2022-09-28T23:59:40Z
5156F5F2-279E-4D85-A766-9451A5F99719,12505411-3701-45BE-8D1B-0BF81DE4506C,Chinook,NA,Jack,UM,NA,NA,Released,1,Chinook_Jack_UM_Released,2022,9,39,214,NA,NA,No,1,214,Complete,07:00:00,10:34:00,706AB77A-C519-475B-8170-EE46774F0BD1,2022-09-28,Nisqually River,District 11,Nisqually salmon 2022,A21996DC-C754-4ACA-A1B1-F20AF38F5DE9,NA,Gear,NA,NA,NA,NA,NA,NA,NA,NA,NA,NA,2022-09-28T10:34:17Z,2022-09-28T23:59:40Z
6443BD28-0ACA-4668-8E1C-68360DDDC7B3,A6D020E3-A841-4CD2-AC02-672A4CA0A6B5,Chinook,NA,Adult,AD,NA,66,Kept,1,Chinook_Adult_AD_Kept,2022,9,39,405,NA,NA,No,2,810,Complete,06:30:00,13:15:00,706AB77A-C519-475B-8170-EE46774F0BD1,2022-09-28,Nisqually River,District 11,Nisqually salmon 2022,3ADD4DC0-CBD4-4074-ACD1-C7443C298D24,NA,Gear,NA,NA,NA,NA,NA,NA,NA,NA,NA,NA,2022-09-28T13:17:18Z,2022-09-28T23:59:40Z
172071D6-CF06-4521-85BC-72658FEBCCD1,80B3F01A-16D5-4241-9B6E-BC3721D6653A,Chinook,NA,Adult,AD,NA,68,Kept,1,Chinook_Adult_AD_Kept,2022,9,39,435,NA,NA,No,1,435,Complete,06:05:00,13:20:00,706AB77A-C519-475B-8170-EE46774F0BD1,2022-09-28,Nisqually River,District 11,Nisqually salmon 2022,F5888C26-C649-4047-B589-6FA917F9DC77,NA,Gear,NA,NA,NA,NA,NA,NA,NA,NA,NA,NA,2022-09-28T13:20:20Z,2022-09-28T23:59:40Z
10A09192-CC65-4147-8CBD-C5C46D3FC8EF,605F3736-7FAC-43CE-ABCF-D05D2263FF9D,Chinook,NA,Adult,UM,NA,NA,Released,1,Chinook_Adult_UM_Released,2022,9,39,120,NA,NA,No,1,120,Complete,06:33:00,08:33:00,478345A9-B8C4-4FE2-82C2-ECB841F61FA5,2022-09-28,Nisqually River,District 11,Nisqually salmon 2022,607AE3BE-FEAA-47DD-92E7-BD478D340F50,NA,Gear,NA,NA,NA,NA,NA,NA,NA,NA,NA,NA,2022-09-28T08:34:06Z,2022-09-28T23:44:37Z
BAE7D1F9-F9B7-4BC6-9530-21CC5BBED6EA,D3A27416-D7A0-40B3-8D92-56BDE1D039A3,Chinook,NA,Adult,AD,NA,69,Kept,1,Chinook_Adult_AD_Kept,2022,9,39,165,NA,NA,No,1,165,Complete,06:05:00,08:50:00,478345A9-B8C4-4FE2-82C2-ECB841F61FA5,2022-09-28,Nisqually River,District 11,Nisqually salmon 2022,9378D18A-E6E2-4BC5-9E0E-EACF2BE17976,NA,Gear,NA,NA,NA,NA,NA,NA,NA,NA,NA,NA,2022-09-28T08:50:49Z,2022-09-28T23:44:37Z
0E2D044B-CD6D-4439-AA32-908580FB1778,CC1979B5-E071-4B44-AA91-AB822B5DB381,Chinook,NA,Adult,UM,NA,NA,Released,2,Chinook_Adult_UM_Released,2022,9,39,116,NA,NA,No,1,116,Complete,07:00:00,08:56:00,478345A9-B8C4-4FE2-82C2-ECB841F61FA5,2022-09-28,Nisqually River,District 11,Nisqually salmon 2022,090C61D3-0B62-44D4-8D14-054EBA615EF4,NA,Gear,NA,NA,NA,NA,NA,NA,NA,NA,NA,NA,2022-09-28T08:56:54Z,2022-09-28T23:44:37Z
73E484A1-342C-4196-818F-69C784E96370,0FF22A3D-6CE2-4435-8CD5-9FC3006D3741,Chinook,NA,Adult,AD,NA,69,Kept,1,Chinook_Adult_AD_Kept,2022,9,39,185,NA,NA,No,1,185,Complete,06:00:00,09:05:00,478345A9-B8C4-4FE2-82C2-ECB841F61FA5,2022-09-28,Nisqually River,District 11,Nisqually salmon 2022,F13DAA0E-9680-4F67-83CF-8FD8A0429354,NA,Gear,NA,NA,NA,NA,NA,NA,NA,NA,NA,NA,2022-09-28T09:01:38Z,2022-09-28T23:44:37Z
285DE8E5-AD57-4C71-AD8F-39CD9C1A30DC,2E6F5488-EA4C-47C7-B520-A83796D04329,Chinook,NA,Adult,UNK,NA,NA,Released,1,Chinook_Adult_UNK_Released,2022,9,39,398,NA,NA,No,1,398,Complete,06:06:00,12:44:00,478345A9-B8C4-4FE2-82C2-ECB841F61FA5,2022-09-28,Nisqually River,District 11,Nisqually salmon 2022,723F1C8A-4B96-4211-A7DE-12F26AEFE962,NA,Gear,NA,NA,NA,NA,NA,NA,NA,NA,NA,NA,2022-09-28T12:18:14Z,2022-09-28T23:44:37Z
DF24C33D-2F94-4561-AE86-9079FBC842E1,BC82AFF0-DCE6-4C90-9DFC-1982CF656435,Chinook,NA,Adult,AD,NA,63,Kept,1,Chinook_Adult_AD_Kept,2022,9,39,382,NA,NA,No,1,382,Complete,07:00:00,13:22:00,478345A9-B8C4-4FE2-82C2-ECB841F61FA5,2022-09-28,Nisqually River,District 11,Nisqually salmon 2022,46443E33-7A79-4D24-AF1C-D45CBCED43DF,NA,Gear,NA,NA,NA,NA,NA,NA,NA,NA,NA,NA,2022-09-28T13:22:50Z,2022-09-28T23:44:37Z
25F8DAD2-3968-42CB-9499-97DF56892A92,21B31D8B-CA25-4D9B-8107-99CD755D512D,Chinook,NA,Adult,AD,NA,83,Kept,1,Chinook_Adult_AD_Kept,2022,9,39,120,NA,NA,No,4,480,Complete,12:58:00,14:58:00,478345A9-B8C4-4FE2-82C2-ECB841F61FA5,2022-09-28,Nisqually River,District 11,Nisqually salmon 2022,70BA3D31-9D61-424E-B664-77544D1A5D60,NA,Gear,NA,NA,NA,NA,NA,NA,NA,NA,NA,NA,2022-09-28T14:58:26Z,2023-01-03T18:31:02Z
8650938C-6637-403F-9BE5-429394024DA5,DA76610B-FC30-4054-9947-D74843AC8EA5,Chinook,NA,Jack,AD,NA,NA,Released,1,Chinook_Jack_AD_Released,2022,9,39,277,NA,NA,No,1,277,Complete,06:00:00,10:37:00,4BFF39E7-7CBE-4EA9-947C-992DF239ECED,2022-09-24,Nisqually River,District 11,Nisqually salmon 2022,288FC408-6068-4A1A-8C6E-981280C4473E,NA,Gear,NA,NA,NA,NA,NA,NA,NA,NA,NA,NA,2022-09-24T10:39:52Z,2022-12-11T07:04:14Z
E092AAC1-7F00-4714-A56A-096133CCB2D4,246F8FB2-48E3-4971-8746-80B78BB1943E,Chinook,NA,Adult,AD,NA,NA,Released,1,Chinook_Adult_AD_Released,2022,9,39,73,NA,NA,No,1,73,Complete,09:30:00,10:43:00,NA,NA,NA,NA,NA,NA,NA,NA,NA,NA,NA,NA,NA,NA,NA,NA,NA,NA,NA,NA
3FBA9E3C-EB09-4EE1-9C2D-1F0B5A649F4B,6C1FA5EC-BD69-404D-BE6A-1ECB61384730,Chinook,NA,Adult,AD,NA,NA,Released,1,Chinook_Adult_AD_Released,2022,9,39,260,NA,NA,No,1,260,Complete,06:30:00,10:50:00,4BFF39E7-7CBE-4EA9-947C-992DF239ECED,2022-09-24,Nisqually River,District 11,Nisqually salmon 2022,37F43AB0-C401-4C4B-BE7C-99505A53C775,NA,Gear,NA,NA,NA,NA,NA,NA,NA,NA,NA,NA,2022-09-24T10:50:51Z,2022-09-25T02:44:33Z
94280C93-E2B5-4160-A596-7A5511908EF1,E7F309AE-C732-49D9-B1B0-EFC8E3055764,Chinook,NA,Adult,UM,NA,NA,Released,1,Chinook_Adult_UM_Released,2022,9,39,291,NA,NA,No,1,291,Complete,06:00:00,10:51:00,4BFF39E7-7CBE-4EA9-947C-992DF239ECED,2022-09-24,Nisqually River,District 11,Nisqually salmon 2022,73BE7868-C138-4931-B22D-DC2DE29A79ED,NA,Gear,NA,NA,NA,NA,NA,NA,NA,NA,NA,NA,2022-09-24T10:51:42Z,2022-09-25T02:44:33Z
0A29CA66-7D1D-4B55-95B1-C9DED03AF467,B9C94265-E44C-4A7F-A74D-277F3754BAE3,Chinook,NA,Adult,AD,NA,66,Kept,1,Chinook_Adult_AD_Kept,2022,9,39,294,NA,NA,No,2,588,Complete,06:30:00,11:24:00,4BFF39E7-7CBE-4EA9-947C-992DF239ECED,2022-09-24,Nisqually River,District 11,Nisqually salmon 2022,94027F0B-E642-4691-A80F-5C747C9A3158,NA,Gear,NA,NA,NA,NA,NA,NA,NA,NA,NA,NA,2022-09-24T11:24:24Z,2022-09-25T02:44:33Z
57BD9C44-ABC7-4AB6-89C7-DF2D08B0D55F,1B665383-766D-4DAF-9ECE-8313D4C05D06,Chinook,NA,Adult,UM,NA,NA,Released,1,Chinook_Adult_UM_Released,2022,9,39,301,NA,NA,No,1,301,Complete,07:00:00,12:01:00,4BFF39E7-7CBE-4EA9-947C-992DF239ECED,2022-09-24,Nisqually River,District 11,Nisqually salmon 2022,24879D8E-1A69-44AD-A35A-79B6331848C2,NA,Gear,NA,NA,NA,NA,NA,NA,NA,NA,NA,NA,2022-09-24T12:01:04Z,2022-09-25T02:44:33Z
83670AE9-5369-44A3-9B9A-63A5A7244B5B,9EC4AF6F-D764-4E66-AC54-4D7E18320487,Chinook,NA,Adult,UNK,NA,NA,Released,1,Chinook_Adult_UNK_Released,2022,9,39,301,NA,NA,No,1,301,Complete,07:00:00,12:01:00,4BFF39E7-7CBE-4EA9-947C-992DF239ECED,2022-09-24,Nisqually River,District 11,Nisqually salmon 2022,B50CB7E6-F215-46E8-BB70-840E8692B7FA,NA,Gear,NA,NA,NA,NA,NA,NA,NA,NA,NA,NA,2022-09-24T12:02:59Z,2022-09-25T02:44:33Z
B312DB7C-9191-42AE-A63D-B884B7C620B5,C325CC8A-7340-4B9C-A81F-45E0277C5ABB,Chinook,NA,Adult,UM,NA,NA,Released,1,Chinook_Adult_UM_Released,2022,9,39,304,NA,NA,No,1,304,Complete,07:00:00,12:04:00,4BFF39E7-7CBE-4EA9-947C-992DF239ECED,2022-09-24,Nisqually River,District 11,Nisqually salmon 2022,7737801F-2918-42CA-975E-0983E677A92B,NA,Gear,NA,NA,NA,NA,NA,NA,NA,NA,NA,NA,2022-09-24T12:04:57Z,2022-09-25T02:44:33Z
7E7F6F21-4D71-4DD9-AA08-2683B516F16B,7A5B9DD7-4C64-4A91-9E84-7ADFBD13B501,Chinook,NA,Adult,AD,NA,73,Kept,1,Chinook_Adult_AD_Kept,2022,9,39,274,NA,NA,No,1,274,Complete,08:00:00,12:34:00,4BFF39E7-7CBE-4EA9-947C-992DF239ECED,2022-09-24,Nisqually River,District 11,Nisqually salmon 2022,C70D5A01-222F-4054-B557-7BBCBD6254F1,NA,Gear,NA,NA,NA,NA,NA,NA,NA,NA,NA,NA,2022-09-24T12:35:24Z,2022-09-25T02:44:33Z
7E7F6F21-4D71-4DD9-AA08-2683B516F16B,4300EE67-EAEA-4133-96EA-124F0E143E5A,Chinook,NA,Adult,UM,NA,NA,Released,1,Chinook_Adult_UM_Released,2022,9,39,274,NA,NA,No,1,274,Complete,08:00:00,12:34:00,4BFF39E7-7CBE-4EA9-947C-992DF239ECED,2022-09-24,Nisqually River,District 11,Nisqually salmon 2022,C70D5A01-222F-4054-B557-7BBCBD6254F1,NA,Gear,NA,NA,NA,NA,NA,NA,NA,NA,NA,NA,2022-09-24T12:35:24Z,2022-09-25T02:44:33Z
8653C8E6-B3C5-482C-AD74-3DA796F553C4,607ED12C-F390-46A6-B57C-10A8F3446A8A,Chinook,NA,Jack,UNK,NA,NA,Released,2,Chinook_Jack_UNK_Released,2022,9,39,423,NA,NA,No,1,423,Complete,06:00:00,13:03:00,4BFF39E7-7CBE-4EA9-947C-992DF239ECED,2022-09-24,Nisqually River,District 11,Nisqually salmon 2022,53ECFC40-B48B-4A1E-B905-3CBA35484ECA,NA,Gear,NA,NA,NA,NA,NA,NA,NA,NA,NA,NA,2022-09-24T13:03:28Z,2022-09-25T02:44:33Z
8653C8E6-B3C5-482C-AD74-3DA796F553C4,BD14F2FE-BAED-41D0-B5ED-740F08F58288,Chinook,NA,Adult,UNK,NA,NA,Released,3,Chinook_Adult_UNK_Released,2022,9,39,423,NA,NA,No,1,423,Complete,06:00:00,13:03:00,4BFF39E7-7CBE-4EA9-947C-992DF239ECED,2022-09-24,Nisqually River,District 11,Nisqually salmon 2022,53ECFC40-B48B-4A1E-B905-3CBA35484ECA,NA,Gear,NA,NA,NA,NA,NA,NA,NA,NA,NA,NA,2022-09-24T13:03:28Z,2022-09-25T02:44:33Z
A726DB93-F455-4DA7-9347-E15274B68308,6E356C52-C108-4EF1-9A4C-6AC4A35C1A69,Chinook,NA,Adult,AD,NA,NA,Released,1,Chinook_Adult_AD_Released,2022,9,39,436,NA,NA,No,1,436,Complete,06:00:00,13:16:00,4BFF39E7-7CBE-4EA9-947C-992DF239ECED,2022-09-24,Nisqually River,District 11,Nisqually salmon 2022,EF9102F2-D11A-4570-9E3C-B8BF70193D05,NA,Gear,NA,NA,NA,NA,NA,NA,NA,NA,NA,NA,2022-09-24T13:16:48Z,2022-09-25T02:44:33Z
F3436E5F-BE00-4CD0-BC3A-99C5322F8EFC,BBC1A3F6-23E1-4F84-80C1-E5EFE1820498,Chinook,NA,Adult,AD,NA,NA,Released,1,Chinook_Adult_AD_Released,2022,9,39,224,NA,NA,No,1,224,Complete,10:00:00,13:44:00,4BFF39E7-7CBE-4EA9-947C-992DF239ECED,2022-09-24,Nisqually River,District 11,Nisqually salmon 2022,2F966C50-C42F-4558-ACC9-9615678EFAF1,NA,Gear,NA,NA,NA,NA,NA,NA,NA,NA,NA,NA,2022-09-24T13:44:46Z,2022-09-25T02:44:33Z
FEC4B6B7-A3D6-465E-8BA0-BF94FE8C0414,A18AB67B-3782-4F84-8D44-9F685058EC12,Chinook,NA,Adult,AD,NA,62,Kept,1,Chinook_Adult_AD_Kept,2022,9,39,546,NA,NA,No,1,546,Complete,06:00:00,15:06:00,4BFF39E7-7CBE-4EA9-947C-992DF239ECED,2022-09-24,Nisqually River,District 11,Nisqually salmon 2022,3558D076-F3ED-4330-9C55-876A3B7375D3,NA,Gear,NA,NA,NA,NA,NA,NA,NA,NA,NA,NA,2022-09-24T15:08:06Z,2022-09-25T02:44:33Z
312B2879-8998-4185-AB0C-57C4ED42C154,CCDFAE11-D4FE-4233-8D0E-6810646971EA,Chinook,NA,Jack,AD,NA,NA,Released,1,Chinook_Jack_AD_Released,2022,9,39,561,NA,NA,No,1,561,Complete,06:00:00,15:21:00,4BFF39E7-7CBE-4EA9-947C-992DF239ECED,2022-09-24,Nisqually River,District 11,Nisqually salmon 2022,8150ED13-DCE9-4504-B490-44C2965D730A,NA,Gear,NA,NA,NA,NA,NA,NA,NA,NA,NA,NA,2022-09-24T15:21:23Z,2022-09-25T02:44:33Z
312B2879-8998-4185-AB0C-57C4ED42C154,B4944222-068A-4706-A631-8BDA260FC837,Chinook,NA,Adult,AD,NA,60,Kept,1,Chinook_Adult_AD_Kept,2022,9,39,561,NA,NA,No,1,561,Complete,06:00:00,15:21:00,4BFF39E7-7CBE-4EA9-947C-992DF239ECED,2022-09-24,Nisqually River,District 11,Nisqually salmon 2022,8150ED13-DCE9-4504-B490-44C2965D730A,NA,Gear,NA,NA,NA,NA,NA,NA,NA,NA,NA,NA,2022-09-24T15:21:23Z,2022-09-25T02:44:33Z
312B2879-8998-4185-AB0C-57C4ED42C154,47A90C39-CE8E-42EE-A4A5-5426EF50409A,Chinook,NA,Adult,AD,NA,NA,Released,4,Chinook_Adult_AD_Released,2022,9,39,561,NA,NA,No,1,561,Complete,06:00:00,15:21:00,4BFF39E7-7CBE-4EA9-947C-992DF239ECED,2022-09-24,Nisqually River,District 11,Nisqually salmon 2022,8150ED13-DCE9-4504-B490-44C2965D730A,NA,Gear,NA,NA,NA,NA,NA,NA,NA,NA,NA,NA,2022-09-24T15:21:23Z,2022-09-25T02:44:33Z
07752B64-C0C0-4AE0-A239-CC9B052E0B58,351FDD50-4846-482D-9134-0819BB47518F,Chinook,NA,Adult,AD,NA,66,Kept,1,Chinook_Adult_AD_Kept,2022,9,39,81,NA,NA,No,1,81,Complete,14:30:00,15:51:00,4BFF39E7-7CBE-4EA9-947C-992DF239ECED,2022-09-24,Nisqually River,District 11,Nisqually salmon 2022,E335116B-B7BD-4C4F-826C-3ABBBF0A4942,NA,Gear,NA,NA,NA,NA,NA,NA,NA,NA,NA,NA,2022-09-24T15:52:00Z,2022-09-25T02:44:33Z
F6A14824-9335-4708-BFA1-0935FB3D79D5,93D81E44-BFE9-47A5-B59E-3BCBFA6187E8,Chinook,NA,Adult,UNK,NA,NA,Released,4,Chinook_Adult_UNK_Released,2022,9,39,280,NA,NA,No,1,280,Complete,12:00:00,16:40:00,4BFF39E7-7CBE-4EA9-947C-992DF239ECED,2022-09-24,Nisqually River,District 11,Nisqually salmon 2022,7B37978D-32B5-45BF-A0FB-71D3F8206E5B,NA,Gear,NA,NA,NA,NA,NA,NA,NA,NA,NA,NA,2022-09-24T16:40:28Z,2022-09-25T02:44:33Z
63926771-BB3A-45A6-89D3-CC0D92F8BCF1,A2E3CF62-F57A-4332-8FD7-BF1205BA6F9D,Chinook,NA,Adult,AD,NA,74,Kept,1,Chinook_Adult_AD_Kept,2022,9,39,147,NA,NA,No,1,147,Complete,09:00:00,11:27:00,EE9BEFD3-9062-4DC3-BB0E-59F2E613CF17,2022-09-24,Nisqually River,District 11,Nisqually salmon 2022,D385F068-E8AC-4177-AA79-3A6D3B9A531B,NA,Gear,NA,NA,NA,NA,NA,NA,NA,NA,NA,NA,2022-09-24T11:28:05Z,2022-09-25T02:29:36Z
595D9F78-8C05-48B4-8DA6-68806DBDA1CB,466826F5-D56D-4130-BD5A-3064DE9F746E,Chinook,NA,Adult,AD,NA,70,Kept,1,Chinook_Adult_AD_Kept,2022,9,39,297,NA,NA,No,1,297,Complete,06:45:00,11:42:00,EE9BEFD3-9062-4DC3-BB0E-59F2E613CF17,2022-09-24,Nisqually River,District 11,Nisqually salmon 2022,C179E6E9-C788-4BA4-AA37-7A1007A0C645,NA,Gear,NA,NA,NA,NA,NA,NA,NA,NA,NA,NA,2022-09-24T11:43:01Z,2022-09-25T02:29:36Z
4504124F-5037-40E8-8260-20EE60181DFC,79AE5620-BA89-4DCE-A363-7A16BE4154A1,Chinook,NA,Adult,AD,NA,62,Kept,1,Chinook_Adult_AD_Kept,2022,9,39,623,NA,NA,No,1,623,Complete,05:30:00,15:53:00,EE9BEFD3-9062-4DC3-BB0E-59F2E613CF17,2022-09-24,Nisqually River,District 11,Nisqually salmon 2022,CBB3E59C-D83B-426F-A271-286B8383984F,NA,Gear,NA,NA,NA,NA,NA,NA,NA,NA,NA,NA,2022-09-24T15:54:19Z,2022-09-25T02:29:36Z
4504124F-5037-40E8-8260-20EE60181DFC,57981128-96D8-4738-84CA-A5420F45311B,Chinook,NA,Adult,AD,NA,63,Kept,1,Chinook_Adult_AD_Kept,2022,9,39,623,NA,NA,No,1,623,Complete,05:30:00,15:53:00,EE9BEFD3-9062-4DC3-BB0E-59F2E613CF17,2022-09-24,Nisqually River,District 11,Nisqually salmon 2022,CBB3E59C-D83B-426F-A271-286B8383984F,NA,Gear,NA,NA,NA,NA,NA,NA,NA,NA,NA,NA,2022-09-24T15:54:19Z,2022-09-25T02:29:36Z
3E0DB9BE-2C5A-4C64-82D6-BF98D0131B3F,8A70BC69-1C07-4725-B12E-6C9312664205,Chinook,NA,Jack,AD,NA,58,Kept,1,Chinook_Jack_AD_Kept,2022,9,39,593,NA,NA,No,1,593,Complete,06:30:00,16:23:00,EE9BEFD3-9062-4DC3-BB0E-59F2E613CF17,2022-09-24,Nisqually River,District 11,Nisqually salmon 2022,3D9C6B6B-82C5-49C7-B37C-7B69059DA97A,NA,Gear,NA,NA,NA,NA,NA,NA,NA,NA,NA,NA,2022-09-24T16:24:36Z,2022-12-11T07:06:23Z
56BB9C0F-DC7A-4B89-A71A-BB4ABE382107,D847CE76-467A-4A49-BF98-3DA9A262C0DF,Chinook,NA,Jack,AD,NA,54,Kept,1,Chinook_Jack_AD_Kept,2022,9,39,80,NA,NA,No,1,80,Complete,15:20:00,16:40:00,EE9BEFD3-9062-4DC3-BB0E-59F2E613CF17,2022-09-24,Nisqually River,District 11,Nisqually salmon 2022,9997C44C-6110-492D-B0E8-7F9B036A84EC,NA,Gear,NA,NA,NA,NA,NA,NA,NA,NA,NA,NA,2022-09-24T16:40:23Z,2022-09-25T02:29:36Z
4EA2EF8D-8A43-4561-8EAE-CF2C94961309,F8CCFEE3-2032-47F0-8379-9983EC7E983D,Chinook,NA,Adult,AD,NA,NA,Released,1,Chinook_Adult_AD_Released,2022,9,39,481,NA,NA,No,3,1443,Complete,10:00:00,18:01:00,EE9BEFD3-9062-4DC3-BB0E-59F2E613CF17,2022-09-24,Nisqually River,District 11,Nisqually salmon 2022,0A6906E9-7733-468A-AC9F-4BDCE58FF0DF,NA,Gear,NA,NA,NA,NA,NA,NA,NA,NA,NA,NA,2022-09-24T18:02:03Z,2023-01-03T22:00:32Z
4EA2EF8D-8A43-4561-8EAE-CF2C94961309,9F0DD89F-8754-43A4-80C7-8259B48845A2,Chinook,NA,Jack,UNK,NA,NA,Released,1,Chinook_Jack_UNK_Released,2022,9,39,481,NA,NA,No,3,1443,Complete,10:00:00,18:01:00,EE9BEFD3-9062-4DC3-BB0E-59F2E613CF17,2022-09-24,Nisqually River,District 11,Nisqually salmon 2022,0A6906E9-7733-468A-AC9F-4BDCE58FF0DF,NA,Gear,NA,NA,NA,NA,NA,NA,NA,NA,NA,NA,2022-09-24T18:02:03Z,2023-01-03T22:00:32Z
80B87748-0579-458B-8744-5342197515B0,BAC0C217-D27E-4F8E-9D74-DEED9F6A47AB,Chinook,NA,Adult,AD,NA,81,Kept,1,Chinook_Adult_AD_Kept,2022,9,39,151,NA,NA,No,1,151,Complete,07:30:00,10:01:00,CC0163F7-A12E-4904-B194-ECD489201C65,2022-09-24,Nisqually River,District 11,Nisqually salmon 2022,F59B7D32-62DF-4FF2-BE34-5116FE6B4772,NA,Gear,NA,NA,NA,NA,NA,NA,NA,NA,NA,NA,2022-09-24T10:03:01Z,2022-09-25T00:14:31Z
8D4BC8E2-E5A1-4543-A613-EEA277D3ADD9,7F559A4C-E3E3-4333-A061-31AF788D1EB3,Chinook,NA,Adult,UM,NA,NA,Released,2,Chinook_Adult_UM_Released,2022,9,39,277,NA,NA,No,1,277,Complete,06:00:00,10:37:00,CC0163F7-A12E-4904-B194-ECD489201C65,2022-09-24,Nisqually River,District 11,Nisqually salmon 2022,AD618163-C5A5-4512-A35A-22B758AB2D83,NA,Gear,NA,NA,NA,NA,NA,NA,NA,NA,NA,NA,2022-09-24T10:37:37Z,2022-09-25T00:14:31Z
4DBEE4C8-C698-4101-AF8C-BEB6F2CFFE10,86FD7FC3-6F34-4649-98EC-0797C663D7FF,Chinook,NA,Adult,AD,NA,81,Kept,1,Chinook_Adult_AD_Kept,2022,9,39,767,NA,NA,No,2,1534,Complete,00:00:00,12:47:00,CC0163F7-A12E-4904-B194-ECD489201C65,2022-09-24,Nisqually River,District 11,Nisqually salmon 2022,7C7C3370-AC57-4F70-B01F-018C3201689F,NA,Gear,NA,NA,NA,NA,NA,NA,NA,NA,NA,NA,2022-09-24T12:48:01Z,2022-09-25T00:14:31Z
61014A11-50B1-44B9-AE14-01C10A7352E8,BF9E2593-A05D-477B-893C-38CBDA53C5DA,Chinook,NA,Adult,AD,NA,65,Kept,1,Chinook_Adult_AD_Kept,2022,9,39,496,NA,NA,No,1,496,Complete,06:00:00,14:16:00,CC0163F7-A12E-4904-B194-ECD489201C65,2022-09-24,Nisqually River,District 11,Nisqually salmon 2022,5769AE20-CD05-4551-B0B2-F3EFC3ECF61F,NA,Gear,NA,NA,NA,NA,NA,NA,NA,NA,NA,NA,2022-09-24T14:16:27Z,2022-09-25T00:14:31Z
E54D0A98-1F09-4196-BE1C-8CF499094A13,4AC8BA74-BF70-4C39-82AA-AA4AD9F82B61,Chinook,NA,Jack,UM,NA,NA,Released,1,Chinook_Jack_UM_Released,2022,9,39,489,NA,NA,No,1,489,Complete,07:00:00,15:09:00,CC0163F7-A12E-4904-B194-ECD489201C65,2022-09-24,Nisqually River,District 11,Nisqually salmon 2022,6FA32F1F-4F58-4819-838D-2351918CEA31,NA,Gear,NA,NA,NA,NA,NA,NA,NA,NA,NA,NA,2022-09-24T15:09:15Z,2022-09-25T00:14:31Z
6A0C86FC-247C-43A5-AEAF-4C87BE844855,28FEFF2C-B331-423C-AF78-AE9D9CB9A07D,Chinook,NA,Jack,AD,NA,59,Kept,1,Chinook_Jack_AD_Kept,2022,9,39,224,NA,NA,No,1,224,Complete,12:00:00,15:44:00,CC0163F7-A12E-4904-B194-ECD489201C65,2022-09-24,Nisqually River,District 11,Nisqually salmon 2022,C6401F70-C521-4BAE-8BD5-681356FBB43E,NA,Gear,NA,NA,NA,NA,NA,NA,NA,NA,NA,NA,2022-09-24T15:44:50Z,2022-09-25T00:14:31Z
6A0C86FC-247C-43A5-AEAF-4C87BE844855,C7A22C33-5A45-4615-AC29-3534465E81C0,Chinook,NA,Jack,AD,NA,51,Kept,1,Chinook_Jack_AD_Kept,2022,9,39,224,NA,NA,No,1,224,Complete,12:00:00,15:44:00,CC0163F7-A12E-4904-B194-ECD489201C65,2022-09-24,Nisqually River,District 11,Nisqually salmon 2022,C6401F70-C521-4BAE-8BD5-681356FBB43E,NA,Gear,NA,NA,NA,NA,NA,NA,NA,NA,NA,NA,2022-09-24T15:44:50Z,2022-09-25T00:14:31Z
6155ADBE-50DA-43D1-869A-417C0FAE3F21,0B767E47-14DF-4749-9C82-09953B20A662,Chinook,NA,Adult,AD,NA,68,Kept,1,Chinook_Adult_AD_Kept,2022,9,38,93,NA,NA,No,2,186,Complete,10:00:00,11:33:00,26C07673-6A3E-4198-BF4F-E300A186C786,2022-09-23,Nisqually River,District 11,Nisqually salmon 2022,24CCD056-6FD4-4E58-8FED-868BC3B8AAF6,NA,Gear,NA,NA,NA,NA,NA,NA,NA,NA,NA,NA,2022-09-23T11:33:47Z,2022-09-24T02:29:32Z
283EEDA4-7CCF-4891-92A5-5B08626772CD,5E470AD6-EAB0-468D-B239-B84182296736,Chinook,NA,Adult,UM,NA,NA,Released,1,Chinook_Adult_UM_Released,2022,9,38,221,NA,NA,No,3,663,Complete,09:30:00,13:11:00,26C07673-6A3E-4198-BF4F-E300A186C786,2022-09-23,Nisqually River,District 11,Nisqually salmon 2022,AFD78E02-793C-4E1F-8798-0A6E5CD64082,NA,Gear,NA,NA,NA,NA,NA,NA,NA,NA,NA,NA,2022-09-23T13:12:31Z,2022-09-24T02:29:32Z
283EEDA4-7CCF-4891-92A5-5B08626772CD,4B6E59A0-2BDE-4FD5-93E2-6F4755B82070,Chinook,NA,Adult,AD,NA,68,Kept,1,Chinook_Adult_AD_Kept,2022,9,38,221,NA,NA,No,3,663,Complete,09:30:00,13:11:00,26C07673-6A3E-4198-BF4F-E300A186C786,2022-09-23,Nisqually River,District 11,Nisqually salmon 2022,AFD78E02-793C-4E1F-8798-0A6E5CD64082,NA,Gear,NA,NA,NA,NA,NA,NA,NA,NA,NA,NA,2022-09-23T13:12:31Z,2022-09-24T02:29:32Z
D2C7FAF2-C12B-458D-8F50-C482EDA84A98,607DEAF1-3DC8-4FA2-AE80-CA42B1AB3CA3,Chinook,NA,Adult,UNK,NA,NA,Released,1,Chinook_Adult_UNK_Released,2022,9,38,202,NA,NA,No,1,202,Complete,13:15:00,16:37:00,26C07673-6A3E-4198-BF4F-E300A186C786,2022-09-23,Nisqually River,District 11,Nisqually salmon 2022,C9501C37-5BE6-4735-A2E0-5DB699BEF51F,NA,Gear,NA,NA,NA,NA,NA,NA,NA,NA,NA,NA,2022-09-23T16:37:55Z,2022-09-24T02:29:32Z
A2B6D51C-90A6-4EE5-A457-5195BD8D1EE8,5B51E16C-B60B-4A17-8300-24BDC51E4B16,Chinook,NA,Jack,AD,NA,39,Kept,1,Chinook_Jack_AD_Kept,2022,9,38,241,NA,NA,No,1,241,Complete,13:15:00,17:16:00,26C07673-6A3E-4198-BF4F-E300A186C786,2022-09-23,Nisqually River,District 11,Nisqually salmon 2022,7D52DE9E-F06C-4DEE-A0FC-A17AD810A534,NA,Gear,NA,NA,NA,NA,NA,NA,NA,NA,NA,NA,2022-09-23T17:16:20Z,2022-09-24T02:29:32Z
A2B6D51C-90A6-4EE5-A457-5195BD8D1EE8,1F8F3892-D5E0-41FF-8102-4153401D2111,Chinook,NA,Adult,AD,NA,60,Kept,1,Chinook_Adult_AD_Kept,2022,9,38,241,NA,NA,No,1,241,Complete,13:15:00,17:16:00,26C07673-6A3E-4198-BF4F-E300A186C786,2022-09-23,Nisqually River,District 11,Nisqually salmon 2022,7D52DE9E-F06C-4DEE-A0FC-A17AD810A534,NA,Gear,NA,NA,NA,NA,NA,NA,NA,NA,NA,NA,2022-09-23T17:16:20Z,2022-09-24T02:29:32Z
16EE942A-3C63-410F-AE6D-150F59022A38,AE40BA53-05DF-4003-BCD0-691CDD3961DE,Chinook,NA,Adult,AD,NA,NA,Released,1,Chinook_Adult_AD_Released,2022,9,38,251,NA,NA,No,1,251,Complete,06:36:00,10:47:00,34F98B52-BCEF-4FD7-967D-5DBFDF108256,2022-09-23,Nisqually River,District 11,Nisqually salmon 2022,616282E5-48BA-42DE-9B5D-66C7685784C4,NA,Gear,NA,NA,NA,NA,NA,NA,NA,NA,NA,NA,2022-09-23T10:47:51Z,2022-09-24T02:44:29Z
DBCC0C98-1301-455A-B76F-FF5E6B148ED5,8E94B756-E5AD-4AFF-B417-FC8F6D479526,Chinook,NA,Adult,AD,NA,NA,Released,1,Chinook_Adult_AD_Released,2022,9,38,0,NA,NA,No,1,0,Complete,06:30:00,06:30:00,34F98B52-BCEF-4FD7-967D-5DBFDF108256,2022-09-23,Nisqually River,District 11,Nisqually salmon 2022,892BB6E2-93E4-4B35-BE52-F63C9D37C2AF,NA,Gear,NA,NA,NA,NA,NA,NA,NA,NA,NA,NA,2022-09-23T11:20:29Z,2022-09-24T02:44:29Z
4D5332A6-ECB8-4548-BFB2-4C732A2138CF,4A12D8DC-D3F6-4BDF-9422-CAFCA8909785,Chinook,NA,Adult,AD,NA,63,Kept,1,Chinook_Adult_AD_Kept,2022,9,38,304,NA,NA,No,1,304,Complete,06:30:00,11:34:00,34F98B52-BCEF-4FD7-967D-5DBFDF108256,2022-09-23,Nisqually River,District 11,Nisqually salmon 2022,761AF77C-FA27-4566-8D3C-D61633F73072,NA,Gear,NA,NA,NA,NA,NA,NA,NA,NA,NA,NA,2022-09-23T11:30:51Z,2022-09-24T02:44:29Z
9686530F-051C-481A-A985-3555522D8E8D,4B113483-5844-49CC-B5FB-5F62FCABA9CD,Chinook,NA,Adult,AD,NA,71,Kept,1,Chinook_Adult_AD_Kept,2022,9,38,354,NA,NA,No,2,708,Complete,06:24:00,12:18:00,34F98B52-BCEF-4FD7-967D-5DBFDF108256,2022-09-23,Nisqually River,District 11,Nisqually salmon 2022,323F0380-BB7E-4D43-8F96-316688C3789B,NA,Gear,NA,NA,NA,NA,NA,NA,NA,NA,NA,NA,2022-09-23T12:18:18Z,2022-09-24T02:44:29Z
9686530F-051C-481A-A985-3555522D8E8D,25762274-262D-46DB-AC49-DC889F1DB0DC,Chinook,NA,Jack,AD,NA,59,Kept,1,Chinook_Jack_AD_Kept,2022,9,38,354,NA,NA,No,2,708,Complete,06:24:00,12:18:00,34F98B52-BCEF-4FD7-967D-5DBFDF108256,2022-09-23,Nisqually River,District 11,Nisqually salmon 2022,323F0380-BB7E-4D43-8F96-316688C3789B,NA,Gear,NA,NA,NA,NA,NA,NA,NA,NA,NA,NA,2022-09-23T12:18:18Z,2022-09-24T02:44:29Z
9686530F-051C-481A-A985-3555522D8E8D,78835989-3911-48C2-9A8F-0AD20C8E89FD,Chinook,NA,Adult,AD,NA,69,Kept,1,Chinook_Adult_AD_Kept,2022,9,38,354,NA,NA,No,2,708,Complete,06:24:00,12:18:00,34F98B52-BCEF-4FD7-967D-5DBFDF108256,2022-09-23,Nisqually River,District 11,Nisqually salmon 2022,323F0380-BB7E-4D43-8F96-316688C3789B,NA,Gear,NA,NA,NA,NA,NA,NA,NA,NA,NA,NA,2022-09-23T12:18:18Z,2022-09-24T02:44:29Z
583290FF-9C0F-4F53-9B9D-F6BBFAD5BCCD,1692F8C7-101A-417D-90B9-391552118FB6,Chinook,NA,Adult,AD,NA,68,Kept,1,Chinook_Adult_AD_Kept,2022,9,38,390,NA,NA,No,1,390,Complete,06:00:00,12:30:00,34F98B52-BCEF-4FD7-967D-5DBFDF108256,2022-09-23,Nisqually River,District 11,Nisqually salmon 2022,BCE5B71E-76DD-4C2E-BD1B-D66A67B15387,NA,Gear,NA,NA,NA,NA,NA,NA,NA,NA,NA,NA,2022-09-23T12:31:00Z,2022-09-24T02:44:29Z
E7F30D6E-5FB4-45B0-8D03-5DFCE1CD7852,F70B7FD9-DCC5-40C7-99EF-07A05D4CD37E,Chinook,NA,Jack,AD,NA,53,Kept,1,Chinook_Jack_AD_Kept,2022,9,38,398,NA,NA,No,1,398,Complete,06:30:00,13:08:00,34F98B52-BCEF-4FD7-967D-5DBFDF108256,2022-09-23,Nisqually River,District 11,Nisqually salmon 2022,05359D66-CEEC-493C-A4FE-09DD451BA1D9,NA,Gear,NA,NA,NA,NA,NA,NA,NA,NA,NA,NA,2022-09-23T13:08:41Z,2022-09-24T02:44:29Z
E7F30D6E-5FB4-45B0-8D03-5DFCE1CD7852,C67C6025-2FD3-480B-A990-D59FCD98B917,Chinook,NA,Jack,AD,NA,54,Kept,1,Chinook_Jack_AD_Kept,2022,9,38,398,NA,NA,No,1,398,Complete,06:30:00,13:08:00,34F98B52-BCEF-4FD7-967D-5DBFDF108256,2022-09-23,Nisqually River,District 11,Nisqually salmon 2022,05359D66-CEEC-493C-A4FE-09DD451BA1D9,NA,Gear,NA,NA,NA,NA,NA,NA,NA,NA,NA,NA,2022-09-23T13:08:41Z,2022-09-24T02:44:29Z
920AC606-016D-482B-8386-26844148C2C8,E680846B-28F0-4E3B-86EF-E059DE890215,Chinook,NA,Adult,AD,NA,68,Kept,1,Chinook_Adult_AD_Kept,2022,9,38,372,NA,NA,No,1,372,Complete,07:00:00,13:12:00,34F98B52-BCEF-4FD7-967D-5DBFDF108256,2022-09-23,Nisqually River,District 11,Nisqually salmon 2022,24DA3517-CDD3-4597-8938-D3444F7D277B,NA,Gear,NA,NA,NA,NA,NA,NA,NA,NA,NA,NA,2022-09-23T13:12:44Z,2022-09-24T02:44:29Z
C9FF9744-141C-44E8-9DEE-DB85EB6F4A3A,A4BCD4BD-1624-471A-B66B-5B4361ABF46A,Chinook,NA,Adult,AD,NA,81,Kept,1,Chinook_Adult_AD_Kept,2022,9,38,105,NA,NA,No,1,105,Complete,06:00:00,07:45:00,AEA855DC-439A-495F-AFFB-D2662C9C9BFF,2022-09-23,Nisqually River,District 11,Nisqually salmon 2022,7D0860EC-2269-4FED-97B2-45BDF2897019,NA,Gear,NA,NA,NA,NA,NA,NA,NA,NA,NA,NA,2022-09-23T07:45:54Z,2022-09-24T00:14:49Z
32E4FFF2-DFFE-4679-974F-E905A5B52E67,BC24D608-B28F-45A6-B0FE-5D24D269CD84,Chinook,NA,Jack,AD,NA,51,Kept,1,Chinook_Jack_AD_Kept,2022,9,38,124,NA,NA,No,1,124,Complete,06:10:00,08:14:00,AEA855DC-439A-495F-AFFB-D2662C9C9BFF,2022-09-23,Nisqually River,District 11,Nisqually salmon 2022,D5B0EEED-4E07-4226-A106-002E97237C43,NA,Gear,NA,NA,NA,NA,NA,NA,NA,NA,NA,NA,2022-09-23T08:14:10Z,2022-09-24T00:14:49Z
32E4FFF2-DFFE-4679-974F-E905A5B52E67,0CB1BDC3-CB1E-47DE-8B95-E6D4E68EB1A3,Chinook,NA,Jack,AD,NA,54,Kept,1,Chinook_Jack_AD_Kept,2022,9,38,124,NA,NA,No,1,124,Complete,06:10:00,08:14:00,AEA855DC-439A-495F-AFFB-D2662C9C9BFF,2022-09-23,Nisqually River,District 11,Nisqually salmon 2022,D5B0EEED-4E07-4226-A106-002E97237C43,NA,Gear,NA,NA,NA,NA,NA,NA,NA,NA,NA,NA,2022-09-23T08:14:10Z,2022-09-24T00:14:49Z
38FD91BC-BC67-4333-B402-E5218159A713,6CFC4267-A0B4-4D10-9C1E-837234DB9B86,Chinook,NA,Adult,AD,NA,75,Kept,1,Chinook_Adult_AD_Kept,2022,9,38,165,NA,NA,No,1,165,Complete,06:00:00,08:45:00,AEA855DC-439A-495F-AFFB-D2662C9C9BFF,2022-09-23,Nisqually River,District 11,Nisqually salmon 2022,386225D7-C9E5-4877-9128-A3A53E5BAFA7,NA,Gear,NA,NA,NA,NA,NA,NA,NA,NA,NA,NA,2022-09-23T08:45:10Z,2022-09-24T00:14:49Z
38FD91BC-BC67-4333-B402-E5218159A713,DDAC268E-D2AD-4A4D-9BC5-42A4CD1C757C,Chinook,NA,Jack,AD,NA,56,Kept,1,Chinook_Jack_AD_Kept,2022,9,38,165,NA,NA,No,1,165,Complete,06:00:00,08:45:00,AEA855DC-439A-495F-AFFB-D2662C9C9BFF,2022-09-23,Nisqually River,District 11,Nisqually salmon 2022,386225D7-C9E5-4877-9128-A3A53E5BAFA7,NA,Gear,NA,NA,NA,NA,NA,NA,NA,NA,NA,NA,2022-09-23T08:45:10Z,2022-09-24T00:14:49Z
38FD91BC-BC67-4333-B402-E5218159A713,9F23AD5D-BFB8-4879-A7DD-FCB78F8A32B6,Chinook,NA,Adult,AD,NA,61,Kept,1,Chinook_Adult_AD_Kept,2022,9,38,165,NA,NA,No,1,165,Complete,06:00:00,08:45:00,AEA855DC-439A-495F-AFFB-D2662C9C9BFF,2022-09-23,Nisqually River,District 11,Nisqually salmon 2022,386225D7-C9E5-4877-9128-A3A53E5BAFA7,NA,Gear,NA,NA,NA,NA,NA,NA,NA,NA,NA,NA,2022-09-23T08:45:10Z,2022-09-24T00:14:49Z
41A60788-7D79-4BDB-A862-F3D9B588B6D3,05D5EA9B-4FEC-429A-A4BD-11C39A16AA89,Chinook,NA,Adult,AD,NA,NA,Released,1,Chinook_Adult_AD_Released,2022,9,38,348,NA,NA,No,1,348,Complete,07:00:00,12:48:00,AEA855DC-439A-495F-AFFB-D2662C9C9BFF,2022-09-23,Nisqually River,District 11,Nisqually salmon 2022,97C28981-CBCF-4003-81A3-CDF8D28D82E4,NA,Gear,NA,NA,NA,NA,NA,NA,NA,NA,NA,NA,2022-09-23T12:48:54Z,2022-09-24T00:14:49Z
20533ADF-11B5-4A0A-934F-BBBAF385D89A,A9898BD7-6673-4602-B083-41C7D22CC54E,Chinook,NA,Adult,AD,NA,NA,Released,2,Chinook_Adult_AD_Released,2022,9,38,361,NA,NA,No,1,361,Complete,07:00:00,13:01:00,AEA855DC-439A-495F-AFFB-D2662C9C9BFF,2022-09-23,Nisqually River,District 11,Nisqually salmon 2022,33FBD377-86F9-4437-9399-DAD5150BA5FA,NA,Gear,NA,NA,NA,NA,NA,NA,NA,NA,NA,NA,2022-09-23T13:01:27Z,2022-09-24T00:14:49Z
3414CFD6-E5DA-4E32-BC0B-BF65C3BF9BD1,CA54D7A2-39EB-4801-B57E-8C67BA3353D3,Chinook,NA,Adult,AD,NA,NA,Released,1,Chinook_Adult_AD_Released,2022,9,38,316,NA,Trailered Motorized Boat,Yes,2,632,Complete,08:00:00,13:16:00,AEA855DC-439A-495F-AFFB-D2662C9C9BFF,2022-09-23,Nisqually River,District 11,Nisqually salmon 2022,37FF44FD-9B2B-4360-A7EE-E108162CED69,NA,Gear,NA,NA,NA,NA,NA,NA,NA,NA,NA,NA,2022-09-23T13:16:16Z,2022-09-24T00:14:49Z
C64F9577-3432-4C79-B218-961CE719FB73,69088B90-F938-4032-A83A-4E3C7EC26D47,Chinook,NA,Adult,UM,NA,NA,Released,1,Chinook_Adult_UM_Released,2022,9,38,202,NA,NA,No,1,202,Complete,10:00:00,13:22:00,AEA855DC-439A-495F-AFFB-D2662C9C9BFF,2022-09-23,Nisqually River,District 11,Nisqually salmon 2022,792D8683-71D8-460C-900E-C51DD865ADD2,NA,Gear,NA,NA,NA,NA,NA,NA,NA,NA,NA,NA,2022-09-23T13:22:58Z,2022-09-24T00:14:49Z
C1F879D6-267A-41A5-B7A9-EA7EAF04C165,5BB956C4-E025-4CF7-A6F8-28702968EA74,Chinook,NA,Adult,AD,NA,61,Kept,1,Chinook_Adult_AD_Kept,2022,9,38,407,NA,NA,No,1,407,Complete,07:00:00,13:47:00,AEA855DC-439A-495F-AFFB-D2662C9C9BFF,2022-09-23,Nisqually River,District 11,Nisqually salmon 2022,E7D55338-9CC7-4C8A-8DA3-FCD4A3DEED29,NA,Gear,NA,NA,NA,NA,NA,NA,NA,NA,NA,NA,2022-09-23T13:47:48Z,2022-09-24T00:14:49Z
1869BAC8-3BA4-48A1-B845-F00AD1CA217E,D36F9027-89E0-4B20-AB11-BE6C1996411C,Chinook,NA,Adult,AD,NA,72,Kept,1,Chinook_Adult_AD_Kept,2022,9,38,194,NA,NA,No,1,194,Complete,07:30:00,10:44:00,6C0A1D5D-4BE5-4DAD-ABCD-D3E99B22157A,2022-09-22,Nisqually River,District 11,Nisqually salmon 2022,0CF79412-332A-4E72-9D6E-7641A94D6205,NA,Gear,NA,NA,NA,NA,NA,NA,NA,NA,NA,NA,2022-09-22T10:44:22Z,2022-09-23T02:59:31Z
023E38DF-E8CA-4AC2-B443-E75DF187380D,DE685E46-5E64-4410-8AE6-4A0075D20C60,Chinook,NA,Adult,AD,NA,71,Kept,1,Chinook_Adult_AD_Kept,2022,9,38,297,NA,NA,No,1,297,Complete,06:00:00,10:57:00,6C0A1D5D-4BE5-4DAD-ABCD-D3E99B22157A,2022-09-22,Nisqually River,District 11,Nisqually salmon 2022,5FFF4DF7-B3C4-4B91-B83D-D911408B4786,NA,Gear,NA,NA,NA,NA,NA,NA,NA,NA,NA,NA,2022-09-22T10:57:10Z,2022-09-23T02:59:31Z
023E38DF-E8CA-4AC2-B443-E75DF187380D,99A25478-E48A-4A3E-85AD-99FC3F3B6B53,Chinook,NA,Adult,AD,NA,NA,Released,2,Chinook_Adult_AD_Released,2022,9,38,297,NA,NA,No,1,297,Complete,06:00:00,10:57:00,6C0A1D5D-4BE5-4DAD-ABCD-D3E99B22157A,2022-09-22,Nisqually River,District 11,Nisqually salmon 2022,5FFF4DF7-B3C4-4B91-B83D-D911408B4786,NA,Gear,NA,NA,NA,NA,NA,NA,NA,NA,NA,NA,2022-09-22T10:57:10Z,2022-09-23T02:59:31Z
957ED8E0-9E4C-4BE2-9785-F5FFAE41C5BB,C09C370B-AF10-487C-BE86-B798EA656879,Chinook,NA,Adult,AD,NA,62,Kept,1,Chinook_Adult_AD_Kept,2022,9,38,154,NA,NA,No,1,154,Complete,09:00:00,11:34:00,6C0A1D5D-4BE5-4DAD-ABCD-D3E99B22157A,2022-09-22,Nisqually River,District 11,Nisqually salmon 2022,07E68112-87DF-42A4-9728-511557D5DD6F,NA,Gear,NA,NA,NA,NA,NA,NA,NA,NA,NA,NA,2022-09-22T11:35:04Z,2022-09-23T02:59:31Z
6204C684-E688-4CE7-9F36-ED422DC8E24E,9385FFB2-24CF-4B75-9BC4-1F8589874E96,Chinook,NA,Adult,UM,NA,NA,Released,2,Chinook_Adult_UM_Released,2022,9,38,93,NA,NA,No,1,93,Complete,10:30:00,12:03:00,6C0A1D5D-4BE5-4DAD-ABCD-D3E99B22157A,2022-09-22,Nisqually River,District 11,Nisqually salmon 2022,434B5B60-C303-4A2C-B8D8-6A5E4B6E6BBE,NA,Gear,NA,NA,NA,NA,NA,NA,NA,NA,NA,NA,2022-09-22T12:03:19Z,2022-09-23T02:59:31Z
6204C684-E688-4CE7-9F36-ED422DC8E24E,F83E4F72-6B3A-4389-B5DD-F30B2B88F768,Chinook,NA,Jack,AD,NA,59,Kept,1,Chinook_Jack_AD_Kept,2022,9,38,93,NA,NA,No,1,93,Complete,10:30:00,12:03:00,6C0A1D5D-4BE5-4DAD-ABCD-D3E99B22157A,2022-09-22,Nisqually River,District 11,Nisqually salmon 2022,434B5B60-C303-4A2C-B8D8-6A5E4B6E6BBE,NA,Gear,NA,NA,NA,NA,NA,NA,NA,NA,NA,NA,2022-09-22T12:03:19Z,2022-09-23T02:59:31Z
7C23B7E1-4DF3-440A-A09A-C9EB7C410D60,924BA880-C039-446C-B3D3-641253BA8AD2,Chinook,NA,Adult,UNK,NA,NA,Released,1,Chinook_Adult_UNK_Released,2022,9,38,338,NA,NA,No,1,338,Complete,06:30:00,12:08:00,6C0A1D5D-4BE5-4DAD-ABCD-D3E99B22157A,2022-09-22,Nisqually River,District 11,Nisqually salmon 2022,B187B9B1-CA7A-4F40-83F7-B15072AEF221,NA,Gear,NA,NA,NA,NA,NA,NA,NA,NA,NA,NA,2022-09-22T12:09:00Z,2022-09-23T02:59:31Z
75B115A2-B687-4E4D-AAE9-CD85E54A499C,B2D122F6-EB05-4993-915A-6C24216A0EB0,Chinook,NA,Jack,AD,NA,40,Kept,1,Chinook_Jack_AD_Kept,2022,9,38,372,NA,NA,No,2,744,Complete,06:00:00,12:12:00,6C0A1D5D-4BE5-4DAD-ABCD-D3E99B22157A,2022-09-22,Nisqually River,District 11,Nisqually salmon 2022,BF74F48E-955D-4034-B87D-49C32C26EA96,NA,Gear,NA,NA,NA,NA,NA,NA,NA,NA,NA,NA,2022-09-22T12:12:25Z,2022-09-23T02:59:31Z
75B115A2-B687-4E4D-AAE9-CD85E54A499C,B7BF2A7A-BD8B-4DD9-B6E3-47FC0070AD60,Chinook,NA,Adult,AD,NA,65,Kept,1,Chinook_Adult_AD_Kept,2022,9,38,372,NA,NA,No,2,744,Complete,06:00:00,12:12:00,6C0A1D5D-4BE5-4DAD-ABCD-D3E99B22157A,2022-09-22,Nisqually River,District 11,Nisqually salmon 2022,BF74F48E-955D-4034-B87D-49C32C26EA96,NA,Gear,NA,NA,NA,NA,NA,NA,NA,NA,NA,NA,2022-09-22T12:12:25Z,2022-09-23T02:59:31Z
DE7FFF21-8F87-41C5-8ACE-CCA0FFB3B139,B22516B6-ED2C-4E57-A2F7-B8374267D8FC,Chinook,NA,Adult,AD,NA,NA,Released,4,Chinook_Adult_AD_Released,2022,9,38,146,NA,NA,No,1,146,Complete,10:00:00,12:26:00,6C0A1D5D-4BE5-4DAD-ABCD-D3E99B22157A,2022-09-22,Nisqually River,District 11,Nisqually salmon 2022,05B66188-7ACC-4CD9-84A8-6136E05BEDFC,NA,Gear,NA,NA,NA,NA,NA,NA,NA,NA,NA,NA,2022-09-22T12:27:04Z,2022-09-23T02:59:31Z
4E9082EF-18D8-4611-83DF-4232E1815703,60677D1E-3171-46E2-A77D-6D066B25F0B6,Chinook,NA,Adult,UM,NA,NA,Released,1,Chinook_Adult_UM_Released,2022,9,38,423,NA,NA,No,1,423,Complete,06:00:00,13:03:00,6C0A1D5D-4BE5-4DAD-ABCD-D3E99B22157A,2022-09-22,Nisqually River,District 11,Nisqually salmon 2022,7B38CCF0-9045-430F-A453-2407F4931973,NA,Gear,NA,NA,NA,NA,NA,NA,NA,NA,NA,NA,2022-09-22T13:03:13Z,2022-09-23T02:59:31Z
E45EF52B-F5B2-4CB9-9D6A-E96CFA8A0436,84737D43-4FE8-4FD2-B3C0-4CDA3B927AE9,Chinook,NA,Adult,AD,NA,60,Kept,1,Chinook_Adult_AD_Kept,2022,9,38,398,NA,NA,No,1,398,Complete,06:30:00,13:08:00,6C0A1D5D-4BE5-4DAD-ABCD-D3E99B22157A,2022-09-22,Nisqually River,District 11,Nisqually salmon 2022,BEC995B4-57DF-4ADB-B579-5A0DB4874C31,NA,Gear,NA,NA,NA,NA,NA,NA,NA,NA,NA,NA,2022-09-22T13:09:09Z,2022-09-23T02:59:31Z
BBB808F8-ED2A-4038-8902-74281D9B836E,B5A7B61A-E443-4827-B8AC-443BBB587644,Chinook,NA,Adult,UM,NA,NA,Released,1,Chinook_Adult_UM_Released,2022,9,38,187,NA,NA,No,1,187,Complete,10:15:00,13:22:00,6C0A1D5D-4BE5-4DAD-ABCD-D3E99B22157A,2022-09-22,Nisqually River,District 11,Nisqually salmon 2022,52FD3A68-CCF5-4D70-B8C4-FB0F295B6349,NA,Gear,NA,NA,NA,NA,NA,NA,NA,NA,NA,NA,2022-09-22T13:22:25Z,2022-09-23T02:59:31Z
7FE95FB0-325C-4BBF-8B5A-3A51F0ACEFCA,EB7DAE0B-903C-4BCB-A80E-F291488265D7,Chinook,NA,Adult,AD,NA,NA,Released,1,Chinook_Adult_AD_Released,2022,9,38,423,NA,NA,No,1,423,Complete,06:30:00,13:33:00,6C0A1D5D-4BE5-4DAD-ABCD-D3E99B22157A,2022-09-22,Nisqually River,District 11,Nisqually salmon 2022,5F345390-375C-4BAC-8509-4EAFEF3C1C03,NA,Gear,NA,NA,NA,NA,NA,NA,NA,NA,NA,NA,2022-09-22T13:34:07Z,2022-09-23T02:59:31Z
4435D675-8D20-45DC-A0FA-517E2DE16029,7FEDB75A-F592-4737-9B8A-FD015DD405E5,Chinook,NA,Adult,AD,NA,NA,Released,1,Chinook_Adult_AD_Released,2022,9,38,356,NA,NA,No,1,356,Complete,08:00:00,13:56:00,6C0A1D5D-4BE5-4DAD-ABCD-D3E99B22157A,2022-09-22,Nisqually River,District 11,Nisqually salmon 2022,6F8AEBA0-5BCA-4395-B5DD-A15A2D6F6E62,NA,Gear,NA,NA,NA,NA,NA,NA,NA,NA,NA,NA,2022-09-22T13:56:58Z,2022-09-23T02:59:31Z
FC8A846E-9C0C-4E79-A1E4-F9B0A4E577FD,B2D8ADF3-9C31-4C8B-ADF3-7288CDF8BE39,Chinook,NA,Adult,AD,NA,77,Kept,1,Chinook_Adult_AD_Kept,2022,9,38,320,NA,NA,No,1,320,Complete,08:45:00,14:05:00,6C0A1D5D-4BE5-4DAD-ABCD-D3E99B22157A,2022-09-22,Nisqually River,District 11,Nisqually salmon 2022,39B46612-B069-49AB-976A-28E2242E4BAE,NA,Gear,NA,NA,NA,NA,NA,NA,NA,NA,NA,NA,2022-09-22T14:06:16Z,2022-09-23T02:59:31Z
FC8A846E-9C0C-4E79-A1E4-F9B0A4E577FD,BC09387A-E100-48C6-BE2D-F645B1121D2D,Chinook,NA,Jack,AD,NA,NA,Released,1,Chinook_Jack_AD_Released,2022,9,38,320,NA,NA,No,1,320,Complete,08:45:00,14:05:00,6C0A1D5D-4BE5-4DAD-ABCD-D3E99B22157A,2022-09-22,Nisqually River,District 11,Nisqually salmon 2022,39B46612-B069-49AB-976A-28E2242E4BAE,NA,Gear,NA,NA,NA,NA,NA,NA,NA,NA,NA,NA,2022-09-22T14:06:16Z,2022-09-23T02:59:31Z
54C3132C-AA4E-49C4-A514-1159B1CC40B0,61F7A432-665F-4D4B-A26F-DA8B5B5FC595,Chinook,NA,Adult,UNK,NA,NA,Released,1,Chinook_Adult_UNK_Released,2022,9,38,193,NA,NA,No,2,386,Complete,11:00:00,14:13:00,6C0A1D5D-4BE5-4DAD-ABCD-D3E99B22157A,2022-09-22,Nisqually River,District 11,Nisqually salmon 2022,F5F5101D-C092-4CFD-A1B6-5A755C68259E,NA,Gear,NA,NA,NA,NA,NA,NA,NA,NA,NA,NA,2022-09-22T14:13:38Z,2022-09-23T02:59:31Z
5EFBE444-BB48-4C76-B186-D373B5308DD9,CB1CA7D5-E00C-471E-BC0E-4A1EB342929B,Chinook,NA,Adult,AD,NA,66,Kept,1,Chinook_Adult_AD_Kept,2022,9,38,495,NA,NA,No,1,495,Complete,06:00:00,14:15:00,6C0A1D5D-4BE5-4DAD-ABCD-D3E99B22157A,2022-09-22,Nisqually River,District 11,Nisqually salmon 2022,0B1B1D18-5641-4F82-9E77-7CE6B5AA035C,NA,Gear,NA,NA,NA,NA,NA,NA,NA,NA,NA,NA,2022-09-22T14:15:38Z,2022-09-23T02:59:31Z
5EFBE444-BB48-4C76-B186-D373B5308DD9,95382C51-5F03-4F01-AA95-8C61A7F467EF,Chinook,NA,Adult,AD,NA,NA,Released,1,Chinook_Adult_AD_Released,2022,9,38,495,NA,NA,No,1,495,Complete,06:00:00,14:15:00,6C0A1D5D-4BE5-4DAD-ABCD-D3E99B22157A,2022-09-22,Nisqually River,District 11,Nisqually salmon 2022,0B1B1D18-5641-4F82-9E77-7CE6B5AA035C,NA,Gear,NA,NA,NA,NA,NA,NA,NA,NA,NA,NA,2022-09-22T14:15:38Z,2022-09-23T02:59:31Z
F42507BE-85BE-4867-89CF-7BEC0D4E4770,06A21B86-1C5D-4B7C-822C-CADA27AE124A,Chinook,NA,Adult,UNK,NA,NA,Released,6,Chinook_Adult_UNK_Released,2022,9,38,500,NA,NA,No,1,500,Complete,06:00:00,14:20:00,6C0A1D5D-4BE5-4DAD-ABCD-D3E99B22157A,2022-09-22,Nisqually River,District 11,Nisqually salmon 2022,3196D04E-F5AA-47B7-98CD-F5A10B0D9634,NA,Gear,NA,NA,NA,NA,NA,NA,NA,NA,NA,NA,2022-09-22T14:21:53Z,2022-09-23T02:59:31Z
D1C4050A-312E-451F-B867-D398DA4CEF55,4D1D33A5-B7D7-4796-BA8B-303856C25A64,Chinook,NA,Jack,AD,NA,44,Kept,1,Chinook_Jack_AD_Kept,2022,9,38,247,NA,NA,No,1,247,Complete,10:15:00,14:22:00,6C0A1D5D-4BE5-4DAD-ABCD-D3E99B22157A,2022-09-22,Nisqually River,District 11,Nisqually salmon 2022,0E81779B-0266-4C93-B135-C20D5A79C7F4,NA,Gear,NA,NA,NA,NA,NA,NA,NA,NA,NA,NA,2022-09-22T14:22:59Z,2022-09-23T02:59:31Z
D1C4050A-312E-451F-B867-D398DA4CEF55,02AA6DCD-6BA2-488D-9B09-A7AAB5DE44E7,Chinook,NA,Adult,AD,NA,69,Kept,1,Chinook_Adult_AD_Kept,2022,9,38,247,NA,NA,No,1,247,Complete,10:15:00,14:22:00,6C0A1D5D-4BE5-4DAD-ABCD-D3E99B22157A,2022-09-22,Nisqually River,District 11,Nisqually salmon 2022,0E81779B-0266-4C93-B135-C20D5A79C7F4,NA,Gear,NA,NA,NA,NA,NA,NA,NA,NA,NA,NA,2022-09-22T14:22:59Z,2022-09-23T02:59:31Z
D1C4050A-312E-451F-B867-D398DA4CEF55,FD129B9E-1DFA-4CF8-BFF7-8CD27C03E4DC,Chinook,NA,Jack,AD,NA,30,Kept,1,Chinook_Jack_AD_Kept,2022,9,38,247,NA,NA,No,1,247,Complete,10:15:00,14:22:00,6C0A1D5D-4BE5-4DAD-ABCD-D3E99B22157A,2022-09-22,Nisqually River,District 11,Nisqually salmon 2022,0E81779B-0266-4C93-B135-C20D5A79C7F4,NA,Gear,NA,NA,NA,NA,NA,NA,NA,NA,NA,NA,2022-09-22T14:22:59Z,2022-09-23T02:59:31Z
77F21F47-ACC4-49D9-ADA6-A0D938FDA762,70F8CB9D-C47F-490E-BF34-97B37FD3B14D,Chinook,NA,Adult,AD,NA,NA,Released,1,Chinook_Adult_AD_Released,2022,9,38,316,NA,NA,No,2,632,Complete,09:15:00,14:31:00,6C0A1D5D-4BE5-4DAD-ABCD-D3E99B22157A,2022-09-22,Nisqually River,District 11,Nisqually salmon 2022,8863DDAB-79C2-49BB-A984-72A921CC7603,NA,Gear,NA,NA,NA,NA,NA,NA,NA,NA,NA,NA,2022-09-22T14:32:04Z,2022-09-23T02:59:31Z
77F21F47-ACC4-49D9-ADA6-A0D938FDA762,7DBAC55D-DA7B-43C4-84A4-AE4166FDEC95,Chinook,NA,Adult,AD,NA,81,Kept,1,Chinook_Adult_AD_Kept,2022,9,38,316,NA,NA,No,2,632,Complete,09:15:00,14:31:00,6C0A1D5D-4BE5-4DAD-ABCD-D3E99B22157A,2022-09-22,Nisqually River,District 11,Nisqually salmon 2022,8863DDAB-79C2-49BB-A984-72A921CC7603,NA,Gear,NA,NA,NA,NA,NA,NA,NA,NA,NA,NA,2022-09-22T14:32:04Z,2022-09-23T02:59:31Z
90A12397-58AE-4AC6-9FEA-54B062971781,D9635C69-1803-4354-A149-B374CB02670E,Chinook,NA,Adult,UM,NA,NA,Released,2,Chinook_Adult_UM_Released,2022,9,38,517,NA,NA,No,1,517,Complete,06:00:00,14:37:00,6C0A1D5D-4BE5-4DAD-ABCD-D3E99B22157A,2022-09-22,Nisqually River,District 11,Nisqually salmon 2022,C9DE777E-CAFD-4934-95BE-331A8A296F7F,NA,Gear,NA,NA,NA,NA,NA,NA,NA,NA,NA,NA,2022-09-22T14:37:43Z,2022-09-23T02:59:31Z
DBA17251-D052-40E9-B7E9-23B233DDF168,6846DA02-182A-4420-9914-18C5AFCFBF5D,Chinook,NA,Adult,UNK,NA,NA,Released,1,Chinook_Adult_UNK_Released,2022,9,38,265,NA,NA,No,1,265,Complete,11:00:00,15:25:00,6C0A1D5D-4BE5-4DAD-ABCD-D3E99B22157A,2022-09-22,Nisqually River,District 11,Nisqually salmon 2022,AD014E14-B750-420D-A5A3-7E0D1BE2EC83,NA,Gear,NA,NA,NA,NA,NA,NA,NA,NA,NA,NA,2022-09-22T15:26:45Z,2022-09-23T02:59:31Z
DBA17251-D052-40E9-B7E9-23B233DDF168,D59F4153-DBA4-4954-8627-E847DAF1146E,Chinook,NA,Adult,UM,NA,NA,Released,1,Chinook_Adult_UM_Released,2022,9,38,265,NA,NA,No,1,265,Complete,11:00:00,15:25:00,6C0A1D5D-4BE5-4DAD-ABCD-D3E99B22157A,2022-09-22,Nisqually River,District 11,Nisqually salmon 2022,AD014E14-B750-420D-A5A3-7E0D1BE2EC83,NA,Gear,NA,NA,NA,NA,NA,NA,NA,NA,NA,NA,2022-09-22T15:26:45Z,2022-09-23T02:59:31Z
4D0A5C8F-2285-4640-B0A3-EF5BCA623C7B,BFC70DC4-CEBB-434C-9246-773A21EF05ED,Chinook,NA,Jack,UNK,NA,NA,Kept,1,Chinook_Jack_UNK_Kept,2022,9,38,400,NA,NA,No,1,400,Complete,06:00:00,12:40:00,527A963D-CA74-4876-BFEA-F1D837D7E1B5,2022-09-22,Nisqually River,District 11,Nisqually salmon 2022,F3E6F8A4-EE14-4FB2-95E4-FC6E4A900B7E,NA,Gear,NA,NA,NA,NA,NA,NA,NA,NA,NA,NA,2022-09-22T12:40:25Z,2022-09-23T03:14:28Z
FE784137-74BC-4C63-975B-7698E39B7263,AE704A5A-D888-40F6-A5A0-489E561F8A72,Chinook,NA,Adult,AD,NA,71,Kept,1,Chinook_Adult_AD_Kept,2022,9,38,434,NA,NA,No,1,434,Complete,06:00:00,13:14:00,527A963D-CA74-4876-BFEA-F1D837D7E1B5,2022-09-22,Nisqually River,District 11,Nisqually salmon 2022,4E8B2F9A-FD26-403F-960E-23E60D58C7B1,NA,Gear,NA,NA,NA,NA,NA,NA,NA,NA,NA,NA,2022-09-22T13:15:07Z,2022-09-23T03:14:28Z
31AA0912-4923-45A7-BFEE-BCCD0565C982,A16DE828-8C5B-4FDD-AB0A-05DCCC78A827,Chinook,NA,Adult,AD,NA,NA,Released,1,Chinook_Adult_AD_Released,2022,9,38,183,NA,NA,No,2,366,Complete,12:00:00,15:03:00,527A963D-CA74-4876-BFEA-F1D837D7E1B5,2022-09-22,Nisqually River,District 11,Nisqually salmon 2022,AE820DB3-BA61-47E1-B2A6-E242A5ED5C81,NA,Gear,NA,NA,NA,NA,NA,NA,NA,NA,NA,NA,2022-09-22T15:03:45Z,2022-12-11T07:39:50Z
F9B3BCA5-7E22-4E3F-A2F0-79B818026BA8,812DF119-90A3-4F13-8AB4-C7ED36B74454,Chinook,NA,Adult,AD,NA,74,Kept,1,Chinook_Adult_AD_Kept,2022,9,38,120,NA,NA,No,1,120,Complete,16:18:00,18:18:00,527A963D-CA74-4876-BFEA-F1D837D7E1B5,2022-09-22,Nisqually River,District 11,Nisqually salmon 2022,BAE24E9D-DB37-44C4-8177-EA8A013737FF,NA,Gear,NA,NA,NA,NA,NA,NA,NA,NA,NA,NA,2022-09-22T16:14:14Z,2022-12-11T07:39:31Z
8D0570E2-AABA-4A26-A13A-AAB2906269BF,5A84CFF9-5D39-4B7C-B571-D8AD03B851E4,Chinook,NA,Adult,AD,NA,67,Kept,1,Chinook_Adult_AD_Kept,2022,9,38,168,NA,NA,No,1,168,Complete,16:30:00,19:18:00,527A963D-CA74-4876-BFEA-F1D837D7E1B5,2022-09-22,Nisqually River,District 11,Nisqually salmon 2022,A12F7E9B-66E7-4C7E-BF34-758137ED828A,NA,Gear,NA,NA,NA,NA,NA,NA,NA,NA,NA,NA,2022-09-22T19:19:21Z,2023-01-03T20:00:59Z
A7B7CA7D-EB7B-4125-8BCB-112C88883037,2E40A2D1-FC09-4999-B6B3-7FBE835185D8,Chinook,NA,Jack,AD,NA,45,Kept,1,Chinook_Jack_AD_Kept,2022,9,38,112,NA,NA,No,1,112,Complete,17:30:00,19:22:00,527A963D-CA74-4876-BFEA-F1D837D7E1B5,2022-09-22,Nisqually River,District 11,Nisqually salmon 2022,179029BF-7CC4-4F80-9007-02F02F3FCA99,NA,Gear,NA,NA,NA,pts:  sz:,NA,NA,NA,NA,NA,NA,2022-09-22T19:22:27Z,2022-12-11T07:40:10Z
C53466DE-DFC6-4C2C-8311-AF24311ECEAA,91DF6AC0-7EF3-460F-B122-3F0827DD9A8A,Chinook,NA,Adult,AD,NA,73,Kept,1,Chinook_Adult_AD_Kept,2022,9,38,389,NA,NA,No,1,389,Complete,06:15:00,12:44:00,684AE660-2C46-4644-ADE3-CE54F785827D,2022-09-22,Nisqually River,District 11,Nisqually salmon 2022,3DE291CE-FAAC-4C12-977D-D0830550CF2C,NA,Gear,NA,NA,NA,NA,NA,NA,NA,NA,NA,NA,2022-09-22T12:44:17Z,2022-09-23T00:14:28Z
C53466DE-DFC6-4C2C-8311-AF24311ECEAA,20E07561-E2F1-453E-BEAC-FCEC4A3E5CD6,Chinook,NA,Jack,AD,NA,43,Kept,1,Chinook_Jack_AD_Kept,2022,9,38,389,NA,NA,No,1,389,Complete,06:15:00,12:44:00,684AE660-2C46-4644-ADE3-CE54F785827D,2022-09-22,Nisqually River,District 11,Nisqually salmon 2022,3DE291CE-FAAC-4C12-977D-D0830550CF2C,NA,Gear,NA,NA,NA,NA,NA,NA,NA,NA,NA,NA,2022-09-22T12:44:17Z,2022-09-23T00:14:28Z
D0685A1A-D6D0-43E0-B29A-EE39E42BD595,B9EB67F2-8115-4C1B-819F-83D98295BECC,Chinook,NA,Adult,AD,NA,61,Kept,1,Chinook_Adult_AD_Kept,2022,9,38,138,NA,NA,No,1,138,Complete,11:00:00,13:18:00,684AE660-2C46-4644-ADE3-CE54F785827D,2022-09-22,Nisqually River,District 11,Nisqually salmon 2022,005E9B3E-07C0-475C-AAF9-AB12CE3290D1,NA,Gear,NA,NA,NA,NA,NA,NA,NA,NA,NA,NA,2022-09-22T13:18:14Z,2022-09-23T00:14:28Z
AB3B9838-6ACA-4CDB-800F-E5DCF8036304,A677E6B0-5EA4-4D4B-889B-65D7CB318B18,Chinook,NA,Adult,AD,NA,63,Kept,1,Chinook_Adult_AD_Kept,2022,9,38,74,NA,NA,No,1,74,Complete,11:40:00,12:54:00,NA,NA,NA,NA,NA,NA,NA,NA,NA,NA,NA,NA,NA,NA,NA,NA,NA,NA,NA,NA
AB3B9838-6ACA-4CDB-800F-E5DCF8036304,7D420206-AE48-4319-A17A-3D06325ACCB5,Chinook,NA,Adult,AD,NA,70,Kept,1,Chinook_Adult_AD_Kept,2022,9,38,74,NA,NA,No,1,74,Complete,11:40:00,12:54:00,NA,NA,NA,NA,NA,NA,NA,NA,NA,NA,NA,NA,NA,NA,NA,NA,NA,NA,NA,NA
5952FFC3-16D9-47DE-8927-700416577AF3,A48BB240-FE99-4E02-AC6F-7CD4EB2C0210,Chinook,NA,Adult,UM,NA,NA,Released,1,Chinook_Adult_UM_Released,2022,9,38,49,NA,Trailered Motorized Boat,Yes,2,98,Complete,13:00:00,13:49:00,538A4AAF-E27F-4B57-A91A-041FE9162125,2022-09-20,Nisqually River,District 11,Nisqually salmon 2022,019E34E2-BEEB-48B6-8A08-CA9561A21A37,NA,Gear,NA,NA,NA,NA,NA,NA,NA,NA,NA,NA,2022-09-20T13:50:30Z,2024-03-01T20:15:15Z
D639A7C6-7A71-43A3-8F27-6A490BFCC754,0B2E2E07-3213-4BCC-A6B6-C1E1F266E79E,Chinook,NA,Adult,AD,NA,74,Kept,1,Chinook_Adult_AD_Kept,2022,9,38,200,NA,NA,No,1,200,Complete,11:00:00,14:20:00,538A4AAF-E27F-4B57-A91A-041FE9162125,2022-09-20,Nisqually River,District 11,Nisqually salmon 2022,B213F5BF-9B77-4753-8732-440EFFE94F28,NA,Gear,NA,NA,NA,NA,NA,NA,NA,NA,NA,NA,2022-09-20T14:00:11Z,2022-09-21T02:29:28Z
284DE1C7-3DD4-4E15-8845-F887E225B371,605E6E78-B9D9-4C40-999B-1C2334AF2A75,Chinook,NA,Adult,AD,NA,83,Kept,1,Chinook_Adult_AD_Kept,2022,9,38,293,NA,NA,No,1,293,Complete,10:30:00,15:23:00,NA,NA,NA,NA,NA,NA,NA,NA,NA,NA,NA,NA,NA,NA,NA,NA,NA,NA,NA,NA
284DE1C7-3DD4-4E15-8845-F887E225B371,52F26BDA-CCBA-47AC-A7FC-A3288BAB0C67,Chinook,NA,Jack,AD,NA,58,Kept,1,Chinook_Jack_AD_Kept,2022,9,38,293,NA,NA,No,1,293,Complete,10:30:00,15:23:00,NA,NA,NA,NA,NA,NA,NA,NA,NA,NA,NA,NA,NA,NA,NA,NA,NA,NA,NA,NA
1AB94EED-E82C-434E-B342-196A06448606,7A1A78DF-5105-48F5-B263-A5F0FAD22256,Chinook,NA,Adult,AD,NA,67,Kept,1,Chinook_Adult_AD_Kept,2022,9,38,121,NA,NA,No,1,121,Complete,15:56:00,17:57:00,538A4AAF-E27F-4B57-A91A-041FE9162125,2022-09-20,Nisqually River,District 11,Nisqually salmon 2022,0C0FDC34-3058-43DE-9C70-EB54284AF110,NA,Gear,NA,NA,NA,NA,NA,NA,NA,NA,NA,NA,2022-09-20T17:57:26Z,2022-09-21T02:29:28Z
4520B327-472E-4D7B-8B7D-1E3E4432807D,12CDAA01-2959-40FF-93ED-96F2588BC626,Chinook,NA,Adult,AD,NA,67,Kept,1,Chinook_Adult_AD_Kept,2022,9,38,215,NA,NA,No,1,215,Complete,14:30:00,18:05:00,538A4AAF-E27F-4B57-A91A-041FE9162125,2022-09-20,Nisqually River,District 11,Nisqually salmon 2022,5E025659-04FC-4FFB-8CFA-EFA0469674B5,NA,Gear,NA,NA,NA,NA,NA,NA,NA,NA,NA,NA,2022-09-20T18:05:30Z,2022-09-21T02:29:28Z
C4ADBAEB-DF6C-4644-8D13-177798B6DF0C,73F87062-90A2-4D5D-B378-5193DBD2B611,Chinook,NA,Adult,AD,NA,68,Kept,1,Chinook_Adult_AD_Kept,2022,9,38,135,NA,NA,No,1,135,Complete,16:00:00,18:15:00,538A4AAF-E27F-4B57-A91A-041FE9162125,2022-09-20,Nisqually River,District 11,Nisqually salmon 2022,8F811901-CF32-43AA-B031-72826687F11D,NA,Gear,NA,NA,NA,NA,NA,NA,NA,NA,NA,NA,2022-09-20T18:15:37Z,2022-12-11T08:07:30Z
2F9C7F80-8E14-4676-923F-641EFC30403A,10ED067A-32DA-4F70-99B7-D8D48B04BE05,Chinook,NA,Adult,AD,NA,68,Kept,1,Chinook_Adult_AD_Kept,2022,9,38,120,NA,NA,No,2,240,Complete,16:30:00,18:30:00,538A4AAF-E27F-4B57-A91A-041FE9162125,2022-09-20,Nisqually River,District 11,Nisqually salmon 2022,D4BBC302-86D7-4C7F-A2B3-961019168593,NA,Gear,NA,NA,NA,NA,NA,NA,NA,NA,NA,NA,2022-09-20T18:30:59Z,2022-09-21T02:29:28Z
2F9C7F80-8E14-4676-923F-641EFC30403A,CDA28A37-A7F9-4601-838E-22E736D561AC,Chinook,NA,Adult,AD,NA,68,Kept,1,Chinook_Adult_AD_Kept,2022,9,38,120,NA,NA,No,2,240,Complete,16:30:00,18:30:00,538A4AAF-E27F-4B57-A91A-041FE9162125,2022-09-20,Nisqually River,District 11,Nisqually salmon 2022,D4BBC302-86D7-4C7F-A2B3-961019168593,NA,Gear,NA,NA,NA,NA,NA,NA,NA,NA,NA,NA,2022-09-20T18:30:59Z,2022-09-21T02:29:28Z
2AC77777-EE6D-4223-8200-45D5DE6F3E3B,2C7CA522-821F-4A7B-ACFD-B6CA1B3F4509,Chinook,NA,Jack,AD,NA,58,Kept,1,Chinook_Jack_AD_Kept,2022,9,38,240,NA,NA,No,1,240,Complete,08:30:00,12:30:00,0FAE8CA0-376C-4922-977E-188D7BE8A654,2022-09-20,Nisqually River,District 11,Nisqually salmon 2022,795BC0EC-B3CA-468D-9435-5665039BE56B,NA,Gear,NA,NA,NA,NA,NA,NA,NA,NA,NA,NA,2022-09-20T12:30:47Z,2023-01-03T21:55:22Z
B4655DAB-9712-495A-BE84-5961E4F404F9,570C8A1D-B6F3-45E3-8B95-D5CC7BC9F431,Chinook,NA,Jack,AD,NA,58,Kept,1,Chinook_Jack_AD_Kept,2022,9,38,292,NA,NA,No,1,292,Complete,07:00:00,11:52:00,4CA1FB9A-6B2B-42A6-A4F3-EF94C7D04567,2022-09-20,Nisqually River,District 11,Nisqually salmon 2022,EBAE6733-96B2-4575-AFF8-8D1784D1AA1C,NA,Gear,NA,NA,NA,NA,NA,NA,NA,NA,NA,NA,2022-09-20T11:53:27Z,2022-09-20T22:44:24Z
155C961D-50A4-439A-96AE-6F3EABAAB9D5,97556D58-9933-4A21-B0A6-0E6D450FCB96,Chinook,NA,Adult,AD,NA,61,Kept,1,Chinook_Adult_AD_Kept,2022,9,38,365,NA,NA,No,1,365,Complete,06:00:00,12:05:00,4CA1FB9A-6B2B-42A6-A4F3-EF94C7D04567,2022-09-20,Nisqually River,District 11,Nisqually salmon 2022,C930BB94-3F12-4E6A-9AE6-AF31508F2387,NA,Gear,NA,NA,NA,NA,NA,NA,NA,NA,NA,NA,2022-09-20T12:07:20Z,2022-09-20T22:44:24Z
155C961D-50A4-439A-96AE-6F3EABAAB9D5,851CA148-4EC8-4E6A-941F-E0E9175A30A6,Chinook,NA,Adult,AD,NA,75,Kept,1,Chinook_Adult_AD_Kept,2022,9,38,365,NA,NA,No,1,365,Complete,06:00:00,12:05:00,4CA1FB9A-6B2B-42A6-A4F3-EF94C7D04567,2022-09-20,Nisqually River,District 11,Nisqually salmon 2022,C930BB94-3F12-4E6A-9AE6-AF31508F2387,NA,Gear,NA,NA,NA,NA,NA,NA,NA,NA,NA,NA,2022-09-20T12:07:20Z,2022-09-20T22:44:24Z
6E03642F-BC15-44BB-838E-0C0B7DE3F783,AA37249E-22B9-49DF-9C82-DB226CF873B8,Chinook,NA,Adult,UNK,NA,NA,Released,1,Chinook_Adult_UNK_Released,2022,9,38,160,NA,NA,No,1,160,Complete,09:30:00,12:10:00,4CA1FB9A-6B2B-42A6-A4F3-EF94C7D04567,2022-09-20,Nisqually River,District 11,Nisqually salmon 2022,A31A7260-F502-4C3F-A133-97FBEA3D3238,NA,Gear,NA,NA,NA,NA,NA,NA,NA,NA,NA,NA,2022-09-20T12:10:08Z,2022-09-20T22:44:24Z
65167167-8A8B-4453-823A-10D3ABFAD6BF,279E6C3E-43A7-4D93-940A-15CB52B57207,Chinook,NA,Adult,AD,NA,62,Kept,1,Chinook_Adult_AD_Kept,2022,9,38,346,NA,NA,No,1,346,Complete,06:30:00,12:16:00,4CA1FB9A-6B2B-42A6-A4F3-EF94C7D04567,2022-09-20,Nisqually River,District 11,Nisqually salmon 2022,BDCB0963-1982-4281-9EDA-93FC50736738,NA,Gear,NA,NA,NA,NA,NA,NA,NA,NA,NA,NA,2022-09-20T12:17:18Z,2022-09-20T22:44:24Z
65167167-8A8B-4453-823A-10D3ABFAD6BF,F9DBDDB3-B0C5-4FC8-87C6-4F22D2AFE542,Chinook,NA,Adult,AD,NA,60,Kept,1,Chinook_Adult_AD_Kept,2022,9,38,346,NA,NA,No,1,346,Complete,06:30:00,12:16:00,4CA1FB9A-6B2B-42A6-A4F3-EF94C7D04567,2022-09-20,Nisqually River,District 11,Nisqually salmon 2022,BDCB0963-1982-4281-9EDA-93FC50736738,NA,Gear,NA,NA,NA,NA,NA,NA,NA,NA,NA,NA,2022-09-20T12:17:18Z,2022-09-20T22:44:24Z
65167167-8A8B-4453-823A-10D3ABFAD6BF,7E7FCCA7-6D12-4B56-8DF2-8829835E28B6,Chinook,NA,Adult,UM,NA,NA,Released,3,Chinook_Adult_UM_Released,2022,9,38,346,NA,NA,No,1,346,Complete,06:30:00,12:16:00,4CA1FB9A-6B2B-42A6-A4F3-EF94C7D04567,2022-09-20,Nisqually River,District 11,Nisqually salmon 2022,BDCB0963-1982-4281-9EDA-93FC50736738,NA,Gear,NA,NA,NA,NA,NA,NA,NA,NA,NA,NA,2022-09-20T12:17:18Z,2022-09-20T22:44:24Z
95DE4A07-D6FD-4611-840A-D78C47EA42F6,DC8BD891-F869-4434-A1F3-17090843403A,Chinook,NA,Adult,AD,NA,NA,Released,3,Chinook_Adult_AD_Released,2022,9,38,150,NA,NA,No,1,150,Complete,10:00:00,12:30:00,4CA1FB9A-6B2B-42A6-A4F3-EF94C7D04567,2022-09-20,Nisqually River,District 11,Nisqually salmon 2022,312700B7-CCA5-4307-9A7A-66500DD679D3,NA,Gear,NA,NA,NA,NA,NA,NA,NA,NA,NA,NA,2022-09-20T12:31:08Z,2022-09-20T22:44:24Z
2BB6C61D-9492-4278-97FD-05763971BCF9,BBA3439F-019A-4B4D-914A-28883F463495,Chinook,NA,Adult,UNK,NA,NA,Released,4,Chinook_Adult_UNK_Released,2022,9,38,281,NA,NA,No,1,281,Complete,08:00:00,12:41:00,4CA1FB9A-6B2B-42A6-A4F3-EF94C7D04567,2022-09-20,Nisqually River,District 11,Nisqually salmon 2022,199F9D1C-AF4D-44D7-8BDE-7723BF3FDE02,NA,Gear,NA,NA,NA,NA,NA,NA,NA,NA,NA,NA,2022-09-20T12:41:26Z,2022-09-20T22:59:28Z
2BB6C61D-9492-4278-97FD-05763971BCF9,C2F9D9A4-6461-4051-9C21-411A9E1FB13E,Chinook,NA,Adult,UM,NA,NA,Released,1,Chinook_Adult_UM_Released,2022,9,38,281,NA,NA,No,1,281,Complete,08:00:00,12:41:00,4CA1FB9A-6B2B-42A6-A4F3-EF94C7D04567,2022-09-20,Nisqually River,District 11,Nisqually salmon 2022,199F9D1C-AF4D-44D7-8BDE-7723BF3FDE02,NA,Gear,NA,NA,NA,NA,NA,NA,NA,NA,NA,NA,2022-09-20T12:41:26Z,2022-09-20T22:59:28Z
9E76C463-E747-44F1-A24A-C44C99E5E21D,E7EC48C1-0924-4E02-BE11-7B2F2DFA455F,Chinook,NA,Adult,UNK,NA,NA,Released,1,Chinook_Adult_UNK_Released,2022,9,38,74,NA,NA,No,2,148,Complete,11:30:00,12:44:00,4CA1FB9A-6B2B-42A6-A4F3-EF94C7D04567,2022-09-20,Nisqually River,District 11,Nisqually salmon 2022,E8AF50C8-2A2F-49DF-A7F6-8BD4A8ED5CCF,NA,Gear,NA,NA,NA,NA,NA,NA,NA,NA,NA,NA,2022-09-20T12:44:44Z,2022-09-20T22:59:28Z
09F8908C-E969-4F70-A076-025B6FF914DD,E288B922-D4EE-48C4-9FBB-EBC33A36885D,Chinook,NA,Adult,UNK,NA,NA,Released,1,Chinook_Adult_UNK_Released,2022,9,38,348,NA,NA,No,1,348,Complete,07:00:00,12:48:00,4CA1FB9A-6B2B-42A6-A4F3-EF94C7D04567,2022-09-20,Nisqually River,District 11,Nisqually salmon 2022,04DBBE82-90B8-4EF3-AF02-979A78226366,NA,Gear,NA,NA,NA,NA,NA,NA,NA,NA,NA,NA,2022-09-20T12:49:00Z,2022-09-20T22:59:28Z
09F8908C-E969-4F70-A076-025B6FF914DD,DA6CC5F1-7C2D-46A2-A555-C2D877C55364,Chinook,NA,Adult,AD,NA,67,Kept,1,Chinook_Adult_AD_Kept,2022,9,38,348,NA,NA,No,1,348,Complete,07:00:00,12:48:00,4CA1FB9A-6B2B-42A6-A4F3-EF94C7D04567,2022-09-20,Nisqually River,District 11,Nisqually salmon 2022,04DBBE82-90B8-4EF3-AF02-979A78226366,NA,Gear,NA,NA,NA,NA,NA,NA,NA,NA,NA,NA,2022-09-20T12:49:00Z,2022-09-20T22:59:28Z
04393770-D4D9-42BC-ADBD-A605A34E6DB9,08B9A949-52B0-4890-BAC7-4A93E0545340,Chinook,NA,Adult,UNK,NA,NA,Released,1,Chinook_Adult_UNK_Released,2022,9,38,383,NA,NA,No,1,383,Complete,06:30:00,12:53:00,4CA1FB9A-6B2B-42A6-A4F3-EF94C7D04567,2022-09-20,Nisqually River,District 11,Nisqually salmon 2022,980EC6EC-206A-4F8C-9B5F-DB27D023C3C2,NA,Gear,NA,NA,NA,NA,NA,NA,NA,NA,NA,NA,2022-09-20T12:53:42Z,2022-09-20T22:59:28Z
C7521FD9-0C61-4B6C-AC7A-8A84FBBC36F1,7F997D04-EB39-4562-A070-484074FCA29A,Chinook,NA,Adult,UM,NA,NA,Released,2,Chinook_Adult_UM_Released,2022,9,38,182,NA,NA,No,1,182,Complete,10:00:00,13:02:00,4CA1FB9A-6B2B-42A6-A4F3-EF94C7D04567,2022-09-20,Nisqually River,District 11,Nisqually salmon 2022,DA37412B-84C4-47C5-937D-91B3A2EDABBB,NA,Gear,NA,NA,NA,NA,NA,NA,NA,NA,NA,NA,2022-09-20T13:02:38Z,2022-09-20T22:59:28Z
EB2D2DBC-B5B6-41F4-ADAB-08D1C30A782D,117B7EE4-6BD0-4338-8724-69B78ECAA672,Chinook,NA,Adult,AD,NA,71,Kept,1,Chinook_Adult_AD_Kept,2022,9,38,263,NA,NA,No,1,263,Complete,09:00:00,13:23:00,4CA1FB9A-6B2B-42A6-A4F3-EF94C7D04567,2022-09-20,Nisqually River,District 11,Nisqually salmon 2022,E2E2F44D-407D-4E66-AD87-7433E9EA465C,NA,Gear,NA,NA,NA,NA,NA,NA,NA,NA,NA,NA,2022-09-20T13:29:28Z,2022-09-20T22:59:28Z
766C157F-4894-4A9F-9B83-321BD661824B,D4023695-1D09-4B58-B503-6B50C28EE8A3,Chinook,NA,Adult,UNK,NA,NA,Released,4,Chinook_Adult_UNK_Released,2022,9,38,420,NA,NA,No,1,420,Complete,06:30:00,13:30:00,4CA1FB9A-6B2B-42A6-A4F3-EF94C7D04567,2022-09-20,Nisqually River,District 11,Nisqually salmon 2022,09C19734-F3F7-4B88-8AAC-6B6EC84FC5D4,NA,Gear,NA,NA,NA,NA,NA,NA,NA,NA,NA,NA,2022-09-20T13:30:24Z,2022-09-20T22:59:28Z
766C157F-4894-4A9F-9B83-321BD661824B,85644B4C-E018-4BBF-A572-3D8D770D2599,Chinook,NA,Adult,UM,NA,NA,Released,3,Chinook_Adult_UM_Released,2022,9,38,420,NA,NA,No,1,420,Complete,06:30:00,13:30:00,4CA1FB9A-6B2B-42A6-A4F3-EF94C7D04567,2022-09-20,Nisqually River,District 11,Nisqually salmon 2022,09C19734-F3F7-4B88-8AAC-6B6EC84FC5D4,NA,Gear,NA,NA,NA,NA,NA,NA,NA,NA,NA,NA,2022-09-20T13:30:24Z,2022-09-20T22:59:28Z
A534DE59-AAC8-463C-A2D1-EC904BFFFDB9,52B5D65C-5935-407F-9953-5935187B96E1,Chinook,NA,Adult,UNK,NA,NA,Released,15,Chinook_Adult_UNK_Released,2022,9,38,466,NA,NA,No,1,466,Complete,06:00:00,13:46:00,4CA1FB9A-6B2B-42A6-A4F3-EF94C7D04567,2022-09-20,Nisqually River,District 11,Nisqually salmon 2022,D10116CC-0269-4996-ACDC-903CE831C8B0,NA,Gear,NA,NA,NA,NA,NA,NA,NA,NA,NA,NA,2022-09-20T13:46:08Z,2024-02-16T23:18:19Z
181C96EB-04AB-4EAF-A36F-7F7CBE731FA8,95648C8A-4244-426A-80E3-8E37373C0F96,Chinook,NA,Adult,UNK,NA,NA,Released,1,Chinook_Adult_UNK_Released,2022,9,38,349,NA,NA,No,1,349,Complete,08:00:00,13:49:00,4CA1FB9A-6B2B-42A6-A4F3-EF94C7D04567,2022-09-20,Nisqually River,District 11,Nisqually salmon 2022,312AF8D0-B4B3-4294-92CE-0E9F68E8DD40,NA,Gear,NA,NA,NA,NA,NA,NA,NA,NA,NA,NA,2022-09-20T13:49:47Z,2022-09-20T22:59:28Z
C37EFF9E-70B2-4DB4-88E2-D587B158B75E,DC528209-64EE-40BB-BFEE-BFB52CAD6EEA,Chinook,NA,Adult,UM,NA,NA,Released,1,Chinook_Adult_UM_Released,2022,9,38,440,NA,NA,No,1,440,Complete,06:30:00,13:50:00,4CA1FB9A-6B2B-42A6-A4F3-EF94C7D04567,2022-09-20,Nisqually River,District 11,Nisqually salmon 2022,C6645361-DD82-434D-80A3-0A8616CAEE29,NA,Gear,NA,NA,NA,NA,NA,NA,NA,NA,NA,NA,2022-09-20T13:50:35Z,2022-09-20T22:59:28Z
94851ACA-6615-4BB8-AE09-EF044E0E9CEF,CED28AA9-85CF-4051-A27B-2B122525BAA3,Chinook,NA,Adult,AD,NA,NA,Released,1,Chinook_Adult_AD_Released,2022,9,38,458,NA,NA,No,1,458,Complete,07:00:00,14:38:00,4CA1FB9A-6B2B-42A6-A4F3-EF94C7D04567,2022-09-20,Nisqually River,District 11,Nisqually salmon 2022,99845FEA-4F7F-44EA-96F8-8C4B6CB0843A,NA,Gear,NA,NA,NA,NA,NA,NA,NA,NA,NA,NA,2022-09-20T14:38:33Z,2022-09-20T22:59:28Z
C09A6AE3-60FF-4830-87EB-95FE1CC9B0D6,50A54BF1-C006-45D2-A030-EC0AF5812303,Chinook,NA,Adult,UNK,NA,NA,Released,1,Chinook_Adult_UNK_Released,2022,9,38,520,NA,NA,No,1,520,Complete,06:00:00,14:40:00,4CA1FB9A-6B2B-42A6-A4F3-EF94C7D04567,2022-09-20,Nisqually River,District 11,Nisqually salmon 2022,DC614E66-9583-4182-95EB-C454B3B5C89C,NA,Gear,NA,NA,NA,NA,NA,NA,NA,NA,NA,NA,2022-09-20T14:41:33Z,2022-09-20T22:59:28Z
4ADD7047-E112-4071-80E6-EFD870EC224A,14C117A8-519A-4188-B4EB-55264C7A33D4,Chinook,NA,Adult,UNK,NA,NA,Released,8,Chinook_Adult_UNK_Released,2022,9,38,234,NA,NA,No,1,234,Complete,11:00:00,14:54:00,4CA1FB9A-6B2B-42A6-A4F3-EF94C7D04567,2022-09-20,Nisqually River,District 11,Nisqually salmon 2022,EDFFC03C-8610-4EDB-A99C-413A397FD585,NA,Gear,NA,NA,NA,NA,NA,NA,NA,NA,NA,NA,2022-09-20T14:54:26Z,2022-09-20T22:59:28Z
662BCAA0-33DD-4177-A7DC-070697088586,9436D515-4C8D-436B-89A4-261501926770,Chinook,NA,Adult,UNK,NA,NA,Released,3,Chinook_Adult_UNK_Released,2022,9,38,315,NA,NA,No,1,315,Complete,10:00:00,15:15:00,4CA1FB9A-6B2B-42A6-A4F3-EF94C7D04567,2022-09-20,Nisqually River,District 11,Nisqually salmon 2022,526554E7-99A9-4A8E-8BE8-A54B8CAC7ADC,NA,Gear,NA,NA,NA,NA,NA,NA,NA,NA,NA,NA,2022-09-20T15:14:35Z,2022-09-20T22:59:28Z
4F6CA7BE-6FF5-4AEC-BF3C-45F8E61142C9,2E5DAA8C-59A7-4DA0-9985-3D46316D2A32,Chinook,NA,Jack,AD,NA,46,Kept,1,Chinook_Jack_AD_Kept,2022,9,38,526,NA,NA,No,2,1052,Complete,06:30:00,15:16:00,D73A53C2-CC94-4ADE-8AFD-CDE4D76220CD,2022-09-17,Nisqually River,District 11,Nisqually salmon 2022,246C5BBF-A7D6-4245-AA10-8A8DF73B50B5,NA,Gear,NA,NA,NA,NA,NA,NA,NA,NA,NA,NA,2022-09-17T15:16:51Z,2022-09-18T02:59:23Z
4F6CA7BE-6FF5-4AEC-BF3C-45F8E61142C9,40A2465E-8FF8-48F1-9153-33914DE73CBD,Chinook,NA,Adult,AD,NA,67,Kept,1,Chinook_Adult_AD_Kept,2022,9,38,526,NA,NA,No,2,1052,Complete,06:30:00,15:16:00,D73A53C2-CC94-4ADE-8AFD-CDE4D76220CD,2022-09-17,Nisqually River,District 11,Nisqually salmon 2022,246C5BBF-A7D6-4245-AA10-8A8DF73B50B5,NA,Gear,NA,NA,NA,NA,NA,NA,NA,NA,NA,NA,2022-09-17T15:16:51Z,2022-09-18T02:59:23Z
862D5F5E-2B5F-4824-A47B-2C8E6FD04BB6,2B454263-CF25-4499-9A4B-A57E6EBCC18F,Chinook,NA,Jack,AD,NA,48,Kept,1,Chinook_Jack_AD_Kept,2022,9,38,735,NA,Drift Boat/ Raft,Yes,3,2205,Complete,06:00:00,18:15:00,D73A53C2-CC94-4ADE-8AFD-CDE4D76220CD,2022-09-17,Nisqually River,District 11,Nisqually salmon 2022,CC7A2E96-3E53-4937-A540-3F6069D2B7C4,NA,Gear,NA,NA,NA,NA,NA,NA,NA,NA,NA,NA,2022-09-17T18:15:21Z,2022-09-18T02:59:23Z
55ECBDCE-3126-43E9-A8F9-C1BE21410834,EB8B99C3-C6F5-42B8-8E0F-A8ED6C32335B,Chinook,NA,Adult,UM,NA,NA,Released,1,Chinook_Adult_UM_Released,2022,9,38,199,NA,NA,No,1,199,Complete,06:00:00,09:19:00,B95A7802-2370-4C8A-951A-E3B5554F0685,2022-09-17,Nisqually River,District 11,Nisqually salmon 2022,EBA83843-15B9-42C9-AE15-82D60DF81213,NA,Gear,NA,NA,NA,NA,NA,NA,NA,NA,NA,NA,2022-09-17T09:43:34Z,2022-09-17T22:44:22Z
9245C25E-576E-4C75-9845-EA7828C50F24,067C3A9B-B107-464A-AEEB-A2FD85AF2404,Chinook,NA,Adult,UNK,NA,NA,Released,1,Chinook_Adult_UNK_Released,2022,9,38,239,NA,NA,No,2,478,Complete,06:15:00,10:14:00,B95A7802-2370-4C8A-951A-E3B5554F0685,2022-09-17,Nisqually River,District 11,Nisqually salmon 2022,A3C3060E-34F8-4D12-A8FC-1F90269D3E4E,NA,Gear,NA,NA,NA,NA,NA,NA,NA,NA,NA,NA,2022-09-17T10:14:18Z,2022-09-17T22:44:22Z
FBF88300-3D93-4663-B1E4-342655184963,7757EC8F-F9C2-4539-B7F1-2A495ADB28B5,Chinook,NA,Adult,AD,NA,69,Kept,1,Chinook_Adult_AD_Kept,2022,9,38,262,NA,NA,No,1,262,Complete,06:00:00,10:22:00,B95A7802-2370-4C8A-951A-E3B5554F0685,2022-09-17,Nisqually River,District 11,Nisqually salmon 2022,6CFA0F78-F77E-4BBE-B746-CCE3882189F0,NA,Gear,NA,NA,NA,NA,NA,NA,NA,NA,NA,NA,2022-09-17T10:25:04Z,2022-09-17T22:44:22Z
FBF88300-3D93-4663-B1E4-342655184963,2F62F92D-65B4-4C83-880C-341BA24A7C80,Chinook,NA,Adult,AD,NA,72,Kept,1,Chinook_Adult_AD_Kept,2022,9,38,262,NA,NA,No,1,262,Complete,06:00:00,10:22:00,B95A7802-2370-4C8A-951A-E3B5554F0685,2022-09-17,Nisqually River,District 11,Nisqually salmon 2022,6CFA0F78-F77E-4BBE-B746-CCE3882189F0,NA,Gear,NA,NA,NA,NA,NA,NA,NA,NA,NA,NA,2022-09-17T10:25:04Z,2022-09-17T22:44:22Z
2F025485-06D0-4297-99A9-CC965A70531B,36BFEFA4-E0C7-48FB-B9DE-C1260077A1BF,Chinook,NA,Adult,UNK,NA,NA,Released,5,Chinook_Adult_UNK_Released,2022,9,38,277,NA,NA,No,1,277,Complete,05:55:00,10:32:00,B95A7802-2370-4C8A-951A-E3B5554F0685,2022-09-17,Nisqually River,District 11,Nisqually salmon 2022,331299DC-B523-44DE-A2FF-9EC7A78E9ED6,NA,Gear,NA,NA,NA,NA,NA,NA,NA,NA,NA,NA,2022-09-17T10:32:38Z,2022-09-17T22:44:22Z
6AF0F4A4-90FA-4EC1-83B8-340AE03BA2BB,1AAB0EBB-5FA4-483C-ADCF-F05DEFC9A4A3,Chinook,NA,Jack,AD,NA,45,Kept,1,Chinook_Jack_AD_Kept,2022,9,38,276,NA,NA,No,2,552,Complete,06:00:00,10:36:00,B95A7802-2370-4C8A-951A-E3B5554F0685,2022-09-17,Nisqually River,District 11,Nisqually salmon 2022,3958698C-899B-494D-9518-F096716A2D2D,NA,Gear,NA,NA,NA,NA,NA,NA,NA,NA,NA,NA,2022-09-17T10:39:22Z,2023-01-03T21:52:40Z
6AF0F4A4-90FA-4EC1-83B8-340AE03BA2BB,68A14843-F973-426E-9463-463687B4A096,Chinook,NA,Jack,AD,NA,NA,Released,1,Chinook_Jack_AD_Released,2022,9,38,276,NA,NA,No,2,552,Complete,06:00:00,10:36:00,B95A7802-2370-4C8A-951A-E3B5554F0685,2022-09-17,Nisqually River,District 11,Nisqually salmon 2022,3958698C-899B-494D-9518-F096716A2D2D,NA,Gear,NA,NA,NA,NA,NA,NA,NA,NA,NA,NA,2022-09-17T10:39:22Z,2023-01-03T21:52:40Z
904B881C-014E-4C3B-8F52-4ECE82BEFDBC,E366AFB0-D8FC-4C54-8302-1F51B2AE93C3,Chinook,NA,Adult,UM,NA,NA,Released,1,Chinook_Adult_UM_Released,2022,9,38,250,NA,NA,No,1,250,Complete,06:30:00,10:40:00,B95A7802-2370-4C8A-951A-E3B5554F0685,2022-09-17,Nisqually River,District 11,Nisqually salmon 2022,978472A6-EF97-44FC-9A49-DCE277859604,NA,Gear,NA,NA,NA,NA,NA,NA,NA,NA,NA,NA,2022-09-17T10:40:25Z,2022-09-17T22:44:22Z
904B881C-014E-4C3B-8F52-4ECE82BEFDBC,8BDDBE10-5E89-4583-913B-AA23356A1389,Chinook,NA,Jack,AD,NA,57,Kept,1,Chinook_Jack_AD_Kept,2022,9,38,250,NA,NA,No,1,250,Complete,06:30:00,10:40:00,B95A7802-2370-4C8A-951A-E3B5554F0685,2022-09-17,Nisqually River,District 11,Nisqually salmon 2022,978472A6-EF97-44FC-9A49-DCE277859604,NA,Gear,NA,NA,NA,NA,NA,NA,NA,NA,NA,NA,2022-09-17T10:40:25Z,2022-09-17T22:44:22Z
904B881C-014E-4C3B-8F52-4ECE82BEFDBC,29693412-B3BC-4C95-AE1F-577FBE660BD2,Chinook,NA,Adult,AD,NA,65,Kept,1,Chinook_Adult_AD_Kept,2022,9,38,250,NA,NA,No,1,250,Complete,06:30:00,10:40:00,B95A7802-2370-4C8A-951A-E3B5554F0685,2022-09-17,Nisqually River,District 11,Nisqually salmon 2022,978472A6-EF97-44FC-9A49-DCE277859604,NA,Gear,NA,NA,NA,NA,NA,NA,NA,NA,NA,NA,2022-09-17T10:40:25Z,2022-09-17T22:44:22Z
8A5F352E-C2C2-4CB3-9174-61D23D22B3F4,E808025E-9000-4A41-BD84-3C12FAACF4E9,Chinook,NA,Adult,UM,NA,NA,Released,1,Chinook_Adult_UM_Released,2022,9,38,306,NA,NA,No,1,306,Complete,05:55:00,11:01:00,B95A7802-2370-4C8A-951A-E3B5554F0685,2022-09-17,Nisqually River,District 11,Nisqually salmon 2022,14FDE286-5434-4BC2-9889-D7C1AD8E69E8,NA,Gear,NA,NA,NA,NA,NA,NA,NA,NA,NA,NA,2022-09-17T11:01:24Z,2022-09-17T22:44:22Z
F34BD4EA-D610-48CE-BD3C-00C74F4F3D2A,1696BA6D-FCD2-4E8B-B169-03AE22077592,Chinook,NA,Adult,AD,NA,64,Kept,1,Chinook_Adult_AD_Kept,2022,9,38,308,NA,NA,No,1,308,Complete,06:00:00,11:08:00,B95A7802-2370-4C8A-951A-E3B5554F0685,2022-09-17,Nisqually River,District 11,Nisqually salmon 2022,FC4AC1E1-F84A-4EE0-B03F-C25DEFF7A9EA,NA,Gear,NA,NA,NA,NA,NA,NA,NA,NA,NA,NA,2022-09-17T11:09:27Z,2022-09-17T22:44:22Z
F34BD4EA-D610-48CE-BD3C-00C74F4F3D2A,A99B5EC1-55D5-409B-9483-8E70E6186473,Chinook,NA,Adult,UM,NA,NA,Released,1,Chinook_Adult_UM_Released,2022,9,38,308,NA,NA,No,1,308,Complete,06:00:00,11:08:00,B95A7802-2370-4C8A-951A-E3B5554F0685,2022-09-17,Nisqually River,District 11,Nisqually salmon 2022,FC4AC1E1-F84A-4EE0-B03F-C25DEFF7A9EA,NA,Gear,NA,NA,NA,NA,NA,NA,NA,NA,NA,NA,2022-09-17T11:09:27Z,2022-09-17T22:44:22Z
5EBA2783-9181-411B-A053-21261629BC56,9A787A8B-5E91-4784-B44F-AEC61AA85BF4,Chinook,NA,Adult,AD,NA,NA,Released,1,Chinook_Adult_AD_Released,2022,9,38,313,NA,NA,No,1,313,Complete,06:15:00,11:28:00,B95A7802-2370-4C8A-951A-E3B5554F0685,2022-09-17,Nisqually River,District 11,Nisqually salmon 2022,F495CA61-1D35-4193-950F-A86DB3708D1A,NA,Gear,NA,NA,NA,NA,NA,NA,NA,NA,NA,NA,2022-09-17T11:29:00Z,2022-09-17T22:44:22Z
5EBA2783-9181-411B-A053-21261629BC56,D2A05BC8-AD75-4BA0-81C5-90818ACEBD2E,Chinook,NA,Adult,UM,NA,NA,Released,4,Chinook_Adult_UM_Released,2022,9,38,313,NA,NA,No,1,313,Complete,06:15:00,11:28:00,B95A7802-2370-4C8A-951A-E3B5554F0685,2022-09-17,Nisqually River,District 11,Nisqually salmon 2022,F495CA61-1D35-4193-950F-A86DB3708D1A,NA,Gear,NA,NA,NA,NA,NA,NA,NA,NA,NA,NA,2022-09-17T11:29:00Z,2022-09-17T22:44:22Z
F1C5579A-34BD-4913-A8BC-4B07C0D0EE9B,E74796BF-AC51-4522-ADA9-3A2AA615DC6C,Chinook,NA,Adult,UM,NA,NA,Released,1,Chinook_Adult_UM_Released,2022,9,38,261,NA,NA,No,2,522,Complete,07:30:00,11:51:00,B95A7802-2370-4C8A-951A-E3B5554F0685,2022-09-17,Nisqually River,District 11,Nisqually salmon 2022,78BFCEFD-9558-4559-8465-B9853878B8D9,NA,Gear,NA,NA,NA,NA,NA,NA,NA,NA,NA,NA,2022-09-17T11:51:37Z,2022-09-17T22:44:22Z
4AC3C0BE-D8A1-4CF3-8816-245DAD2B091D,41A6246E-7F5D-4124-81DF-329A960B5E13,Chinook,NA,Adult,AD,NA,NA,Released,1,Chinook_Adult_AD_Released,2022,9,38,360,NA,NA,No,1,360,Complete,06:00:00,12:00:00,B95A7802-2370-4C8A-951A-E3B5554F0685,2022-09-17,Nisqually River,District 11,Nisqually salmon 2022,EE33453F-0F7A-4790-8A2B-76817FECB2BA,NA,Gear,NA,NA,NA,NA,NA,NA,NA,NA,NA,NA,2022-09-17T12:01:07Z,2022-09-17T22:44:22Z
C132E998-EF62-4361-95E5-166325669B74,E5056983-0DF2-4DC1-8FBD-04B5EEF27987,Chinook,NA,Adult,UM,NA,NA,Released,1,Chinook_Adult_UM_Released,2022,9,38,244,NA,NA,No,1,244,Complete,08:00:00,12:04:00,B95A7802-2370-4C8A-951A-E3B5554F0685,2022-09-17,Nisqually River,District 11,Nisqually salmon 2022,EF2CECBF-DDD2-48EB-BE28-C1330DDA115C,NA,Gear,NA,NA,NA,NA,NA,NA,NA,NA,NA,NA,2022-09-17T12:04:44Z,2022-09-17T22:44:22Z
95CB1EE9-C812-4F12-AA6D-F5DF361FE14F,2A3AFBBA-D016-4BC3-81D4-9320E900694D,Chinook,NA,Adult,AD,NA,75,Kept,1,Chinook_Adult_AD_Kept,2022,9,38,370,NA,NA,No,1,370,Complete,05:55:00,12:05:00,B95A7802-2370-4C8A-951A-E3B5554F0685,2022-09-17,Nisqually River,District 11,Nisqually salmon 2022,EB013771-45EF-4715-9990-44E87E2443EB,NA,Gear,NA,NA,NA,NA,NA,NA,NA,NA,NA,NA,2022-09-17T12:05:34Z,2022-09-17T22:44:22Z
95CB1EE9-C812-4F12-AA6D-F5DF361FE14F,EB1B4B5A-E9E9-42E8-9BB2-FDD5DD77495E,Chinook,NA,Adult,UM,NA,NA,Released,1,Chinook_Adult_UM_Released,2022,9,38,370,NA,NA,No,1,370,Complete,05:55:00,12:05:00,B95A7802-2370-4C8A-951A-E3B5554F0685,2022-09-17,Nisqually River,District 11,Nisqually salmon 2022,EB013771-45EF-4715-9990-44E87E2443EB,NA,Gear,NA,NA,NA,NA,NA,NA,NA,NA,NA,NA,2022-09-17T12:05:34Z,2022-09-17T22:44:22Z
516E702C-3EB7-4D1D-9C20-DEABC26ADF3B,3BAB75B7-83F9-4DE0-AC49-5F4F11A55D60,Chinook,NA,Adult,AD,NA,73,Kept,1,Chinook_Adult_AD_Kept,2022,9,38,168,NA,NA,No,1,168,Complete,09:30:00,12:18:00,B95A7802-2370-4C8A-951A-E3B5554F0685,2022-09-17,Nisqually River,District 11,Nisqually salmon 2022,B3F9ABE3-0E0A-448F-9365-3A412ED1FE87,NA,Gear,NA,NA,NA,NA,NA,NA,NA,NA,NA,NA,2022-09-17T12:20:24Z,2022-09-17T22:44:22Z
6F7DF9DE-CB17-48DC-B388-8631C753B013,2B3DF2CE-EB70-428C-9D73-B05495F65F92,Chinook,NA,Adult,UM,NA,NA,Released,1,Chinook_Adult_UM_Released,2022,9,38,321,NA,NA,No,1,321,Complete,07:00:00,12:21:00,B95A7802-2370-4C8A-951A-E3B5554F0685,2022-09-17,Nisqually River,District 11,Nisqually salmon 2022,1BE1EA24-3E1D-487E-9E61-409067D1E0EE,NA,Gear,NA,NA,NA,NA,NA,NA,NA,NA,NA,NA,2022-09-17T12:21:30Z,2022-09-17T22:44:22Z
4E85C228-64E7-41EC-9ECE-67C328EFDF2D,5FC01A4F-3E66-4A4A-AB46-0B6339207217,Chinook,NA,Adult,AD,NA,64,Kept,1,Chinook_Adult_AD_Kept,2022,9,38,394,NA,NA,No,1,394,Complete,05:55:00,12:29:00,B95A7802-2370-4C8A-951A-E3B5554F0685,2022-09-17,Nisqually River,District 11,Nisqually salmon 2022,DB8CF57B-B004-4969-8477-AFBC803BFBFC,NA,Gear,NA,NA,NA,NA,NA,NA,NA,NA,NA,NA,2022-09-17T12:29:50Z,2022-09-17T22:44:22Z
4E85C228-64E7-41EC-9ECE-67C328EFDF2D,AF6DF1F3-97E3-4C99-8833-D1A66AD39D37,Chinook,NA,Adult,AD,NA,73,Kept,1,Chinook_Adult_AD_Kept,2022,9,38,394,NA,NA,No,1,394,Complete,05:55:00,12:29:00,B95A7802-2370-4C8A-951A-E3B5554F0685,2022-09-17,Nisqually River,District 11,Nisqually salmon 2022,DB8CF57B-B004-4969-8477-AFBC803BFBFC,NA,Gear,NA,NA,NA,NA,NA,NA,NA,NA,NA,NA,2022-09-17T12:29:50Z,2022-09-17T22:44:22Z
4E85C228-64E7-41EC-9ECE-67C328EFDF2D,D779C9D7-EA66-45F4-ABE0-BF1346D77098,Chinook,NA,Adult,UM,NA,NA,Released,4,Chinook_Adult_UM_Released,2022,9,38,394,NA,NA,No,1,394,Complete,05:55:00,12:29:00,B95A7802-2370-4C8A-951A-E3B5554F0685,2022-09-17,Nisqually River,District 11,Nisqually salmon 2022,DB8CF57B-B004-4969-8477-AFBC803BFBFC,NA,Gear,NA,NA,NA,NA,NA,NA,NA,NA,NA,NA,2022-09-17T12:29:50Z,2022-09-17T22:44:22Z
DEAEEB0E-B993-4357-BA34-B9A1978A808C,42F36F6A-79CC-4A10-BC21-8043BC509708,Chinook,NA,Adult,AD,NA,NA,Released,1,Chinook_Adult_AD_Released,2022,9,38,154,NA,NA,No,2,308,Complete,10:00:00,12:34:00,B95A7802-2370-4C8A-951A-E3B5554F0685,2022-09-17,Nisqually River,District 11,Nisqually salmon 2022,498C24CD-37C6-466A-9710-7708F1DC7416,NA,Gear,NA,NA,NA,NA,NA,NA,NA,NA,NA,NA,2022-09-17T12:34:16Z,2022-09-17T22:44:22Z
269B3821-E7D5-4F2F-979E-967A2823EE0E,F3EDD441-B388-4826-BF74-5B9F3DC9975C,Chinook,NA,Adult,AD,NA,NA,Released,1,Chinook_Adult_AD_Released,2022,9,38,166,NA,NA,No,1,166,Complete,10:00:00,12:46:00,B95A7802-2370-4C8A-951A-E3B5554F0685,2022-09-17,Nisqually River,District 11,Nisqually salmon 2022,D8E9AA1A-F3A2-4683-9685-C500CC7CFDE0,NA,Gear,NA,NA,NA,NA,NA,NA,NA,NA,NA,NA,2022-09-17T12:46:16Z,2022-09-17T22:44:22Z
08CCFB15-62EA-47CA-86FA-303936A23241,F121123E-AD45-4274-B7C0-F3A7C2A99173,Chinook,NA,Adult,AD,NA,NA,Released,1,Chinook_Adult_AD_Released,2022,9,38,375,NA,NA,No,1,375,Complete,07:00:00,13:15:00,B95A7802-2370-4C8A-951A-E3B5554F0685,2022-09-17,Nisqually River,District 11,Nisqually salmon 2022,6C2E1369-881D-4869-B709-35154B7F9636,NA,Gear,NA,NA,NA,NA,NA,NA,NA,NA,NA,NA,2022-09-17T13:16:05Z,2022-09-17T22:44:22Z
08CCFB15-62EA-47CA-86FA-303936A23241,324A4FA0-9502-4BAE-9E5C-4842E2493F89,Chinook,NA,Adult,AD,NA,66,Kept,1,Chinook_Adult_AD_Kept,2022,9,38,375,NA,NA,No,1,375,Complete,07:00:00,13:15:00,B95A7802-2370-4C8A-951A-E3B5554F0685,2022-09-17,Nisqually River,District 11,Nisqually salmon 2022,6C2E1369-881D-4869-B709-35154B7F9636,NA,Gear,NA,NA,NA,NA,NA,NA,NA,NA,NA,NA,2022-09-17T13:16:05Z,2022-09-17T22:44:22Z
61209074-0F14-4DB0-916D-5B9584AA7D0D,C6C541B4-E5EE-4418-ACDB-8424F9B384B1,Chinook,NA,Jack,AD,NA,53,Kept,1,Chinook_Jack_AD_Kept,2022,9,38,239,NA,NA,No,2,478,Complete,09:30:00,13:29:00,B95A7802-2370-4C8A-951A-E3B5554F0685,2022-09-17,Nisqually River,District 11,Nisqually salmon 2022,C0E37934-2CF4-40F1-A53A-A88A6B7D9A40,NA,Gear,NA,NA,NA,NA,NA,NA,NA,NA,NA,NA,2022-09-17T13:31:00Z,2023-01-03T21:52:50Z
2D8D0DCD-2ED8-4B99-9A1B-108100267BE1,065E3A1F-2907-4706-BA9D-42F3DC3F2D9A,Chinook,NA,Adult,UM,NA,NA,Released,1,Chinook_Adult_UM_Released,2022,9,38,244,NA,NA,No,2,488,Complete,09:30:00,13:34:00,B95A7802-2370-4C8A-951A-E3B5554F0685,2022-09-17,Nisqually River,District 11,Nisqually salmon 2022,9B99AA15-E93D-49AE-A432-96148ECE52A6,NA,Gear,NA,NA,NA,NA,NA,NA,NA,NA,NA,NA,2022-09-17T13:34:47Z,2022-09-17T22:44:22Z
BFCBE600-EC74-48B1-8E8B-A358E469153F,5E266A92-C5E1-4423-82FE-DD76102548D2,Chinook,NA,Adult,AD,NA,68,Kept,1,Chinook_Adult_AD_Kept,2022,9,37,372,NA,NA,No,1,372,Complete,05:50:00,12:02:00,90067B88-3949-483C-B4D2-032D35849A2C,2022-09-16,Nisqually River,District 11,Nisqually salmon 2022,71DE9087-D2B0-448B-9B72-B97A39B4CA16,NA,Gear,NA,NA,NA,NA,NA,NA,NA,NA,NA,NA,2022-09-16T12:03:04Z,2023-01-03T19:59:36Z
CC4D32DE-D74E-4AA3-BFDB-451CBF404E60,EBEE2EE2-A67F-4955-837C-57D56C175433,Chinook,NA,Jack,UM,NA,53,Kept,1,Chinook_Jack_UM_Kept,2022,9,37,255,NA,NA,No,1,255,Complete,08:30:00,12:45:00,90067B88-3949-483C-B4D2-032D35849A2C,2022-09-16,Nisqually River,District 11,Nisqually salmon 2022,92C80701-8D60-40FA-862E-153D9C673921,NA,Gear,NA,NA,NA,NA,NA,NA,NA,NA,NA,NA,2022-09-16T12:45:46Z,2022-09-17T02:14:17Z
324EE3C3-E610-4E0D-A1BD-68E9E1886353,BE52C27D-D9DB-4D7C-B7C4-14595A1A7F70,Chinook,NA,Adult,AD,NA,69,Kept,1,Chinook_Adult_AD_Kept,2022,9,37,398,NA,NA,No,1,398,Complete,06:30:00,13:08:00,90067B88-3949-483C-B4D2-032D35849A2C,2022-09-16,Nisqually River,District 11,Nisqually salmon 2022,1FE7A8C3-5B0E-41DE-8BFF-39C74B736092,NA,Gear,NA,NA,NA,NA,NA,NA,NA,NA,NA,NA,2022-09-16T13:09:09Z,2022-09-17T02:14:17Z
2929C5AD-0550-4D79-BE48-6FCCAE15E126,20277E7C-D2C6-4A6B-A9C7-FC6170B11B35,Chinook,NA,Adult,AD,NA,65,Kept,1,Chinook_Adult_AD_Kept,2022,9,37,352,NA,NA,No,1,352,Complete,07:30:00,13:22:00,90067B88-3949-483C-B4D2-032D35849A2C,2022-09-16,Nisqually River,District 11,Nisqually salmon 2022,37964682-B2C5-4B58-8188-BBED06D74DF7,NA,Gear,NA,NA,NA,NA,NA,NA,NA,NA,NA,NA,2022-09-16T13:22:30Z,2022-09-17T02:14:17Z
7BFD9ADA-395F-4B5E-A6AD-F930E1DF4855,0B3F32A0-C372-46C8-9861-E7378E31CDC2,Chinook,NA,Adult,AD,NA,65,Kept,1,Chinook_Adult_AD_Kept,2022,9,37,218,NA,NA,No,1,218,Complete,10:00:00,13:38:00,90067B88-3949-483C-B4D2-032D35849A2C,2022-09-16,Nisqually River,District 11,Nisqually salmon 2022,A6A6937A-BBCD-4A84-A066-A8EC2B5CEE9E,NA,Gear,NA,NA,NA,NA,NA,NA,NA,NA,NA,NA,2022-09-16T13:38:22Z,2022-09-17T02:14:17Z
8169BC12-20F9-492E-93DF-AC832DE85BE6,872DD3B0-6F0E-4B48-9815-D7A446C3C392,Chinook,NA,Adult,AD,NA,67,Kept,1,Chinook_Adult_AD_Kept,2022,9,37,447,NA,NA,No,1,447,Complete,06:30:00,13:57:00,90067B88-3949-483C-B4D2-032D35849A2C,2022-09-16,Nisqually River,District 11,Nisqually salmon 2022,7ED4FDE1-3322-41A8-9B69-2DFD0C0D224E,NA,Gear,NA,NA,NA,NA,NA,NA,NA,NA,NA,NA,2022-09-16T13:57:37Z,2022-09-17T02:14:17Z
66F4F63C-8641-4E1A-A0F4-5E5C3CF0895B,94ED4709-ED23-41E9-821C-8B34C6E74DF9,Chinook,NA,Adult,AD,NA,67,Kept,1,Chinook_Adult_AD_Kept,2022,9,37,362,NA,NA,No,1,362,Complete,09:00:00,15:02:00,90067B88-3949-483C-B4D2-032D35849A2C,2022-09-16,Nisqually River,District 11,Nisqually salmon 2022,C96C15DB-7B2E-4108-98CF-5A285589CCF8,NA,Gear,NA,NA,NA,NA,NA,NA,NA,NA,NA,NA,2022-09-16T15:02:52Z,2022-12-11T20:30:37Z
1FD137D6-B10E-4029-82CE-9D4EAC8C6E74,95C00067-83AE-4BDB-90D9-29B612F35559,Chinook,NA,Adult,AD,NA,69,Kept,1,Chinook_Adult_AD_Kept,2022,9,37,157,NA,NA,No,1,157,Complete,07:45:00,10:22:00,3ADBAE77-3979-469A-81BD-4F3766F9F80A,2022-09-16,Nisqually River,District 11,Nisqually salmon 2022,9C079ECB-3510-47FC-8ACC-F637FD6EE20D,NA,Gear,NA,NA,NA,NA,NA,NA,NA,NA,NA,NA,2022-09-16T10:22:39Z,2022-09-16T22:59:17Z
973203FE-0970-4BDE-9983-0D53B07E7C10,A7A35B6B-F71E-476C-B23D-8BB6DA12C615,Chinook,NA,Adult,UNK,NA,NA,Released,1,Chinook_Adult_UNK_Released,2022,9,37,215,NA,NA,No,1,215,Complete,08:00:00,11:35:00,3ADBAE77-3979-469A-81BD-4F3766F9F80A,2022-09-16,Nisqually River,District 11,Nisqually salmon 2022,7B38BD7C-8F4F-4BB1-A820-73659AC8BB0F,NA,Gear,NA,NA,NA,NA,NA,NA,NA,NA,NA,NA,2022-09-16T11:35:28Z,2022-09-16T22:59:17Z
083A9875-EE27-48F2-A526-0AEFF51FC47F,FFB1EA85-C731-445F-85F9-784FAE848F4C,Chinook,NA,Jack,AD,NA,42,Kept,1,Chinook_Jack_AD_Kept,2022,9,37,354,NA,NA,No,2,708,Complete,08:30:00,14:24:00,3ADBAE77-3979-469A-81BD-4F3766F9F80A,2022-09-16,Nisqually River,District 11,Nisqually salmon 2022,93A96B29-7567-4461-9E4C-15C6EC4B0AB6,NA,Gear,NA,NA,NA,NA,NA,NA,NA,NA,NA,NA,2022-09-16T14:24:31Z,2022-09-16T22:59:17Z
083A9875-EE27-48F2-A526-0AEFF51FC47F,7DA30303-BC74-4C2A-B8C7-7E0DADB6FF8C,Chinook,NA,Adult,AD,NA,78,Kept,1,Chinook_Adult_AD_Kept,2022,9,37,354,NA,NA,No,2,708,Complete,08:30:00,14:24:00,3ADBAE77-3979-469A-81BD-4F3766F9F80A,2022-09-16,Nisqually River,District 11,Nisqually salmon 2022,93A96B29-7567-4461-9E4C-15C6EC4B0AB6,NA,Gear,NA,NA,NA,NA,NA,NA,NA,NA,NA,NA,2022-09-16T14:24:31Z,2022-09-16T22:59:17Z
083A9875-EE27-48F2-A526-0AEFF51FC47F,8A4968E3-9DC7-4B4F-BF92-A8F46097061D,Chinook,NA,Adult,AD,NA,80,Kept,1,Chinook_Adult_AD_Kept,2022,9,37,354,NA,NA,No,2,708,Complete,08:30:00,14:24:00,3ADBAE77-3979-469A-81BD-4F3766F9F80A,2022-09-16,Nisqually River,District 11,Nisqually salmon 2022,93A96B29-7567-4461-9E4C-15C6EC4B0AB6,NA,Gear,NA,NA,NA,NA,NA,NA,NA,NA,NA,NA,2022-09-16T14:24:31Z,2022-09-16T22:59:17Z
E32E6132-02CE-455C-A2FC-684B72BAAAF7,2ACED97D-20E7-48E4-9425-CC32775D7852,Chinook,NA,Jack,AD,NA,NA,Released,1,Chinook_Jack_AD_Released,2022,9,37,100,NA,NA,No,1,100,Complete,11:00:00,12:40:00,8CD20FCA-4E24-4BEC-B97E-CD5575A6A2A1,2022-09-14,Nisqually River,District 11,Nisqually salmon 2022,9C40CEA9-CBC4-46E0-8A25-ED0548D9E7BD,NA,Gear,NA,NA,NA,NA,NA,NA,NA,NA,NA,NA,2022-09-14T12:40:07Z,2022-09-15T02:44:15Z
7103059B-AC23-4A3A-8EC8-5F1B944DB04A,744894EA-ABD7-4B64-AB70-B7C944E99A54,Chinook,NA,Adult,AD,NA,NA,Released,1,Chinook_Adult_AD_Released,2022,9,37,182,NA,NA,No,1,182,Complete,10:15:00,13:17:00,8CD20FCA-4E24-4BEC-B97E-CD5575A6A2A1,2022-09-14,Nisqually River,District 11,Nisqually salmon 2022,F2EAFB53-5BE7-4B18-9A5B-5D68159E70CA,NA,Gear,NA,NA,NA,NA,NA,NA,NA,NA,NA,NA,2022-09-14T13:17:22Z,2022-09-15T02:44:15Z
7103059B-AC23-4A3A-8EC8-5F1B944DB04A,F9101E4B-80D2-44CB-843B-A6B673B87F3C,Chinook,NA,Adult,UM,NA,NA,Released,1,Chinook_Adult_UM_Released,2022,9,37,182,NA,NA,No,1,182,Complete,10:15:00,13:17:00,8CD20FCA-4E24-4BEC-B97E-CD5575A6A2A1,2022-09-14,Nisqually River,District 11,Nisqually salmon 2022,F2EAFB53-5BE7-4B18-9A5B-5D68159E70CA,NA,Gear,NA,NA,NA,NA,NA,NA,NA,NA,NA,NA,2022-09-14T13:17:22Z,2022-09-15T02:44:15Z
2408686C-C40A-42F9-8362-B7379E053D5B,33DB40A4-7B2B-4BF6-8D79-7D6CCE2CD66B,Chinook,NA,Adult,AD,NA,NA,Released,2,Chinook_Adult_AD_Released,2022,9,37,514,NA,Trailered Motorized Boat,Yes,3,1542,Complete,05:45:00,14:19:00,8CD20FCA-4E24-4BEC-B97E-CD5575A6A2A1,2022-09-14,Nisqually River,District 11,Nisqually salmon 2022,6B019387-72C6-4289-B72D-F77BE38D78E5,NA,Gear,NA,NA,NA,NA,NA,NA,NA,NA,NA,NA,2022-09-14T14:19:21Z,2022-09-15T02:44:15Z
2408686C-C40A-42F9-8362-B7379E053D5B,87D81E76-6ABE-4C1D-856C-29E30AE56A9F,Chinook,NA,Jack,AD,NA,NA,Released,1,Chinook_Jack_AD_Released,2022,9,37,514,NA,Trailered Motorized Boat,Yes,3,1542,Complete,05:45:00,14:19:00,8CD20FCA-4E24-4BEC-B97E-CD5575A6A2A1,2022-09-14,Nisqually River,District 11,Nisqually salmon 2022,6B019387-72C6-4289-B72D-F77BE38D78E5,NA,Gear,NA,NA,NA,NA,NA,NA,NA,NA,NA,NA,2022-09-14T14:19:21Z,2022-09-15T02:44:15Z
EBDB6E5F-BEA7-44B0-9B39-A18F67154E29,C27FD8DC-B10A-4698-8661-6E93DD64BDCE,Chinook,NA,Adult,AD,NA,61,Kept,1,Chinook_Adult_AD_Kept,2022,9,37,515,NA,NA,No,2,1030,Complete,05:45:00,14:20:00,8CD20FCA-4E24-4BEC-B97E-CD5575A6A2A1,2022-09-14,Nisqually River,District 11,Nisqually salmon 2022,EF301DF5-8139-4E96-8E98-476BF363C552,NA,Gear,NA,NA,NA,NA,NA,NA,NA,NA,NA,NA,2022-09-14T14:20:13Z,2022-09-15T02:44:15Z
2996F761-7B11-4C8F-9597-F47E5B3C67D5,7CF06A64-A9FE-4075-B61B-C037D3E978E1,Chinook,NA,Adult,AD,NA,NA,Released,1,Chinook_Adult_AD_Released,2022,9,37,167,NA,NA,No,1,167,Complete,14:00:00,16:47:00,8CD20FCA-4E24-4BEC-B97E-CD5575A6A2A1,2022-09-14,Nisqually River,District 11,Nisqually salmon 2022,097090D7-377E-4465-88E7-15AA34BA29ED,NA,Gear,NA,NA,NA,NA,NA,NA,NA,NA,NA,NA,2022-09-14T16:48:01Z,2022-09-15T02:44:15Z
E05B33D2-0D9E-483F-A819-18FD6CB98565,FF9A12E7-7A4A-4D0F-A010-D48297FA5047,Chinook,NA,Jack,AD,NA,58,Kept,1,Chinook_Jack_AD_Kept,2022,9,37,73,NA,NA,No,1,73,Complete,05:55:00,07:08:00,C0F5635E-1151-4B36-97E4-CD8A35A977EA,2022-09-14,Nisqually River,District 11,Nisqually salmon 2022,2EA3F7A2-286B-4657-9C78-8B2838D6E22B,NA,Gear,NA,NA,NA,NA,NA,NA,NA,NA,NA,NA,2022-09-14T07:08:28Z,2022-12-12T21:35:33Z
DE929BF3-07E9-4B50-B118-7CDA0141DAC1,A5A9551D-3E7B-4012-8E91-645443DA5A09,Chinook,NA,Adult,AD,NA,76,Kept,1,Chinook_Adult_AD_Kept,2022,9,37,99,NA,NA,No,1,99,Complete,05:45:00,07:24:00,C0F5635E-1151-4B36-97E4-CD8A35A977EA,2022-09-14,Nisqually River,District 11,Nisqually salmon 2022,86EB858E-43CC-4B4D-9138-EDE7018F130E,NA,Gear,NA,NA,NA,NA,NA,NA,NA,NA,NA,NA,2022-09-14T07:25:01Z,2022-09-14T22:59:16Z
1C7BC8F3-6EB6-49C0-B49F-DFE613DF3909,9A25276D-CCE7-4439-91E3-AE6F2C5A26CE,Chinook,NA,Adult,AD,NA,74,Kept,1,Chinook_Adult_AD_Kept,2022,9,37,108,NA,NA,No,2,216,Complete,05:47:00,07:35:00,C0F5635E-1151-4B36-97E4-CD8A35A977EA,2022-09-14,Nisqually River,District 11,Nisqually salmon 2022,3000FA19-030D-4DE5-9FF9-49D4D72BEEC3,NA,Gear,NA,NA,NA,NA,NA,NA,NA,NA,NA,NA,2022-09-14T07:35:59Z,2022-09-14T22:59:16Z
8486E51E-7260-4215-8C44-04E52175060C,5D2E9797-11A3-4ACF-B09B-5B61077154A0,Chinook,NA,Adult,AD,NA,NA,Kept,1,Chinook_Adult_AD_Kept,2022,9,37,120,NA,NA,No,1,120,Complete,06:30:00,08:30:00,C0F5635E-1151-4B36-97E4-CD8A35A977EA,2022-09-14,Nisqually River,District 11,Nisqually salmon 2022,A5E305C1-F0CF-4ADB-ABB7-A6AEAADBC115,NA,Gear,NA,NA,NA,NA,NA,NA,NA,NA,NA,NA,2022-09-14T08:30:39Z,2022-09-14T22:59:16Z
D8BC4849-2DE1-426A-89CD-B985ECD932BC,9D26A95A-C802-4D5C-A9C2-1D0E8CD38202,Chinook,NA,Adult,UNK,NA,NA,Released,2,Chinook_Adult_UNK_Released,2022,9,37,180,NA,NA,No,1,180,Complete,05:54:00,08:54:00,C0F5635E-1151-4B36-97E4-CD8A35A977EA,2022-09-14,Nisqually River,District 11,Nisqually salmon 2022,5932E7EB-1973-4EAD-9E67-77134676ED07,NA,Gear,NA,NA,NA,NA,NA,NA,NA,NA,NA,NA,2022-09-14T08:55:01Z,2022-09-14T22:59:16Z
011CD530-9B44-4830-8BDC-8A8A2C1552A0,C3A2FAAF-A4B7-4444-9E60-B24519D12176,Chinook,NA,Adult,AD,NA,67,Kept,1,Chinook_Adult_AD_Kept,2022,9,37,21,NA,NA,No,1,21,Complete,08:40:00,09:01:00,C0F5635E-1151-4B36-97E4-CD8A35A977EA,2022-09-14,Nisqually River,District 11,Nisqually salmon 2022,AF2BEA1E-96B4-43C0-9120-065AC42B5E4A,NA,Gear,NA,NA,NA,NA,NA,NA,NA,NA,NA,NA,2022-09-14T09:01:32Z,2022-09-14T22:59:16Z
F024DF97-2C71-4124-BC5E-6DD0418D5FDE,1E787168-FD92-49D8-9159-A706342F1F7E,Chinook,NA,Adult,AD,NA,65,Kept,1,Chinook_Adult_AD_Kept,2022,9,37,123,NA,NA,No,2,246,Complete,07:00:00,09:03:00,C0F5635E-1151-4B36-97E4-CD8A35A977EA,2022-09-14,Nisqually River,District 11,Nisqually salmon 2022,76BF59B9-C398-49B4-A082-2CA0C24341B4,NA,Gear,NA,NA,NA,NA,NA,NA,NA,NA,NA,NA,2022-09-14T09:03:49Z,2022-09-14T22:59:16Z
7E1B5AA6-5D51-4FF1-B13A-A4A3F07F68F0,96777CA6-73D5-4EAE-9856-B1E87AABDD8B,Chinook,NA,Adult,AD,NA,80,Kept,1,Chinook_Adult_AD_Kept,2022,9,37,156,NA,NA,No,1,156,Complete,06:50:00,09:26:00,C0F5635E-1151-4B36-97E4-CD8A35A977EA,2022-09-14,Nisqually River,District 11,Nisqually salmon 2022,F858C52C-A717-4295-A125-2ACC01290F60,NA,Gear,NA,NA,NA,NA,NA,NA,NA,NA,NA,NA,2022-09-14T09:26:34Z,2022-09-14T22:59:16Z
EC92C43A-22A1-4D22-9A5B-C56494DF9E86,06E356A4-8942-4AEE-A49D-5FAEB92C1C72,Chinook,NA,Adult,AD,NA,74,Kept,1,Chinook_Adult_AD_Kept,2022,9,37,602,NA,NA,No,2,1204,Complete,05:47:00,15:49:00,8BA9B2A0-91BB-4D1B-8DBF-48F5384E75F1,2022-09-13,Nisqually River,District 11,Nisqually salmon 2022,D4909656-B785-4284-9468-FE607656D60D,NA,Gear,NA,NA,NA,NA,NA,NA,NA,NA,NA,NA,2022-09-13T15:51:12Z,2022-09-14T02:44:14Z
EC92C43A-22A1-4D22-9A5B-C56494DF9E86,FDD69447-6D04-4D3B-BD75-2469281BFC26,Chinook,NA,Adult,AD,NA,64,Kept,1,Chinook_Adult_AD_Kept,2022,9,37,602,NA,NA,No,2,1204,Complete,05:47:00,15:49:00,8BA9B2A0-91BB-4D1B-8DBF-48F5384E75F1,2022-09-13,Nisqually River,District 11,Nisqually salmon 2022,D4909656-B785-4284-9468-FE607656D60D,NA,Gear,NA,NA,NA,NA,NA,NA,NA,NA,NA,NA,2022-09-13T15:51:12Z,2022-09-14T02:44:14Z
EC92C43A-22A1-4D22-9A5B-C56494DF9E86,5A0D0294-E586-430C-B2A0-342D3F58C452,Chinook,NA,Jack,AD,NA,57,Kept,1,Chinook_Jack_AD_Kept,2022,9,37,602,NA,NA,No,2,1204,Complete,05:47:00,15:49:00,8BA9B2A0-91BB-4D1B-8DBF-48F5384E75F1,2022-09-13,Nisqually River,District 11,Nisqually salmon 2022,D4909656-B785-4284-9468-FE607656D60D,NA,Gear,NA,NA,NA,NA,NA,NA,NA,NA,NA,NA,2022-09-13T15:51:12Z,2022-09-14T02:44:14Z
EA6DFFF1-C178-4B81-A5D3-21CEE9732567,126424F3-BD66-41AE-9118-ACEA9361B460,Chinook,NA,Adult,AD,NA,88,Kept,1,Chinook_Adult_AD_Kept,2022,9,37,503,NA,NA,No,2,1006,Complete,09:00:00,17:23:00,8BA9B2A0-91BB-4D1B-8DBF-48F5384E75F1,2022-09-13,Nisqually River,District 11,Nisqually salmon 2022,F1F2DD21-5C6A-43A6-A067-9ADA5D394243,NA,Gear,NA,NA,NA,NA,NA,NA,NA,NA,NA,NA,2022-09-13T17:23:15Z,2022-09-14T02:44:14Z
EA6DFFF1-C178-4B81-A5D3-21CEE9732567,FC00A34E-73E9-4633-8CD9-4CEA5550C391,Chinook,NA,Adult,AD,NA,NA,Released,1,Chinook_Adult_AD_Released,2022,9,37,503,NA,NA,No,2,1006,Complete,09:00:00,17:23:00,8BA9B2A0-91BB-4D1B-8DBF-48F5384E75F1,2022-09-13,Nisqually River,District 11,Nisqually salmon 2022,F1F2DD21-5C6A-43A6-A067-9ADA5D394243,NA,Gear,NA,NA,NA,NA,NA,NA,NA,NA,NA,NA,2022-09-13T17:23:15Z,2022-09-14T02:44:14Z
561F5089-1149-436F-98C2-04992F357F47,23E88283-9294-4532-BA74-982F7F306569,Chinook,NA,Adult,AD,NA,NA,Released,1,Chinook_Adult_AD_Released,2022,9,37,650,NA,NA,No,1,650,Complete,07:00:00,17:50:00,8BA9B2A0-91BB-4D1B-8DBF-48F5384E75F1,2022-09-13,Nisqually River,District 11,Nisqually salmon 2022,EFFBE291-77C3-426D-8B54-819D273CE3FB,NA,Gear,NA,NA,NA,NA,NA,NA,NA,NA,NA,NA,2022-09-13T17:49:49Z,2022-09-14T02:44:14Z
933A25AD-7192-469F-B66D-7E7238ACD44C,DF082B5B-320A-46CF-BFE3-31EDD9E3F190,Chinook,NA,Jack,AD,NA,47,Kept,1,Chinook_Jack_AD_Kept,2022,9,37,663,NA,NA,No,1,663,Complete,07:00:00,18:03:00,8BA9B2A0-91BB-4D1B-8DBF-48F5384E75F1,2022-09-13,Nisqually River,District 11,Nisqually salmon 2022,DC43D5B7-4A11-4E87-A10C-C6B81B7A393B,NA,Gear,NA,NA,NA,NA,NA,NA,NA,NA,NA,NA,2022-09-13T18:02:10Z,2022-09-14T02:44:14Z
933A25AD-7192-469F-B66D-7E7238ACD44C,4ACF8678-44D5-4A72-AACE-F785F16D1F86,Chinook,NA,Adult,AD,NA,62,Kept,1,Chinook_Adult_AD_Kept,2022,9,37,663,NA,NA,No,1,663,Complete,07:00:00,18:03:00,8BA9B2A0-91BB-4D1B-8DBF-48F5384E75F1,2022-09-13,Nisqually River,District 11,Nisqually salmon 2022,DC43D5B7-4A11-4E87-A10C-C6B81B7A393B,NA,Gear,NA,NA,NA,NA,NA,NA,NA,NA,NA,NA,2022-09-13T18:02:10Z,2022-09-14T02:44:14Z
479C6261-4610-4DCE-9CB8-F2C78209E278,CBD5D08A-4B6C-4EEF-B438-687C19159B5E,Chinook,NA,Adult,AD,NA,62,Kept,1,Chinook_Adult_AD_Kept,2022,9,37,231,NA,NA,No,1,231,Complete,05:45:00,09:36:00,404EC56D-D0B7-43F8-9068-CA48D043799F,2022-09-13,Nisqually River,District 11,Nisqually salmon 2022,4501C869-6386-4403-B0CE-5887FE163F11,NA,Gear,NA,NA,NA,NA,NA,NA,NA,NA,NA,NA,2022-09-13T09:36:20Z,2022-09-13T22:44:14Z
671F8243-3F51-4DF8-A115-82340BAE9389,20460D4E-BF6F-4EAD-8A0C-070375721821,Chinook,NA,Adult,AD,NA,67.5,Kept,1,Chinook_Adult_AD_Kept,2022,9,37,413,NA,NA,No,1,413,Complete,07:00:00,13:53:00,816E5ABC-C4B7-4C71-A6A8-286CF7703D4F,2022-09-10,Nisqually River,District 11,Nisqually salmon 2022,5CFC5AD5-E262-450B-BEFD-21951594B862,NA,Gear,NA,NA,NA,NA,NA,NA,NA,NA,NA,NA,2022-09-10T13:53:41Z,2022-09-11T01:15:06Z
60E4FD12-2AEA-4402-9591-B78F2484BB3C,37AB3EF9-3005-4217-99FE-4F4EEDB73626,Chinook,NA,Adult,AD,NA,67,Kept,1,Chinook_Adult_AD_Kept,2022,9,37,110,NA,NA,No,1,110,Complete,12:30:00,14:20:00,816E5ABC-C4B7-4C71-A6A8-286CF7703D4F,2022-09-10,Nisqually River,District 11,Nisqually salmon 2022,54335F21-C2B9-44D9-8861-8FA8CBABFB02,NA,Gear,NA,NA,NA,NA,NA,NA,NA,NA,NA,NA,2022-09-10T14:20:14Z,2022-09-11T01:15:06Z
60E4FD12-2AEA-4402-9591-B78F2484BB3C,D876099C-95DE-4219-AD42-1E3DFDC35293,Chinook,NA,Adult,AD,NA,NA,Released,1,Chinook_Adult_AD_Released,2022,9,37,110,NA,NA,No,1,110,Complete,12:30:00,14:20:00,816E5ABC-C4B7-4C71-A6A8-286CF7703D4F,2022-09-10,Nisqually River,District 11,Nisqually salmon 2022,54335F21-C2B9-44D9-8861-8FA8CBABFB02,NA,Gear,NA,NA,NA,NA,NA,NA,NA,NA,NA,NA,2022-09-10T14:20:14Z,2022-09-11T01:15:06Z
2E1B7E16-16E0-4BE3-829A-9A639EA7425A,C20C9D89-BE37-4D44-8A31-3D938C92C6FA,Chinook,NA,Adult,AD,NA,73,Kept,1,Chinook_Adult_AD_Kept,2022,9,37,462,NA,NA,No,3,1386,Complete,08:00:00,15:42:00,816E5ABC-C4B7-4C71-A6A8-286CF7703D4F,2022-09-10,Nisqually River,District 11,Nisqually salmon 2022,34AF9EC1-FA32-421E-AD9C-F9956632C0A5,NA,Gear,NA,NA,NA,NA,NA,NA,NA,NA,NA,NA,2022-09-10T15:43:03Z,2022-12-11T20:51:29Z
2E1B7E16-16E0-4BE3-829A-9A639EA7425A,46C38B6E-D4D3-4D0A-8DE0-CE3DF56E9256,Chinook,NA,Adult,AD,NA,73,Kept,1,Chinook_Adult_AD_Kept,2022,9,37,462,NA,NA,No,3,1386,Complete,08:00:00,15:42:00,816E5ABC-C4B7-4C71-A6A8-286CF7703D4F,2022-09-10,Nisqually River,District 11,Nisqually salmon 2022,34AF9EC1-FA32-421E-AD9C-F9956632C0A5,NA,Gear,NA,NA,NA,NA,NA,NA,NA,NA,NA,NA,2022-09-10T15:43:03Z,2022-12-11T20:51:29Z
2E1B7E16-16E0-4BE3-829A-9A639EA7425A,BF7D1196-B800-4CE3-9983-DC5F4CE36B06,Chinook,NA,Adult,AD,NA,64,Kept,1,Chinook_Adult_AD_Kept,2022,9,37,462,NA,NA,No,3,1386,Complete,08:00:00,15:42:00,816E5ABC-C4B7-4C71-A6A8-286CF7703D4F,2022-09-10,Nisqually River,District 11,Nisqually salmon 2022,34AF9EC1-FA32-421E-AD9C-F9956632C0A5,NA,Gear,NA,NA,NA,NA,NA,NA,NA,NA,NA,NA,2022-09-10T15:43:03Z,2022-12-11T20:51:29Z
B730A2B1-78EE-406A-993F-9C1626B1E7ED,AA86C1A1-429C-44D2-9071-B2EA0F2F00D7,Chinook,NA,Adult,UNK,NA,NA,Released,1,Chinook_Adult_UNK_Released,2022,9,36,90,NA,NA,No,1,90,Complete,11:00:00,12:30:00,C93BA8B4-128D-4BD0-9D4B-F8B421856CD6,2022-09-09,Nisqually River,District 11,Nisqually salmon 2022,97FDD129-9078-41D3-9182-3E1DBE4CF9AA,NA,Gear,NA,NA,NA,NA,NA,NA,NA,NA,NA,NA,2022-09-09T12:30:06Z,2022-09-10T02:45:13Z
B3E9DBD9-2634-4289-B36A-C0F46F695400,8E8995CB-1545-4E87-BCFB-987F6F77A1FF,Chinook,NA,Adult,AD,NA,76,Kept,1,Chinook_Adult_AD_Kept,2022,9,36,445,NA,NA,No,1,445,Complete,06:31:00,13:56:00,C93BA8B4-128D-4BD0-9D4B-F8B421856CD6,2022-09-09,Nisqually River,District 11,Nisqually salmon 2022,729AA6B4-C5F7-4927-873F-629F9C6EED32,NA,Gear,NA,NA,NA,NA,NA,NA,NA,NA,NA,NA,2022-09-09T13:52:47Z,2022-09-10T02:45:13Z
9642C8BE-916B-4567-BD2A-11DC6B13324D,4EB2F283-70D7-47B7-83A8-4BAB943CD845,Chinook,NA,Adult,UM,NA,NA,Released,1,Chinook_Adult_UM_Released,2022,9,36,328,NA,NA,No,1,328,Complete,08:30:00,13:58:00,C93BA8B4-128D-4BD0-9D4B-F8B421856CD6,2022-09-09,Nisqually River,District 11,Nisqually salmon 2022,B7E24728-17CE-4E10-A2AF-EB674788BB48,NA,Gear,NA,NA,NA,NA,NA,NA,NA,NA,NA,NA,2022-09-09T14:02:52Z,2022-09-10T02:45:13Z
28342495-0C6C-4FC4-9993-FD50A53D1E72,804FE6E2-C68D-4BF1-A572-7720D68C512A,Chinook,NA,Adult,UM,NA,NA,Released,1,Chinook_Adult_UM_Released,2022,9,36,273,NA,NA,No,2,546,Complete,09:30:00,14:03:00,C93BA8B4-128D-4BD0-9D4B-F8B421856CD6,2022-09-09,Nisqually River,District 11,Nisqually salmon 2022,305CFDA0-533E-404C-BE52-D5EAA1EA7C37,NA,Gear,NA,NA,NA,NA,NA,NA,NA,NA,NA,NA,2022-09-09T14:03:30Z,2022-09-10T02:45:13Z
92E824AB-B1C7-4BE1-92F4-258A2120719B,1CB3E89B-F378-4353-B6D5-1DCAB0B75289,Chinook,NA,Jack,AD,NA,56,Kept,1,Chinook_Jack_AD_Kept,2022,9,36,342,NA,NA,No,1,342,Complete,08:30:00,14:12:00,C93BA8B4-128D-4BD0-9D4B-F8B421856CD6,2022-09-09,Nisqually River,District 11,Nisqually salmon 2022,1BAB3946-D8D3-472E-8CEF-FE1174AACB71,NA,Gear,NA,NA,NA,NA,NA,NA,NA,NA,NA,NA,2022-09-09T14:08:04Z,2022-09-10T02:45:13Z
CDB30C97-16A7-4BC7-B430-F3F16E90FE22,66A4E9C2-9A5F-4642-9280-95CA2ACBD148,Chinook,NA,Adult,AD,NA,76,Kept,1,Chinook_Adult_AD_Kept,2022,9,36,351,NA,NA,No,1,351,Complete,08:30:00,14:21:00,C93BA8B4-128D-4BD0-9D4B-F8B421856CD6,2022-09-09,Nisqually River,District 11,Nisqually salmon 2022,DA2E1A19-9C6F-4663-A446-E6D944F14A3E,NA,Gear,NA,NA,NA,NA,NA,NA,NA,NA,NA,NA,2022-09-09T14:21:27Z,2022-09-10T02:45:13Z
F2F90B57-CBA7-426F-A5DA-D8EF35AB8701,BA2BE40A-0DA7-41D7-A8C1-51ED0E639D91,Chinook,NA,Jack,AD,NA,56,Kept,1,Chinook_Jack_AD_Kept,2022,9,36,559,NA,NA,No,1,559,Complete,05:43:00,15:02:00,C93BA8B4-128D-4BD0-9D4B-F8B421856CD6,2022-09-09,Nisqually River,District 11,Nisqually salmon 2022,04AE730E-7FCE-4D57-B916-5A49070C7732,NA,Gear,NA,NA,NA,NA,NA,NA,NA,NA,NA,NA,2022-09-09T15:02:34Z,2022-09-10T02:45:13Z
2C3692E4-5625-4BBD-9AE9-FA7EF7DDCD21,C43ABC50-0B30-40F6-8CE2-5E1A0766202C,Chinook,NA,Adult,AD,NA,66,Kept,1,Chinook_Adult_AD_Kept,2022,9,36,537,NA,Trailered Motorized Boat,Yes,1,537,Complete,06:30:00,15:27:00,C93BA8B4-128D-4BD0-9D4B-F8B421856CD6,2022-09-09,Nisqually River,District 11,Nisqually salmon 2022,72BDE104-ED2E-4474-9194-93BE3539C18F,NA,Gear,NA,NA,NA,NA,NA,NA,NA,NA,NA,NA,2022-09-09T15:28:17Z,2022-12-11T21:38:23Z
50CA5DEB-068E-48D9-AC0C-DA7D1BA18E28,2A881131-6090-4F72-B5C1-436900B3A411,Chinook,NA,Adult,AD,NA,65,Kept,1,Chinook_Adult_AD_Kept,2022,9,36,101,NA,NA,No,1,101,Complete,05:40:00,07:21:00,E20E3D07-BAA9-4C85-BD75-CFBAD9C9682E,2022-09-09,Nisqually River,District 11,Nisqually salmon 2022,DE581408-9CBA-4917-97B5-3216DAC55226,NA,Gear,NA,NA,NA,NA,NA,NA,NA,NA,NA,NA,2022-09-09T07:21:26Z,2022-09-09T23:00:01Z
50CA5DEB-068E-48D9-AC0C-DA7D1BA18E28,B387365D-8CAA-4177-AE30-E6C584121317,Chinook,NA,Adult,UM,NA,NA,Released,1,Chinook_Adult_UM_Released,2022,9,36,101,NA,NA,No,1,101,Complete,05:40:00,07:21:00,E20E3D07-BAA9-4C85-BD75-CFBAD9C9682E,2022-09-09,Nisqually River,District 11,Nisqually salmon 2022,DE581408-9CBA-4917-97B5-3216DAC55226,NA,Gear,NA,NA,NA,NA,NA,NA,NA,NA,NA,NA,2022-09-09T07:21:26Z,2022-09-09T23:00:01Z
50CA5DEB-068E-48D9-AC0C-DA7D1BA18E28,CCEFC739-5E16-4390-B12D-161CCE36E173,Chinook,NA,Adult,AD,NA,67,Kept,1,Chinook_Adult_AD_Kept,2022,9,36,101,NA,NA,No,1,101,Complete,05:40:00,07:21:00,E20E3D07-BAA9-4C85-BD75-CFBAD9C9682E,2022-09-09,Nisqually River,District 11,Nisqually salmon 2022,DE581408-9CBA-4917-97B5-3216DAC55226,NA,Gear,NA,NA,NA,NA,NA,NA,NA,NA,NA,NA,2022-09-09T07:21:26Z,2022-09-09T23:00:01Z
B3E82CA6-3CA0-43E8-969A-630A8977A818,6D903CDF-50B9-4F88-93E0-160B55CDC766,Chinook,NA,Adult,AD,NA,67,Kept,1,Chinook_Adult_AD_Kept,2022,9,36,100,NA,NA,No,1,100,Complete,06:45:00,08:25:00,E20E3D07-BAA9-4C85-BD75-CFBAD9C9682E,2022-09-09,Nisqually River,District 11,Nisqually salmon 2022,34300B5D-F85C-466D-A0F9-0E6CDC92A6A4,NA,Gear,NA,NA,NA,NA,NA,NA,NA,NA,NA,NA,2022-09-09T08:25:20Z,2022-09-09T23:00:01Z
B3E82CA6-3CA0-43E8-969A-630A8977A818,79F36E34-9782-4A0F-9D7B-81235CEDA21E,Chinook,NA,Adult,AD,NA,76,Kept,1,Chinook_Adult_AD_Kept,2022,9,36,100,NA,NA,No,1,100,Complete,06:45:00,08:25:00,E20E3D07-BAA9-4C85-BD75-CFBAD9C9682E,2022-09-09,Nisqually River,District 11,Nisqually salmon 2022,34300B5D-F85C-466D-A0F9-0E6CDC92A6A4,NA,Gear,NA,NA,NA,NA,NA,NA,NA,NA,NA,NA,2022-09-09T08:25:20Z,2022-09-09T23:00:01Z
1D2EEDAF-65EC-4871-AE02-CD5504F58ED5,DA9D3155-B695-4D62-86C8-81E8776554B3,Chinook,NA,Jack,UNK,NA,NA,Released,1,Chinook_Jack_UNK_Released,2022,9,36,177,NA,NA,No,1,177,Complete,09:00:00,11:57:00,7F6D942E-D1CB-4D2C-BF3B-5306C8852CF9,2022-09-08,Nisqually River,District 11,Nisqually salmon 2022,D5FB9E36-B39B-4508-B0BF-0736514FF193,NA,Gear,NA,NA,NA,NA,NA,NA,NA,NA,NA,NA,2022-09-08T11:57:15Z,2022-09-09T02:15:02Z
C757B819-9090-4D62-AE5E-462A75D08DB4,F10A6B52-0FDB-4DEB-8274-8F455C38AF45,Chinook,NA,Adult,AD,NA,70,Kept,1,Chinook_Adult_AD_Kept,2022,9,36,417,NA,NA,No,1,417,Complete,06:00:00,12:57:00,7F6D942E-D1CB-4D2C-BF3B-5306C8852CF9,2022-09-08,Nisqually River,District 11,Nisqually salmon 2022,5E183DCB-4174-416D-B1C0-3A30AD93FCD4,NA,Gear,NA,NA,NA,NA,NA,NA,NA,NA,NA,NA,2022-09-08T13:03:09Z,2022-09-09T02:15:02Z
20CE3F4D-0EDE-441A-92FF-C7D8FCF08FB1,FCDDFD7C-6E6C-497C-A07F-92B79BE0C4C0,Chinook,NA,Adult,UM,NA,NA,Released,1,Chinook_Adult_UM_Released,2022,9,36,343,NA,NA,No,1,343,Complete,07:30:00,13:13:00,7F6D942E-D1CB-4D2C-BF3B-5306C8852CF9,2022-09-08,Nisqually River,District 11,Nisqually salmon 2022,FEF19383-1EC4-4A0A-9417-14AB56686427,NA,Gear,NA,NA,NA,NA,NA,NA,NA,NA,NA,NA,2022-09-08T13:14:00Z,2022-09-09T02:15:02Z
942ADDEF-AE00-4418-AE8B-B84E7A572C0A,25ED1586-E11E-4CA8-AEC6-CB954D2745D9,Chinook,NA,Adult,AD,NA,76,Kept,1,Chinook_Adult_AD_Kept,2022,9,36,291,NA,NA,No,1,291,Complete,08:30:00,13:21:00,7F6D942E-D1CB-4D2C-BF3B-5306C8852CF9,2022-09-08,Nisqually River,District 11,Nisqually salmon 2022,8782342D-D50A-4E11-B744-CD9A01FE4618,NA,Gear,NA,NA,NA,NA,NA,NA,NA,NA,NA,NA,2022-09-08T13:25:19Z,2022-09-09T02:15:02Z
601DDE57-5F53-4051-97ED-CD6401F3605F,7CA8C8B3-4AE5-4193-996E-5B516C187264,Chinook,NA,Adult,AD,NA,70,Kept,1,Chinook_Adult_AD_Kept,2022,9,36,112,NA,NA,No,1,112,Complete,12:00:00,13:52:00,7F6D942E-D1CB-4D2C-BF3B-5306C8852CF9,2022-09-08,Nisqually River,District 11,Nisqually salmon 2022,66E51E18-5EC8-45A6-B612-2FD2CE79EE63,NA,Gear,NA,NA,NA,NA,NA,NA,NA,NA,NA,NA,2022-09-08T14:19:11Z,2022-09-09T02:15:02Z
601DDE57-5F53-4051-97ED-CD6401F3605F,1FAB67BB-7002-42EE-B32F-E6DA4E58AE70,Chinook,NA,Adult,AD,NA,NA,Released,1,Chinook_Adult_AD_Released,2022,9,36,112,NA,NA,No,1,112,Complete,12:00:00,13:52:00,7F6D942E-D1CB-4D2C-BF3B-5306C8852CF9,2022-09-08,Nisqually River,District 11,Nisqually salmon 2022,66E51E18-5EC8-45A6-B612-2FD2CE79EE63,NA,Gear,NA,NA,NA,NA,NA,NA,NA,NA,NA,NA,2022-09-08T14:19:11Z,2022-09-09T02:15:02Z
2FB06326-D44A-4348-BDD8-0D869510054A,D4B5567C-9D7E-435B-BA39-78D9740795F0,Chinook,NA,Adult,AD,NA,66,Kept,1,Chinook_Adult_AD_Kept,2022,9,36,64,NA,NA,No,1,64,Complete,14:30:00,15:34:00,7F6D942E-D1CB-4D2C-BF3B-5306C8852CF9,2022-09-08,Nisqually River,District 11,Nisqually salmon 2022,31EB063D-5415-4F02-8957-F3260D369C5D,NA,Gear,NA,NA,NA,NA,NA,NA,NA,NA,NA,NA,2022-09-08T15:34:49Z,2022-09-09T02:15:02Z
A920FDA9-97FE-40EE-B160-B7D1B68734ED,6AF0AAB4-CD43-4B58-B200-911B5C795E35,Chinook,NA,Adult,AD,NA,60,Kept,1,Chinook_Adult_AD_Kept,2022,9,36,259,NA,NA,No,1,259,Complete,13:39:00,17:58:00,7F6D942E-D1CB-4D2C-BF3B-5306C8852CF9,2022-09-08,Nisqually River,District 11,Nisqually salmon 2022,E386D55B-69EB-466C-BC2F-1EE3E5D59FC6,NA,Gear,NA,NA,NA,NA,NA,NA,NA,NA,NA,NA,2022-09-08T17:58:25Z,2023-01-03T19:58:53Z
1CC93DD5-2CF4-49A4-8E1C-B6B74075F18D,2E988226-D9E1-448D-A216-F065D6C0C431,Chinook,NA,Adult,AD,NA,67,Kept,1,Chinook_Adult_AD_Kept,2022,9,36,99,NA,NA,No,1,99,Complete,05:38:00,07:17:00,7E308B00-7482-4548-B78D-D85B362BDBD9,2022-09-08,Nisqually River,District 11,Nisqually salmon 2022,377BCC44-DCC0-4662-A214-9C855D29B456,NA,Gear,NA,NA,NA,NA,NA,NA,NA,NA,NA,NA,2022-09-08T07:18:00Z,2022-09-08T23:00:01Z
C440FE97-0D7E-427B-BA98-93E8793AB66E,C0422E5B-7A9B-40F7-986F-3D3FFB234117,Chinook,NA,Adult,AD,NA,NA,Kept,1,Chinook_Adult_AD_Kept,2022,9,36,286,NA,NA,No,1,286,Complete,05:38:00,10:24:00,7E308B00-7482-4548-B78D-D85B362BDBD9,2022-09-08,Nisqually River,District 11,Nisqually salmon 2022,82140BF5-336C-4FEF-A362-D7A794EDAC14,NA,Gear,NA,NA,NA,NA,NA,NA,NA,NA,NA,NA,2022-09-08T10:24:40Z,2022-09-08T23:00:01Z
76198DCD-2017-4744-A34E-1D40B2729A4B,5C40E7FB-1FCC-4BA8-B1AD-ACBDC99D392C,Chinook,NA,Adult,AD,NA,84,Kept,1,Chinook_Adult_AD_Kept,2022,9,36,314,NA,NA,No,1,314,Complete,05:38:00,10:52:00,7E308B00-7482-4548-B78D-D85B362BDBD9,2022-09-08,Nisqually River,District 11,Nisqually salmon 2022,930F0F27-9876-4F53-ABFE-3E211D4528DB,NA,Gear,NA,NA,NA,NA,NA,NA,NA,NA,NA,NA,2022-09-08T10:52:12Z,2022-09-08T23:00:01Z
242755D1-758B-4F08-9BA8-AAB5A710235B,A4346454-89CC-4E39-A942-36CF089B29DB,Chinook,NA,Adult,AD,NA,67,Kept,1,Chinook_Adult_AD_Kept,2022,9,36,313,NA,NA,No,1,313,Complete,06:00:00,11:13:00,7E308B00-7482-4548-B78D-D85B362BDBD9,2022-09-08,Nisqually River,District 11,Nisqually salmon 2022,963CB9C7-44F6-4397-8D86-6E91AB9CFA37,NA,Gear,NA,NA,NA,NA,NA,NA,NA,NA,NA,NA,2022-09-08T11:12:28Z,2022-09-08T23:00:01Z
CAE2ACA9-6F13-46C5-A183-FDF0D24C3B42,6FA28D5D-404E-4A05-BF07-1DB14EFD6156,Chinook,NA,Adult,AD,NA,70,Kept,1,Chinook_Adult_AD_Kept,2022,9,36,267,NA,NA,No,1,267,Complete,07:30:00,11:57:00,7E308B00-7482-4548-B78D-D85B362BDBD9,2022-09-08,Nisqually River,District 11,Nisqually salmon 2022,FE6D0C5B-695C-4FFB-93C7-D0AE3DDCD808,NA,Gear,NA,NA,NA,NA,NA,NA,NA,NA,NA,NA,2022-09-08T11:57:41Z,2022-09-08T23:00:01Z
BA66ADBD-E285-4C52-B7FD-75A257B2A8CF,4463E9D3-F44B-49CD-915E-53E29D43E701,Chinook,NA,Adult,AD,NA,70,Kept,1,Chinook_Adult_AD_Kept,2022,9,36,495,NA,NA,No,1,495,Complete,05:30:00,13:45:00,3D5EC9BC-7310-45EE-B4DF-C965F0FE8F87,2022-09-03,Nisqually River,District 11,Nisqually salmon 2022,D4F1E6AD-6BEC-4BE4-A46D-36793A3FE562,NA,Gear,NA,NA,NA,NA,NA,NA,NA,NA,NA,NA,2022-09-03T13:45:13Z,2022-12-12T21:27:45Z
93F5CECD-AA8F-44DF-B96F-00D1249BF689,7A3ECA1A-8725-45E0-AF66-FAD8DA71AAB5,Chinook,NA,Adult,UM,NA,73,Kept,1,Chinook_Adult_UM_Kept,2022,9,36,639,NA,NA,No,1,639,Complete,05:30:00,16:09:00,3D5EC9BC-7310-45EE-B4DF-C965F0FE8F87,2022-09-03,Nisqually River,District 11,Nisqually salmon 2022,5B35F82E-CFD4-4413-8E21-4C2F435150EE,NA,Gear,NA,NA,NA,NA,NA,NA,NA,NA,NA,NA,2022-09-03T16:09:26Z,2022-09-04T03:44:58Z
517D39C2-530A-46F6-8316-9EE44D4A74BA,AA4D6283-D533-4FB0-8694-8B738C9B7B5E,Chinook,NA,Jack,AD,NA,NA,Released,1,Chinook_Jack_AD_Released,2022,9,36,642,NA,NA,No,1,642,Complete,06:00:00,16:42:00,3D5EC9BC-7310-45EE-B4DF-C965F0FE8F87,2022-09-03,Nisqually River,District 11,Nisqually salmon 2022,8879C39F-C391-4AA6-984B-BD8F45566A89,NA,Gear,NA,NA,NA,NA,NA,NA,NA,NA,NA,NA,2022-09-03T16:43:05Z,2022-09-04T03:44:58Z
65F10470-CD8E-451C-AED4-6ABE0955EB32,1D8D68B7-AACF-4D66-BDBF-4BC7961BB213,Chinook,NA,Adult,UM,NA,NA,Released,1,Chinook_Adult_UM_Released,2022,9,36,307,NA,NA,No,1,307,Complete,12:00:00,17:07:00,3D5EC9BC-7310-45EE-B4DF-C965F0FE8F87,2022-09-03,Nisqually River,District 11,Nisqually salmon 2022,89D7EABA-8953-484C-B917-1336102894F8,NA,Gear,NA,NA,NA,NA,NA,NA,NA,NA,NA,NA,2022-09-03T17:07:50Z,2022-09-04T03:44:58Z
6780E28A-778A-422E-ADFC-910E92F9FDB8,B860E141-E9C3-4FBB-B288-90754AB28FED,Chinook,NA,Adult,AD,NA,70,Kept,1,Chinook_Adult_AD_Kept,2022,9,36,631,NA,Trailered Motorized Boat,Yes,3,1893,Complete,07:00:00,17:31:00,3D5EC9BC-7310-45EE-B4DF-C965F0FE8F87,2022-09-03,Nisqually River,District 11,Nisqually salmon 2022,FCE61F79-1F32-4DED-9E38-915352ECEDC3,NA,Gear,NA,NA,NA,NA,NA,NA,NA,NA,NA,NA,2022-09-03T17:32:24Z,2022-09-04T03:44:58Z
6780E28A-778A-422E-ADFC-910E92F9FDB8,25ECF017-67E3-4084-80C4-BDCBA2A12E98,Chinook,NA,Adult,AD,NA,63,Kept,1,Chinook_Adult_AD_Kept,2022,9,36,631,NA,Trailered Motorized Boat,Yes,3,1893,Complete,07:00:00,17:31:00,3D5EC9BC-7310-45EE-B4DF-C965F0FE8F87,2022-09-03,Nisqually River,District 11,Nisqually salmon 2022,FCE61F79-1F32-4DED-9E38-915352ECEDC3,NA,Gear,NA,NA,NA,NA,NA,NA,NA,NA,NA,NA,2022-09-03T17:32:24Z,2022-09-04T03:44:58Z
87662BCE-86F3-4343-904D-EB39F2BAF028,348F029F-5D99-48EB-9ADA-9DCE82DCBCDE,Chinook,NA,Jack,AD,NA,NA,Kept,1,Chinook_Jack_AD_Kept,2022,9,36,297,NA,NA,No,1,297,Complete,06:00:00,10:57:00,04A42C99-5397-470D-9751-82938AAC7F56,2022-09-03,Nisqually River,District 11,Nisqually salmon 2022,42D6144D-B6D1-4D07-98BE-014BF7ACB111,NA,Gear,NA,NA,NA,NA,NA,NA,NA,NA,NA,NA,2022-09-03T10:57:45Z,2022-09-03T23:14:57Z
BC59B99D-45C5-4C61-A923-3B86AF00D487,F754FE4C-C804-4DEF-BFFD-69B8DDE5657E,Chinook,NA,Adult,AD,NA,NA,Released,1,Chinook_Adult_AD_Released,2022,9,36,539,NA,NA,No,1,539,Complete,06:30:00,15:29:00,04A42C99-5397-470D-9751-82938AAC7F56,2022-09-03,Nisqually River,District 11,Nisqually salmon 2022,0C0E77E8-C2D7-4CCA-9F3F-903EB6C4FD19,NA,Gear,NA,NA,NA,NA,NA,NA,NA,NA,NA,NA,2022-09-03T15:29:15Z,2022-09-03T23:14:57Z
9F13FEC5-D753-42C6-B157-326FD9B11E9B,FD2152C0-D607-42F9-9BC5-D5F480C2D04F,Chinook,NA,Adult,UM,NA,NA,Released,1,Chinook_Adult_UM_Released,2022,9,36,107,NA,NA,No,1,107,Complete,05:35:00,07:22:00,F9A299E3-5103-4766-BC8D-DBC736FA44F4,2022-09-03,Nisqually River,District 11,Nisqually salmon 2022,6D61AE6A-37A5-4142-87A6-551CBEE1B8D0,NA,Gear,NA,NA,NA,NA,NA,NA,NA,NA,NA,NA,2022-09-03T07:22:31Z,2022-09-03T23:00:06Z
68D0CB4E-830F-4931-9318-C9EDEAAA34F7,A402E679-B168-427E-A660-F7C60D01179C,Chinook,NA,Adult,UNK,NA,NA,Released,1,Chinook_Adult_UNK_Released,2022,9,36,120,NA,NA,No,1,120,Complete,05:35:00,07:35:00,F9A299E3-5103-4766-BC8D-DBC736FA44F4,2022-09-03,Nisqually River,District 11,Nisqually salmon 2022,0E36F438-4886-4CBC-AEEF-96F2A2DFEE77,NA,Gear,NA,NA,NA,NA,NA,NA,NA,NA,NA,NA,2022-09-03T07:36:58Z,2022-09-03T23:00:06Z
D07941DE-B25B-4710-A2BC-5227469E965F,314CC92F-AEB7-4581-B3D6-35477A1751B8,Chinook,NA,Adult,UNK,NA,NA,Released,2,Chinook_Adult_UNK_Released,2022,9,36,122,NA,NA,No,1,122,Complete,05:35:00,07:37:00,F9A299E3-5103-4766-BC8D-DBC736FA44F4,2022-09-03,Nisqually River,District 11,Nisqually salmon 2022,D66956F6-C9F5-4122-8D1E-C0EF59AFD45E,NA,Gear,NA,NA,NA,NA,NA,NA,NA,NA,NA,NA,2022-09-03T07:37:56Z,2022-09-03T23:00:06Z
DF9EDCEF-C86B-4C87-A3A5-2B030D6FE389,534B288E-AF81-46F5-ABFE-0342CFA74803,Chinook,NA,Jack,UM,NA,NA,Released,1,Chinook_Jack_UM_Released,2022,9,36,141,NA,NA,No,1,141,Complete,05:35:00,07:56:00,F9A299E3-5103-4766-BC8D-DBC736FA44F4,2022-09-03,Nisqually River,District 11,Nisqually salmon 2022,AC05A56A-18CA-4665-9FF7-090692D3D69E,NA,Gear,NA,NA,NA,NA,NA,NA,NA,NA,NA,NA,2022-09-03T07:56:12Z,2022-09-03T23:00:06Z
4C6B9E21-D0B4-4DE6-BCA7-EF0EB801E81D,88D0F0BA-B9EC-460A-9B7D-3155A2431C04,Chinook,NA,Adult,AD,NA,74,Kept,1,Chinook_Adult_AD_Kept,2022,9,36,108,NA,NA,No,2,216,Complete,06:30:00,08:18:00,F9A299E3-5103-4766-BC8D-DBC736FA44F4,2022-09-03,Nisqually River,District 11,Nisqually salmon 2022,9FFF4E5F-2270-4008-B00E-C079456B8F23,NA,Gear,NA,NA,NA,NA,NA,NA,NA,NA,NA,NA,2022-09-03T08:19:39Z,2022-09-03T23:00:06Z
FAC11F92-2153-405F-8245-11B448ECB0A0,F5BFD012-5B94-47FC-A3F3-044F004DE8E9,Chinook,NA,Adult,UM,NA,NA,Released,2,Chinook_Adult_UM_Released,2022,9,36,171,NA,NA,No,1,171,Complete,05:35:00,08:26:00,F9A299E3-5103-4766-BC8D-DBC736FA44F4,2022-09-03,Nisqually River,District 11,Nisqually salmon 2022,462D2A0D-0430-4540-83BE-24870263F94F,NA,Gear,NA,NA,NA,NA,NA,NA,NA,NA,NA,NA,2022-09-03T08:26:21Z,2022-09-03T23:00:06Z
9AC7CD49-10AA-4148-B6F4-BB37F1EC0F1E,CD266251-2B22-4D49-9D6A-5428664EB6A9,Chinook,NA,Adult,AD,NA,70,Kept,1,Chinook_Adult_AD_Kept,2022,9,36,190,NA,NA,No,2,380,Complete,05:35:00,08:45:00,F9A299E3-5103-4766-BC8D-DBC736FA44F4,2022-09-03,Nisqually River,District 11,Nisqually salmon 2022,0AAE26F9-78A8-45DE-8F78-EA8B56F55BA5,NA,Gear,NA,NA,NA,NA,NA,NA,NA,NA,NA,NA,2022-09-03T08:47:02Z,2022-09-03T23:00:06Z
887DB70B-472B-4A7E-8A1D-B56062593D55,A36B4FC0-9077-47CD-B455-8FF254500026,Chinook,NA,Adult,AD,NA,64,Kept,1,Chinook_Adult_AD_Kept,2022,9,36,187,NA,NA,No,1,187,Complete,05:45:00,08:52:00,F9A299E3-5103-4766-BC8D-DBC736FA44F4,2022-09-03,Nisqually River,District 11,Nisqually salmon 2022,F808E36A-14F4-4C89-9589-652F1B7C3F42,NA,Gear,NA,NA,NA,NA,NA,NA,NA,NA,NA,NA,2022-09-03T08:52:51Z,2022-09-03T23:00:06Z
B0F1461A-1518-41AB-AEAE-32487CB9E232,E5FB4078-9D35-4F54-A6CF-5CA03A863788,Chinook,NA,Adult,UM,NA,NA,Released,1,Chinook_Adult_UM_Released,2022,9,36,149,NA,NA,No,1,149,Complete,06:30:00,08:59:00,F9A299E3-5103-4766-BC8D-DBC736FA44F4,2022-09-03,Nisqually River,District 11,Nisqually salmon 2022,AB8FAA44-2182-4A4B-8B46-6423A56C92A3,NA,Gear,NA,NA,NA,NA,NA,NA,NA,NA,NA,NA,2022-09-03T08:59:37Z,2022-09-03T23:00:06Z
CDA64A80-9533-4DE5-A4FE-4762BBDF8425,8D253E71-305A-48B8-BC83-AF8CEFA73E35,Chinook,NA,Adult,AD,NA,64,Kept,1,Chinook_Adult_AD_Kept,2022,9,36,219,NA,NA,No,1,219,Complete,05:35:00,09:14:00,F9A299E3-5103-4766-BC8D-DBC736FA44F4,2022-09-03,Nisqually River,District 11,Nisqually salmon 2022,40247CBF-3144-4C46-9566-C1821FC1779D,NA,Gear,NA,NA,NA,NA,NA,NA,NA,NA,NA,NA,2022-09-03T09:14:53Z,2022-09-03T23:00:06Z
CDA64A80-9533-4DE5-A4FE-4762BBDF8425,220D93FB-DE55-45DA-BEBB-8EA7A2AFDBB5,Chinook,NA,Adult,UM,NA,NA,Released,1,Chinook_Adult_UM_Released,2022,9,36,219,NA,NA,No,1,219,Complete,05:35:00,09:14:00,F9A299E3-5103-4766-BC8D-DBC736FA44F4,2022-09-03,Nisqually River,District 11,Nisqually salmon 2022,40247CBF-3144-4C46-9566-C1821FC1779D,NA,Gear,NA,NA,NA,NA,NA,NA,NA,NA,NA,NA,2022-09-03T09:14:53Z,2022-09-03T23:00:06Z
0FC4CCDE-D1CE-4E71-8BF7-433DCCC97674,EB2FFC74-2E59-40C9-99DB-B34EB9A3E5A7,Chinook,NA,Adult,AD,NA,63,Kept,1,Chinook_Adult_AD_Kept,2022,9,36,199,NA,NA,No,1,199,Complete,06:00:00,09:19:00,F9A299E3-5103-4766-BC8D-DBC736FA44F4,2022-09-03,Nisqually River,District 11,Nisqually salmon 2022,7DD7CF9F-F0CB-4CE1-B8E0-F31DCEFE7F99,NA,Gear,NA,NA,NA,NA,NA,NA,NA,NA,NA,NA,2022-09-03T09:21:26Z,2022-09-03T23:00:06Z
0FC4CCDE-D1CE-4E71-8BF7-433DCCC97674,7BF802F5-62B6-4CD6-9F34-2AC36B4416EB,Chinook,NA,Jack,AD,NA,42,Kept,1,Chinook_Jack_AD_Kept,2022,9,36,199,NA,NA,No,1,199,Complete,06:00:00,09:19:00,F9A299E3-5103-4766-BC8D-DBC736FA44F4,2022-09-03,Nisqually River,District 11,Nisqually salmon 2022,7DD7CF9F-F0CB-4CE1-B8E0-F31DCEFE7F99,NA,Gear,NA,NA,NA,NA,NA,NA,NA,NA,NA,NA,2022-09-03T09:21:26Z,2022-09-03T23:00:06Z
EA864E41-53B1-4712-804A-35A8D3017354,43431DF3-9AD7-42BB-826C-59A9893976E0,Chinook,NA,Jack,AD,NA,NA,Released,1,Chinook_Jack_AD_Released,2022,9,36,177,NA,NA,No,1,177,Complete,06:30:00,09:27:00,F9A299E3-5103-4766-BC8D-DBC736FA44F4,2022-09-03,Nisqually River,District 11,Nisqually salmon 2022,B79042D1-0D10-4A5A-AA43-38F93D885515,NA,Gear,NA,NA,NA,NA,NA,NA,NA,NA,NA,NA,2022-09-03T09:27:23Z,2022-09-03T23:00:06Z
84892CF1-D824-47CE-9564-FC0FBAA869CB,DBB76210-71D9-43A2-B7EA-5268AC372B28,Chinook,NA,Adult,AD,NA,65,Kept,1,Chinook_Adult_AD_Kept,2022,9,36,294,NA,NA,No,2,588,Complete,05:35:00,10:29:00,F9A299E3-5103-4766-BC8D-DBC736FA44F4,2022-09-03,Nisqually River,District 11,Nisqually salmon 2022,B9AF818A-D6A8-442B-AE36-58116A08BFAD,NA,Gear,NA,NA,NA,NA,NA,NA,NA,NA,NA,NA,2022-09-03T10:29:38Z,2022-09-03T23:00:06Z
B44D79BB-D225-4AC1-93CA-0F2E179693A7,77B7AACB-934B-4D6A-9C31-D277B8FB4FC9,Chinook,NA,Adult,AD,NA,NA,Released,1,Chinook_Adult_AD_Released,2022,9,36,289,NA,NA,No,1,289,Complete,06:00:00,10:49:00,F9A299E3-5103-4766-BC8D-DBC736FA44F4,2022-09-03,Nisqually River,District 11,Nisqually salmon 2022,175E9BD5-11EE-4ECC-A16A-7A1A50388DC8,NA,Gear,NA,NA,NA,NA,NA,NA,NA,NA,NA,NA,2022-09-03T10:49:33Z,2022-09-03T23:00:06Z
5AFB9DDD-C4AD-4515-9A7E-51B1C5E397C1,1ED13C33-61FD-48C8-AC61-6C491C1DE0A7,Chinook,NA,Jack,AD,NA,NA,Released,2,Chinook_Jack_AD_Released,2022,9,36,304,NA,NA,No,1,304,Complete,06:00:00,11:04:00,F9A299E3-5103-4766-BC8D-DBC736FA44F4,2022-09-03,Nisqually River,District 11,Nisqually salmon 2022,C8E676A9-142F-4896-8095-F7EFCFC4D688,NA,Gear,NA,NA,NA,NA,NA,NA,NA,NA,NA,NA,2022-09-03T11:04:34Z,2022-09-03T23:00:06Z
5AFB9DDD-C4AD-4515-9A7E-51B1C5E397C1,C7761DE1-AF30-4117-9B77-2E622CF96F99,Chinook,NA,Adult,AD,NA,NA,Kept,1,Chinook_Adult_AD_Kept,2022,9,36,304,NA,NA,No,1,304,Complete,06:00:00,11:04:00,F9A299E3-5103-4766-BC8D-DBC736FA44F4,2022-09-03,Nisqually River,District 11,Nisqually salmon 2022,C8E676A9-142F-4896-8095-F7EFCFC4D688,NA,Gear,NA,NA,NA,NA,NA,NA,NA,NA,NA,NA,2022-09-03T11:04:34Z,2022-09-03T23:00:06Z
F9C0233A-41E3-470E-94C5-3B76311DBE5F,1C233135-F067-4220-A37E-A37E9D5E03BC,Chinook,NA,Adult,UM,NA,NA,Released,1,Chinook_Adult_UM_Released,2022,9,36,353,NA,NA,No,1,353,Complete,05:35:00,11:28:00,F9A299E3-5103-4766-BC8D-DBC736FA44F4,2022-09-03,Nisqually River,District 11,Nisqually salmon 2022,1AEDB698-51D4-4B4B-98AC-029CBAB394BA,NA,Gear,NA,NA,NA,NA,NA,NA,NA,NA,NA,NA,2022-09-03T11:28:30Z,2022-09-03T23:00:06Z
10D6D743-C852-4C85-89CC-2811A9D17587,D5DF201D-F830-40B6-9A85-4F72DC370161,Chinook,NA,Adult,AD,NA,65,Kept,1,Chinook_Adult_AD_Kept,2022,9,36,291,NA,NA,No,2,582,Complete,07:00:00,11:51:00,F9A299E3-5103-4766-BC8D-DBC736FA44F4,2022-09-03,Nisqually River,District 11,Nisqually salmon 2022,E5E3B0AD-DD38-45B4-B28A-844715DB188B,NA,Gear,NA,NA,NA,NA,NA,NA,NA,NA,NA,NA,2022-09-03T11:51:20Z,2022-09-03T23:00:06Z
10D6D743-C852-4C85-89CC-2811A9D17587,12C02B09-18E2-4416-A788-AFAFA0109A9B,Chinook,NA,Adult,AD,NA,62,Kept,1,Chinook_Adult_AD_Kept,2022,9,36,291,NA,NA,No,2,582,Complete,07:00:00,11:51:00,F9A299E3-5103-4766-BC8D-DBC736FA44F4,2022-09-03,Nisqually River,District 11,Nisqually salmon 2022,E5E3B0AD-DD38-45B4-B28A-844715DB188B,NA,Gear,NA,NA,NA,NA,NA,NA,NA,NA,NA,NA,2022-09-03T11:51:20Z,2022-09-03T23:00:06Z
361DE568-E038-4DB3-BEBF-CC0E6B67A116,40C25125-5961-4F62-B50A-449610BF164E,Chinook,NA,Adult,UNK,NA,NA,Released,3,Chinook_Adult_UNK_Released,2022,9,36,406,NA,NA,No,1,406,Complete,05:30:00,12:16:00,F9A299E3-5103-4766-BC8D-DBC736FA44F4,2022-09-03,Nisqually River,District 11,Nisqually salmon 2022,EDEB8AFC-1383-4824-9C15-F005BA7327DF,NA,Gear,NA,NA,NA,NA,NA,NA,NA,NA,NA,NA,2022-09-03T12:16:41Z,2022-09-03T23:00:06Z
4AF3F9A0-FB28-45B1-8C6D-6CF367348463,B4472AD6-A2B1-41D8-80AD-61394CF06B66,Chinook,NA,Adult,AD,NA,77,Kept,1,Chinook_Adult_AD_Kept,2022,9,36,410,NA,NA,No,1,410,Complete,05:35:00,12:25:00,F9A299E3-5103-4766-BC8D-DBC736FA44F4,2022-09-03,Nisqually River,District 11,Nisqually salmon 2022,7182C5AA-FDFC-4B76-A990-4E149CED5D57,NA,Gear,NA,NA,NA,NA,NA,NA,NA,NA,NA,NA,2022-09-03T12:26:07Z,2022-09-03T23:00:06Z
4AF3F9A0-FB28-45B1-8C6D-6CF367348463,75C0DAD3-571A-4554-B804-562D70D5C3BC,Chinook,NA,Adult,UM,NA,NA,Released,1,Chinook_Adult_UM_Released,2022,9,36,410,NA,NA,No,1,410,Complete,05:35:00,12:25:00,F9A299E3-5103-4766-BC8D-DBC736FA44F4,2022-09-03,Nisqually River,District 11,Nisqually salmon 2022,7182C5AA-FDFC-4B76-A990-4E149CED5D57,NA,Gear,NA,NA,NA,NA,NA,NA,NA,NA,NA,NA,2022-09-03T12:26:07Z,2022-09-03T23:00:06Z
13E80EDE-292B-466F-9533-B7E4DDE8DC4E,B78102BA-F664-407E-AB9B-70BFD0F1240F,Chinook,NA,Adult,UM,NA,NA,Released,1,Chinook_Adult_UM_Released,2022,9,36,258,NA,NA,No,1,258,Complete,11:00:00,15:18:00,F9A299E3-5103-4766-BC8D-DBC736FA44F4,2022-09-03,Nisqually River,District 11,Nisqually salmon 2022,8FFEB337-BFF4-4614-8336-4D22BC30F4AE,NA,Gear,NA,NA,NA,NA,NA,NA,NA,NA,NA,NA,2022-09-03T15:18:16Z,2022-09-03T23:00:06Z
6C12F7C2-F4F3-4245-A014-4AC3AA945323,603A07B8-1911-4189-BA54-D1F316DA1A1B,Chinook,NA,Adult,UM,NA,NA,Released,3,Chinook_Adult_UM_Released,2022,9,35,445,NA,NA,No,1,445,Complete,10:30:00,17:55:00,2D4B92D5-AB50-48B2-929B-08CF4C824C17,2022-09-02,Nisqually River,District 11,Nisqually salmon 2022,E9658DFA-38B4-4740-BFB1-984618809EFF,NA,Gear,NA,NA,NA,NA,NA,NA,NA,NA,NA,NA,2022-09-03T13:24:04Z,2022-09-04T03:44:58Z
06E7A1C2-574E-4726-B86D-49DE1420766D,4C3ABCF0-AFFE-418F-B477-9DAD06733AA6,Chinook,NA,Adult,UM,NA,NA,Released,2,Chinook_Adult_UM_Released,2022,8,35,695,NA,Trailered Motorized Boat,Yes,2,1390,Complete,06:00:00,17:35:00,4F972141-2CDD-418D-A757-7FC08C68FB15,2022-08-27,Nisqually River,District 11,Nisqually salmon 2022,D5909442-AEF1-4973-9008-63B17CE73B96,NA,Gear,NA,NA,NA,NA,NA,NA,NA,NA,NA,NA,2022-08-27T17:33:33Z,2022-09-01T00:09:50Z
06E7A1C2-574E-4726-B86D-49DE1420766D,D7D80AE3-50F8-410E-B814-3FBAEB5F813A,Chinook,NA,Jack,AD,NA,NA,Kept,1,Chinook_Jack_AD_Kept,2022,8,35,695,NA,Trailered Motorized Boat,Yes,2,1390,Complete,06:00:00,17:35:00,4F972141-2CDD-418D-A757-7FC08C68FB15,2022-08-27,Nisqually River,District 11,Nisqually salmon 2022,D5909442-AEF1-4973-9008-63B17CE73B96,NA,Gear,NA,NA,NA,NA,NA,NA,NA,NA,NA,NA,2022-08-27T17:33:33Z,2022-09-01T00:09:50Z
FBAC5D82-3742-4196-B35D-3CD3E85B72F7,6BBB5BD8-5AE3-4F59-9356-8600CDE15556,Chinook,NA,Adult,AD,NA,NA,Kept,1,Chinook_Adult_AD_Kept,2022,8,35,712,NA,NA,No,1,712,Complete,05:45:00,17:37:00,4F972141-2CDD-418D-A757-7FC08C68FB15,2022-08-27,Nisqually River,District 11,Nisqually salmon 2022,37EEAA52-B533-48FE-92D3-7DCF967B6311,NA,Gear,NA,NA,NA,NA,NA,NA,NA,NA,NA,NA,2022-08-27T17:37:29Z,2022-08-28T03:44:46Z
BB408BD6-7490-4434-BC1D-BB23F8F9F13B,4F19F647-97BF-4E42-B7EE-E84935BEE727,Chinook,NA,Adult,UNK,NA,NA,Released,1,Chinook_Adult_UNK_Released,2022,8,35,352,NA,NA,No,1,352,Complete,12:00:00,17:52:00,4F972141-2CDD-418D-A757-7FC08C68FB15,2022-08-27,Nisqually River,District 11,Nisqually salmon 2022,CBEB296F-56D3-4A7A-80A0-2D8C1180B4F9,NA,Gear,NA,NA,NA,NA,NA,NA,NA,NA,NA,NA,2022-08-27T17:52:53Z,2022-08-28T03:44:46Z
804E34BF-5F2F-4F68-BDA7-BB40C0702117,5C4B9BB7-BFFF-4D5E-9AFE-047A5829A719,Chinook,NA,Adult,UNK,NA,NA,Released,1,Chinook_Adult_UNK_Released,2022,8,35,336,NA,NA,No,1,336,Complete,13:00:00,18:36:00,4F972141-2CDD-418D-A757-7FC08C68FB15,2022-08-27,Nisqually River,District 11,Nisqually salmon 2022,28BF9929-363A-4B2F-A487-7AE703CD4BEF,NA,Gear,NA,NA,NA,NA,NA,NA,NA,NA,NA,NA,2022-08-27T18:36:33Z,2022-08-28T03:44:46Z
F1321DA2-2564-4027-882A-01F29715B5EE,980A482B-C10C-4740-ABA8-07756A1C1144,Chinook,NA,Adult,UNK,NA,NA,Released,2,Chinook_Adult_UNK_Released,2022,8,35,161,NA,NA,No,1,161,Complete,16:00:00,18:41:00,4F972141-2CDD-418D-A757-7FC08C68FB15,2022-08-27,Nisqually River,District 11,Nisqually salmon 2022,DC28727E-4085-4CD8-BA1B-768B80445562,NA,Gear,NA,NA,NA,NA,NA,NA,NA,NA,NA,NA,2022-08-27T18:41:15Z,2022-08-28T03:44:46Z
88B59F76-109C-49BA-9BAE-64FB9E83DD78,E5B26C68-B911-4CD9-9AE7-B99B1D545EEB,Chinook,NA,Adult,AD,NA,NA,Kept,4,Chinook_Adult_AD_Kept,2022,8,35,436,NA,Drift Boat/ Raft,Yes,2,872,Complete,12:00:00,19:16:00,4F972141-2CDD-418D-A757-7FC08C68FB15,2022-08-27,Nisqually River,District 11,Nisqually salmon 2022,4BE84FCB-0963-4C1D-88B1-0D15E4FE80C3,NA,Gear,NA,NA,NA,NA,NA,NA,NA,NA,NA,NA,2022-08-27T19:15:27Z,2022-09-01T00:09:10Z
88B59F76-109C-49BA-9BAE-64FB9E83DD78,28FD2A78-D396-4F51-BAF3-0D9833C1786B,Chinook,NA,Adult,UM,NA,NA,Released,2,Chinook_Adult_UM_Released,2022,8,35,436,NA,Drift Boat/ Raft,Yes,2,872,Complete,12:00:00,19:16:00,4F972141-2CDD-418D-A757-7FC08C68FB15,2022-08-27,Nisqually River,District 11,Nisqually salmon 2022,4BE84FCB-0963-4C1D-88B1-0D15E4FE80C3,NA,Gear,NA,NA,NA,NA,NA,NA,NA,NA,NA,NA,2022-08-27T19:15:27Z,2022-09-01T00:09:10Z
B206F766-7D30-4458-AB46-9B38D9C1438D,F07A14ED-93B6-4A9D-8BFA-A0A98A6BB004,Chinook,NA,Adult,AD,NA,NA,Kept,1,Chinook_Adult_AD_Kept,2022,8,35,117,NA,NA,No,2,234,Complete,05:30:00,07:27:00,DFD6C941-278D-49EF-B06E-3D725413D573,2022-08-27,Nisqually River,District 11,Nisqually salmon 2022,DE01482D-8BE9-45A3-9DDC-77BCA1E9E4CC,NA,Gear,NA,NA,NA,NA,NA,NA,NA,NA,NA,NA,2022-08-27T07:27:36Z,2022-08-27T23:29:49Z
CE3A0E1B-6301-4CC1-B9E7-988AEE8B713C,81E27038-F306-42A0-8160-4C8E03DA6EEA,Chinook,NA,Jack,AD,NA,NA,Kept,1,Chinook_Jack_AD_Kept,2022,8,35,140,NA,NA,No,1,140,Complete,05:30:00,07:50:00,DFD6C941-278D-49EF-B06E-3D725413D573,2022-08-27,Nisqually River,District 11,Nisqually salmon 2022,4A6A8D6F-7C5E-49A9-977B-5EE96E407070,NA,Gear,NA,NA,NA,NA,NA,NA,NA,NA,NA,NA,2022-08-27T07:50:36Z,2022-08-27T23:29:49Z
0D2D1E5D-8C10-4DFC-AABD-3B13AE034D45,A097F2E5-E7AB-45D7-A144-A7D6CD9D4BA3,Chinook,NA,Adult,AD,NA,NA,Kept,1,Chinook_Adult_AD_Kept,2022,8,35,226,NA,NA,No,1,226,Complete,05:00:00,08:46:00,DFD6C941-278D-49EF-B06E-3D725413D573,2022-08-27,Nisqually River,District 11,Nisqually salmon 2022,E0358138-F59D-4586-94C1-528511DB16AA,NA,Gear,NA,NA,NA,NA,NA,NA,NA,NA,NA,NA,2022-08-27T08:46:57Z,2022-08-27T23:29:49Z
EE301218-9278-4E4E-BD90-8872574A6833,DC817173-B866-4EA0-A70F-4F85FF65F276,Chinook,NA,Adult,AD,NA,NA,Released,1,Chinook_Adult_AD_Released,2022,8,34,320,NA,NA,No,1,320,Complete,07:00:00,12:20:00,6BF5FAE4-9F8F-4ABB-B0FA-AFBDE063A757,2022-08-26,Nisqually River,District 11,Nisqually salmon 2022,E2BBD314-F95B-4A88-919F-57EE29DC7457,NA,Gear,NA,NA,NA,NA,NA,NA,NA,NA,NA,NA,2022-08-26T12:21:09Z,2022-08-27T03:59:48Z
A6596608-A38F-421A-98F8-FA69714F2914,36BB0CD3-B2BB-42D7-B875-DF28501BC622,Chinook,NA,Adult,UM,NA,NA,Released,1,Chinook_Adult_UM_Released,2022,8,34,431,NA,NA,No,1,431,Complete,05:20:00,12:31:00,6BF5FAE4-9F8F-4ABB-B0FA-AFBDE063A757,2022-08-26,Nisqually River,District 11,Nisqually salmon 2022,6ECE563F-EB57-4719-8344-4A2CB6DC9C39,NA,Gear,NA,NA,NA,NA,NA,NA,NA,NA,NA,NA,2022-08-26T12:31:54Z,2022-08-27T03:59:48Z
C5C40CFD-83B9-498D-873E-1F4708C66C25,B9F123EB-82B7-46D4-B2FD-079E4B309C61,Chinook,NA,Adult,AD,NA,NA,Kept,1,Chinook_Adult_AD_Kept,2022,8,34,635,NA,NA,No,1,635,Complete,05:20:00,15:55:00,6BF5FAE4-9F8F-4ABB-B0FA-AFBDE063A757,2022-08-26,Nisqually River,District 11,Nisqually salmon 2022,36225DF1-2E67-4EAA-B4F0-5F1FF7BA1C30,NA,Gear,NA,NA,NA,NA,NA,NA,NA,NA,NA,NA,2022-08-26T15:56:24Z,2022-08-27T03:59:48Z
C5C40CFD-83B9-498D-873E-1F4708C66C25,0539DD88-271E-4A46-90B0-C1328671186D,Chinook,NA,Adult,UM,NA,NA,Released,1,Chinook_Adult_UM_Released,2022,8,34,635,NA,NA,No,1,635,Complete,05:20:00,15:55:00,6BF5FAE4-9F8F-4ABB-B0FA-AFBDE063A757,2022-08-26,Nisqually River,District 11,Nisqually salmon 2022,36225DF1-2E67-4EAA-B4F0-5F1FF7BA1C30,NA,Gear,NA,NA,NA,NA,NA,NA,NA,NA,NA,NA,2022-08-26T15:56:24Z,2022-08-27T03:59:48Z
FF269314-AFB1-451E-BA2C-64D2FB36D180,31F39F55-C64C-4762-9FA8-95C2B0FDE252,Chinook,NA,Adult,UNK,NA,NA,Released,2,Chinook_Adult_UNK_Released,2022,8,34,407,NA,NA,No,2,814,Complete,09:30:00,16:17:00,6BF5FAE4-9F8F-4ABB-B0FA-AFBDE063A757,2022-08-26,Nisqually River,District 11,Nisqually salmon 2022,93230323-7041-4941-8AEE-2DEC19CDC6C7,NA,Gear,NA,NA,NA,NA,NA,NA,NA,NA,NA,NA,2022-08-26T16:17:44Z,2022-08-27T03:59:48Z
9C3189E2-9826-4EA0-9E2D-3F6C31B6DEEA,12CC6161-5E8E-45A4-8549-F3A87CCEC9E1,Chinook,NA,Adult,AD,NA,NA,Released,4,Chinook_Adult_AD_Released,2022,8,34,440,NA,Pontoon/Kick/Kayak/Dinghy,Yes,1,440,Complete,09:30:00,16:50:00,6BF5FAE4-9F8F-4ABB-B0FA-AFBDE063A757,2022-08-26,Nisqually River,District 11,Nisqually salmon 2022,B2078B7A-5610-4911-A966-5D1E14ED7EC2,NA,Gear,NA,NA,NA,NA,NA,NA,NA,NA,NA,NA,2022-08-26T16:50:45Z,2022-08-27T03:59:48Z
1B3FE261-D458-441C-8C5D-B72EBF21FDAA,85B97AFB-307C-4526-A7ED-2A503C7DE45D,Chinook,NA,Jack,AD,NA,NA,Kept,3,Chinook_Jack_AD_Kept,2022,8,34,659,NA,Trailered Motorized Boat,Yes,3,1977,Complete,06:20:00,17:19:00,6BF5FAE4-9F8F-4ABB-B0FA-AFBDE063A757,2022-08-26,Nisqually River,District 11,Nisqually salmon 2022,EFD9313A-E895-4F3F-A267-5247D29476D8,NA,Gear,NA,NA,NA,NA,NA,NA,NA,NA,NA,NA,2022-08-26T17:20:00Z,2022-08-27T03:59:48Z
1B3FE261-D458-441C-8C5D-B72EBF21FDAA,D07D9251-8F4F-4832-9E3C-5E6E2658F509,Chinook,NA,Adult,AD,NA,NA,Kept,3,Chinook_Adult_AD_Kept,2022,8,34,659,NA,Trailered Motorized Boat,Yes,3,1977,Complete,06:20:00,17:19:00,6BF5FAE4-9F8F-4ABB-B0FA-AFBDE063A757,2022-08-26,Nisqually River,District 11,Nisqually salmon 2022,EFD9313A-E895-4F3F-A267-5247D29476D8,NA,Gear,NA,NA,NA,NA,NA,NA,NA,NA,NA,NA,2022-08-26T17:20:00Z,2022-08-27T03:59:48Z
42A4525F-F4AC-4FEE-9825-110829609274,63A2D43B-2F20-4995-9D1E-6B5F5D2413B7,Chinook,NA,Adult,UNK,NA,NA,Released,2,Chinook_Adult_UNK_Released,2022,8,34,301,NA,NA,No,1,301,Complete,12:30:00,17:31:00,6BF5FAE4-9F8F-4ABB-B0FA-AFBDE063A757,2022-08-26,Nisqually River,District 11,Nisqually salmon 2022,F3ED8081-4847-4C55-A46D-437B0221A214,NA,Gear,NA,NA,NA,NA,NA,NA,NA,NA,NA,NA,2022-08-26T17:31:48Z,2022-08-27T03:59:48Z
21795A7B-9AFC-4EAA-85AD-25D3DE6689AE,F660BABF-2524-45E4-8100-011C20739916,Chinook,NA,Adult,AD,NA,NA,Kept,1,Chinook_Adult_AD_Kept,2022,8,34,125,NA,NA,No,1,125,Complete,05:22:00,07:27:00,23D23F33-01C2-43D4-AE1B-6E1443A4E2AC,2022-08-26,Nisqually River,District 11,Nisqually salmon 2022,9A07B1A5-0720-4B88-BA8A-BFE8C016DCC2,NA,Gear,NA,NA,NA,NA,NA,NA,NA,NA,NA,NA,2022-08-26T16:28:40Z,2022-08-27T00:14:45Z
677F9FFA-D2C2-4587-A0B2-1FED062B685E,76C10969-4DA8-4E96-9B08-A2185BC20913,Chinook,NA,Jack,AD,NA,NA,Kept,1,Chinook_Jack_AD_Kept,2022,8,34,145,NA,NA,No,1,145,Complete,05:22:00,07:47:00,23D23F33-01C2-43D4-AE1B-6E1443A4E2AC,2022-08-26,Nisqually River,District 11,Nisqually salmon 2022,1BE96A76-D7E7-4A11-895C-078350A951EE,NA,Gear,NA,NA,NA,NA,NA,NA,NA,NA,NA,NA,2022-08-26T16:30:17Z,2022-08-27T00:14:45Z
F2F0460B-3170-4F95-A593-A7BBD9CDF192,2DE25478-09C4-4099-B237-E997AA18C759,Chinook,NA,Adult,UNK,NA,NA,Released,1,Chinook_Adult_UNK_Released,2022,8,34,390,NA,NA,No,1,390,Complete,05:30:00,12:00:00,23D23F33-01C2-43D4-AE1B-6E1443A4E2AC,2022-08-26,Nisqually River,District 11,Nisqually salmon 2022,5B555B4C-8B5A-41CD-95B6-C686F577DA7D,NA,Gear,NA,NA,NA,NA,NA,NA,NA,NA,NA,NA,2022-08-26T16:47:47Z,2022-08-27T00:14:45Z
F2F0460B-3170-4F95-A593-A7BBD9CDF192,85C0B170-D67F-49E8-A650-FBD7FDF8B110,Chinook,NA,Jack,UNK,NA,NA,Released,1,Chinook_Jack_UNK_Released,2022,8,34,390,NA,NA,No,1,390,Complete,05:30:00,12:00:00,23D23F33-01C2-43D4-AE1B-6E1443A4E2AC,2022-08-26,Nisqually River,District 11,Nisqually salmon 2022,5B555B4C-8B5A-41CD-95B6-C686F577DA7D,NA,Gear,NA,NA,NA,NA,NA,NA,NA,NA,NA,NA,2022-08-26T16:47:47Z,2022-08-27T00:14:45Z
6C1BD131-D58F-42D2-AAFB-ACACA13A14C0,542EBBE4-F03A-45F1-95C8-CA2CA081CD18,Chinook,NA,Adult,UNK,NA,NA,Released,1,Chinook_Adult_UNK_Released,2022,8,34,375,NA,NA,No,1,375,Complete,06:00:00,12:15:00,23D23F33-01C2-43D4-AE1B-6E1443A4E2AC,2022-08-26,Nisqually River,District 11,Nisqually salmon 2022,7260DC02-CB46-4044-8BA5-BD3896A77A89,NA,Gear,NA,NA,NA,NA,NA,NA,NA,NA,NA,NA,2022-08-26T16:49:09Z,2022-08-27T00:14:45Z
F34581EF-8104-4733-A337-389041929880,4B9F53BE-FFAE-4AFE-9C0C-6FD17C35F426,Chinook,NA,Adult,AD,NA,NA,Kept,1,Chinook_Adult_AD_Kept,2022,8,34,394,NA,NA,No,1,394,Complete,06:00:00,12:34:00,23D23F33-01C2-43D4-AE1B-6E1443A4E2AC,2022-08-26,Nisqually River,District 11,Nisqually salmon 2022,98BFB1D5-40BD-446A-8C9F-BDA40C0C084A,NA,Gear,NA,NA,NA,NA,NA,NA,NA,NA,NA,NA,2022-08-26T16:52:09Z,2022-08-27T00:14:45Z
1F0BB9A5-EDB8-4698-931D-81D9EEA4001E,CD7A990B-21EA-4662-A434-E5A36C0F2626,Chinook,NA,Adult,AD,NA,76,Kept,1,Chinook_Adult_AD_Kept,2022,8,34,412,NA,NA,No,1,412,Complete,07:00:00,13:52:00,23D23F33-01C2-43D4-AE1B-6E1443A4E2AC,2022-08-26,Nisqually River,District 11,Nisqually salmon 2022,477AEC0A-99D3-47E6-A09E-B089CE586349,NA,Gear,NA,NA,NA,NA,NA,NA,NA,NA,NA,NA,2022-08-26T16:57:52Z,2022-08-27T00:14:45Z
33E9D160-B2A7-4732-83D3-7852DA27B02F,C32F035B-5945-4EC6-B612-9EF914E76417,Chinook,NA,Adult,UM,NA,NA,Released,1,Chinook_Adult_UM_Released,2022,8,34,361,NA,NA,No,1,361,Complete,06:00:00,12:01:00,43470EBE-EECC-4F77-9956-CDB83E6F4F68,2022-08-25,Nisqually River,District 11,Nisqually salmon 2022,2741FCF1-75BD-4F60-98E7-DBBB9D467533,NA,Gear,NA,NA,NA,NA,NA,NA,NA,NA,NA,NA,2022-08-25T12:01:41Z,2022-08-26T06:19:22Z
695A2417-1EF1-4DD8-AA0E-47D2665266A8,46DF441B-F603-4CD9-9EB3-E7049C15CEF3,Chinook,NA,Jack,AD,NA,NA,Kept,1,Chinook_Jack_AD_Kept,2022,8,34,191,NA,NA,No,1,191,Complete,08:00:00,11:11:00,300D3FDE-463D-409A-8838-10263E70A19C,2022-08-25,Nisqually River,District 11,Nisqually salmon 2022,27053193-3F6C-4EC6-BB6F-EB4C9A71D1CF,NA,Gear,NA,NA,NA,NA,NA,NA,NA,NA,NA,NA,2022-08-25T16:03:15Z,2022-08-25T23:29:56Z
F04B57CE-8965-4E9F-B69C-686619A320F9,216B3DBF-4485-47F6-A3C2-0167B39B4548,Chinook,NA,Jack,AD,NA,NA,Released,1,Chinook_Jack_AD_Released,2022,8,34,257,NA,NA,No,1,257,Complete,07:00:00,11:17:00,300D3FDE-463D-409A-8838-10263E70A19C,2022-08-25,Nisqually River,District 11,Nisqually salmon 2022,28355771-E6D1-4413-B5B8-F2A9BF1189AD,NA,Gear,NA,NA,NA,NA,NA,NA,NA,NA,NA,NA,2022-08-25T16:05:45Z,2022-08-25T23:29:56Z
F6D9F984-879A-482F-AF9D-DFCD32D01752,0C8303B6-4CCB-4A2F-A62F-1CC342D8F461,Chinook,NA,Adult,AD,NA,NA,Kept,1,Chinook_Adult_AD_Kept,2022,8,34,276,NA,NA,No,1,276,Complete,07:00:00,11:36:00,300D3FDE-463D-409A-8838-10263E70A19C,2022-08-25,Nisqually River,District 11,Nisqually salmon 2022,11663498-D9DE-4A08-AEDF-4AB0DE58EBFD,NA,Gear,NA,NA,NA,NA,NA,NA,NA,NA,NA,NA,2022-08-25T16:09:00Z,2022-08-25T23:29:56Z
666C1831-292D-434A-A030-1611DB7C2F62,85A123FE-5098-49C5-9A8A-9EA9F8D1C7D6,Chinook,NA,Adult,AD,NA,NA,Kept,1,Chinook_Adult_AD_Kept,2022,8,34,472,NA,NA,No,1,472,Complete,07:00:00,14:52:00,300D3FDE-463D-409A-8838-10263E70A19C,2022-08-25,Nisqually River,District 11,Nisqually salmon 2022,00000E70-4EFD-452F-B6D1-816CC53377F8,NA,Gear,NA,NA,NA,NA,NA,NA,NA,NA,NA,NA,2022-08-25T16:19:18Z,2022-08-25T23:29:56Z
C363579C-8575-4B7E-A8B3-79B2F46B5A53,7B35BCA7-E87F-43F5-88FB-6ED5AB20088E,Chinook,NA,Adult,AD,NA,NA,Kept,1,Chinook_Adult_AD_Kept,2022,8,34,245,NA,NA,No,1,245,Complete,12:00:00,16:05:00,4C986D4F-38D1-42F4-94FF-2212162D7FB2,2022-08-20,Nisqually River,District 11,Nisqually salmon 2022,2135D578-B493-4D2A-A24E-CD86E8B6E4B0,NA,Gear,NA,NA,NA,NA,NA,NA,NA,NA,NA,NA,2022-08-20T16:05:18Z,2022-08-21T04:14:40Z
C363579C-8575-4B7E-A8B3-79B2F46B5A53,DBFB1A2D-1162-4743-BCF3-AB05E506D553,Chinook,NA,Adult,UM,NA,NA,Released,1,Chinook_Adult_UM_Released,2022,8,34,245,NA,NA,No,1,245,Complete,12:00:00,16:05:00,4C986D4F-38D1-42F4-94FF-2212162D7FB2,2022-08-20,Nisqually River,District 11,Nisqually salmon 2022,2135D578-B493-4D2A-A24E-CD86E8B6E4B0,NA,Gear,NA,NA,NA,NA,NA,NA,NA,NA,NA,NA,2022-08-20T16:05:18Z,2022-08-21T04:14:40Z
6CC03F93-6CBD-4BE3-8B96-AD729F7D17D6,F97CE04C-A9FC-4980-99C2-AFB3DB7F6298,Chinook,NA,Adult,UM,NA,NA,Released,1,Chinook_Adult_UM_Released,2022,8,34,850,NA,Trailered Motorized Boat,Yes,2,1700,Complete,06:00:00,20:10:00,4C986D4F-38D1-42F4-94FF-2212162D7FB2,2022-08-20,Nisqually River,District 11,Nisqually salmon 2022,0176DE95-5FCC-47F7-8BE0-683E1B0A3816,NA,Gear,NA,NA,NA,NA,NA,NA,NA,NA,NA,NA,2022-08-20T20:10:25Z,2022-08-21T04:14:40Z
CA276E61-00CC-46D5-A8DF-0FC08EFAF19E,CEAB0176-7CB3-40D4-908F-441B59B3530A,Chinook,NA,Jack,UM,NA,NA,Released,3,Chinook_Jack_UM_Released,2022,8,34,853,NA,Trailered Motorized Boat,Yes,2,1706,Complete,06:00:00,20:13:00,4C986D4F-38D1-42F4-94FF-2212162D7FB2,2022-08-20,Nisqually River,District 11,Nisqually salmon 2022,3BF58AE4-62FE-4259-A4ED-2996BA1892E9,NA,Gear,NA,NA,NA,NA,NA,NA,NA,NA,NA,NA,2022-08-20T20:12:25Z,2022-08-21T04:14:40Z
CA276E61-00CC-46D5-A8DF-0FC08EFAF19E,35F7F2FD-ADA5-4711-ADC7-01009FD073C7,Chinook,NA,Adult,AD,NA,NA,Kept,3,Chinook_Adult_AD_Kept,2022,8,34,853,NA,Trailered Motorized Boat,Yes,2,1706,Complete,06:00:00,20:13:00,4C986D4F-38D1-42F4-94FF-2212162D7FB2,2022-08-20,Nisqually River,District 11,Nisqually salmon 2022,3BF58AE4-62FE-4259-A4ED-2996BA1892E9,NA,Gear,NA,NA,NA,NA,NA,NA,NA,NA,NA,NA,2022-08-20T20:12:25Z,2022-08-21T04:14:40Z
4100048B-453E-44DD-86D3-EE9E70950452,AAF9ABB4-31B1-41CD-8ABD-1D97715B2B5E,Chinook,NA,Jack,UM,NA,NA,Released,1,Chinook_Jack_UM_Released,2022,8,34,820,NA,NA,No,1,820,Complete,07:00:00,20:40:00,4C986D4F-38D1-42F4-94FF-2212162D7FB2,2022-08-20,Nisqually River,District 11,Nisqually salmon 2022,8A66F79B-C843-4C54-AE8E-2CBDFDA0D23A,NA,Gear,NA,NA,NA,NA,NA,NA,NA,NA,NA,NA,2022-08-20T20:40:31Z,2022-08-21T04:14:40Z
935864FE-DC19-4818-8FA9-073D4EBD74EF,1D8FB502-DE35-4442-9AE5-5528424255F7,Chinook,NA,Jack,UM,NA,NA,Released,1,Chinook_Jack_UM_Released,2022,8,34,404,NA,Drift Boat/ Raft,Yes,2,808,Complete,07:15:00,13:59:00,1CBF1118-D2D5-4312-838F-3BE51726696E,2022-08-20,Nisqually River,District 11,Nisqually salmon 2022,ADB7B539-132E-4534-AE4E-94114AE2F1FE,NA,Gear,NA,NA,NA,NA,NA,NA,NA,NA,NA,NA,2022-08-20T13:59:41Z,2022-08-20T22:44:40Z
D954C197-B1C8-4974-B844-6D1993D6135F,39C8D3EF-0F30-47DB-9932-BD369114F2FF,Chinook,NA,Adult,UM,NA,NA,Released,1,Chinook_Adult_UM_Released,2022,8,34,240,NA,NA,No,1,240,Complete,05:16:00,09:16:00,9D562E70-4164-4DB1-8596-766579580915,2022-08-20,Nisqually River,District 11,Nisqually salmon 2022,9F14B7D9-5F00-49BB-912D-C9474D7388B9,NA,Gear,NA,NA,NA,NA,NA,NA,NA,NA,NA,NA,2022-08-20T09:16:22Z,2022-08-20T22:44:40Z
1CBA4DC5-56BF-4A12-A60B-050A82177771,8F1C4371-CFFE-4107-905A-60FEE46290C7,Chinook,NA,Adult,AD,NA,NA,Kept,2,Chinook_Adult_AD_Kept,2022,8,34,280,NA,NA,No,1,280,Complete,06:15:00,10:55:00,9D562E70-4164-4DB1-8596-766579580915,2022-08-20,Nisqually River,District 11,Nisqually salmon 2022,E2477F04-AAFA-4196-8D9B-9A8910043140,NA,Gear,NA,NA,NA,NA,NA,NA,NA,NA,NA,NA,2022-08-20T10:56:41Z,2022-08-20T22:44:40Z
B9CBB34A-D40A-40D7-BE12-75580959E106,19EE96E9-F3EB-449F-83DC-54D1F86B632C,Chinook,NA,Jack,AD,NA,NA,Kept,1,Chinook_Jack_AD_Kept,2022,8,34,271,NA,NA,No,2,542,Complete,06:30:00,11:01:00,9D562E70-4164-4DB1-8596-766579580915,2022-08-20,Nisqually River,District 11,Nisqually salmon 2022,A6980686-63B3-4F27-A6DE-130F64D4D76F,NA,Gear,NA,NA,NA,NA,NA,NA,NA,NA,NA,NA,2022-08-20T11:01:54Z,2022-08-20T22:44:40Z
55E01BD3-7BF7-43FA-891A-7D750B6296DF,7862EC01-E897-43EA-A7CF-0CD3DAE7F7AF,Chinook,NA,Jack,UNK,NA,NA,Released,1,Chinook_Jack_UNK_Released,2022,8,33,461,NA,NA,No,2,922,Complete,07:00:00,14:41:00,9FDC41B6-B4EA-49C9-8D32-EAC70A588AFA,2022-08-19,Nisqually River,District 11,Nisqually salmon 2022,7E85BDD1-1916-46E2-B1E1-116C45930BA3,NA,Gear,NA,NA,NA,NA,NA,NA,NA,NA,NA,NA,2022-08-19T14:42:04Z,2022-08-20T04:14:38Z
6FA1C64A-E7E2-4870-902D-114661D58F61,B77DBE2E-F8C2-4C26-ACD1-EF64B7CF12CE,Chinook,NA,Jack,AD,NA,NA,Kept,1,Chinook_Jack_AD_Kept,2022,8,33,300,NA,NA,No,1,300,Complete,06:00:00,11:00:00,A7E3FCB4-1E5B-43C9-9C41-0F187422BC79,2022-08-19,Nisqually River,District 11,Nisqually salmon 2022,F08D2392-916C-4DD9-9373-6547EF7AE9C9,NA,Gear,NA,NA,NA,NA,NA,NA,NA,NA,NA,NA,2022-08-19T11:01:01Z,2022-08-19T22:44:38Z
C1252901-4755-43D9-9D44-7427312CE229,E6ECF235-871A-4649-934C-1343490684D4,Chinook,NA,Adult,AD,NA,NA,Kept,1,Chinook_Adult_AD_Kept,2022,8,33,268,NA,NA,No,1,268,Complete,07:00:00,11:28:00,A7E3FCB4-1E5B-43C9-9C41-0F187422BC79,2022-08-19,Nisqually River,District 11,Nisqually salmon 2022,568000CF-78E0-4BF6-8E48-EA819FE5FDD7,NA,Gear,NA,NA,NA,NA,NA,NA,NA,NA,NA,NA,2022-08-19T11:28:33Z,2022-08-19T22:44:38Z
ABE0F3C8-6D81-4978-B386-EEA92F32A6C7,24915A1B-2A12-44B6-87B3-0A411C4C2278,Chinook,NA,Adult,AD,NA,NA,Kept,1,Chinook_Adult_AD_Kept,2022,8,33,307,NA,NA,No,1,307,Complete,07:00:00,12:07:00,A7E3FCB4-1E5B-43C9-9C41-0F187422BC79,2022-08-19,Nisqually River,District 11,Nisqually salmon 2022,F1EEF1E1-BA15-469E-9723-723ED56ADF4A,NA,Gear,NA,NA,NA,NA,NA,NA,NA,NA,NA,NA,2022-08-19T12:08:16Z,2022-08-19T22:44:38Z
2BD4C762-2439-44A3-8778-93798883B9AE,79D4F33B-7C35-4615-A951-666A95AE0CF4,Chinook,NA,Adult,UNK,NA,NA,Released,1,Chinook_Adult_UNK_Released,2022,8,33,202,NA,NA,No,1,202,Complete,05:15:00,08:37:00,A35EB263-4E9F-4F14-A69B-F4E9650851F3,2022-08-18,Nisqually River,District 11,Nisqually salmon 2022,59135644-9BF5-4503-91CB-61908E402795,NA,Gear,NA,NA,NA,NA,NA,NA,NA,NA,NA,NA,2022-08-18T08:37:33Z,2022-08-18T22:44:37Z
1C943936-0F23-47A9-84EB-206B089E640A,4BCC7A1C-F7EF-4A03-9959-7E08B9080CFB,Chinook,NA,Adult,AD,NA,NA,Kept,1,Chinook_Adult_AD_Kept,2022,8,33,155,NA,NA,No,1,155,Complete,07:30:00,10:05:00,A35EB263-4E9F-4F14-A69B-F4E9650851F3,2022-08-18,Nisqually River,District 11,Nisqually salmon 2022,63D1617E-01C4-4BD4-AFF3-120CF28823A1,NA,Gear,NA,NA,NA,NA,NA,NA,NA,NA,NA,NA,2022-08-18T10:05:43Z,2022-08-18T22:44:37Z
7EB17940-2D4D-4E29-AF75-EBDB501C88C3,3CE788B0-3FD8-4405-9594-1D481D151014,Chinook,NA,Adult,AD,NA,NA,Kept,1,Chinook_Adult_AD_Kept,2022,8,33,164,NA,NA,No,1,164,Complete,08:00:00,10:44:00,A35EB263-4E9F-4F14-A69B-F4E9650851F3,2022-08-18,Nisqually River,District 11,Nisqually salmon 2022,8DECF814-533B-430F-AFC8-1305C08CD6BD,NA,Gear,NA,NA,NA,NA,NA,NA,NA,NA,NA,NA,2022-08-18T10:46:11Z,2022-08-18T22:44:37Z
63465906-E0C2-4127-B8E2-CFC60FD23299,9728B5B2-2F65-4535-A0B8-38A31D944224,Chinook,NA,Adult,UM,NA,NA,Released,1,Chinook_Adult_UM_Released,2022,8,33,253,NA,NA,No,1,253,Complete,07:30:00,11:43:00,A35EB263-4E9F-4F14-A69B-F4E9650851F3,2022-08-18,Nisqually River,District 11,Nisqually salmon 2022,5FA4D8A7-A87B-4A6F-B7BE-7F1826BCFB98,NA,Gear,NA,NA,NA,NA,NA,NA,NA,NA,NA,NA,2022-08-18T11:43:11Z,2022-08-18T22:44:37Z
F322627F-E7BE-4B60-BEC7-9D449F697B95,1B628A66-028D-4743-A86C-24E17B498D35,Chinook,NA,Adult,UM,NA,NA,Released,1,Chinook_Adult_UM_Released,2022,8,33,242,NA,NA,No,1,242,Complete,08:30:00,12:32:00,A35EB263-4E9F-4F14-A69B-F4E9650851F3,2022-08-18,Nisqually River,District 11,Nisqually salmon 2022,F84A1463-48B2-447D-84D9-DA36FF82E784,NA,Gear,NA,NA,NA,NA,NA,NA,NA,NA,NA,NA,2022-08-18T12:32:22Z,2022-08-18T22:44:37Z
854E1C8F-1536-4959-A1D3-AB2D7ED6D260,33903272-2180-4066-A117-DA65CAB78E46,Chinook,NA,Adult,UNK,NA,NA,Released,2,Chinook_Adult_UNK_Released,2022,8,33,391,NA,NA,No,1,391,Complete,10:45:00,17:16:00,B290ED56-189F-47AE-A62A-1DCCE3F0B3C8,2022-08-13,Nisqually River,District 11,Nisqually salmon 2022,350548B1-7C16-409E-BF28-580A583E0715,NA,Gear,NA,NA,NA,NA,NA,NA,NA,NA,NA,NA,2022-08-13T17:16:29Z,2022-08-14T04:29:49Z
40C5F39E-29FA-4918-A381-DA2F4B18B52E,01BA1FE1-92D3-423C-96EF-2AF3A8FAF78E,Chinook,NA,Jack,UM,NA,NA,Released,1,Chinook_Jack_UM_Released,2022,7,26,480,NA,NA,No,1,480,Complete,06:00:00,14:00:00,B1441306-84E9-4A71-8EED-35195F139D1F,2022-07-01,Nisqually River,District 11,Nisqually salmon 2022,12141168-42B2-4127-AA69-8D58D08903DD,NA,Gear,NA,NA,NA,NA,NA,NA,NA,NA,NA,NA,2022-07-05T13:08:22Z,2023-01-03T21:16:18Z
09B7C1C0-F955-4ED1-837D-618885537E2A,9E20046B-9982-4088-8147-7F9AAB6513EA,Chinook,NA,Adult,UNK,NA,NA,Released,5,Chinook_Adult_UNK_Released,2023,10,40,542,NA,Drift Boat/ Raft,Yes,4,2168,Complete,05:00:00,14:02:00,4D135B87-1508-420E-B5F4-22EBADA4E3C5,2023-10-07,Nisqually River,District 11,Nisqually salmon 2023,01D81F5B-1C4D-4FCF-B232-3619DDFB1C65,NA,Bait-Lure,NA,NA,NA,NA,NA,NA,NA,NA,NA,NA,2023-10-07T14:02:52Z,2023-10-07T23:44:58Z
9C1B01EC-F95D-475F-BA4C-F7D950D11247,3CD9815C-9BB6-4A0D-B02D-F4D68AD8DFB9,Chinook,NA,Adult,AD,NA,NA,Released,2,Chinook_Adult_AD_Released,2023,10,40,386,NA,Drift Boat/ Raft,Yes,1,386,Complete,10:00:00,16:26:00,38D831ED-D5FE-4B3E-9B5E-281442D3FD1B,2023-10-06,Nisqually River,District 11,Nisqually salmon 2023,D8E0D823-F376-4B87-B3C5-CBB0D20AAAB6,NA,Bait-Lure,NA,NA,NA,NA,NA,NA,NA,NA,NA,NA,2023-10-06T16:26:48Z,2023-10-12T18:45:29Z
9C1B01EC-F95D-475F-BA4C-F7D950D11247,115B68F8-9CEE-441A-AF10-52FB9DF4801E,Chinook,NA,Jack,AD,NA,NA,Released,2,Chinook_Jack_AD_Released,2023,10,40,386,NA,Drift Boat/ Raft,Yes,1,386,Complete,10:00:00,16:26:00,38D831ED-D5FE-4B3E-9B5E-281442D3FD1B,2023-10-06,Nisqually River,District 11,Nisqually salmon 2023,D8E0D823-F376-4B87-B3C5-CBB0D20AAAB6,NA,Bait-Lure,NA,NA,NA,NA,NA,NA,NA,NA,NA,NA,2023-10-06T16:26:48Z,2023-10-12T18:45:29Z
9C1B01EC-F95D-475F-BA4C-F7D950D11247,D11773F7-C2AD-440A-8FCE-09C7C87A8F29,Chinook,NA,Adult,UM,NA,NA,Released,4,Chinook_Adult_UM_Released,2023,10,40,386,NA,Drift Boat/ Raft,Yes,1,386,Complete,10:00:00,16:26:00,38D831ED-D5FE-4B3E-9B5E-281442D3FD1B,2023-10-06,Nisqually River,District 11,Nisqually salmon 2023,D8E0D823-F376-4B87-B3C5-CBB0D20AAAB6,NA,Bait-Lure,NA,NA,NA,NA,NA,NA,NA,NA,NA,NA,2023-10-06T16:26:48Z,2023-10-12T18:45:29Z
1D07FD2C-9ED8-4F40-96B8-B0C766E878FB,8618157A-AD1B-44FA-B2FB-B0C7507F7A24,Chinook,NA,Adult,AD,NA,NA,Released,9,Chinook_Adult_AD_Released,2023,10,40,600,NA,Drift Boat/ Raft,Yes,2,1200,Complete,08:17:00,18:17:00,38D831ED-D5FE-4B3E-9B5E-281442D3FD1B,2023-10-06,Nisqually River,District 11,Nisqually salmon 2023,A6F1F14A-FE29-404C-8470-B6715172DB48,NA,Bait,NA,NA,NA,NA,NA,NA,NA,NA,NA,NA,2023-10-06T18:17:29Z,2023-10-12T18:45:29Z
71C2E7F9-4DDC-455F-A5CB-0B851F0B5B41,12EB14B9-F9CA-4EEE-AA5F-E9CF56A2F26A,Chinook,NA,Adult,UM,NA,NA,Released,3,Chinook_Adult_UM_Released,2023,10,40,540,NA,Drift Boat/ Raft,Yes,2,1080,Complete,07:16:00,16:16:00,AE2630F7-42F6-4AD9-8B44-8DADD80F6345,2023-10-05,Nisqually River,District 11,Nisqually salmon 2023,775E9E42-812E-4A59-A4EB-E1025BD02270,NA,Lure,NA,NA,NA,NA,NA,NA,NA,NA,NA,NA,2023-10-05T17:20:25Z,2023-10-06T18:44:53Z
71C2E7F9-4DDC-455F-A5CB-0B851F0B5B41,A211ECB8-34BC-4942-A88F-EC2C56B6F658,Chinook,NA,Adult,AD,NA,NA,Released,3,Chinook_Adult_AD_Released,2023,10,40,540,NA,Drift Boat/ Raft,Yes,2,1080,Complete,07:16:00,16:16:00,AE2630F7-42F6-4AD9-8B44-8DADD80F6345,2023-10-05,Nisqually River,District 11,Nisqually salmon 2023,775E9E42-812E-4A59-A4EB-E1025BD02270,NA,Lure,NA,NA,NA,NA,NA,NA,NA,NA,NA,NA,2023-10-05T17:20:25Z,2023-10-06T18:44:53Z
6C25A3D3-C6D6-4948-827D-AD24FB2FCD82,A664C413-E656-44FC-8113-BC432C2E0C18,Chinook,NA,Jack,UM,NA,NA,Released,1,Chinook_Jack_UM_Released,2023,10,40,272,NA,NA,No,1,272,Complete,06:15:00,10:47:00,DC94F949-1EF0-446B-983D-1C96A51B8E42,2023-10-05,Nisqually River,District 11,Nisqually salmon 2023,3AF3F4BC-9CE1-48D6-AE9B-712C19C6BCDD,NA,Gear,NA,NA,NA,NA,NA,NA,NA,NA,NA,NA,2023-10-05T10:48:03Z,2023-10-05T23:29:50Z
B8C32F02-513D-46EE-887A-8DAD6DD332C5,D0759860-1F50-48FA-9C17-C00D95D882A9,Chinook,NA,Adult,AD,NA,NA,Released,2,Chinook_Adult_AD_Released,2023,10,40,256,NA,NA,No,1,256,Complete,11:00:00,15:16:00,BA93DBE1-BBBB-423B-B496-15237F5DB267,2023-10-03,Nisqually River,District 11,Nisqually salmon 2023,8673E2E8-55AA-44C5-89C3-87D295F62D93,NA,Gear,NA,NA,NA,NA,NA,NA,NA,NA,NA,NA,2023-10-03T15:16:47Z,2023-10-03T23:29:45Z
14347C00-CD20-4A79-A241-4A7E80BBF3D9,D3E565D9-1D23-4743-A5E4-EA739766135A,Chinook,NA,Adult,UM,NA,NA,Released,2,Chinook_Adult_UM_Released,2023,9,39,204,NA,NA,No,1,204,Complete,08:08:00,11:32:00,32D489EB-E7DD-4446-8940-A6EF78D81D82,2023-09-30,Nisqually River,District 11,Nisqually salmon 2023,5DB917F3-62A7-4927-870F-55A56D65CCE5,NA,Gear,NA,NA,NA,NA,NA,NA,NA,NA,NA,NA,2023-09-30T11:33:52Z,2023-10-06T18:44:53Z
92039EBA-B3D7-467F-AC0A-2347F9176093,16F7A7BB-2724-4B95-8EEA-B77D5EDD146F,Chinook,NA,Adult,AD,NA,NA,Kept,1,Chinook_Adult_AD_Kept,2023,9,39,240,NA,NA,No,7,1680,Complete,10:31:00,14:31:00,32D489EB-E7DD-4446-8940-A6EF78D81D82,2023-09-30,Nisqually River,District 11,Nisqually salmon 2023,F5586D50-58C1-41D0-AD3D-0E1FA5EC9DE7,NA,Gear,NA,NA,NA,NA,NA,NA,NA,NA,NA,NA,2023-09-30T14:31:27Z,2023-10-06T18:44:53Z
E34F600B-4116-4483-A496-949CF0CF3F91,AE3EE10D-2CE8-4F5C-B732-94FA07E62186,Chinook,NA,Adult,AD,NA,NA,Released,8,Chinook_Adult_AD_Released,2023,9,39,360,NA,Pontoon/Kick/Kayak/Dinghy,Yes,1,360,Complete,10:44:00,16:44:00,32D489EB-E7DD-4446-8940-A6EF78D81D82,2023-09-30,Nisqually River,District 11,Nisqually salmon 2023,2D344C9B-8091-4B78-AEFC-80E8366B1EF4,NA,Gear,NA,NA,NA,NA,NA,NA,NA,NA,NA,NA,2023-09-30T16:44:46Z,2023-12-18T20:33:27Z
E0B715AE-1967-4329-928F-7A953A999927,EAD60B80-128B-434F-91AC-73CB6655F281,Chinook,NA,Jack,AD,NA,NA,Released,1,Chinook_Jack_AD_Released,2023,9,39,180,NA,NA,No,2,360,Complete,13:49:00,16:49:00,32D489EB-E7DD-4446-8940-A6EF78D81D82,2023-09-30,Nisqually River,District 11,Nisqually salmon 2023,5FF361B9-E172-461D-9C5E-1061E48DAA7A,NA,Gear,NA,NA,NA,NA,NA,NA,NA,NA,NA,NA,2023-09-30T16:49:37Z,2023-10-06T18:44:53Z
CA6C0C6B-C898-44F2-B18E-12ECF16BF055,9FE1F559-5D06-4E0E-BB72-F99EEA42C8A0,Chinook,NA,Adult,AD,NA,68,Kept,1,Chinook_Adult_AD_Kept,2023,9,39,566,NA,Drift Boat/ Raft,Yes,2,1132,Complete,08:28:00,17:54:00,32D489EB-E7DD-4446-8940-A6EF78D81D82,2023-09-30,Nisqually River,District 11,Nisqually salmon 2023,30958A75-1E6F-4FC4-9EAB-EB955871780A,NA,Bait,NA,NA,NA,NA,NA,NA,NA,NA,NA,NA,2023-09-30T17:52:09Z,2023-12-18T20:33:51Z
CA6C0C6B-C898-44F2-B18E-12ECF16BF055,0590C28A-0843-48D0-B4F2-897138A8EBCE,Chinook,NA,Adult,AD,NA,65,Kept,1,Chinook_Adult_AD_Kept,2023,9,39,566,NA,Drift Boat/ Raft,Yes,2,1132,Complete,08:28:00,17:54:00,32D489EB-E7DD-4446-8940-A6EF78D81D82,2023-09-30,Nisqually River,District 11,Nisqually salmon 2023,30958A75-1E6F-4FC4-9EAB-EB955871780A,NA,Bait,NA,NA,NA,NA,NA,NA,NA,NA,NA,NA,2023-09-30T17:52:09Z,2023-12-18T20:33:51Z
3441E06F-D6B8-44A9-8F61-8510EF133430,1671A9BA-D496-4D5D-8CA3-B075ED39AEF2,Chinook,NA,Jack,AD,NA,50,Kept,1,Chinook_Jack_AD_Kept,2023,9,39,235,NA,NA,No,3,705,Complete,13:00:00,16:55:00,8A376221-2A2D-4B1B-838D-53A7DB785254,2023-09-30,Nisqually River,District 11,Nisqually salmon 2023,EA9851BB-E3C3-4373-9472-2A7E760E24CF,NA,Gear,NA,NA,NA,NA,NA,NA,NA,NA,NA,NA,2023-09-30T16:56:21Z,2023-10-01T01:59:36Z
4E38A869-CED1-42F7-93B6-741B15C19333,9E9669C3-1403-4BEF-A32F-AB2FAA5A657C,Chinook,NA,Adult,UM,NA,NA,Released,1,Chinook_Adult_UM_Released,2023,9,39,334,NA,NA,No,2,668,Complete,06:15:00,11:49:00,EE66719B-F6BA-4532-AC17-3A2314D4DD2D,2023-09-30,Nisqually River,District 11,Nisqually salmon 2023,2DEF56B8-656E-40E5-BA8F-EB140E1660E4,NA,Gear,NA,NA,NA,NA,NA,NA,NA,NA,NA,NA,2023-09-30T11:50:04Z,2023-09-30T23:29:32Z
65AB487C-000F-4AA9-AFB0-4ACD690F0272,3826FFD0-1105-49A9-B1AB-844364C18B94,Chinook,NA,Adult,UM,NA,NA,Released,1,Chinook_Adult_UM_Released,2023,9,39,324,NA,NA,No,1,324,Complete,06:30:00,11:54:00,EE66719B-F6BA-4532-AC17-3A2314D4DD2D,2023-09-30,Nisqually River,District 11,Nisqually salmon 2023,CD01A68D-502E-4F68-959F-AE2942DE3E50,NA,Gear,NA,NA,NA,NA,NA,NA,NA,NA,NA,NA,2023-09-30T11:54:45Z,2023-09-30T23:29:32Z
78C67817-60D7-4775-81DD-56718B122685,167102F4-F85A-4EB0-AD89-14C29610221C,Chinook,NA,Adult,UNK,NA,NA,Released,1,Chinook_Adult_UNK_Released,2023,9,39,152,NA,NA,No,1,152,Complete,09:30:00,12:02:00,EE66719B-F6BA-4532-AC17-3A2314D4DD2D,2023-09-30,Nisqually River,District 11,Nisqually salmon 2023,1C7C5227-A956-482D-A5CB-350BA3732CFD,NA,Gear,NA,NA,NA,NA,NA,NA,NA,NA,NA,NA,2023-09-30T12:02:47Z,2023-09-30T23:29:32Z
D961F188-42BA-4E1F-9B8B-AB9FA3FB7D2F,0643B379-33CA-4306-BB81-A2EA993B25BD,Chinook,NA,Adult,AD,NA,NA,Released,2,Chinook_Adult_AD_Released,2023,9,39,591,NA,Drift Boat/ Raft,Yes,2,1182,Complete,06:00:00,15:51:00,EE66719B-F6BA-4532-AC17-3A2314D4DD2D,2023-09-30,Nisqually River,District 11,Nisqually salmon 2023,F92619F4-426A-4A73-8929-EFEB65DEACF6,NA,Bait-Lure,NA,NA,NA,NA,NA,NA,NA,NA,NA,NA,2023-09-30T15:51:35Z,2023-12-18T20:38:42Z
F0F16C95-4011-4C20-B38F-D6D1A609EA6C,81063859-8454-4A49-89C5-2DF084E830C4,Chinook,NA,Adult,UM,NA,NA,Released,1,Chinook_Adult_UM_Released,2023,9,39,180,NA,NA,No,1,180,Complete,11:53:00,14:53:00,F4C6BE8F-3EAE-43CA-92ED-63D1D038B3A2,2023-09-29,Nisqually River,District 11,Nisqually salmon 2023,A73D82CE-5C52-4047-A0AE-FD1BF9196861,NA,Gear,NA,NA,NA,NA,NA,NA,NA,NA,NA,NA,2023-09-29T14:54:01Z,2023-10-06T18:29:54Z
F0F16C95-4011-4C20-B38F-D6D1A609EA6C,7EBC9992-62CE-4143-9479-B33AC2A1EC49,Chinook,NA,Jack,UM,NA,NA,Released,1,Chinook_Jack_UM_Released,2023,9,39,180,NA,NA,No,1,180,Complete,11:53:00,14:53:00,F4C6BE8F-3EAE-43CA-92ED-63D1D038B3A2,2023-09-29,Nisqually River,District 11,Nisqually salmon 2023,A73D82CE-5C52-4047-A0AE-FD1BF9196861,NA,Gear,NA,NA,NA,NA,NA,NA,NA,NA,NA,NA,2023-09-29T14:54:01Z,2023-10-06T18:29:54Z
AD68C0B8-8A09-42DF-9D07-2C859D5B6321,346312A1-BC84-4611-BEFC-A9064429588E,Chinook,NA,Jack,AD,NA,51,Kept,1,Chinook_Jack_AD_Kept,2023,9,39,374,NA,NA,No,1,374,Complete,06:15:00,12:29:00,18CBEDB4-E47F-4318-87E4-9D3138E77E07,2023-09-29,Nisqually River,District 11,Nisqually salmon 2023,821827A1-668A-4A09-BB32-26B31A110061,NA,Gear,NA,NA,NA,NA,NA,NA,NA,NA,NA,NA,2023-09-29T12:30:02Z,2023-09-30T02:29:28Z
5924DCF6-8AB4-473A-8662-F7CF02D1099C,537006EB-B821-4849-835A-EB80FE9F2794,Chinook,NA,Jack,AD,NA,54,Kept,1,Chinook_Jack_AD_Kept,2023,9,39,192,NA,NA,No,1,192,Complete,07:50:00,11:02:00,F249316C-B9E4-4325-A004-69D5F41BA126,2023-09-29,Nisqually River,District 11,Nisqually salmon 2023,DC173620-7286-4C32-AD36-4420C2728BA7,NA,Gear,NA,NA,NA,NA,NA,NA,NA,NA,NA,NA,2023-09-29T11:03:09Z,2023-09-29T23:29:27Z
04739EA9-9401-41D5-B6A6-C4AA77EBF6B2,4623FCAD-0305-4181-B5F6-633AE7691FC6,Chinook,NA,Adult,UM,NA,NA,Released,5,Chinook_Adult_UM_Released,2023,9,39,240,NA,Trailered Motorized Boat,Yes,1,240,Complete,07:00:00,11:00:00,A68E5CC5-9290-42AB-979A-9F34C6C87B32,2023-09-28,Nisqually River,District 11,Nisqually salmon 2023,48AADB6D-2482-426A-A1AD-EDC99CC5B047,NA,Bait,NA,NA,NA,NA,NA,NA,NA,NA,NA,NA,2023-09-28T12:13:13Z,2023-12-18T20:42:41Z
04739EA9-9401-41D5-B6A6-C4AA77EBF6B2,D5E97734-E9A9-4837-B651-DD6E07C5CAFB,Chinook,NA,Adult,AD,NA,NA,Released,3,Chinook_Adult_AD_Released,2023,9,39,240,NA,Trailered Motorized Boat,Yes,1,240,Complete,07:00:00,11:00:00,A68E5CC5-9290-42AB-979A-9F34C6C87B32,2023-09-28,Nisqually River,District 11,Nisqually salmon 2023,48AADB6D-2482-426A-A1AD-EDC99CC5B047,NA,Bait,NA,NA,NA,NA,NA,NA,NA,NA,NA,NA,2023-09-28T12:13:13Z,2023-12-18T20:42:41Z
F13C7611-A006-4B84-B4BB-12097FA8DD3E,897FC7F8-4A8B-4A03-8456-97582112E0AC,Chinook,NA,Adult,UM,NA,NA,Released,1,Chinook_Adult_UM_Released,2023,9,39,163,NA,NA,No,1,163,Complete,10:30:00,13:13:00,A68E5CC5-9290-42AB-979A-9F34C6C87B32,2023-09-28,Nisqually River,District 11,Nisqually salmon 2023,74A4F356-CE88-4594-9CAB-F40EC021980F,NA,Gear,NA,NA,NA,NA,NA,NA,NA,NA,NA,NA,2023-09-28T13:13:19Z,2023-09-29T02:29:27Z
95EDE6E5-5B39-4812-9E6C-1775CC3D7040,7AA573F9-351E-4ACD-903A-254B9BAA5701,Chinook,NA,Adult,UM,NA,NA,Released,1,Chinook_Adult_UM_Released,2023,9,39,109,NA,NA,No,1,109,Complete,11:30:00,13:19:00,A68E5CC5-9290-42AB-979A-9F34C6C87B32,2023-09-28,Nisqually River,District 11,Nisqually salmon 2023,B9BBD6A1-AD1A-499B-AB6C-FEB147560A4A,NA,Gear,NA,NA,NA,NA,NA,NA,NA,NA,NA,NA,2023-09-28T13:19:18Z,2023-09-29T02:29:27Z
2FE1AF7C-C62F-440D-82CE-0E7E62808DE6,066B2F92-CA42-4235-BA35-E102DEF82C99,Chinook,NA,Adult,UNK,NA,NA,Released,2,Chinook_Adult_UNK_Released,2023,9,39,424,NA,NA,No,2,848,Complete,06:30:00,13:34:00,67F3F895-A663-4AE1-9BD7-38B5E32C5FE4,2023-09-26,Nisqually River,District 11,Nisqually salmon 2023,8518F80D-72C0-4EFB-B41D-8572EAF3F937,NA,Gear,NA,NA,NA,NA,NA,NA,NA,NA,NA,NA,2023-09-26T13:34:12Z,2023-09-27T02:14:17Z
6B55ED6D-4115-4AAE-8916-48422A262CE0,D9DC12B9-9A06-4DB1-A931-DA2668590D57,Chinook,NA,Jack,AD,NA,54,Kept,1,Chinook_Jack_AD_Kept,2023,9,39,163,NA,NA,No,1,163,Complete,06:00:00,08:43:00,55DEFC6E-F203-4768-AF10-7EE7289934EE,2023-09-26,Nisqually River,District 11,Nisqually salmon 2023,7CF1373D-95D0-48AA-B210-25BA50C5FD22,NA,Gear,NA,NA,NA,NA,NA,NA,NA,NA,NA,NA,2023-09-26T08:43:55Z,2023-09-26T23:14:17Z
6B55ED6D-4115-4AAE-8916-48422A262CE0,BA023B9E-21DF-4C3E-B6F5-053805C04E0E,Chinook,NA,Jack,UM,NA,NA,Released,1,Chinook_Jack_UM_Released,2023,9,39,163,NA,NA,No,1,163,Complete,06:00:00,08:43:00,55DEFC6E-F203-4768-AF10-7EE7289934EE,2023-09-26,Nisqually River,District 11,Nisqually salmon 2023,7CF1373D-95D0-48AA-B210-25BA50C5FD22,NA,Gear,NA,NA,NA,NA,NA,NA,NA,NA,NA,NA,2023-09-26T08:43:55Z,2023-09-26T23:14:17Z
C56EBCC9-A592-4B6F-ACC0-229F501E3728,8C515639-B661-4543-A7E7-6E428B5C57DD,Chinook,NA,Adult,UM,NA,NA,Released,1,Chinook_Adult_UM_Released,2023,9,39,182,NA,NA,No,1,182,Complete,06:20:00,09:22:00,55DEFC6E-F203-4768-AF10-7EE7289934EE,2023-09-26,Nisqually River,District 11,Nisqually salmon 2023,DE1E6464-838D-45DB-AFEB-54D866150C01,NA,Gear,NA,NA,NA,NA,NA,NA,NA,NA,NA,NA,2023-09-26T09:22:35Z,2023-09-26T23:14:17Z
2978785A-1DDF-4B88-AB12-C53BE2610E1F,7C4CB2B0-91EF-44EE-9ECE-0777FA5F6757,Chinook,NA,Adult,AD,NA,NA,Released,1,Chinook_Adult_AD_Released,2023,9,39,201,NA,NA,No,1,201,Complete,08:00:00,11:21:00,55DEFC6E-F203-4768-AF10-7EE7289934EE,2023-09-26,Nisqually River,District 11,Nisqually salmon 2023,2DAEA148-B585-439D-8CB5-F788EB370A3D,NA,Gear,NA,NA,NA,NA,NA,NA,NA,NA,NA,NA,2023-09-26T11:21:10Z,2023-09-26T23:14:17Z
43113832-C9F4-40F6-97CC-DCF782679141,0D2C6AB5-B29F-4FE3-8BBF-A954458F3F9A,Chinook,NA,Adult,AD,NA,NA,Released,1,Chinook_Adult_AD_Released,2023,9,39,314,NA,NA,No,1,314,Complete,07:00:00,12:14:00,55DEFC6E-F203-4768-AF10-7EE7289934EE,2023-09-26,Nisqually River,District 11,Nisqually salmon 2023,86CF0741-F5F7-461B-8D69-D2E4070559A3,NA,Gear,NA,NA,NA,NA,NA,NA,NA,NA,NA,NA,2023-09-26T12:14:37Z,2023-09-26T23:14:17Z
43316E09-3BCE-48B3-BBD1-CF2CC6F37966,24D30047-045D-4446-9EDC-2AD646442ACD,Chinook,NA,Adult,AD,NA,NA,Released,1,Chinook_Adult_AD_Released,2023,9,39,300,NA,NA,No,1,300,Complete,09:38:00,14:38:00,55DEFC6E-F203-4768-AF10-7EE7289934EE,2023-09-26,Nisqually River,District 11,Nisqually salmon 2023,A38EC84E-CFB6-46AD-A6B2-5EAF0EDE0724,NA,Gear,NA,NA,NA,NA,NA,NA,NA,NA,NA,NA,2023-09-26T14:38:37Z,2023-09-26T23:14:17Z
B389ED02-C9BF-44CC-A37F-4A9E25A6DF9F,DB3EF4A4-7E56-4D47-82F9-D645B4033C26,Chinook,NA,Adult,UNK,NA,NA,Released,1,Chinook_Adult_UNK_Released,2023,9,39,171,NA,NA,No,1,171,Complete,12:00:00,14:51:00,55DEFC6E-F203-4768-AF10-7EE7289934EE,2023-09-26,Nisqually River,District 11,Nisqually salmon 2023,51CF45DD-1626-4C41-ACDF-7BDC2435D95B,NA,Gear,NA,NA,NA,NA,NA,NA,NA,NA,NA,NA,2023-09-26T14:52:02Z,2023-09-26T23:14:17Z
3C975992-B3F7-4C9C-8A26-04A547D562BF,FB4C655A-5A46-4D2A-8E74-8634E36B8056,Chinook,NA,Adult,UNK,NA,NA,Released,1,Chinook_Adult_UNK_Released,2023,9,38,399,NA,NA,No,2,798,Complete,11:00:00,17:39:00,EF2CEFDE-7B90-4AB2-A945-5CA52B56B44D,2023-09-23,Nisqually River,District 11,Nisqually salmon 2023,95051ACC-1571-43FE-9FB5-66B641AA2610,NA,Gear,NA,NA,NA,NA,NA,NA,NA,NA,NA,NA,2023-09-23T17:39:59Z,2023-09-24T02:29:47Z
6172CC4B-8DC5-47F8-B262-F50BE00150B3,9B2E72DE-1BB1-4761-970F-03FEA30A2049,Chinook,NA,Adult,AD,NA,63,Kept,1,Chinook_Adult_AD_Kept,2023,9,38,180,NA,NA,No,2,360,Complete,07:21:00,10:21:00,06B9BC9B-A953-4714-9D52-69E1F90C9929,2023-09-23,Nisqually River,District 11,Nisqually salmon 2023,B3D5D578-0010-465B-AE42-D625FF6314A3,NA,Gear,NA,NA,NA,NA,NA,NA,NA,NA,NA,NA,2023-09-23T10:21:51Z,2023-09-23T22:44:41Z
C33D598D-3228-4D7E-AB58-E8235B673FD9,FD5D95B8-7E65-48DA-98B5-DA3C3FC3B6FD,Chinook,NA,Adult,AD,NA,NA,Released,2,Chinook_Adult_AD_Released,2023,9,38,289,NA,NA,No,4,1156,Complete,07:30:00,12:19:00,06B9BC9B-A953-4714-9D52-69E1F90C9929,2023-09-23,Nisqually River,District 11,Nisqually salmon 2023,23428740-64F4-4468-B8BD-2E55B39EB5AB,NA,Gear,NA,NA,NA,NA,NA,NA,NA,NA,NA,NA,2023-09-23T12:20:09Z,2023-10-24T17:51:40Z
5805836C-C431-46DC-8F8A-2353FE2BADD8,F7C49C45-8080-49D0-B459-041AA102B0D6,Chinook,NA,Adult,UM,NA,NA,Released,1,Chinook_Adult_UM_Released,2023,9,38,61,NA,NA,No,1,61,Complete,06:00:00,07:01:00,43FDBA82-794C-4C1A-8053-08C630BB3FB0,2023-09-23,Nisqually River,District 11,Nisqually salmon 2023,F3D7BAFA-DF63-4A23-BEB6-64EFBE634F27,NA,Gear,NA,NA,NA,NA,NA,NA,NA,NA,NA,NA,2023-09-23T07:01:28Z,2023-09-23T23:14:43Z
B462B45A-9C78-47A8-B665-AEEB5AE78158,27FC8D2B-107B-431F-BAAD-580A66D0342B,Chinook,NA,Adult,UM,NA,NA,Released,1,Chinook_Adult_UM_Released,2023,9,38,209,NA,NA,No,1,209,Complete,06:00:00,09:29:00,43FDBA82-794C-4C1A-8053-08C630BB3FB0,2023-09-23,Nisqually River,District 11,Nisqually salmon 2023,BEE54FC4-337F-4CE3-B35F-D2178E078545,NA,Gear,NA,NA,NA,NA,NA,NA,NA,NA,NA,NA,2023-09-23T09:29:33Z,2023-09-23T23:14:43Z
8379642D-CDFF-46AC-8670-42009E545853,08B51EDD-8586-4C5F-BD02-9E71CFB3C2F3,Chinook,NA,Jack,UM,NA,NA,Released,1,Chinook_Jack_UM_Released,2023,9,38,200,NA,NA,No,1,200,Complete,06:30:00,09:50:00,43FDBA82-794C-4C1A-8053-08C630BB3FB0,2023-09-23,Nisqually River,District 11,Nisqually salmon 2023,8280D721-4731-4D13-B394-936D85A1D7E9,NA,Gear,NA,NA,NA,NA,NA,NA,NA,NA,NA,NA,2023-09-23T09:50:35Z,2023-09-23T23:14:43Z
507119BA-5196-4680-B6E1-427FA583754B,6DB98A4E-BC97-4782-A7CE-38DD501460A2,Chinook,NA,Adult,AD,NA,NA,Released,1,Chinook_Adult_AD_Released,2023,9,38,205,NA,NA,No,1,205,Complete,06:30:00,09:55:00,43FDBA82-794C-4C1A-8053-08C630BB3FB0,2023-09-23,Nisqually River,District 11,Nisqually salmon 2023,48656482-4C2E-43A8-A21F-C47B08752697,NA,Gear,NA,NA,NA,NA,NA,NA,NA,NA,NA,NA,2023-09-23T09:55:36Z,2023-09-23T23:14:43Z
1A73C2D3-61A8-4616-93AA-08CEB402564D,D47D2084-CA3A-49ED-8FD0-3684CD9A06E4,Chinook,NA,Jack,AD,NA,51,Kept,1,Chinook_Jack_AD_Kept,2023,9,38,276,NA,NA,No,1,276,Complete,06:00:00,10:36:00,43FDBA82-794C-4C1A-8053-08C630BB3FB0,2023-09-23,Nisqually River,District 11,Nisqually salmon 2023,27006F9D-2B41-40B4-A528-973B67E79B7D,NA,Gear,NA,NA,NA,NA,NA,NA,NA,NA,NA,NA,2023-09-23T10:36:52Z,2023-09-23T23:14:43Z
C4651C54-8A2F-4561-BBAE-65EDBDEEA45F,756F661E-7696-4766-A987-44459BB2A9D9,Chinook,NA,Adult,AD,NA,NA,Released,1,Chinook_Adult_AD_Released,2023,9,38,150,NA,NA,No,1,150,Complete,08:30:00,11:00:00,43FDBA82-794C-4C1A-8053-08C630BB3FB0,2023-09-23,Nisqually River,District 11,Nisqually salmon 2023,5139C9E8-5F3E-47A3-90CF-488E80A3F090,NA,Gear,NA,NA,NA,NA,NA,NA,NA,NA,NA,NA,2023-09-23T11:02:52Z,2023-09-23T23:14:43Z
74EFCC08-B577-42BC-B998-10CEE5A6CAFA,0BCA491B-8F3B-4EDC-A58F-F9B4D84E0D4D,Chinook,NA,Adult,UM,NA,NA,Released,1,Chinook_Adult_UM_Released,2023,9,38,358,NA,NA,No,2,716,Complete,06:00:00,11:58:00,43FDBA82-794C-4C1A-8053-08C630BB3FB0,2023-09-23,Nisqually River,District 11,Nisqually salmon 2023,4059B463-CF23-4E5B-B9E1-C2DDB4D1BC4F,NA,Gear,NA,NA,NA,NA,NA,NA,NA,NA,NA,NA,2023-09-23T11:58:55Z,2023-09-23T23:14:43Z
7F389BDB-73BA-49FE-A8D4-DDD17FA00A0B,4A3EA076-3AF9-4260-8BFF-932F043E5D0F,Chinook,NA,Adult,UM,NA,NA,Released,3,Chinook_Adult_UM_Released,2023,9,38,331,NA,NA,No,1,331,Complete,06:30:00,12:01:00,43FDBA82-794C-4C1A-8053-08C630BB3FB0,2023-09-23,Nisqually River,District 11,Nisqually salmon 2023,BD88BAFA-532F-4BF5-9C66-2F32001AB9C3,NA,Gear,NA,NA,NA,NA,NA,NA,NA,NA,NA,NA,2023-09-23T12:01:39Z,2023-09-23T23:14:43Z
0EED3B26-9FAB-42AB-BD55-A06491E27725,FE9ACA01-10C5-4E7B-9628-FBE96FE3B18E,Chinook,NA,Adult,AD,NA,62,Kept,1,Chinook_Adult_AD_Kept,2023,9,38,341,NA,NA,No,2,682,Complete,05:50:00,11:31:00,5D582308-C4DD-475F-919B-8AC2A909ED7D,2023-09-22,Nisqually River,District 11,Nisqually salmon 2023,5476D12F-01B0-41DC-880C-239F685EADEB,NA,Gear,NA,NA,NA,NA,NA,NA,NA,NA,NA,NA,2023-09-22T11:33:56Z,2023-09-23T17:44:37Z
27F44206-74E3-44AC-9DED-1D5D3BCC8300,7068C778-AA6A-416A-8128-E519D484EB08,Chinook,NA,Adult,UM,NA,NA,Released,1,Chinook_Adult_UM_Released,2023,9,38,373,NA,NA,No,1,373,Complete,06:15:00,12:28:00,5D582308-C4DD-475F-919B-8AC2A909ED7D,2023-09-22,Nisqually River,District 11,Nisqually salmon 2023,DCEDA6FB-D855-4DD5-98E6-A552EEF09BE8,NA,Gear,NA,NA,NA,NA,NA,NA,NA,NA,NA,NA,2023-09-22T12:28:44Z,2023-09-23T17:44:37Z
27F44206-74E3-44AC-9DED-1D5D3BCC8300,76BF12E1-8EEA-4DA7-966F-C50E558803A4,Chinook,NA,Adult,AD,NA,NA,Released,1,Chinook_Adult_AD_Released,2023,9,38,373,NA,NA,No,1,373,Complete,06:15:00,12:28:00,5D582308-C4DD-475F-919B-8AC2A909ED7D,2023-09-22,Nisqually River,District 11,Nisqually salmon 2023,DCEDA6FB-D855-4DD5-98E6-A552EEF09BE8,NA,Gear,NA,NA,NA,NA,NA,NA,NA,NA,NA,NA,2023-09-22T12:28:44Z,2023-09-23T17:44:37Z
7B6DA207-7AD8-49A4-B0DF-BA93149A98C8,5C11D1F6-FFF5-4251-873B-9D5F38AA9E1D,Chinook,NA,Adult,UNK,NA,NA,Released,1,Chinook_Adult_UNK_Released,2023,9,38,267,NA,NA,No,2,534,Complete,08:15:00,12:42:00,5D582308-C4DD-475F-919B-8AC2A909ED7D,2023-09-22,Nisqually River,District 11,Nisqually salmon 2023,5D8B4D77-D338-444B-8B43-86905EEDAD4B,NA,Gear,NA,NA,NA,NA,NA,NA,NA,NA,NA,NA,2023-09-22T12:43:02Z,2023-09-23T17:44:37Z
78EEAD0D-C8DB-4C5F-83C0-56116A5F62F9,371AFA73-349E-498C-B0F8-AC615B5203F6,Chinook,NA,Adult,AD,NA,73,Kept,1,Chinook_Adult_AD_Kept,2023,9,38,477,NA,NA,No,1,477,Complete,06:00:00,13:57:00,5D582308-C4DD-475F-919B-8AC2A909ED7D,2023-09-22,Nisqually River,District 11,Nisqually salmon 2023,1EBF95FE-FF9A-4BCA-A9D1-BB89054B4D28,NA,Gear,NA,NA,NA,NA,NA,NA,NA,NA,NA,NA,2023-09-22T14:02:53Z,2023-10-19T03:09:10Z
78EEAD0D-C8DB-4C5F-83C0-56116A5F62F9,D5C99F05-C28E-44A4-8F48-DD79FBF80EDE,Chinook,NA,Jack,AD,NA,51,Kept,1,Chinook_Jack_AD_Kept,2023,9,38,477,NA,NA,No,1,477,Complete,06:00:00,13:57:00,5D582308-C4DD-475F-919B-8AC2A909ED7D,2023-09-22,Nisqually River,District 11,Nisqually salmon 2023,1EBF95FE-FF9A-4BCA-A9D1-BB89054B4D28,NA,Gear,NA,NA,NA,NA,NA,NA,NA,NA,NA,NA,2023-09-22T14:02:53Z,2023-10-19T03:09:10Z
443E74C0-84A0-4726-BF63-7E9659BE9A2B,40F75F0D-38A1-4739-8C5E-E4D5333C3DB9,Chinook,NA,Jack,AD,NA,45,Kept,1,Chinook_Jack_AD_Kept,2023,9,38,155,NA,NA,No,2,310,Complete,05:49:00,08:24:00,7D6DCA80-C593-43EE-A8C2-6F471790789A,2023-09-22,Nisqually River,District 11,Nisqually salmon 2023,DEFD9592-7B9C-466F-96DF-6E18CF795DCC,NA,Gear,NA,NA,NA,NA,NA,NA,NA,NA,NA,NA,2023-09-22T08:51:18Z,2024-01-12T18:13:30Z
443E74C0-84A0-4726-BF63-7E9659BE9A2B,EBDB230E-7D63-4BB6-8B0E-6E953AAAA519,Chinook,NA,Jack,AD,NA,52,Kept,1,Chinook_Jack_AD_Kept,2023,9,38,155,NA,NA,No,2,310,Complete,05:49:00,08:24:00,7D6DCA80-C593-43EE-A8C2-6F471790789A,2023-09-22,Nisqually River,District 11,Nisqually salmon 2023,DEFD9592-7B9C-466F-96DF-6E18CF795DCC,NA,Gear,NA,NA,NA,NA,NA,NA,NA,NA,NA,NA,2023-09-22T08:51:18Z,2024-01-12T18:13:30Z
288CAE95-484C-4D6B-8B51-3810624748C9,6DC5BC93-000F-4E56-9CF7-EF7EDF87ECE7,Chinook,NA,Adult,AD,NA,67,Kept,1,Chinook_Adult_AD_Kept,2023,9,38,121,NA,NA,No,1,121,Complete,06:11:00,08:12:00,F5FD07C9-9E90-4799-B8F1-F3ECC253DACC,2023-09-22,Nisqually River,District 11,Nisqually salmon 2023,F01F428B-7BBF-4183-9357-FB318F195059,NA,Gear,NA,NA,NA,NA,NA,NA,NA,NA,NA,NA,2023-09-22T08:12:10Z,2023-09-22T22:59:39Z
B95BE648-77CD-489C-BDF7-2DA166570BE8,421776DC-8F83-404B-B37A-158FE42F6953,Chinook,NA,Adult,UM,NA,NA,Released,1,Chinook_Adult_UM_Released,2023,9,38,134,NA,NA,No,1,134,Complete,06:00:00,08:14:00,F5FD07C9-9E90-4799-B8F1-F3ECC253DACC,2023-09-22,Nisqually River,District 11,Nisqually salmon 2023,ED84B922-AF07-48BD-A51A-7461B117CBF1,NA,Gear,NA,NA,NA,NA,NA,NA,NA,NA,NA,NA,2023-09-22T08:14:58Z,2023-09-22T22:59:39Z
A5E37962-96DB-4D03-9A90-ED5F358E66BB,5994AC67-4C1D-4DEF-BA96-FE8D9058FB72,Chinook,NA,Jack,AD,NA,NA,Released,1,Chinook_Jack_AD_Released,2023,9,38,129,NA,NA,No,1,129,Complete,06:30:00,08:39:00,F5FD07C9-9E90-4799-B8F1-F3ECC253DACC,2023-09-22,Nisqually River,District 11,Nisqually salmon 2023,AAA2A374-9F13-4C37-A861-310D1A2D2F62,NA,Gear,NA,NA,NA,NA,NA,NA,NA,NA,NA,NA,2023-09-22T08:40:09Z,2023-09-22T22:59:39Z
6D68A7B9-8E72-4499-94CC-D822395FBD05,BC31BDD0-16A5-4F7A-B798-60B389A8C372,Chinook,NA,Jack,AD,NA,51,Kept,1,Chinook_Jack_AD_Kept,2023,9,38,199,NA,NA,No,1,199,Complete,06:00:00,09:19:00,F5FD07C9-9E90-4799-B8F1-F3ECC253DACC,2023-09-22,Nisqually River,District 11,Nisqually salmon 2023,C578BB6C-8FEE-4DA7-ACDA-613D9AF7D90F,NA,Gear,NA,NA,NA,NA,NA,NA,NA,NA,NA,NA,2023-09-22T09:19:32Z,2023-09-22T22:59:39Z
49B155F7-42AB-4573-B4DE-9F9A37F8920B,F9EF2824-5660-4BCE-A984-0807953681CC,Chinook,NA,Adult,UM,NA,NA,Released,1,Chinook_Adult_UM_Released,2023,9,38,244,NA,NA,No,2,488,Complete,06:35:00,10:39:00,F5FD07C9-9E90-4799-B8F1-F3ECC253DACC,2023-09-22,Nisqually River,District 11,Nisqually salmon 2023,0594E4DA-BCD0-4BC9-B187-25E5D3856914,NA,Gear,NA,NA,NA,NA,NA,NA,NA,NA,NA,NA,2023-09-22T10:39:32Z,2023-09-22T22:59:39Z
B9579B42-EED1-4E2C-A91F-212985DB5F1D,3B0269A3-1CE9-426C-AB82-A3D801D6C891,Chinook,NA,Adult,AD,NA,66,Kept,1,Chinook_Adult_AD_Kept,2023,9,38,194,NA,NA,No,1,194,Complete,09:00:00,12:14:00,F5FD07C9-9E90-4799-B8F1-F3ECC253DACC,2023-09-22,Nisqually River,District 11,Nisqually salmon 2023,46665B14-CE34-4652-B0F9-378C0DFC67DA,NA,Gear,NA,NA,NA,NA,NA,NA,NA,NA,NA,NA,2023-09-22T12:14:28Z,2023-09-22T22:59:39Z
551E6824-8430-4CA5-A6E7-0D650E196ED7,481F205A-03CD-4C6F-9409-664B266D1B55,Chinook,NA,Adult,AD,NA,62,Kept,1,Chinook_Adult_AD_Kept,2023,9,38,266,NA,NA,No,1,266,Complete,08:00:00,12:26:00,F5FD07C9-9E90-4799-B8F1-F3ECC253DACC,2023-09-22,Nisqually River,District 11,Nisqually salmon 2023,3EA29512-4D18-4DDB-8F99-14879338FEE6,NA,Gear,NA,NA,NA,NA,NA,NA,NA,NA,NA,NA,2023-09-22T12:27:00Z,2023-09-22T22:59:39Z
D79E29B0-A77F-42BF-8AD9-EBBA566687C3,2FC5880E-0198-47FC-826D-43645055DAAB,Chinook,NA,Adult,AD,NA,77,Kept,1,Chinook_Adult_AD_Kept,2023,9,38,93,NA,NA,No,2,186,Complete,14:30:00,16:03:00,9E50CEB5-D844-42AC-9061-D87BA4273C68,2023-09-21,Nisqually River,District 11,Nisqually salmon 2023,1822AC14-3D6E-410A-A49C-1875472DA84A,NA,Gear,NA,NA,NA,NA,NA,NA,NA,NA,NA,NA,2023-09-21T16:03:35Z,2023-09-22T02:29:32Z
FA275552-8FAA-4EB8-B8EA-02A307EE27BB,8CEDC577-2EF3-46B3-A33C-759AD84C2C34,Chinook,NA,Adult,AD,NA,NA,Released,1,Chinook_Adult_AD_Released,2023,9,38,154,NA,NA,No,1,154,Complete,06:00:00,08:34:00,2E5E117A-5299-4FE1-8DF5-2FF5B06B9F61,2023-09-21,Nisqually River,District 11,Nisqually salmon 2023,F22C8195-5850-4353-8D6D-4F9A7DE6D737,NA,Gear,NA,NA,NA,NA,NA,NA,NA,NA,NA,NA,2023-09-21T08:34:37Z,2023-09-22T22:59:39Z
97FA5238-17A2-4A72-9FA5-2967E219034F,C2669E30-CA52-44F9-90BA-4460E1658BFE,Chinook,NA,Adult,AD,NA,68,Kept,1,Chinook_Adult_AD_Kept,2023,9,38,60,NA,NA,No,1,60,Complete,07:40:00,08:40:00,2E5E117A-5299-4FE1-8DF5-2FF5B06B9F61,2023-09-21,Nisqually River,District 11,Nisqually salmon 2023,28B41326-5D67-4531-B671-E1F7840B1AE3,NA,Gear,NA,NA,NA,NA,NA,NA,NA,NA,NA,NA,2023-09-21T08:40:13Z,2023-09-22T22:59:39Z
97FA5238-17A2-4A72-9FA5-2967E219034F,73E1306C-02AC-4CAE-AC1C-39084A6E1EB4,Chinook,NA,Adult,UM,NA,NA,Released,1,Chinook_Adult_UM_Released,2023,9,38,60,NA,NA,No,1,60,Complete,07:40:00,08:40:00,2E5E117A-5299-4FE1-8DF5-2FF5B06B9F61,2023-09-21,Nisqually River,District 11,Nisqually salmon 2023,28B41326-5D67-4531-B671-E1F7840B1AE3,NA,Gear,NA,NA,NA,NA,NA,NA,NA,NA,NA,NA,2023-09-21T08:40:13Z,2023-09-22T22:59:39Z
CF180730-A254-40CB-9C1A-930D30402704,CE9B5503-C18D-405F-8E66-F384DCB3FAD4,Chinook,NA,Adult,UM,NA,NA,Released,1,Chinook_Adult_UM_Released,2023,9,38,180,NA,NA,No,1,180,Complete,06:21:00,09:21:00,2E5E117A-5299-4FE1-8DF5-2FF5B06B9F61,2023-09-21,Nisqually River,District 11,Nisqually salmon 2023,280D3142-C342-4775-B190-71B13A3251AF,NA,Gear,NA,NA,NA,NA,NA,NA,NA,NA,NA,NA,2023-09-21T09:21:22Z,2023-09-22T22:59:39Z
B76C6510-A7EF-496C-8387-D4BB4B52E86E,E274B1EE-F169-4940-B8B5-2A81A1DD6B61,Chinook,NA,Adult,AD,NA,NA,Released,1,Chinook_Adult_AD_Released,2023,9,38,205,NA,NA,No,1,205,Complete,06:00:00,09:25:00,2E5E117A-5299-4FE1-8DF5-2FF5B06B9F61,2023-09-21,Nisqually River,District 11,Nisqually salmon 2023,23ED43C8-5574-4390-B1FE-2FD8B99DAE07,NA,Gear,NA,NA,NA,NA,NA,NA,NA,NA,NA,NA,2023-09-21T09:25:48Z,2023-09-22T22:59:39Z
4621E129-E596-480D-BE36-A27F2B7461AC,CA9600EF-FD40-420C-9095-EFBC91D8B408,Chinook,NA,Jack,AD,NA,58,Kept,1,Chinook_Jack_AD_Kept,2023,9,38,258,NA,NA,No,1,258,Complete,06:00:00,10:18:00,NA,NA,NA,NA,NA,NA,NA,NA,NA,NA,NA,NA,NA,NA,NA,NA,NA,NA,NA,NA
4621E129-E596-480D-BE36-A27F2B7461AC,3485BF71-2E23-48C7-9139-98A23DBD0A3D,Chinook,NA,Jack,UM,NA,NA,Released,1,Chinook_Jack_UM_Released,2023,9,38,258,NA,NA,No,1,258,Complete,06:00:00,10:18:00,NA,NA,NA,NA,NA,NA,NA,NA,NA,NA,NA,NA,NA,NA,NA,NA,NA,NA,NA,NA
74F02670-C5C1-4C82-94C6-25753D2B39F9,CEDA3D8A-ACDE-42A1-804A-1DF770B9C8D9,Chinook,NA,Jack,AD,NA,55,Kept,1,Chinook_Jack_AD_Kept,2023,9,38,164,NA,NA,No,1,164,Complete,08:00:00,10:44:00,2E5E117A-5299-4FE1-8DF5-2FF5B06B9F61,2023-09-21,Nisqually River,District 11,Nisqually salmon 2023,118C1F93-8D04-4AE5-8B3F-F94AF45ED2BF,NA,Gear,NA,NA,NA,NA,NA,NA,NA,NA,NA,NA,2023-09-21T10:44:43Z,2023-09-22T22:59:39Z
7CE159D7-C22D-4973-B924-BF2EA3F3E1C8,74255C48-D7E2-4584-B3EE-BA87ED1FAB3D,Chinook,NA,Adult,UM,NA,NA,Released,1,Chinook_Adult_UM_Released,2023,9,38,241,NA,NA,No,1,241,Complete,07:14:00,11:15:00,2E5E117A-5299-4FE1-8DF5-2FF5B06B9F61,2023-09-21,Nisqually River,District 11,Nisqually salmon 2023,0C4F0D5D-F298-489B-99D6-9F2CAD80EA3C,NA,Gear,NA,NA,NA,NA,NA,NA,NA,NA,NA,NA,2023-09-21T11:15:05Z,2023-09-22T22:59:39Z
01F3B31A-5CA2-4B20-95BB-A957C08AB4B9,83D7F7A0-66CC-461A-B7BF-73FF6736B1BD,Chinook,NA,Jack,AD,NA,45,Kept,1,Chinook_Jack_AD_Kept,2023,9,38,282,NA,NA,No,2,564,Complete,09:00:00,13:42:00,2E5E117A-5299-4FE1-8DF5-2FF5B06B9F61,2023-09-21,Nisqually River,District 11,Nisqually salmon 2023,BE58A1BD-364B-47E8-9622-8591B930C3A8,NA,Gear,NA,NA,NA,NA,NA,NA,NA,NA,NA,NA,2023-09-21T13:42:39Z,2023-09-22T22:59:39Z
D76B4D53-F21F-46DA-9608-D65C2C351A32,B1B2B220-7C92-4049-B8F8-9F7511F5124A,Chinook,NA,Adult,UNK,NA,NA,Released,1,Chinook_Adult_UNK_Released,2023,9,38,126,NA,NA,No,2,252,Complete,07:30:00,09:36:00,449DF14B-AD0A-4752-856E-369106226A20,2023-09-21,Nisqually River,District 11,Nisqually salmon 2023,EBD47500-A4F3-414B-875C-982171B68CCD,NA,Gear,NA,NA,NA,NA,NA,NA,NA,NA,NA,NA,2023-09-21T09:37:13Z,2023-09-21T22:59:33Z
2D95FFEE-14F0-4F4F-8967-54E01FC8B08D,23DEF52F-0074-4572-B22C-598BA92A71DB,Chinook,NA,Jack,AD,NA,56,Kept,1,Chinook_Jack_AD_Kept,2023,9,38,173,NA,NA,No,1,173,Complete,07:00:00,09:53:00,449DF14B-AD0A-4752-856E-369106226A20,2023-09-21,Nisqually River,District 11,Nisqually salmon 2023,7C7B79A2-CA9F-41AD-B5A5-6598F3ACF213,NA,Gear,NA,NA,NA,NA,NA,NA,NA,NA,NA,NA,2023-09-21T09:53:37Z,2023-09-21T22:59:33Z
39B22024-C578-405F-814B-A9D7759EA963,7FC281D9-505F-41DD-9E78-E70973701AFB,Chinook,NA,Adult,AD,NA,74,Kept,1,Chinook_Adult_AD_Kept,2023,9,38,193,NA,NA,No,2,386,Complete,07:00:00,10:13:00,449DF14B-AD0A-4752-856E-369106226A20,2023-09-21,Nisqually River,District 11,Nisqually salmon 2023,EDA84FB1-3CA2-4E84-9AD0-3FABD5C9B079,NA,Gear,NA,NA,NA,NA,NA,NA,NA,NA,NA,NA,2023-09-21T10:13:37Z,2023-09-21T22:59:33Z
E69AC93A-EFCF-4F87-AB14-FBA0EF489606,B096F17B-0994-4D89-9115-C0A86FE6FAEB,Chinook,NA,Adult,AD,NA,60,Kept,1,Chinook_Adult_AD_Kept,2023,9,38,208,NA,NA,No,2,416,Complete,07:00:00,10:28:00,449DF14B-AD0A-4752-856E-369106226A20,2023-09-21,Nisqually River,District 11,Nisqually salmon 2023,D5651EA9-2601-4342-BF55-36D1AE04D8C2,NA,Gear,NA,NA,NA,NA,NA,NA,NA,NA,NA,NA,2023-09-21T10:28:53Z,2023-09-21T22:59:33Z
66385785-2F4A-412C-9C35-55FAFC9DC675,3C7C91EC-3AF7-4255-8647-22D357B13C41,Chinook,NA,Adult,UM,NA,NA,Released,1,Chinook_Adult_UM_Released,2023,9,38,266,NA,NA,No,1,266,Complete,07:30:00,11:56:00,449DF14B-AD0A-4752-856E-369106226A20,2023-09-21,Nisqually River,District 11,Nisqually salmon 2023,C66358DC-B6A9-48D7-989C-74024740013E,NA,Gear,NA,NA,NA,NA,NA,NA,NA,NA,NA,NA,2023-09-21T11:56:28Z,2023-09-21T22:59:33Z
AFE11FCE-F447-4D09-B1FD-FEADAC13D6EB,0D1B2337-A4A5-4EF6-BCFE-84B92DC3B423,Chinook,NA,Adult,UM,NA,NA,Released,1,Chinook_Adult_UM_Released,2023,9,38,404,NA,NA,No,1,404,Complete,06:30:00,13:14:00,449DF14B-AD0A-4752-856E-369106226A20,2023-09-21,Nisqually River,District 11,Nisqually salmon 2023,01B69D9F-F098-45A6-B981-B1F1E11FF1EB,NA,Gear,NA,NA,NA,NA,NA,NA,NA,NA,NA,NA,2023-09-21T13:14:22Z,2023-09-21T22:59:33Z
AFE11FCE-F447-4D09-B1FD-FEADAC13D6EB,99CB2F91-FEB5-4A1D-A73A-3B132989374F,Chinook,NA,Jack,UM,NA,NA,Released,1,Chinook_Jack_UM_Released,2023,9,38,404,NA,NA,No,1,404,Complete,06:30:00,13:14:00,449DF14B-AD0A-4752-856E-369106226A20,2023-09-21,Nisqually River,District 11,Nisqually salmon 2023,01B69D9F-F098-45A6-B981-B1F1E11FF1EB,NA,Gear,NA,NA,NA,NA,NA,NA,NA,NA,NA,NA,2023-09-21T13:14:22Z,2023-09-21T22:59:33Z
5F954AC7-B253-4730-8B9B-31093B1E58DA,3DD9FAC2-73F2-4C87-8699-5F48B4A87F40,Chinook,NA,Adult,AD,NA,64,Kept,1,Chinook_Adult_AD_Kept,2023,9,38,178,NA,NA,No,1,178,Complete,12:00:00,14:58:00,449DF14B-AD0A-4752-856E-369106226A20,2023-09-21,Nisqually River,District 11,Nisqually salmon 2023,3BFF598D-737D-436A-89BB-ADD50F53C1AB,NA,Gear,NA,NA,NA,NA,NA,NA,NA,NA,NA,NA,2023-09-21T14:58:34Z,2023-09-21T22:59:33Z
5F954AC7-B253-4730-8B9B-31093B1E58DA,1717D9E6-BA48-47F9-90FB-FBD169206F5E,Chinook,NA,Jack,AD,NA,53,Kept,1,Chinook_Jack_AD_Kept,2023,9,38,178,NA,NA,No,1,178,Complete,12:00:00,14:58:00,449DF14B-AD0A-4752-856E-369106226A20,2023-09-21,Nisqually River,District 11,Nisqually salmon 2023,3BFF598D-737D-436A-89BB-ADD50F53C1AB,NA,Gear,NA,NA,NA,NA,NA,NA,NA,NA,NA,NA,2023-09-21T14:58:34Z,2023-09-21T22:59:33Z
8FDA8BB7-5F34-4D31-AC6A-7528E0A5619A,84D42A94-BF63-47AE-BBE1-A57746C2853A,Chinook,NA,Jack,AD,NA,NA,Released,2,Chinook_Jack_AD_Released,2023,9,38,565,NA,NA,No,2,1130,Complete,06:00:00,15:25:00,449DF14B-AD0A-4752-856E-369106226A20,2023-09-21,Nisqually River,District 11,Nisqually salmon 2023,9A4B374C-3354-400B-8293-5D65268002CE,NA,Gear,NA,NA,NA,NA,NA,NA,NA,NA,NA,NA,2023-09-21T15:25:30Z,2023-09-21T22:59:33Z
112E291C-0BE4-459D-ADC8-7BE09A41852D,6778D4AE-FE80-4F98-B4AA-010A660E8FA1,Chinook,NA,Adult,AD,NA,68,Kept,1,Chinook_Adult_AD_Kept,2023,9,38,62,NA,NA,No,1,62,Complete,16:45:00,17:47:00,5D2C19F9-8D3F-4A4F-84E2-4DC6FEA806FD,2023-09-19,Nisqually River,District 11,Nisqually salmon 2023,FF86C418-D308-473B-AF50-407A4073307E,NA,Gear,NA,NA,NA,NA,NA,NA,NA,NA,NA,NA,2023-09-19T17:51:38Z,2023-09-20T02:29:29Z
112E291C-0BE4-459D-ADC8-7BE09A41852D,02E53F8E-B3BD-410A-88F7-4BC44D57C419,Chinook,NA,Adult,UM,NA,NA,Released,1,Chinook_Adult_UM_Released,2023,9,38,62,NA,NA,No,1,62,Complete,16:45:00,17:47:00,5D2C19F9-8D3F-4A4F-84E2-4DC6FEA806FD,2023-09-19,Nisqually River,District 11,Nisqually salmon 2023,FF86C418-D308-473B-AF50-407A4073307E,NA,Gear,NA,NA,NA,NA,NA,NA,NA,NA,NA,NA,2023-09-19T17:51:38Z,2023-09-20T02:29:29Z
112E291C-0BE4-459D-ADC8-7BE09A41852D,1C5ECA9F-FF9F-4AD3-BAA9-892853856F0F,Chinook,NA,Adult,AD,NA,NA,Released,1,Chinook_Adult_AD_Released,2023,9,38,62,NA,NA,No,1,62,Complete,16:45:00,17:47:00,5D2C19F9-8D3F-4A4F-84E2-4DC6FEA806FD,2023-09-19,Nisqually River,District 11,Nisqually salmon 2023,FF86C418-D308-473B-AF50-407A4073307E,NA,Gear,NA,NA,NA,NA,NA,NA,NA,NA,NA,NA,2023-09-19T17:51:38Z,2023-09-20T02:29:29Z
F13C44C8-A525-4DBB-A024-B2A4691054CA,AEE0DE37-9EC0-4C5A-B74F-FDB39036A151,Chinook,NA,Jack,AD,NA,43,Kept,1,Chinook_Jack_AD_Kept,2023,9,38,145,NA,NA,No,2,290,Complete,07:00:00,09:25:00,DFED4AB5-881A-4C13-B18B-A02F23C956A9,2023-09-19,Nisqually River,District 11,Nisqually salmon 2023,36070709-3CFD-4DFE-8F6A-A86EBB4CFF03,NA,Gear,NA,NA,NA,NA,NA,NA,NA,NA,NA,NA,2023-09-19T09:25:13Z,2023-09-22T22:59:39Z
F13C44C8-A525-4DBB-A024-B2A4691054CA,071203B5-71D8-411E-9BDA-A77B1CEDEFCB,Chinook,NA,Adult,AD,NA,74,Kept,1,Chinook_Adult_AD_Kept,2023,9,38,145,NA,NA,No,2,290,Complete,07:00:00,09:25:00,DFED4AB5-881A-4C13-B18B-A02F23C956A9,2023-09-19,Nisqually River,District 11,Nisqually salmon 2023,36070709-3CFD-4DFE-8F6A-A86EBB4CFF03,NA,Gear,NA,NA,NA,NA,NA,NA,NA,NA,NA,NA,2023-09-19T09:25:13Z,2023-09-22T22:59:39Z
B14ED7C4-6D11-429F-94CA-F59A9B745491,12342DF9-FE3B-4AD1-8A88-4254126AB83B,Chinook,NA,Adult,AD,NA,63,Kept,1,Chinook_Adult_AD_Kept,2023,9,38,253,NA,NA,No,2,506,Complete,06:00:00,10:13:00,DFED4AB5-881A-4C13-B18B-A02F23C956A9,2023-09-19,Nisqually River,District 11,Nisqually salmon 2023,61084D89-D78D-4803-BBA1-E9CD86F22E43,NA,Gear,NA,NA,NA,NA,NA,NA,NA,NA,NA,NA,2023-09-19T10:13:32Z,2023-09-22T22:59:39Z
B14ED7C4-6D11-429F-94CA-F59A9B745491,D8882F2D-99BD-4737-89C5-E82B25A26965,Chinook,NA,Adult,AD,NA,NA,Released,1,Chinook_Adult_AD_Released,2023,9,38,253,NA,NA,No,2,506,Complete,06:00:00,10:13:00,DFED4AB5-881A-4C13-B18B-A02F23C956A9,2023-09-19,Nisqually River,District 11,Nisqually salmon 2023,61084D89-D78D-4803-BBA1-E9CD86F22E43,NA,Gear,NA,NA,NA,NA,NA,NA,NA,NA,NA,NA,2023-09-19T10:13:32Z,2023-09-22T22:59:39Z
18D5E7DC-E21A-4E77-9056-26DF89A8D77E,D74C980B-6FF6-404D-BB14-CE65D17D50EE,Chinook,NA,Adult,AD,NA,NA,Released,1,Chinook_Adult_AD_Released,2023,9,38,120,NA,NA,No,1,120,Complete,08:34:00,10:34:00,DFED4AB5-881A-4C13-B18B-A02F23C956A9,2023-09-19,Nisqually River,District 11,Nisqually salmon 2023,E0AB1CAF-3B9D-45C7-82EE-7DF63EEA4408,NA,Gear,NA,NA,NA,NA,NA,NA,NA,NA,NA,NA,2023-09-19T10:34:42Z,2023-09-22T22:59:39Z
1B6B27B2-55FB-493B-8814-0BAFEC024933,AD3A26FA-B02B-4801-8575-FC126A3D8614,Chinook,NA,Jack,AD,NA,48,Kept,1,Chinook_Jack_AD_Kept,2023,9,38,114,NA,NA,No,1,114,Complete,05:53:00,07:47:00,25E95FE6-D1F7-4200-B137-45D7B4C49FA1,2023-09-19,Nisqually River,District 11,Nisqually salmon 2023,18E86A5D-D036-4BF6-9792-A55547B89983,NA,Gear,NA,NA,NA,NA,NA,NA,NA,NA,NA,NA,2023-09-19T07:47:45Z,2023-09-19T23:29:29Z
F17133F0-61E8-4CED-BD92-5D0E1D796353,2BB1EAB3-F391-4952-A2F1-0770480BF769,Chinook,NA,Jack,AD,NA,50,Kept,1,Chinook_Jack_AD_Kept,2023,9,38,33,NA,NA,No,1,33,Complete,09:50:00,10:23:00,25E95FE6-D1F7-4200-B137-45D7B4C49FA1,2023-09-19,Nisqually River,District 11,Nisqually salmon 2023,95D60557-EF7B-491F-96FD-23B6EEEC2B16,NA,Gear,NA,NA,NA,NA,NA,NA,NA,NA,NA,NA,2023-09-19T10:23:22Z,2024-01-12T18:13:06Z
874F978D-0131-4E53-B59C-F74088D9C54C,59DA9804-AF38-4D80-875C-766A979637C5,Chinook,NA,Adult,AD,NA,69,Kept,1,Chinook_Adult_AD_Kept,2023,9,38,401,NA,NA,No,1,401,Complete,05:30:00,12:11:00,25E95FE6-D1F7-4200-B137-45D7B4C49FA1,2023-09-19,Nisqually River,District 11,Nisqually salmon 2023,C5BE2738-5968-4BA5-A65B-7138EB49D310,NA,Gear,NA,NA,NA,NA,NA,NA,NA,NA,NA,NA,2023-09-19T12:11:57Z,2023-09-19T23:29:29Z
36139E44-375C-4250-BCB9-5A66B77443D9,55F02E64-2AC0-47CB-A8FF-09CFF32004BC,Chinook,NA,Jack,AD,NA,43,Kept,1,Chinook_Jack_AD_Kept,2023,9,38,379,NA,NA,No,1,379,Complete,06:10:00,12:29:00,25E95FE6-D1F7-4200-B137-45D7B4C49FA1,2023-09-19,Nisqually River,District 11,Nisqually salmon 2023,F04730F0-CD84-47F8-9F84-BE73F35F816A,NA,Gear,NA,NA,NA,NA,NA,NA,NA,NA,NA,NA,2023-09-19T12:30:19Z,2023-09-19T23:29:29Z
3FBB630B-C1E3-4B60-953F-EFFE721CD68A,246332C1-AD1C-4D9C-ADC2-95E1BFF1FCEC,Chinook,NA,Adult,AD,NA,76,Kept,1,Chinook_Adult_AD_Kept,2023,9,38,424,NA,NA,No,2,848,Complete,05:50:00,12:54:00,25E95FE6-D1F7-4200-B137-45D7B4C49FA1,2023-09-19,Nisqually River,District 11,Nisqually salmon 2023,6B6DE067-41D0-4C14-909A-3A29810487C1,NA,Gear,NA,NA,NA,NA,NA,NA,NA,NA,NA,NA,2023-09-19T12:54:16Z,2023-09-19T23:29:29Z
45A161CE-DD0B-4121-B45F-E9438C8A2E19,EFACC8FE-4AE8-42B2-BA07-17D6D455CBA6,Chinook,NA,Jack,UM,NA,NA,Released,1,Chinook_Jack_UM_Released,2023,9,38,331,NA,NA,No,2,662,Complete,08:00:00,13:31:00,25E95FE6-D1F7-4200-B137-45D7B4C49FA1,2023-09-19,Nisqually River,District 11,Nisqually salmon 2023,92FF4C0F-EC92-4765-9430-BFAE72AA0954,NA,Gear,NA,NA,NA,NA,NA,NA,NA,NA,NA,NA,2023-09-19T13:32:06Z,2023-09-19T23:29:29Z
ED88CFCE-2B36-4398-8F5C-809AC74ED979,EAE01856-C9EE-4BC1-8846-A6CC8FF4C7CB,Chinook,NA,Jack,AD,NA,52,Kept,1,Chinook_Jack_AD_Kept,2023,9,38,520,NA,NA,No,2,1040,Complete,06:00:00,14:40:00,25E95FE6-D1F7-4200-B137-45D7B4C49FA1,2023-09-19,Nisqually River,District 11,Nisqually salmon 2023,3F5DE88F-867D-4291-A40F-09313CF651B7,NA,Gear,NA,NA,NA,NA,NA,NA,NA,NA,NA,NA,2023-09-19T14:38:58Z,2023-09-19T23:29:29Z
ED88CFCE-2B36-4398-8F5C-809AC74ED979,C338BF70-009A-4826-A275-7F7799DA8B73,Chinook,NA,Adult,AD,NA,67,Kept,1,Chinook_Adult_AD_Kept,2023,9,38,520,NA,NA,No,2,1040,Complete,06:00:00,14:40:00,25E95FE6-D1F7-4200-B137-45D7B4C49FA1,2023-09-19,Nisqually River,District 11,Nisqually salmon 2023,3F5DE88F-867D-4291-A40F-09313CF651B7,NA,Gear,NA,NA,NA,NA,NA,NA,NA,NA,NA,NA,2023-09-19T14:38:58Z,2023-09-19T23:29:29Z
ED88CFCE-2B36-4398-8F5C-809AC74ED979,E2C37BD6-615C-4237-8E06-76D88D42F18C,Chinook,NA,Adult,AD,NA,61,Kept,1,Chinook_Adult_AD_Kept,2023,9,38,520,NA,NA,No,2,1040,Complete,06:00:00,14:40:00,25E95FE6-D1F7-4200-B137-45D7B4C49FA1,2023-09-19,Nisqually River,District 11,Nisqually salmon 2023,3F5DE88F-867D-4291-A40F-09313CF651B7,NA,Gear,NA,NA,NA,NA,NA,NA,NA,NA,NA,NA,2023-09-19T14:38:58Z,2023-09-19T23:29:29Z
54BC3A29-DD61-4B32-9239-526051B025B3,A5275AC9-160B-4A4A-A50C-E536D0AD50F6,Chinook,NA,Jack,AD,NA,48,Kept,1,Chinook_Jack_AD_Kept,2023,9,38,541,NA,NA,No,1,541,Complete,05:40:00,14:41:00,25E95FE6-D1F7-4200-B137-45D7B4C49FA1,2023-09-19,Nisqually River,District 11,Nisqually salmon 2023,6176A7E6-4502-4143-8EEA-EEEAF6A42017,NA,Gear,NA,NA,NA,NA,NA,NA,NA,NA,NA,NA,2023-09-19T14:41:28Z,2023-09-19T23:29:29Z
54BC3A29-DD61-4B32-9239-526051B025B3,E0EF06CA-7EE8-4A39-B378-1098295A210F,Chinook,NA,Jack,AD,NA,46,Kept,1,Chinook_Jack_AD_Kept,2023,9,38,541,NA,NA,No,1,541,Complete,05:40:00,14:41:00,25E95FE6-D1F7-4200-B137-45D7B4C49FA1,2023-09-19,Nisqually River,District 11,Nisqually salmon 2023,6176A7E6-4502-4143-8EEA-EEEAF6A42017,NA,Gear,NA,NA,NA,NA,NA,NA,NA,NA,NA,NA,2023-09-19T14:41:28Z,2023-09-19T23:29:29Z
923D17BF-E97F-4DD2-8C70-256C2C39C5AA,1F15BF6F-C491-40C2-9FBF-3EED5902A9A0,Chinook,NA,Adult,AD,NA,NA,Kept,5,Chinook_Adult_AD_Kept,2023,9,37,421,NA,Drift Boat/ Raft,Yes,4,1684,Complete,07:32:00,14:33:00,1EADC01A-9E08-4A1B-81FE-26C6722944B8,2023-09-16,Nisqually River,District 11,Nisqually salmon 2023,6E0B50FC-DD2B-465A-8809-0D434BD57947,NA,Bait,NA,NA,NA,NA,NA,NA,NA,NA,NA,NA,2023-09-16T14:33:20Z,2023-12-18T20:35:46Z
923D17BF-E97F-4DD2-8C70-256C2C39C5AA,B6A867FA-4768-404A-981A-C985462789CD,Chinook,NA,Adult,AD,NA,74,Kept,1,Chinook_Adult_AD_Kept,2023,9,37,421,NA,Drift Boat/ Raft,Yes,4,1684,Complete,07:32:00,14:33:00,1EADC01A-9E08-4A1B-81FE-26C6722944B8,2023-09-16,Nisqually River,District 11,Nisqually salmon 2023,6E0B50FC-DD2B-465A-8809-0D434BD57947,NA,Bait,NA,NA,NA,NA,NA,NA,NA,NA,NA,NA,2023-09-16T14:33:20Z,2023-12-18T20:35:46Z
923D17BF-E97F-4DD2-8C70-256C2C39C5AA,3E46B062-6BDF-4474-8E1C-252A6B751700,Chinook,NA,Adult,AD,NA,NA,Released,5,Chinook_Adult_AD_Released,2023,9,37,421,NA,Drift Boat/ Raft,Yes,4,1684,Complete,07:32:00,14:33:00,1EADC01A-9E08-4A1B-81FE-26C6722944B8,2023-09-16,Nisqually River,District 11,Nisqually salmon 2023,6E0B50FC-DD2B-465A-8809-0D434BD57947,NA,Bait,NA,NA,NA,NA,NA,NA,NA,NA,NA,NA,2023-09-16T14:33:20Z,2023-12-18T20:35:46Z
0310AA28-9B58-452B-988C-A50D65EB17A2,29AF12CF-F929-4051-9DE6-79D63BC75B1F,Chinook,NA,Jack,AD,NA,59,Kept,1,Chinook_Jack_AD_Kept,2023,9,37,404,NA,NA,No,1,404,Complete,08:00:00,14:44:00,1EADC01A-9E08-4A1B-81FE-26C6722944B8,2023-09-16,Nisqually River,District 11,Nisqually salmon 2023,1FC6D0EA-2DE7-4CEF-AA9B-D37A6F7411E7,NA,Gear,NA,NA,NA,NA,NA,NA,NA,NA,NA,NA,2023-09-16T14:44:44Z,2023-09-19T14:44:26Z
03B6C72D-9913-4F0A-94AA-4E68B1A350D6,05928340-0B57-487D-9129-741A9A4954BB,Chinook,NA,Adult,AD,NA,67,Kept,1,Chinook_Adult_AD_Kept,2023,9,37,601,NA,NA,No,2,1202,Complete,05:52:00,15:53:00,1EADC01A-9E08-4A1B-81FE-26C6722944B8,2023-09-16,Nisqually River,District 11,Nisqually salmon 2023,455E098B-E29F-458F-AACF-FE9CC358915F,NA,Gear,NA,NA,NA,NA,NA,NA,NA,NA,NA,NA,2023-09-16T15:53:10Z,2023-09-19T14:44:26Z
56034400-83E6-4B06-95BF-6897B98A09EA,FFC57A98-4975-40A4-BE94-189DA5252516,Chinook,NA,Adult,UM,NA,NA,Released,1,Chinook_Adult_UM_Released,2023,9,37,540,NA,Trailered Motorized Boat,Yes,4,2160,Complete,05:44:00,14:44:00,1EADC01A-9E08-4A1B-81FE-26C6722944B8,2023-09-16,Nisqually River,District 11,Nisqually salmon 2023,7355037A-F267-4494-932F-14851477BEAF,NA,Bait,NA,NA,NA,NA,NA,NA,NA,NA,NA,NA,2023-09-16T16:45:07Z,2023-12-18T20:35:54Z
56034400-83E6-4B06-95BF-6897B98A09EA,6F942BCB-B195-47F0-A809-BD95DD807BBB,Chinook,NA,Adult,AD,NA,NA,Kept,2,Chinook_Adult_AD_Kept,2023,9,37,540,NA,Trailered Motorized Boat,Yes,4,2160,Complete,05:44:00,14:44:00,1EADC01A-9E08-4A1B-81FE-26C6722944B8,2023-09-16,Nisqually River,District 11,Nisqually salmon 2023,7355037A-F267-4494-932F-14851477BEAF,NA,Bait,NA,NA,NA,NA,NA,NA,NA,NA,NA,NA,2023-09-16T16:45:07Z,2023-12-18T20:35:54Z
56034400-83E6-4B06-95BF-6897B98A09EA,4F58F330-166C-479C-AA30-16448923A09B,Chinook,NA,Jack,AD,NA,NA,Kept,3,Chinook_Jack_AD_Kept,2023,9,37,540,NA,Trailered Motorized Boat,Yes,4,2160,Complete,05:44:00,14:44:00,1EADC01A-9E08-4A1B-81FE-26C6722944B8,2023-09-16,Nisqually River,District 11,Nisqually salmon 2023,7355037A-F267-4494-932F-14851477BEAF,NA,Bait,NA,NA,NA,NA,NA,NA,NA,NA,NA,NA,2023-09-16T16:45:07Z,2023-12-18T20:35:54Z
88B55007-B887-4648-8981-4A63B4146346,642B3911-E684-4F23-8724-609211E7AEF3,Chinook,NA,Jack,AD,NA,55,Kept,1,Chinook_Jack_AD_Kept,2023,9,37,569,NA,NA,No,2,1138,Complete,08:00:00,17:29:00,1EADC01A-9E08-4A1B-81FE-26C6722944B8,2023-09-16,Nisqually River,District 11,Nisqually salmon 2023,C22D8BC5-9733-451D-9181-391FB5C9EC9D,NA,Gear,NA,NA,NA,NA,NA,NA,NA,NA,NA,NA,2023-09-16T17:29:23Z,2023-09-19T14:44:26Z
9DA80D7A-5F03-4CAD-A1AA-0B1FC9D7C8ED,D167B484-D4F9-491D-8F3C-68A3A21B0680,Chinook,NA,Adult,UM,NA,NA,Released,1,Chinook_Adult_UM_Released,2023,9,37,341,NA,NA,No,2,682,Complete,06:00:00,11:41:00,F6F25A04-7F8D-4957-B34A-E0D67694C0F4,2023-09-16,Nisqually River,District 11,Nisqually salmon 2023,01409206-184C-4781-B895-E9B49E437503,NA,Gear,NA,NA,NA,NA,NA,NA,NA,NA,NA,NA,2023-09-16T11:42:07Z,2023-09-17T03:15:06Z
F222DAD0-D249-4E3E-9D4E-28C75B6922D6,95DF7A81-5E25-4940-910E-94FA471B9589,Chinook,NA,Adult,UM,NA,NA,Released,1,Chinook_Adult_UM_Released,2023,9,37,382,NA,NA,No,2,764,Complete,06:00:00,12:22:00,F6F25A04-7F8D-4957-B34A-E0D67694C0F4,2023-09-16,Nisqually River,District 11,Nisqually salmon 2023,8EECF303-D792-43DB-B81C-6B68E5D72085,NA,Gear,NA,NA,NA,NA,NA,NA,NA,NA,NA,NA,2023-09-16T12:22:56Z,2023-09-17T03:15:06Z
F222DAD0-D249-4E3E-9D4E-28C75B6922D6,5AFEAB1D-BC3C-4731-84B6-28BEF3C7F166,Chinook,NA,Adult,AD,NA,NA,Released,1,Chinook_Adult_AD_Released,2023,9,37,382,NA,NA,No,2,764,Complete,06:00:00,12:22:00,F6F25A04-7F8D-4957-B34A-E0D67694C0F4,2023-09-16,Nisqually River,District 11,Nisqually salmon 2023,8EECF303-D792-43DB-B81C-6B68E5D72085,NA,Gear,NA,NA,NA,NA,NA,NA,NA,NA,NA,NA,2023-09-16T12:22:56Z,2023-09-17T03:15:06Z
E9AA96B6-69CA-48C1-96E2-B361C394B01F,76DC694C-37C1-4105-A261-119B0A3068EB,Chinook,NA,Adult,UM,NA,NA,Released,1,Chinook_Adult_UM_Released,2023,9,37,215,NA,NA,No,2,430,Complete,09:00:00,12:35:00,F6F25A04-7F8D-4957-B34A-E0D67694C0F4,2023-09-16,Nisqually River,District 11,Nisqually salmon 2023,E98764DD-4D3D-48C2-8700-7698074FC9FF,NA,Gear,NA,NA,NA,NA,NA,NA,NA,NA,NA,NA,2023-09-16T12:36:03Z,2023-09-17T03:15:06Z
2DBEA988-D109-466F-94C1-6ABC8B7077AC,3FADD46B-4012-42DC-9B98-39AA84655CAE,Chinook,NA,Adult,AD,NA,70,Kept,1,Chinook_Adult_AD_Kept,2023,9,37,276,NA,NA,No,1,276,Complete,09:00:00,13:36:00,F6F25A04-7F8D-4957-B34A-E0D67694C0F4,2023-09-16,Nisqually River,District 11,Nisqually salmon 2023,B9DF705B-51DC-4BD7-861C-D4C829338C6B,NA,Gear,NA,NA,NA,NA,NA,NA,NA,NA,NA,NA,2023-09-16T13:36:23Z,2023-09-17T03:15:06Z
2DBEA988-D109-466F-94C1-6ABC8B7077AC,6F5E06D1-29B7-4546-A900-59DA2E5CEF54,Chinook,NA,Adult,AD,NA,66,Kept,1,Chinook_Adult_AD_Kept,2023,9,37,276,NA,NA,No,1,276,Complete,09:00:00,13:36:00,F6F25A04-7F8D-4957-B34A-E0D67694C0F4,2023-09-16,Nisqually River,District 11,Nisqually salmon 2023,B9DF705B-51DC-4BD7-861C-D4C829338C6B,NA,Gear,NA,NA,NA,NA,NA,NA,NA,NA,NA,NA,2023-09-16T13:36:23Z,2023-09-17T03:15:06Z
E746AE54-4A05-4968-985C-E395A119179E,82DA7972-DF87-4100-A64B-74D9524FCDB0,Chinook,NA,Adult,AD,NA,65,Kept,1,Chinook_Adult_AD_Kept,2023,9,37,372,NA,NA,No,3,1116,Complete,09:00:00,15:12:00,F6F25A04-7F8D-4957-B34A-E0D67694C0F4,2023-09-16,Nisqually River,District 11,Nisqually salmon 2023,F7D1B3B8-B4EC-4214-AF34-F1A2C0CC0F1A,NA,Gear,NA,NA,NA,NA,NA,NA,NA,NA,NA,NA,2023-09-16T15:12:38Z,2023-09-17T03:15:06Z
E746AE54-4A05-4968-985C-E395A119179E,A8C9E9DC-E76F-49E3-85A2-58B583B3D13C,Chinook,NA,Adult,AD,NA,65,Kept,1,Chinook_Adult_AD_Kept,2023,9,37,372,NA,NA,No,3,1116,Complete,09:00:00,15:12:00,F6F25A04-7F8D-4957-B34A-E0D67694C0F4,2023-09-16,Nisqually River,District 11,Nisqually salmon 2023,F7D1B3B8-B4EC-4214-AF34-F1A2C0CC0F1A,NA,Gear,NA,NA,NA,NA,NA,NA,NA,NA,NA,NA,2023-09-16T15:12:38Z,2023-09-17T03:15:06Z
E746AE54-4A05-4968-985C-E395A119179E,E9D557B2-6A4E-4D32-9DB0-F7F8674462C0,Chinook,NA,Adult,AD,NA,69,Kept,1,Chinook_Adult_AD_Kept,2023,9,37,372,NA,NA,No,3,1116,Complete,09:00:00,15:12:00,F6F25A04-7F8D-4957-B34A-E0D67694C0F4,2023-09-16,Nisqually River,District 11,Nisqually salmon 2023,F7D1B3B8-B4EC-4214-AF34-F1A2C0CC0F1A,NA,Gear,NA,NA,NA,NA,NA,NA,NA,NA,NA,NA,2023-09-16T15:12:38Z,2023-09-17T03:15:06Z
E746AE54-4A05-4968-985C-E395A119179E,81658EEC-B17B-4096-98DF-D7FC89B3BEA9,Chinook,NA,Adult,UM,NA,NA,Released,1,Chinook_Adult_UM_Released,2023,9,37,372,NA,NA,No,3,1116,Complete,09:00:00,15:12:00,F6F25A04-7F8D-4957-B34A-E0D67694C0F4,2023-09-16,Nisqually River,District 11,Nisqually salmon 2023,F7D1B3B8-B4EC-4214-AF34-F1A2C0CC0F1A,NA,Gear,NA,NA,NA,NA,NA,NA,NA,NA,NA,NA,2023-09-16T15:12:38Z,2023-09-17T03:15:06Z
113DC63B-6B2E-4535-BC29-7D5657EB2D77,5FA5A386-5EC1-4551-91BA-E0248DC525A6,Chinook,NA,Jack,AD,NA,54,Kept,1,Chinook_Jack_AD_Kept,2023,9,37,161,NA,NA,No,1,161,Complete,16:30:00,19:11:00,F6F25A04-7F8D-4957-B34A-E0D67694C0F4,2023-09-16,Nisqually River,District 11,Nisqually salmon 2023,DEF5F032-4F78-4B8F-8D2C-09D4A97C628C,NA,Gear,NA,NA,NA,NA,NA,NA,NA,NA,NA,NA,2023-09-16T19:12:20Z,2023-09-17T03:15:06Z
BFA6F2EE-53C3-485B-98B6-19D025370BC8,075EDD8B-193E-442D-9D76-0D932E8B6691,Chinook,NA,Jack,AD,NA,NA,Released,1,Chinook_Jack_AD_Released,2023,9,37,301,NA,NA,No,1,301,Complete,14:48:00,19:49:00,F6F25A04-7F8D-4957-B34A-E0D67694C0F4,2023-09-16,Nisqually River,District 11,Nisqually salmon 2023,6B146032-5FFB-4982-A3CA-6D9603BFADEA,NA,Gear,NA,NA,NA,NA,NA,NA,NA,NA,NA,NA,2023-09-16T19:49:45Z,2023-09-17T03:15:06Z
BFA6F2EE-53C3-485B-98B6-19D025370BC8,72F9BCB6-E638-4872-88AF-61E31CFA456B,Chinook,NA,Jack,AD,NA,54,Kept,1,Chinook_Jack_AD_Kept,2023,9,37,301,NA,NA,No,1,301,Complete,14:48:00,19:49:00,F6F25A04-7F8D-4957-B34A-E0D67694C0F4,2023-09-16,Nisqually River,District 11,Nisqually salmon 2023,6B146032-5FFB-4982-A3CA-6D9603BFADEA,NA,Gear,NA,NA,NA,NA,NA,NA,NA,NA,NA,NA,2023-09-16T19:49:45Z,2023-09-17T03:15:06Z
2B95910A-7F86-42E1-9C81-1891935D248C,414BBB34-309E-40D5-A89D-8CF157AA9045,Chinook,NA,Adult,AD,NA,64,Kept,1,Chinook_Adult_AD_Kept,2023,9,37,120,NA,NA,No,2,240,Complete,16:23:00,18:23:00,F6F25A04-7F8D-4957-B34A-E0D67694C0F4,2023-09-16,Nisqually River,District 11,Nisqually salmon 2023,48779D56-D53C-4CC6-BFB6-00A71CBB74EF,NA,Gear,NA,NA,NA,NA,NA,NA,NA,NA,NA,NA,2023-09-16T18:24:03Z,2023-09-17T03:30:08Z
64931FCE-9790-4CFD-82DB-D4F2E0CC07D2,43E580E2-3999-4756-B709-24CE7A51408D,Chinook,NA,Jack,AD,NA,58,Kept,1,Chinook_Jack_AD_Kept,2023,9,37,200,NA,NA,No,4,800,Complete,05:45:00,09:05:00,C49FBCE9-9524-4D42-B993-E3D07315480A,2023-09-16,Nisqually River,District 11,Nisqually salmon 2023,C2C99090-AA30-4E8F-9E23-3E410CFDACBD,NA,Bait,NA,NA,NA,NA,NA,NA,NA,NA,NA,NA,2023-09-16T09:05:30Z,2023-09-16T22:15:01Z
64931FCE-9790-4CFD-82DB-D4F2E0CC07D2,ABA4A46F-AD54-4770-BC60-C3AE250C6EBF,Chinook,NA,Adult,AD,NA,74,Kept,1,Chinook_Adult_AD_Kept,2023,9,37,200,NA,NA,No,4,800,Complete,05:45:00,09:05:00,C49FBCE9-9524-4D42-B993-E3D07315480A,2023-09-16,Nisqually River,District 11,Nisqually salmon 2023,C2C99090-AA30-4E8F-9E23-3E410CFDACBD,NA,Bait,NA,NA,NA,NA,NA,NA,NA,NA,NA,NA,2023-09-16T09:05:30Z,2023-09-16T22:15:01Z
BC86860F-878D-42C4-AAA0-9E5761402ACE,7FB09A0B-B369-476A-A685-107F40DD3DC4,Chinook,NA,Jack,AD,NA,52,Kept,1,Chinook_Jack_AD_Kept,2023,9,37,224,NA,NA,No,1,224,Complete,06:00:00,09:44:00,C49FBCE9-9524-4D42-B993-E3D07315480A,2023-09-16,Nisqually River,District 11,Nisqually salmon 2023,64E69490-C417-4660-A544-6317D19CFDA2,NA,Gear,NA,NA,NA,NA,NA,NA,NA,NA,NA,NA,2023-09-16T09:44:23Z,2023-09-16T22:15:01Z
3C4D6040-952B-49E6-8DF0-C3468C1AE634,FF7C1A57-6085-4978-9620-D10BFC91973C,Chinook,NA,Jack,AD,NA,47,Kept,1,Chinook_Jack_AD_Kept,2023,9,37,240,NA,NA,No,1,240,Complete,05:45:00,09:45:00,C49FBCE9-9524-4D42-B993-E3D07315480A,2023-09-16,Nisqually River,District 11,Nisqually salmon 2023,81BAAC0A-C61B-4D61-9E16-18FEE8C2A0AC,NA,Gear,NA,NA,NA,NA,NA,NA,NA,NA,NA,NA,2023-09-16T09:51:29Z,2023-09-16T22:15:01Z
3C4D6040-952B-49E6-8DF0-C3468C1AE634,C35862A8-BC33-48DB-9835-E520F87127FA,Chinook,NA,Jack,AD,NA,50,Kept,1,Chinook_Jack_AD_Kept,2023,9,37,240,NA,NA,No,1,240,Complete,05:45:00,09:45:00,C49FBCE9-9524-4D42-B993-E3D07315480A,2023-09-16,Nisqually River,District 11,Nisqually salmon 2023,81BAAC0A-C61B-4D61-9E16-18FEE8C2A0AC,NA,Gear,NA,NA,NA,NA,NA,NA,NA,NA,NA,NA,2023-09-16T09:51:29Z,2023-09-16T22:15:01Z
0FDE9D5B-3C11-470F-8649-3512E1180091,BFA23EE0-15A5-4D2E-9D62-C7C75F62F5A4,Chinook,NA,Adult,UM,NA,NA,Released,1,Chinook_Adult_UM_Released,2023,9,37,249,NA,NA,No,1,249,Complete,05:45:00,09:54:00,C49FBCE9-9524-4D42-B993-E3D07315480A,2023-09-16,Nisqually River,District 11,Nisqually salmon 2023,63CE7A2E-00DB-44D8-BDA0-4157F14B172C,NA,Gear,NA,NA,NA,NA,NA,NA,NA,NA,NA,NA,2023-09-16T09:55:07Z,2023-09-16T22:15:01Z
80BD087B-F49F-4D1D-B725-31793AB90DF1,3C893FBC-FCCC-4C0A-9DAF-73877583ABA8,Chinook,NA,Adult,AD,NA,69,Kept,1,Chinook_Adult_AD_Kept,2023,9,37,287,NA,NA,No,1,287,Complete,05:47:00,10:34:00,C49FBCE9-9524-4D42-B993-E3D07315480A,2023-09-16,Nisqually River,District 11,Nisqually salmon 2023,25A75058-6D51-4E6D-BD05-E771A3F6A2C8,NA,Gear,NA,NA,NA,NA,NA,NA,NA,NA,NA,NA,2023-09-16T10:34:08Z,2023-09-16T22:15:01Z
80BD087B-F49F-4D1D-B725-31793AB90DF1,FB329D38-7244-43BA-8A03-B7D0597E5EE1,Chinook,NA,Adult,AD,NA,65,Kept,1,Chinook_Adult_AD_Kept,2023,9,37,287,NA,NA,No,1,287,Complete,05:47:00,10:34:00,C49FBCE9-9524-4D42-B993-E3D07315480A,2023-09-16,Nisqually River,District 11,Nisqually salmon 2023,25A75058-6D51-4E6D-BD05-E771A3F6A2C8,NA,Gear,NA,NA,NA,NA,NA,NA,NA,NA,NA,NA,2023-09-16T10:34:08Z,2023-09-16T22:15:01Z
6663A24E-C954-48EF-BE55-147F5397B41E,BD17620E-E35C-4E8C-BACA-5F5B694B6FCD,Chinook,NA,Adult,AD,NA,NA,Released,1,Chinook_Adult_AD_Released,2023,9,37,295,NA,NA,No,1,295,Complete,05:45:00,10:40:00,C49FBCE9-9524-4D42-B993-E3D07315480A,2023-09-16,Nisqually River,District 11,Nisqually salmon 2023,FA005193-789E-43AF-B9DA-20D0CEBFB769,NA,Gear,NA,NA,NA,NA,NA,NA,NA,NA,NA,NA,2023-09-16T10:41:15Z,2023-09-16T22:15:01Z
44941728-5A8F-4C0C-B9EE-8361CFEEB7C1,4AA2519C-DDAB-43C3-9AF6-616EE0C523BF,Chinook,NA,Jack,AD,NA,57,Kept,1,Chinook_Jack_AD_Kept,2023,9,37,288,NA,NA,No,1,288,Complete,06:30:00,11:18:00,C49FBCE9-9524-4D42-B993-E3D07315480A,2023-09-16,Nisqually River,District 11,Nisqually salmon 2023,FBED1792-F6B8-46C5-B2E6-6FC39633E2F2,NA,Gear,NA,NA,NA,NA,NA,NA,NA,NA,NA,NA,2023-09-16T11:23:02Z,2023-09-16T22:15:01Z
813E687E-BC6B-49C3-BE7B-8F52EDBF5B16,C89FA06F-408B-4D18-B790-B5C4B7803F25,Chinook,NA,Adult,AD,NA,NA,Released,3,Chinook_Adult_AD_Released,2023,9,37,277,NA,NA,No,1,277,Complete,07:00:00,11:37:00,AB1B1FA7-1911-44A2-9734-A63853A5C352,2023-09-15,Nisqually River,District 11,Nisqually salmon 2023,DAB10483-27FE-4908-A5F6-3435A2A6777E,NA,Gear,NA,NA,NA,NA,NA,NA,NA,NA,NA,NA,2023-09-15T11:38:03Z,2023-09-19T14:29:28Z
1E1BBB00-4BC7-4CA2-9DBE-A68123105086,A4ED0BAB-5A32-46C9-BB41-3AA19B6EE368,Chinook,NA,Adult,AD,NA,63,Kept,1,Chinook_Adult_AD_Kept,2023,9,37,293,NA,NA,No,1,293,Complete,07:00:00,11:53:00,AB1B1FA7-1911-44A2-9734-A63853A5C352,2023-09-15,Nisqually River,District 11,Nisqually salmon 2023,2EF43473-24B8-4169-9570-E6E073ED170C,NA,Gear,NA,NA,NA,NA,NA,NA,NA,NA,NA,NA,2023-09-15T11:53:16Z,2023-09-19T14:29:28Z
07EBF346-E813-4354-8AB4-B43218489534,D932E3A1-582A-49DC-8ECE-0CDDE5B2DF40,Chinook,NA,Jack,AD,NA,NA,Kept,1,Chinook_Jack_AD_Kept,2023,9,37,360,NA,NA,No,1,360,Complete,06:08:00,12:08:00,AB1B1FA7-1911-44A2-9734-A63853A5C352,2023-09-15,Nisqually River,District 11,Nisqually salmon 2023,F5C3C670-C224-4EB8-8A9D-475ADB110EF7,NA,Gear,NA,NA,NA,NA,NA,NA,NA,NA,NA,NA,2023-09-15T12:08:19Z,2023-09-19T14:29:28Z
438E2C98-2553-43CC-8A2B-F95DF85DC4B9,6F773D87-B772-455C-99E9-74B9D69C4D7F,Chinook,NA,Adult,AD,NA,72,Kept,1,Chinook_Adult_AD_Kept,2023,9,37,223,NA,NA,No,1,223,Complete,08:30:00,12:13:00,AB1B1FA7-1911-44A2-9734-A63853A5C352,2023-09-15,Nisqually River,District 11,Nisqually salmon 2023,AF4C0529-DE31-4F79-94D0-1D0916C37E99,NA,Gear,NA,NA,NA,NA,NA,NA,NA,NA,NA,NA,2023-09-15T12:14:04Z,2023-09-19T14:29:28Z
EF1BE5F8-6B3B-41DC-B386-0544B835CD9E,DDC06539-41B0-4EB3-A8ED-1B20FE38A4AC,Chinook,NA,Adult,UM,NA,NA,Released,1,Chinook_Adult_UM_Released,2023,9,37,180,NA,NA,No,1,180,Complete,09:58:00,12:58:00,NA,NA,NA,NA,NA,NA,NA,NA,NA,NA,NA,NA,NA,NA,NA,NA,NA,NA,NA,NA
3A2AA2EA-696D-41D3-9AF3-6C7AC7892AEA,903E581B-B47E-4971-AB29-A3232EFAF467,Chinook,NA,Jack,AD,NA,NA,Kept,2,Chinook_Jack_AD_Kept,2023,9,37,600,NA,Trailered Motorized Boat,Yes,4,2400,Complete,06:16:00,16:16:00,AB1B1FA7-1911-44A2-9734-A63853A5C352,2023-09-15,Nisqually River,District 11,Nisqually salmon 2023,CA9BADE1-F3CC-4CE5-92F6-E05AF67FDE43,NA,Gear,NA,NA,NA,NA,NA,NA,NA,NA,NA,NA,2023-09-15T16:17:08Z,2024-03-01T19:27:56Z
3A2AA2EA-696D-41D3-9AF3-6C7AC7892AEA,098E29CA-543A-4D1F-A149-BD32D1CB69D0,Chinook,NA,Adult,AD,NA,NA,Kept,3,Chinook_Adult_AD_Kept,2023,9,37,600,NA,Trailered Motorized Boat,Yes,4,2400,Complete,06:16:00,16:16:00,AB1B1FA7-1911-44A2-9734-A63853A5C352,2023-09-15,Nisqually River,District 11,Nisqually salmon 2023,CA9BADE1-F3CC-4CE5-92F6-E05AF67FDE43,NA,Gear,NA,NA,NA,NA,NA,NA,NA,NA,NA,NA,2023-09-15T16:17:08Z,2024-03-01T19:27:56Z
A644A24D-B36F-4005-97AD-F265EC74BC53,F4E948C6-BA81-4F01-9F62-7F312084402C,Chinook,NA,Adult,AD,NA,NA,Released,1,Chinook_Adult_AD_Released,2023,9,37,180,NA,NA,No,1,180,Complete,13:24:00,16:24:00,AB1B1FA7-1911-44A2-9734-A63853A5C352,2023-09-15,Nisqually River,District 11,Nisqually salmon 2023,B5925054-3F88-41B5-82E3-DFA139845B89,NA,Gear,NA,NA,NA,NA,NA,NA,NA,NA,NA,NA,2023-09-15T16:24:26Z,2023-09-19T14:29:28Z
4A5EEA66-6C48-4A8A-B69E-EF6ABD0EB56B,0C02AFE5-C282-4F6A-BF9F-FB2BA1953D56,Chinook,NA,Jack,AD,NA,47,Kept,1,Chinook_Jack_AD_Kept,2023,9,37,287,NA,NA,No,2,574,Complete,07:00:00,11:47:00,A8CC5E9F-C06F-40B6-B377-5E1F81788282,2023-09-15,Nisqually River,District 11,Nisqually salmon 2023,E053E388-C872-463F-AA5A-50412797F699,NA,Gear,NA,NA,NA,NA,NA,NA,NA,NA,NA,NA,2023-09-15T11:47:26Z,2023-09-16T03:29:59Z
7A8D2016-8514-4FEB-A45A-AA40ED258BF5,8579C76F-5914-4E3E-B564-E6BC97F1B6DB,Chinook,NA,Adult,AD,NA,NA,Released,1,Chinook_Adult_AD_Released,2023,9,37,505,NA,Trailered Motorized Boat,Yes,2,1010,Complete,07:00:00,15:25:00,A8CC5E9F-C06F-40B6-B377-5E1F81788282,2023-09-15,Nisqually River,District 11,Nisqually salmon 2023,588F576B-151D-43CF-9CCD-58075BFE3684,NA,Bait-Lure,NA,NA,NA,NA,NA,NA,NA,NA,NA,NA,2023-09-15T15:25:49Z,2023-09-16T03:29:59Z
430B6ED0-E436-40FD-8FB5-F34444F91B29,E6B51491-A12D-4F0D-9816-9A3E06039BF5,Chinook,NA,Adult,AD,NA,NA,Released,13,Chinook_Adult_AD_Released,2023,9,37,488,NA,Drift Boat/ Raft,Yes,3,1464,Complete,07:30:00,15:38:00,A8CC5E9F-C06F-40B6-B377-5E1F81788282,2023-09-15,Nisqually River,District 11,Nisqually salmon 2023,E31E7E7D-DBDB-4DC1-B973-6A335D9B0A12,NA,Bait-Lure,NA,NA,NA,NA,NA,NA,NA,NA,NA,NA,2023-09-15T15:38:37Z,2023-09-16T03:29:59Z
430B6ED0-E436-40FD-8FB5-F34444F91B29,1E463A2F-680F-44C8-8741-B7F781001D81,Chinook,NA,Jack,AD,NA,NA,Released,2,Chinook_Jack_AD_Released,2023,9,37,488,NA,Drift Boat/ Raft,Yes,3,1464,Complete,07:30:00,15:38:00,A8CC5E9F-C06F-40B6-B377-5E1F81788282,2023-09-15,Nisqually River,District 11,Nisqually salmon 2023,E31E7E7D-DBDB-4DC1-B973-6A335D9B0A12,NA,Bait-Lure,NA,NA,NA,NA,NA,NA,NA,NA,NA,NA,2023-09-15T15:38:37Z,2023-09-16T03:29:59Z
430B6ED0-E436-40FD-8FB5-F34444F91B29,68C43D89-05C6-40DA-AB34-81BE92B4629C,Chinook,NA,Adult,AD,NA,80,Kept,1,Chinook_Adult_AD_Kept,2023,9,37,488,NA,Drift Boat/ Raft,Yes,3,1464,Complete,07:30:00,15:38:00,A8CC5E9F-C06F-40B6-B377-5E1F81788282,2023-09-15,Nisqually River,District 11,Nisqually salmon 2023,E31E7E7D-DBDB-4DC1-B973-6A335D9B0A12,NA,Bait-Lure,NA,NA,NA,NA,NA,NA,NA,NA,NA,NA,2023-09-15T15:38:37Z,2023-09-16T03:29:59Z
6DB304E3-A33C-4B17-B324-601CB3538DBB,C83AB3C6-9C76-45A4-BF15-E2FF43321BCB,Chinook,NA,Jack,AD,NA,NA,Released,1,Chinook_Jack_AD_Released,2023,9,37,343,NA,NA,No,1,343,Complete,13:00:00,18:43:00,A8CC5E9F-C06F-40B6-B377-5E1F81788282,2023-09-15,Nisqually River,District 11,Nisqually salmon 2023,DBFAE056-6775-4D70-9152-B642DC93D044,NA,Gear,NA,NA,NA,NA,NA,NA,NA,NA,NA,NA,2023-09-15T18:43:33Z,2023-09-16T03:29:59Z
31C2A499-4B35-461A-B5E2-71B7DCC0E0CE,8988C5CF-BE3F-4AEF-A868-9E6277795BB4,Chinook,NA,Jack,AD,NA,53,Kept,1,Chinook_Jack_AD_Kept,2023,9,37,840,NA,NA,No,2,1680,Complete,05:03:00,19:03:00,A8CC5E9F-C06F-40B6-B377-5E1F81788282,2023-09-15,Nisqually River,District 11,Nisqually salmon 2023,BA303C59-B57D-429E-8E8B-B5241A8B9422,NA,Gear,NA,NA,NA,NA,NA,NA,NA,NA,NA,NA,2023-09-15T19:03:52Z,2023-09-16T03:29:59Z
31C2A499-4B35-461A-B5E2-71B7DCC0E0CE,CE48C347-A3C0-4982-8CA6-37CC5C46FAA4,Chinook,NA,Adult,AD,NA,69,Kept,1,Chinook_Adult_AD_Kept,2023,9,37,840,NA,NA,No,2,1680,Complete,05:03:00,19:03:00,A8CC5E9F-C06F-40B6-B377-5E1F81788282,2023-09-15,Nisqually River,District 11,Nisqually salmon 2023,BA303C59-B57D-429E-8E8B-B5241A8B9422,NA,Gear,NA,NA,NA,NA,NA,NA,NA,NA,NA,NA,2023-09-15T19:03:52Z,2023-09-16T03:29:59Z
49B9F2DC-3571-4DC7-8A13-351CF18D9845,80C37DD5-7897-4DEA-B20D-6190D64DA3DF,Chinook,NA,Adult,AD,NA,NA,Released,1,Chinook_Adult_AD_Released,2023,9,37,213,NA,NA,No,1,213,Complete,16:00:00,19:33:00,A8CC5E9F-C06F-40B6-B377-5E1F81788282,2023-09-15,Nisqually River,District 11,Nisqually salmon 2023,C688600A-59DA-4502-8AE3-1037D871362A,NA,Gear,NA,NA,NA,NA,NA,NA,NA,NA,NA,NA,2023-09-15T19:33:56Z,2023-09-16T03:29:59Z
0F7B838F-1143-420E-A469-0B8F3FF788CC,69780D16-6F27-4E43-BF56-1231445034F5,Chinook,NA,Jack,AD,NA,NA,Kept,1,Chinook_Jack_AD_Kept,2023,9,37,171,NA,NA,No,1,171,Complete,05:45:00,08:36:00,4684D659-D944-4F72-9F0F-CA9C387F2A07,2023-09-15,Nisqually River,District 11,Nisqually salmon 2023,99D1E1FE-69BE-41A3-A1F3-F0072C2D3C56,NA,Gear,NA,NA,NA,NA,NA,NA,NA,NA,NA,NA,2023-09-15T08:36:51Z,2023-09-15T22:44:54Z
19EF39BF-D96E-4D39-B88B-29B052C85863,9B63BB13-393D-4B58-8AD6-7EF5761847C5,Chinook,Fall,Adult,AD,NA,71,Kept,1,Chinook_Adult_AD_Kept,2023,9,37,28,NA,NA,No,1,28,Complete,08:15:00,08:43:00,4684D659-D944-4F72-9F0F-CA9C387F2A07,2023-09-15,Nisqually River,District 11,Nisqually salmon 2023,23FB33F8-0FCF-4D88-845D-4B678DF347AE,NA,Gear,NA,NA,NA,NA,NA,NA,NA,NA,NA,NA,2023-09-15T08:51:11Z,2023-09-15T22:44:54Z
19EF39BF-D96E-4D39-B88B-29B052C85863,9F779326-4C66-4D7C-BAEA-195B73E3049F,Chinook,NA,Adult,AD,NA,77,Kept,1,Chinook_Adult_AD_Kept,2023,9,37,28,NA,NA,No,1,28,Complete,08:15:00,08:43:00,4684D659-D944-4F72-9F0F-CA9C387F2A07,2023-09-15,Nisqually River,District 11,Nisqually salmon 2023,23FB33F8-0FCF-4D88-845D-4B678DF347AE,NA,Gear,NA,NA,NA,NA,NA,NA,NA,NA,NA,NA,2023-09-15T08:51:11Z,2023-09-15T22:44:54Z
670A67FF-0000-47E3-8D82-C5A2679AEAFF,EBA0E943-8F3D-4919-8EDD-B079F977E44E,Chinook,NA,Jack,AD,NA,56,Kept,1,Chinook_Jack_AD_Kept,2023,9,37,252,NA,NA,No,1,252,Complete,05:45:00,09:57:00,4684D659-D944-4F72-9F0F-CA9C387F2A07,2023-09-15,Nisqually River,District 11,Nisqually salmon 2023,4A1CCA57-092B-4476-9A7B-F4E984215AAC,NA,Gear,NA,NA,NA,NA,NA,NA,NA,NA,NA,NA,2023-09-15T09:57:45Z,2023-09-15T22:44:54Z
478F31BD-2B2D-4451-81E5-7815D502835E,136CD3C9-69F3-4D81-B178-4A096C06B57C,Chinook,NA,Adult,AD,NA,NA,Released,1,Chinook_Adult_AD_Released,2023,9,37,317,NA,NA,No,4,1268,Complete,05:45:00,11:02:00,4684D659-D944-4F72-9F0F-CA9C387F2A07,2023-09-15,Nisqually River,District 11,Nisqually salmon 2023,5B58B3DA-09C9-4DB1-9DAD-973A71A3671F,NA,Gear,NA,NA,NA,NA,NA,NA,NA,NA,NA,NA,2023-09-15T11:02:58Z,2023-09-15T22:44:54Z
478F31BD-2B2D-4451-81E5-7815D502835E,9DE6E7E0-83A2-47DA-AA73-A507CAD2FEA4,Chinook,NA,Jack,AD,NA,59,Kept,1,Chinook_Jack_AD_Kept,2023,9,37,317,NA,NA,No,4,1268,Complete,05:45:00,11:02:00,4684D659-D944-4F72-9F0F-CA9C387F2A07,2023-09-15,Nisqually River,District 11,Nisqually salmon 2023,5B58B3DA-09C9-4DB1-9DAD-973A71A3671F,NA,Gear,NA,NA,NA,NA,NA,NA,NA,NA,NA,NA,2023-09-15T11:02:58Z,2023-09-15T22:44:54Z
F87572C6-4808-41F4-9773-70871E4EC76A,BF30D996-CFFC-43CB-9826-AC4D0632DC29,Chinook,NA,Jack,AD,NA,48,Kept,1,Chinook_Jack_AD_Kept,2023,9,37,307,NA,NA,No,1,307,Complete,08:30:00,13:37:00,4684D659-D944-4F72-9F0F-CA9C387F2A07,2023-09-15,Nisqually River,District 11,Nisqually salmon 2023,B547A8B1-1E04-4443-BD9A-4E5ABC7200A2,NA,Gear,NA,NA,NA,NA,NA,NA,NA,NA,NA,NA,2023-09-15T13:37:26Z,2023-09-15T22:44:54Z
0D55228A-0D51-49C7-A11B-144873667972,83486B3F-13C7-406E-8E2A-D85D272FA46A,Chinook,NA,Jack,AD,NA,44,Kept,1,Chinook_Jack_AD_Kept,2023,9,37,299,NA,NA,No,2,598,Complete,10:00:00,14:59:00,4684D659-D944-4F72-9F0F-CA9C387F2A07,2023-09-15,Nisqually River,District 11,Nisqually salmon 2023,9733E513-4426-4538-9F70-531E431635EB,NA,Gear,NA,NA,NA,NA,NA,NA,NA,NA,NA,NA,2023-09-15T14:59:33Z,2023-09-15T22:44:54Z
6FAC51D5-67FA-45AD-9579-62511212D947,A84BFCE1-55B2-4EF8-B677-E14A1915A28B,Chinook,NA,Jack,AD,NA,44,Kept,1,Chinook_Jack_AD_Kept,2023,9,37,342,NA,NA,No,1,342,Complete,06:15:00,11:57:00,FA30B35D-7D8B-404E-9AC7-52C214571B8E,2023-09-14,Nisqually River,District 11,Nisqually salmon 2023,444704CB-B97B-49AB-A062-6D4548F9A2D8,NA,Gear,NA,NA,NA,NA,NA,NA,NA,NA,NA,NA,2023-09-14T11:57:26Z,2023-09-19T14:29:28Z
36AACC54-E35F-458A-AA0F-E18EDF031259,A3A50692-93B0-49EA-B352-49767C5EBF3C,Chinook,NA,Jack,AD,NA,41,Kept,1,Chinook_Jack_AD_Kept,2023,9,37,323,NA,NA,No,1,323,Complete,10:30:00,15:53:00,FA30B35D-7D8B-404E-9AC7-52C214571B8E,2023-09-14,Nisqually River,District 11,Nisqually salmon 2023,F244BCDE-EF3A-4B65-B617-5AA0A4903803,NA,Gear,NA,NA,NA,NA,NA,NA,NA,NA,NA,NA,2023-09-14T15:53:54Z,2023-09-19T14:29:28Z
36AACC54-E35F-458A-AA0F-E18EDF031259,B4AFBBD6-B9EC-430D-B48E-386B210273F4,Chinook,NA,Adult,AD,NA,68,Kept,1,Chinook_Adult_AD_Kept,2023,9,37,323,NA,NA,No,1,323,Complete,10:30:00,15:53:00,FA30B35D-7D8B-404E-9AC7-52C214571B8E,2023-09-14,Nisqually River,District 11,Nisqually salmon 2023,F244BCDE-EF3A-4B65-B617-5AA0A4903803,NA,Gear,NA,NA,NA,NA,NA,NA,NA,NA,NA,NA,2023-09-14T15:53:54Z,2023-09-19T14:29:28Z
59007EBB-32C2-4F6D-AB0F-6C3855242976,7744B366-5C82-4074-A60B-B874642E219F,Chinook,NA,Jack,AD,NA,42,Kept,1,Chinook_Jack_AD_Kept,2023,9,37,280,NA,NA,No,1,280,Complete,12:00:00,16:40:00,FA30B35D-7D8B-404E-9AC7-52C214571B8E,2023-09-14,Nisqually River,District 11,Nisqually salmon 2023,7F072839-CCDD-4B4A-A79F-4727D57A95D1,NA,Gear,NA,NA,NA,NA,NA,NA,NA,NA,NA,NA,2023-09-14T16:40:51Z,2023-09-19T14:29:28Z
00B54FE2-930F-406A-ACB7-D692D6915EBC,59EA2B79-7160-4B7E-9078-87C95FFC6D8A,Chinook,NA,Adult,AD,NA,66,Kept,1,Chinook_Adult_AD_Kept,2023,9,37,120,NA,NA,No,1,120,Complete,14:44:00,16:44:00,FA30B35D-7D8B-404E-9AC7-52C214571B8E,2023-09-14,Nisqually River,District 11,Nisqually salmon 2023,0BED9CD6-2ABD-440C-B1C3-0B7149F7469A,NA,Gear,NA,NA,NA,NA,NA,NA,NA,NA,NA,NA,2023-09-14T16:44:21Z,2023-09-19T14:29:28Z
CAAF28A3-3993-4C28-B1EC-BACB978230A7,EFE62D35-D077-404F-937C-B49E5F269615,Chinook,NA,Jack,AD,NA,56,Kept,1,Chinook_Jack_AD_Kept,2023,9,37,136,NA,NA,No,1,136,Complete,14:44:00,17:00:00,NA,NA,NA,NA,NA,NA,NA,NA,NA,NA,NA,NA,NA,NA,NA,NA,NA,NA,NA,NA
F26CF48F-2D2C-45E9-88DF-FA8D00AA0510,E9E2B88E-94CC-4A9A-966C-A008D65D2892,Chinook,NA,Jack,AD,NA,NA,Released,1,Chinook_Jack_AD_Released,2023,9,37,180,NA,NA,No,1,180,Complete,15:16:00,18:16:00,FA30B35D-7D8B-404E-9AC7-52C214571B8E,2023-09-14,Nisqually River,District 11,Nisqually salmon 2023,74183D00-0E54-49D2-AA65-F71F4A854E73,NA,Gear,NA,NA,NA,NA,NA,NA,NA,NA,NA,NA,2023-09-14T18:16:25Z,2023-09-19T14:29:28Z
C52018B7-E327-4A3F-BE05-115A291BB771,27DEEE7D-6EC3-44B9-9EEF-3FA3045C34F7,Chinook,NA,Adult,UM,NA,NA,Released,1,Chinook_Adult_UM_Released,2023,9,37,180,NA,NA,No,1,180,Complete,15:43:00,18:43:00,FA30B35D-7D8B-404E-9AC7-52C214571B8E,2023-09-14,Nisqually River,District 11,Nisqually salmon 2023,A7B7A35C-DE0C-401E-8DFC-52ED67EEF3E7,NA,Gear,NA,NA,NA,NA,NA,NA,NA,NA,NA,NA,2023-09-14T18:43:25Z,2023-09-19T14:29:28Z
B9530239-66E2-4162-8FC9-03B48BCCDB67,0E15EC8A-E046-4098-8D50-132A50F07BA1,Chinook,NA,Adult,UM,NA,NA,Released,1,Chinook_Adult_UM_Released,2023,9,37,240,NA,NA,No,1,240,Complete,15:20:00,19:20:00,FA30B35D-7D8B-404E-9AC7-52C214571B8E,2023-09-14,Nisqually River,District 11,Nisqually salmon 2023,14CA09B9-36E7-4FC2-ACC8-7C627995773A,NA,Gear,NA,NA,NA,NA,NA,NA,NA,NA,NA,NA,2023-09-14T19:21:02Z,2023-09-19T14:29:28Z
ECAE2788-C874-494C-A8A6-144697BE7D2A,3AA9976C-6F9A-4FBF-9F67-1F38005E222B,Chinook,NA,Adult,AD,NA,73,Kept,1,Chinook_Adult_AD_Kept,2023,9,37,120,NA,NA,No,1,120,Complete,17:51:00,19:51:00,FA30B35D-7D8B-404E-9AC7-52C214571B8E,2023-09-14,Nisqually River,District 11,Nisqually salmon 2023,3A9857D2-CB03-43C8-9C34-DC7485780173,NA,Gear,NA,NA,NA,NA,NA,NA,NA,NA,NA,NA,2023-09-14T19:51:29Z,2023-09-19T14:29:28Z
0960707F-E807-4C93-9DC1-11F7BBD23D40,37BF9D40-93DA-4FEB-85C1-AD0EC5818ECB,Chinook,NA,Adult,UM,NA,NA,Released,1,Chinook_Adult_UM_Released,2023,9,37,288,NA,NA,No,2,576,Complete,06:30:00,11:18:00,8BA9FC94-F607-44FE-8D8D-D679D3105F67,2023-09-14,Nisqually River,District 11,Nisqually salmon 2023,109EA628-38A6-45DF-AEC7-7B553650E09B,NA,Gear,NA,NA,NA,NA,NA,NA,NA,NA,NA,NA,2023-09-14T11:18:42Z,2023-09-15T03:44:51Z
846F4210-7541-48BD-B0DF-B6BE5B7118E0,90895F56-00ED-4EF9-9981-1DD80B71EDEE,Chinook,NA,Adult,UM,NA,NA,Released,1,Chinook_Adult_UM_Released,2023,9,37,189,NA,NA,No,1,189,Complete,08:30:00,11:39:00,8BA9FC94-F607-44FE-8D8D-D679D3105F67,2023-09-14,Nisqually River,District 11,Nisqually salmon 2023,C26425F7-641A-448F-9736-2A969A65066D,NA,Gear,NA,NA,NA,NA,NA,NA,NA,NA,NA,NA,2023-09-14T11:39:28Z,2023-09-15T03:44:51Z
846F4210-7541-48BD-B0DF-B6BE5B7118E0,02B62CB9-DAFF-4EEF-8084-AACC96926FC2,Chinook,NA,Adult,AD,NA,NA,Released,2,Chinook_Adult_AD_Released,2023,9,37,189,NA,NA,No,1,189,Complete,08:30:00,11:39:00,8BA9FC94-F607-44FE-8D8D-D679D3105F67,2023-09-14,Nisqually River,District 11,Nisqually salmon 2023,C26425F7-641A-448F-9736-2A969A65066D,NA,Gear,NA,NA,NA,NA,NA,NA,NA,NA,NA,NA,2023-09-14T11:39:28Z,2023-09-15T03:44:51Z
846F4210-7541-48BD-B0DF-B6BE5B7118E0,B88FEB83-B6FF-44FB-B454-EC59EAD4E9F0,Chinook,NA,Adult,AD,NA,66,Kept,1,Chinook_Adult_AD_Kept,2023,9,37,189,NA,NA,No,1,189,Complete,08:30:00,11:39:00,8BA9FC94-F607-44FE-8D8D-D679D3105F67,2023-09-14,Nisqually River,District 11,Nisqually salmon 2023,C26425F7-641A-448F-9736-2A969A65066D,NA,Gear,NA,NA,NA,NA,NA,NA,NA,NA,NA,NA,2023-09-14T11:39:28Z,2023-09-15T03:44:51Z
6EF2C143-601C-4F47-A981-97134375F74E,1BC88A3E-547E-4AFC-BA62-8C584462178B,Chinook,NA,Jack,AD,NA,47,Kept,1,Chinook_Jack_AD_Kept,2023,9,37,289,NA,NA,No,1,289,Complete,08:00:00,12:49:00,8BA9FC94-F607-44FE-8D8D-D679D3105F67,2023-09-14,Nisqually River,District 11,Nisqually salmon 2023,C15E3E93-BAA8-4CDB-82AD-A365B9CE9586,NA,Gear,NA,NA,NA,NA,NA,NA,NA,NA,NA,NA,2023-09-14T12:49:31Z,2023-09-15T03:44:51Z
9FC00E6E-3C1C-4AF8-8236-C462B9081EA7,62C6AE29-CF2A-4418-AC16-D1A52E8D2D2C,Chinook,NA,Adult,UM,NA,NA,Released,4,Chinook_Adult_UM_Released,2023,9,37,456,NA,NA,No,1,456,Complete,06:00:00,13:36:00,8BA9FC94-F607-44FE-8D8D-D679D3105F67,2023-09-14,Nisqually River,District 11,Nisqually salmon 2023,36077213-2718-4781-A9CE-B1B0696B4756,NA,Gear,NA,NA,NA,NA,NA,NA,NA,NA,NA,NA,2023-09-14T13:36:59Z,2023-09-15T03:44:51Z
D1E347EE-995F-4AF2-AA64-99E6E1D96F1F,E99F821E-037E-47FD-ADBC-02AF9D0852DE,Chinook,NA,Jack,AD,NA,45,Kept,1,Chinook_Jack_AD_Kept,2023,9,37,44,NA,NA,No,1,44,Complete,13:00:00,13:44:00,8BA9FC94-F607-44FE-8D8D-D679D3105F67,2023-09-14,Nisqually River,District 11,Nisqually salmon 2023,FFECBF9A-1035-40E1-B0A2-D2027F47C929,NA,Gear,NA,NA,NA,NA,NA,NA,NA,NA,NA,NA,2023-09-14T13:44:23Z,2023-09-15T03:44:51Z
60260836-6E43-4B71-AA68-69AF438FE1A0,2CBD58C1-146D-49DC-A828-EB389DC88E21,Chinook,NA,Adult,AD,NA,77,Kept,1,Chinook_Adult_AD_Kept,2023,9,37,121,NA,NA,No,1,121,Complete,12:05:00,14:06:00,8BA9FC94-F607-44FE-8D8D-D679D3105F67,2023-09-14,Nisqually River,District 11,Nisqually salmon 2023,A98928D1-010A-40E4-87D5-5AFAE246CB34,NA,Gear,NA,NA,NA,NA,NA,NA,NA,NA,NA,NA,2023-09-14T14:07:11Z,2023-09-15T03:44:51Z
7D029C67-8831-4795-AAA3-7FAA5E3904AF,B6164C4B-3F49-41FB-AC78-7D4827A568FA,Chinook,NA,Adult,UM,NA,NA,Released,1,Chinook_Adult_UM_Released,2023,9,37,246,NA,NA,No,1,246,Complete,10:15:00,14:21:00,8BA9FC94-F607-44FE-8D8D-D679D3105F67,2023-09-14,Nisqually River,District 11,Nisqually salmon 2023,DDEAE28A-DEFE-43E9-AC92-F31B20EDAF0E,NA,Gear,NA,NA,NA,NA,NA,NA,NA,NA,NA,NA,2023-09-14T14:22:16Z,2023-09-15T03:44:51Z
BA46D596-B8E7-48B3-8487-B5B930520D95,CDBD47EE-384B-41E3-BE0A-EBFF1F646B2D,Chinook,NA,Adult,AD,NA,74,Kept,1,Chinook_Adult_AD_Kept,2023,9,37,549,NA,NA,No,2,1098,Complete,05:48:00,14:57:00,8BA9FC94-F607-44FE-8D8D-D679D3105F67,2023-09-14,Nisqually River,District 11,Nisqually salmon 2023,8D8D6929-DBE0-4EB1-9091-29187EAD5D58,NA,Gear,NA,NA,NA,NA,NA,NA,NA,NA,NA,NA,2023-09-14T14:57:13Z,2023-09-15T03:44:51Z
BA46D596-B8E7-48B3-8487-B5B930520D95,E1568AE8-CE16-4FF6-B7C3-24B3457B0705,Chinook,NA,Jack,AD,NA,45,Kept,1,Chinook_Jack_AD_Kept,2023,9,37,549,NA,NA,No,2,1098,Complete,05:48:00,14:57:00,8BA9FC94-F607-44FE-8D8D-D679D3105F67,2023-09-14,Nisqually River,District 11,Nisqually salmon 2023,8D8D6929-DBE0-4EB1-9091-29187EAD5D58,NA,Gear,NA,NA,NA,NA,NA,NA,NA,NA,NA,NA,2023-09-14T14:57:13Z,2023-09-15T03:44:51Z
F468CCDD-87A0-486B-BB35-6545D03A1D15,97F6D303-7AC0-4796-AB02-74132F3DFD50,Chinook,NA,Adult,UM,NA,NA,Released,1,Chinook_Adult_UM_Released,2023,9,37,143,NA,NA,No,1,143,Complete,17:30:00,19:53:00,8BA9FC94-F607-44FE-8D8D-D679D3105F67,2023-09-14,Nisqually River,District 11,Nisqually salmon 2023,6ED9CD34-85FA-4196-BA75-AC5938EFD851,NA,Gear,NA,NA,NA,NA,NA,NA,NA,NA,NA,NA,2023-09-14T19:53:23Z,2023-09-15T03:44:51Z
EDF88C8F-042A-44B4-84E2-FE4DD21D173D,EB0B3079-FBC5-419E-B31A-39BA36F1CCF2,Chinook,NA,Jack,AD,NA,NA,Released,1,Chinook_Jack_AD_Released,2023,9,37,44,NA,NA,No,1,44,Complete,06:45:00,07:29:00,37BDCE48-2049-49F7-90B0-7B37D7A68587,2023-09-14,Nisqually River,District 11,Nisqually salmon 2023,7C48D33B-4B63-439D-9A45-D07F90205A43,NA,Gear,NA,NA,NA,NA,NA,NA,NA,NA,NA,NA,2023-09-14T07:29:14Z,2023-09-14T22:29:52Z
2F3B0C7F-3E63-447E-9B1B-13D84A5CB0C5,555F509E-3A02-4083-A250-10F6265A5B76,Chinook,NA,Adult,UM,NA,NA,Released,1,Chinook_Adult_UM_Released,2023,9,37,119,NA,NA,No,1,119,Complete,06:00:00,07:59:00,37BDCE48-2049-49F7-90B0-7B37D7A68587,2023-09-14,Nisqually River,District 11,Nisqually salmon 2023,35BF0DD0-EFE6-4769-9212-3F94B69FC450,NA,Gear,NA,NA,NA,NA,NA,NA,NA,NA,NA,NA,2023-09-14T07:59:32Z,2023-09-14T22:29:52Z
89C227AB-227C-4FD3-B191-0EF101D6C7D8,720AA1D8-98B9-4F5D-AA33-77273619548C,Chinook,NA,Jack,UM,NA,NA,Released,1,Chinook_Jack_UM_Released,2023,9,37,135,NA,NA,No,1,135,Complete,05:45:00,08:00:00,37BDCE48-2049-49F7-90B0-7B37D7A68587,2023-09-14,Nisqually River,District 11,Nisqually salmon 2023,DBDF6054-404D-419B-A881-9200EF8A871C,NA,Gear,NA,NA,NA,NA,NA,NA,NA,NA,NA,NA,2023-09-14T08:01:35Z,2023-09-14T22:29:52Z
E24BFC7D-19AA-4033-B9F1-88A153901609,E46AAF2A-0391-43FD-8E9B-5023DB1AD00F,Chinook,NA,Adult,UM,NA,NA,Released,1,Chinook_Adult_UM_Released,2023,9,37,269,NA,NA,No,1,269,Complete,06:15:00,10:44:00,37BDCE48-2049-49F7-90B0-7B37D7A68587,2023-09-14,Nisqually River,District 11,Nisqually salmon 2023,0EC8E1B0-5415-4D1F-B680-63F13FC51CE5,NA,Gear,NA,NA,NA,NA,NA,NA,NA,NA,NA,NA,2023-09-14T10:44:58Z,2023-09-14T22:29:52Z
E24BFC7D-19AA-4033-B9F1-88A153901609,BA71402D-A159-4438-8008-19544FD3EA09,Chinook,NA,Adult,AD,NA,62,Kept,1,Chinook_Adult_AD_Kept,2023,9,37,269,NA,NA,No,1,269,Complete,06:15:00,10:44:00,37BDCE48-2049-49F7-90B0-7B37D7A68587,2023-09-14,Nisqually River,District 11,Nisqually salmon 2023,0EC8E1B0-5415-4D1F-B680-63F13FC51CE5,NA,Gear,NA,NA,NA,NA,NA,NA,NA,NA,NA,NA,2023-09-14T10:44:58Z,2023-09-14T22:29:52Z
2B6CACE8-6C1A-44C2-95FB-B5F5324C710D,03784BE1-93C7-4FFE-AAD6-A4FAF5194921,Chinook,NA,Jack,AD,NA,50,Kept,1,Chinook_Jack_AD_Kept,2023,9,37,275,NA,NA,No,1,275,Complete,07:30:00,12:05:00,37BDCE48-2049-49F7-90B0-7B37D7A68587,2023-09-14,Nisqually River,District 11,Nisqually salmon 2023,14DDC4C9-8758-48F4-8E2D-2CF73AF7870B,NA,Gear,NA,NA,NA,NA,NA,NA,NA,NA,NA,NA,2023-09-14T12:05:35Z,2023-09-14T22:29:52Z
93FC8293-0EE7-4AE6-BF2C-309CDB4F5618,106A1B63-582A-4C1D-9536-FC5DDD953BA8,Chinook,NA,Adult,AD,NA,64,Kept,1,Chinook_Adult_AD_Kept,2023,9,37,427,NA,NA,No,1,427,Complete,06:00:00,13:07:00,52C5D8CB-CFF8-40BE-84A6-0245C2E5E8D3,2023-09-12,Nisqually River,District 11,Nisqually salmon 2023,47641F9F-A546-4F6B-B6AB-AA961F46073A,NA,Gear,NA,NA,NA,NA,NA,NA,NA,NA,NA,NA,2023-09-12T13:07:13Z,2023-09-19T14:14:25Z
C388EF8B-BF62-4CF5-9A86-A9B8F4E23F16,A600D16B-4D52-48FD-B77E-4C6F98646A8A,Chinook,NA,Adult,UM,NA,NA,Released,1,Chinook_Adult_UM_Released,2023,9,37,428,NA,NA,No,1,428,Complete,06:00:00,13:08:00,52C5D8CB-CFF8-40BE-84A6-0245C2E5E8D3,2023-09-12,Nisqually River,District 11,Nisqually salmon 2023,214DBE43-2166-4C33-BD1E-750A1E10644D,NA,Gear,NA,NA,NA,NA,NA,NA,NA,NA,NA,NA,2023-09-12T13:08:22Z,2023-09-19T14:14:25Z
18950D6C-DE86-41BB-8BCE-ABA8DEC96328,68F4B0F1-94AE-4395-9B25-659BD3A6ED15,Chinook,NA,Adult,AD,NA,84,Kept,1,Chinook_Adult_AD_Kept,2023,9,37,376,NA,NA,No,1,376,Complete,09:00:00,15:16:00,52C5D8CB-CFF8-40BE-84A6-0245C2E5E8D3,2023-09-12,Nisqually River,District 11,Nisqually salmon 2023,658FBCFB-E453-486E-9ACC-CF729EC8F86A,NA,Gear,NA,NA,NA,NA,NA,NA,NA,NA,NA,NA,2023-09-12T15:16:29Z,2023-09-19T14:14:25Z
BAF022DD-AE07-4114-86E2-826E15C1DDC0,B089AB6C-3F83-465C-AE0C-DD1AE0AC16BC,Chinook,NA,Jack,AD,NA,56,Kept,1,Chinook_Jack_AD_Kept,2023,9,37,180,NA,NA,No,1,180,Complete,16:39:00,19:39:00,52C5D8CB-CFF8-40BE-84A6-0245C2E5E8D3,2023-09-12,Nisqually River,District 11,Nisqually salmon 2023,3B9960E6-83CC-4394-B6A3-C44B3098861F,NA,Gear,NA,NA,NA,NA,NA,NA,NA,NA,NA,NA,2023-09-12T19:39:46Z,2023-10-17T17:04:50Z
0E765C60-3CF1-48AA-B21C-2EA931165163,9CFB08D9-2640-49DE-AA6B-EDA45DCB98F3,Chinook,NA,Adult,AD,NA,61,Kept,1,Chinook_Adult_AD_Kept,2023,9,37,56,NA,NA,No,1,56,Complete,05:40:00,06:36:00,A3D8FE82-B7B3-492B-845F-0A822661951E,2023-09-12,Nisqually River,District 11,Nisqually salmon 2023,ECFB420C-C48F-40B2-8A95-00D94978461F,NA,Gear,NA,NA,NA,NA,NA,NA,NA,NA,NA,NA,2023-09-12T06:37:06Z,2023-09-12T23:14:46Z
5E85C798-2832-456D-A58A-C3860F5792B1,4637EE06-F41F-4AC6-A7DB-3628AD5F2FDF,Chinook,NA,Adult,AD,NA,60,Kept,1,Chinook_Adult_AD_Kept,2023,9,37,87,NA,NA,No,1,87,Complete,05:40:00,07:07:00,A3D8FE82-B7B3-492B-845F-0A822661951E,2023-09-12,Nisqually River,District 11,Nisqually salmon 2023,2DCE2F2A-8C78-4F64-9D5F-1F60FC4D6154,NA,Gear,NA,NA,NA,NA,NA,NA,NA,NA,NA,NA,2023-09-12T07:07:46Z,2024-01-08T19:27:03Z
5E85C798-2832-456D-A58A-C3860F5792B1,FE1EB293-46E2-4EC9-9876-141812CEBB02,Chinook,NA,Adult,AD,NA,65,Kept,1,Chinook_Adult_AD_Kept,2023,9,37,87,NA,NA,No,1,87,Complete,05:40:00,07:07:00,A3D8FE82-B7B3-492B-845F-0A822661951E,2023-09-12,Nisqually River,District 11,Nisqually salmon 2023,2DCE2F2A-8C78-4F64-9D5F-1F60FC4D6154,NA,Gear,NA,NA,NA,NA,NA,NA,NA,NA,NA,NA,2023-09-12T07:07:46Z,2024-01-08T19:27:03Z
574F4629-4162-468F-9693-F3F27AFC8975,D5D25820-251C-4B45-985F-6F95611A167A,Chinook,NA,Jack,AD,NA,NA,Released,1,Chinook_Jack_AD_Released,2023,9,37,85,NA,NA,No,1,85,Complete,05:45:00,07:10:00,A3D8FE82-B7B3-492B-845F-0A822661951E,2023-09-12,Nisqually River,District 11,Nisqually salmon 2023,DA00EF8E-BF85-48DE-B465-8333E5D0D937,NA,Gear,NA,NA,NA,NA,NA,NA,NA,NA,NA,NA,2023-09-12T07:10:48Z,2023-09-12T23:14:46Z
6CEDDC5A-2E9B-49F2-B691-C6CE958115AA,FB0BC122-B1F4-42C7-9E40-20866689DC8D,Chinook,NA,Adult,AD,NA,60,Kept,1,Chinook_Adult_AD_Kept,2023,9,37,75,NA,NA,No,2,150,Complete,06:00:00,07:15:00,A3D8FE82-B7B3-492B-845F-0A822661951E,2023-09-12,Nisqually River,District 11,Nisqually salmon 2023,232632F2-21D4-4EA9-B67B-A11CF92E1547,NA,Gear,NA,NA,NA,NA,NA,NA,NA,NA,NA,NA,2023-09-12T07:15:20Z,2023-09-12T23:14:46Z
4B593E4E-12D6-4950-98C0-78EA6E142BAF,DC9ECB99-A1B4-410D-83BD-1ABA0290E39D,Chinook,NA,Adult,AD,NA,NA,Released,1,Chinook_Adult_AD_Released,2023,9,37,92,NA,NA,No,1,92,Complete,05:45:00,07:17:00,A3D8FE82-B7B3-492B-845F-0A822661951E,2023-09-12,Nisqually River,District 11,Nisqually salmon 2023,3F9EA223-FE70-4CA4-9033-7DAAC9CCEB72,NA,Gear,NA,NA,NA,NA,NA,NA,NA,NA,NA,NA,2023-09-12T07:17:56Z,2024-02-21T22:21:59Z
4B593E4E-12D6-4950-98C0-78EA6E142BAF,0FC5122C-A601-4B8B-8FD7-E5C05AD495D7,Chinook,NA,Adult,UM,NA,NA,Released,1,Chinook_Adult_UM_Released,2023,9,37,92,NA,NA,No,1,92,Complete,05:45:00,07:17:00,A3D8FE82-B7B3-492B-845F-0A822661951E,2023-09-12,Nisqually River,District 11,Nisqually salmon 2023,3F9EA223-FE70-4CA4-9033-7DAAC9CCEB72,NA,Gear,NA,NA,NA,NA,NA,NA,NA,NA,NA,NA,2023-09-12T07:17:56Z,2024-02-21T22:21:59Z
2FAAE540-9421-4CFE-A210-F372D195F239,5766F5DD-1FA3-4078-B4B0-418CAAA566A6,Chinook,NA,Adult,AD,NA,63,Kept,1,Chinook_Adult_AD_Kept,2023,9,37,248,NA,NA,No,2,496,Complete,05:45:00,09:53:00,A3D8FE82-B7B3-492B-845F-0A822661951E,2023-09-12,Nisqually River,District 11,Nisqually salmon 2023,A1831BD7-A7FB-4A1D-8766-A245223419E9,NA,Gear,NA,NA,NA,NA,NA,NA,NA,NA,NA,NA,2023-09-12T09:53:27Z,2025-07-31T23:47:30Z
2FAAE540-9421-4CFE-A210-F372D195F239,1EEC27AB-0ACF-4B47-82A2-EEFFD340FE27,Chinook,NA,Adult,AD,NA,74,Kept,1,Chinook_Adult_AD_Kept,2023,9,37,248,NA,NA,No,2,496,Complete,05:45:00,09:53:00,A3D8FE82-B7B3-492B-845F-0A822661951E,2023-09-12,Nisqually River,District 11,Nisqually salmon 2023,A1831BD7-A7FB-4A1D-8766-A245223419E9,NA,Gear,NA,NA,NA,NA,NA,NA,NA,NA,NA,NA,2023-09-12T09:53:27Z,2025-07-31T23:47:30Z
8048F9E9-537A-4E8B-9560-CE4F4A703E66,B529BD41-F80B-4B25-968D-DC6C366C5E5A,Chinook,NA,Adult,AD,NA,67,Kept,1,Chinook_Adult_AD_Kept,2023,9,37,250,NA,NA,No,2,500,Complete,06:00:00,10:10:00,A3D8FE82-B7B3-492B-845F-0A822661951E,2023-09-12,Nisqually River,District 11,Nisqually salmon 2023,ED689030-DD05-4509-9D2D-354E18F57A56,NA,Gear,NA,NA,NA,NA,NA,NA,NA,NA,NA,NA,2023-09-12T10:11:18Z,2023-09-12T23:14:46Z
4B86CFD4-4B47-4F8B-B68D-08671398EDE8,991485D1-6DE7-4430-BF56-BBC8423AC44A,Chinook,NA,Adult,AD,NA,75,Kept,1,Chinook_Adult_AD_Kept,2023,9,37,265,NA,NA,No,1,265,Complete,06:00:00,10:25:00,A3D8FE82-B7B3-492B-845F-0A822661951E,2023-09-12,Nisqually River,District 11,Nisqually salmon 2023,B84114D8-A8F3-4148-A967-F8ADE92C9781,NA,Gear,NA,NA,NA,NA,NA,NA,NA,NA,NA,NA,2023-09-12T10:25:54Z,2024-01-12T18:12:01Z
74269FB1-5158-4E60-83BF-69AA8504C7FD,1AC646D2-615E-4143-AFE2-7CC472ECB7FA,Chinook,NA,Adult,UM,NA,NA,Released,2,Chinook_Adult_UM_Released,2023,9,37,366,NA,NA,No,1,366,Complete,06:00:00,12:06:00,A3D8FE82-B7B3-492B-845F-0A822661951E,2023-09-12,Nisqually River,District 11,Nisqually salmon 2023,93FE9A89-00A3-4C80-9ACF-E4F65696B855,NA,Gear,NA,NA,NA,NA,NA,NA,NA,NA,NA,NA,2023-09-12T12:06:55Z,2023-09-12T23:14:46Z
74269FB1-5158-4E60-83BF-69AA8504C7FD,F08A852B-1D44-485D-9CE5-A4B059E0EF47,Chinook,NA,Adult,AD,NA,79,Kept,1,Chinook_Adult_AD_Kept,2023,9,37,366,NA,NA,No,1,366,Complete,06:00:00,12:06:00,A3D8FE82-B7B3-492B-845F-0A822661951E,2023-09-12,Nisqually River,District 11,Nisqually salmon 2023,93FE9A89-00A3-4C80-9ACF-E4F65696B855,NA,Gear,NA,NA,NA,NA,NA,NA,NA,NA,NA,NA,2023-09-12T12:06:55Z,2023-09-12T23:14:46Z
35C0DD8E-9825-4ED0-8518-69FCB993010D,D15F10EF-6D57-4939-A3B2-100FE25ECFCA,Chinook,NA,Adult,AD,NA,64,Kept,1,Chinook_Adult_AD_Kept,2023,9,37,252,NA,NA,No,1,252,Complete,08:00:00,12:12:00,A3D8FE82-B7B3-492B-845F-0A822661951E,2023-09-12,Nisqually River,District 11,Nisqually salmon 2023,83BBBF4C-D16F-448C-A738-49201E5A26FE,NA,Gear,NA,NA,NA,NA,NA,NA,NA,NA,NA,NA,2023-09-12T12:12:47Z,2023-09-12T23:14:46Z
32162E62-4358-48EB-8591-65AB2EC4350B,A16D025B-0538-4231-8BB7-C74FF86BE2EC,Chinook,NA,Adult,UM,NA,NA,Released,1,Chinook_Adult_UM_Released,2023,9,37,406,NA,NA,No,1,406,Complete,06:00:00,12:46:00,A3D8FE82-B7B3-492B-845F-0A822661951E,2023-09-12,Nisqually River,District 11,Nisqually salmon 2023,57AB1373-6E3C-4ECD-825A-99D09557FA9A,NA,Gear,NA,NA,NA,NA,NA,NA,NA,NA,NA,NA,2023-09-12T12:47:02Z,2023-09-12T23:14:46Z
B282FD47-3224-4F3D-8FCD-6C1844E891D9,F7DBD7E1-958F-46A3-9026-50C52627AA35,Chinook,NA,Jack,AD,NA,40,Kept,1,Chinook_Jack_AD_Kept,2023,9,37,377,NA,NA,No,1,377,Complete,06:30:00,12:47:00,A3D8FE82-B7B3-492B-845F-0A822661951E,2023-09-12,Nisqually River,District 11,Nisqually salmon 2023,90BF7DAA-0FC5-4160-930C-030190BBD136,NA,Gear,NA,NA,NA,NA,NA,NA,NA,NA,NA,NA,2023-09-12T12:48:32Z,2023-09-12T23:14:46Z
B282FD47-3224-4F3D-8FCD-6C1844E891D9,8F2B84C8-C52F-400F-BD01-FF264754F21C,Chinook,NA,Jack,AD,NA,41,Kept,1,Chinook_Jack_AD_Kept,2023,9,37,377,NA,NA,No,1,377,Complete,06:30:00,12:47:00,A3D8FE82-B7B3-492B-845F-0A822661951E,2023-09-12,Nisqually River,District 11,Nisqually salmon 2023,90BF7DAA-0FC5-4160-930C-030190BBD136,NA,Gear,NA,NA,NA,NA,NA,NA,NA,NA,NA,NA,2023-09-12T12:48:32Z,2023-09-12T23:14:46Z
B282FD47-3224-4F3D-8FCD-6C1844E891D9,D7D66003-2A70-4526-B6CD-53400D01CA5A,Chinook,NA,Adult,AD,NA,64,Kept,1,Chinook_Adult_AD_Kept,2023,9,37,377,NA,NA,No,1,377,Complete,06:30:00,12:47:00,A3D8FE82-B7B3-492B-845F-0A822661951E,2023-09-12,Nisqually River,District 11,Nisqually salmon 2023,90BF7DAA-0FC5-4160-930C-030190BBD136,NA,Gear,NA,NA,NA,NA,NA,NA,NA,NA,NA,NA,2023-09-12T12:48:32Z,2023-09-12T23:14:46Z
B282FD47-3224-4F3D-8FCD-6C1844E891D9,4B8D8421-1390-4311-8EBE-61E324A561A2,Chinook,NA,Adult,AD,NA,66,Kept,1,Chinook_Adult_AD_Kept,2023,9,37,377,NA,NA,No,1,377,Complete,06:30:00,12:47:00,A3D8FE82-B7B3-492B-845F-0A822661951E,2023-09-12,Nisqually River,District 11,Nisqually salmon 2023,90BF7DAA-0FC5-4160-930C-030190BBD136,NA,Gear,NA,NA,NA,NA,NA,NA,NA,NA,NA,NA,2023-09-12T12:48:32Z,2023-09-12T23:14:46Z
A27CB4A4-F746-4DEB-9484-B02B82CB1BDC,C67D4E11-6498-4ACA-AE35-BDFBACBE8A57,Chinook,NA,Adult,UM,NA,NA,Released,1,Chinook_Adult_UM_Released,2023,9,37,201,NA,NA,No,2,402,Complete,09:30:00,12:51:00,A3D8FE82-B7B3-492B-845F-0A822661951E,2023-09-12,Nisqually River,District 11,Nisqually salmon 2023,05C13CC4-D2B0-491F-A2E5-65D59B89006D,NA,Gear,NA,NA,NA,NA,NA,NA,NA,NA,NA,NA,2023-09-12T12:51:49Z,2023-09-12T23:14:46Z
BD433F23-6503-48E7-9E77-14E95F22B9BA,ED6A8A97-2904-489A-A633-B6F90951D218,Chinook,NA,Adult,AD,NA,75,Kept,1,Chinook_Adult_AD_Kept,2023,9,37,313,NA,NA,No,2,626,Complete,08:00:00,13:13:00,A3D8FE82-B7B3-492B-845F-0A822661951E,2023-09-12,Nisqually River,District 11,Nisqually salmon 2023,7183A990-E914-4FFC-9FE4-06F9D3A54612,NA,Gear,NA,NA,NA,NA,NA,NA,NA,NA,NA,NA,2023-09-12T13:14:06Z,2023-10-17T17:06:30Z
BD433F23-6503-48E7-9E77-14E95F22B9BA,55550964-25FE-4E7C-A1E5-658FA4CC21E2,Chinook,NA,Jack,AD,NA,55,Kept,1,Chinook_Jack_AD_Kept,2023,9,37,313,NA,NA,No,2,626,Complete,08:00:00,13:13:00,A3D8FE82-B7B3-492B-845F-0A822661951E,2023-09-12,Nisqually River,District 11,Nisqually salmon 2023,7183A990-E914-4FFC-9FE4-06F9D3A54612,NA,Gear,NA,NA,NA,NA,NA,NA,NA,NA,NA,NA,2023-09-12T13:14:06Z,2023-10-17T17:06:30Z
BD433F23-6503-48E7-9E77-14E95F22B9BA,FA3370BF-043F-4D7B-B8CF-050FE8DA4AF3,Chinook,NA,Jack,AD,NA,59,Kept,1,Chinook_Jack_AD_Kept,2023,9,37,313,NA,NA,No,2,626,Complete,08:00:00,13:13:00,A3D8FE82-B7B3-492B-845F-0A822661951E,2023-09-12,Nisqually River,District 11,Nisqually salmon 2023,7183A990-E914-4FFC-9FE4-06F9D3A54612,NA,Gear,NA,NA,NA,NA,NA,NA,NA,NA,NA,NA,2023-09-12T13:14:06Z,2023-10-17T17:06:30Z
E1555C42-E87D-49FA-A5EA-3BCE117EB9A0,61A1FD47-FB10-4700-842A-6E8AD5D994AB,Chinook,NA,Adult,UM,NA,NA,Kept,1,Chinook_Adult_UM_Kept,2023,9,37,437,NA,NA,No,1,437,Complete,06:00:00,13:17:00,A3D8FE82-B7B3-492B-845F-0A822661951E,2023-09-12,Nisqually River,District 11,Nisqually salmon 2023,8B2C837D-DCF8-4FD6-815C-9DD73B942E4D,NA,Gear,NA,NA,NA,NA,NA,NA,NA,NA,NA,NA,2023-09-12T13:17:46Z,2023-09-12T23:14:46Z
09109E12-E119-4F56-AED7-D5B3B864BCCE,41C00253-F489-4469-9EA9-F9C203B7AC9D,Chinook,NA,Jack,AD,NA,NA,Released,1,Chinook_Jack_AD_Released,2023,9,37,201,NA,NA,No,1,201,Complete,10:00:00,13:21:00,A3D8FE82-B7B3-492B-845F-0A822661951E,2023-09-12,Nisqually River,District 11,Nisqually salmon 2023,62DACD3E-9871-4B0B-9B70-353768C617CF,NA,Gear,NA,NA,NA,NA,NA,NA,NA,NA,NA,NA,2023-09-12T13:22:05Z,2023-09-12T23:14:46Z
CA8213BF-D8BE-442B-A9EE-88097FC9CB16,94A10A50-20A3-4C7C-BEE7-7584EBA44884,Chinook,NA,Jack,AD,NA,59,Kept,1,Chinook_Jack_AD_Kept,2023,9,37,171,NA,NA,No,1,171,Complete,12:00:00,14:51:00,A3D8FE82-B7B3-492B-845F-0A822661951E,2023-09-12,Nisqually River,District 11,Nisqually salmon 2023,4A254AEF-35E1-474D-BD01-1126E65191DC,NA,Gear,NA,NA,NA,NA,NA,NA,NA,NA,NA,NA,2023-09-12T14:51:54Z,2023-09-12T23:14:46Z
C0051B2A-5C07-459B-9CC8-95FEBD0D0E29,550485CA-B358-4DCC-AD02-7B67DDC3F253,Chinook,NA,Adult,AD,NA,78,Kept,1,Chinook_Adult_AD_Kept,2023,9,37,261,NA,NA,No,1,261,Complete,11:00:00,15:21:00,A3D8FE82-B7B3-492B-845F-0A822661951E,2023-09-12,Nisqually River,District 11,Nisqually salmon 2023,C55C18F7-EE28-463D-A86E-BFE43C8746B0,NA,Gear,NA,NA,NA,NA,NA,NA,NA,NA,NA,NA,2023-09-12T15:22:00Z,2023-09-12T23:14:46Z
C0051B2A-5C07-459B-9CC8-95FEBD0D0E29,407B93E0-B724-41FD-AF5B-779554665297,Chinook,NA,Jack,AD,NA,NA,Released,1,Chinook_Jack_AD_Released,2023,9,37,261,NA,NA,No,1,261,Complete,11:00:00,15:21:00,A3D8FE82-B7B3-492B-845F-0A822661951E,2023-09-12,Nisqually River,District 11,Nisqually salmon 2023,C55C18F7-EE28-463D-A86E-BFE43C8746B0,NA,Gear,NA,NA,NA,NA,NA,NA,NA,NA,NA,NA,2023-09-12T15:22:00Z,2023-09-12T23:14:46Z
C0051B2A-5C07-459B-9CC8-95FEBD0D0E29,966A277E-3D25-455E-878B-A22B5122F01E,Chinook,NA,Adult,UM,NA,NA,Released,1,Chinook_Adult_UM_Released,2023,9,37,261,NA,NA,No,1,261,Complete,11:00:00,15:21:00,A3D8FE82-B7B3-492B-845F-0A822661951E,2023-09-12,Nisqually River,District 11,Nisqually salmon 2023,C55C18F7-EE28-463D-A86E-BFE43C8746B0,NA,Gear,NA,NA,NA,NA,NA,NA,NA,NA,NA,NA,2023-09-12T15:22:00Z,2023-09-12T23:14:46Z
248886E7-E993-46D9-BBDC-4B394623AF16,C7A1BAE3-8FC8-4467-9658-663CEE5B3318,Chinook,NA,Adult,UM,NA,NA,Released,1,Chinook_Adult_UM_Released,2023,9,37,120,NA,NA,No,1,120,Complete,13:24:00,15:24:00,A3D8FE82-B7B3-492B-845F-0A822661951E,2023-09-12,Nisqually River,District 11,Nisqually salmon 2023,DA65EC98-91A1-49BE-87B9-8205397FB72D,NA,Gear,NA,NA,NA,NA,NA,NA,NA,NA,NA,NA,2023-09-12T15:25:08Z,2023-09-12T23:14:46Z
2E238ACD-D8FA-4C65-9425-01761FA5EEAB,11A71302-214D-4DBD-9656-8749467F7E98,Chinook,NA,Jack,UM,NA,NA,Released,1,Chinook_Jack_UM_Released,2023,9,36,260,NA,NA,No,1,260,Complete,08:00:00,12:20:00,7DC1EA28-2C56-4570-827D-8310C8DC8ED7,2023-09-09,Nisqually River,District 11,Nisqually salmon 2023,20ACA455-AD0A-497D-BD66-C88ED32C0217,NA,Gear,NA,NA,NA,NA,NA,NA,NA,NA,NA,NA,2023-09-09T12:21:04Z,2023-09-10T20:29:53Z
7D6DE700-C95E-4370-9D7D-B1B525BE7036,EDDC70EB-C8FB-444F-BF39-0FF786EFF93F,Chinook,NA,Jack,AD,NA,49,Kept,1,Chinook_Jack_AD_Kept,2023,9,36,396,NA,Trailered Motorized Boat,Yes,4,1584,Complete,06:00:00,12:36:00,7DC1EA28-2C56-4570-827D-8310C8DC8ED7,2023-09-09,Nisqually River,District 11,Nisqually salmon 2023,C47F40E3-2DF8-4CB7-8844-FAFB06B7D3D8,NA,Bait-Lure,NA,NA,NA,NA,NA,NA,NA,NA,NA,NA,2023-09-09T12:36:32Z,2023-09-10T20:29:53Z
7D6DE700-C95E-4370-9D7D-B1B525BE7036,C19C6832-DE50-43B8-A1B3-79AC751D0A9D,Chinook,NA,Adult,AD,NA,NA,Released,4,Chinook_Adult_AD_Released,2023,9,36,396,NA,Trailered Motorized Boat,Yes,4,1584,Complete,06:00:00,12:36:00,7DC1EA28-2C56-4570-827D-8310C8DC8ED7,2023-09-09,Nisqually River,District 11,Nisqually salmon 2023,C47F40E3-2DF8-4CB7-8844-FAFB06B7D3D8,NA,Bait-Lure,NA,NA,NA,NA,NA,NA,NA,NA,NA,NA,2023-09-09T12:36:32Z,2023-09-10T20:29:53Z
7D6DE700-C95E-4370-9D7D-B1B525BE7036,49F53460-7C20-41B1-AB3D-7EEC49079091,Chinook,NA,Jack,AD,NA,49,Kept,1,Chinook_Jack_AD_Kept,2023,9,36,396,NA,Trailered Motorized Boat,Yes,4,1584,Complete,06:00:00,12:36:00,7DC1EA28-2C56-4570-827D-8310C8DC8ED7,2023-09-09,Nisqually River,District 11,Nisqually salmon 2023,C47F40E3-2DF8-4CB7-8844-FAFB06B7D3D8,NA,Bait-Lure,NA,NA,NA,NA,NA,NA,NA,NA,NA,NA,2023-09-09T12:36:32Z,2023-09-10T20:29:53Z
7D6DE700-C95E-4370-9D7D-B1B525BE7036,D00C5557-CEB0-432A-B187-837913DCC4B7,Chinook,NA,Jack,AD,NA,48,Kept,1,Chinook_Jack_AD_Kept,2023,9,36,396,NA,Trailered Motorized Boat,Yes,4,1584,Complete,06:00:00,12:36:00,7DC1EA28-2C56-4570-827D-8310C8DC8ED7,2023-09-09,Nisqually River,District 11,Nisqually salmon 2023,C47F40E3-2DF8-4CB7-8844-FAFB06B7D3D8,NA,Bait-Lure,NA,NA,NA,NA,NA,NA,NA,NA,NA,NA,2023-09-09T12:36:32Z,2023-09-10T20:29:53Z
7D6DE700-C95E-4370-9D7D-B1B525BE7036,EA802294-978B-4B42-A39F-7E2B22867E36,Chinook,NA,Jack,AD,NA,57,Kept,1,Chinook_Jack_AD_Kept,2023,9,36,396,NA,Trailered Motorized Boat,Yes,4,1584,Complete,06:00:00,12:36:00,7DC1EA28-2C56-4570-827D-8310C8DC8ED7,2023-09-09,Nisqually River,District 11,Nisqually salmon 2023,C47F40E3-2DF8-4CB7-8844-FAFB06B7D3D8,NA,Bait-Lure,NA,NA,NA,NA,NA,NA,NA,NA,NA,NA,2023-09-09T12:36:32Z,2023-09-10T20:29:53Z
4B7BB4E9-4325-4A33-A31D-7C87A068703B,A14FE73A-9FED-49A3-8F3E-171EF6E4957E,Chinook,NA,Jack,AD,NA,54,Kept,1,Chinook_Jack_AD_Kept,2023,9,36,302,NA,NA,No,2,604,Complete,08:30:00,13:32:00,7DC1EA28-2C56-4570-827D-8310C8DC8ED7,2023-09-09,Nisqually River,District 11,Nisqually salmon 2023,93F8CFD0-BE7B-4B5B-9CE1-D9D2F303233F,NA,Gear,NA,NA,NA,NA,NA,NA,NA,NA,NA,NA,2023-09-09T13:32:54Z,2023-09-10T20:29:53Z
BF636A9A-9F96-4F3B-A162-D91AC627F1A0,0842BF0E-0AFA-4A9D-93FC-C6C197747491,Chinook,NA,Adult,AD,NA,72,Kept,1,Chinook_Adult_AD_Kept,2023,9,36,474,NA,NA,No,1,474,Complete,05:40:00,13:34:00,7DC1EA28-2C56-4570-827D-8310C8DC8ED7,2023-09-09,Nisqually River,District 11,Nisqually salmon 2023,CEE32E51-FEDF-427C-8190-4CB698EC7538,NA,Gear,NA,NA,NA,NA,NA,NA,NA,NA,NA,NA,2023-09-09T13:34:54Z,2023-09-10T20:29:53Z
BF636A9A-9F96-4F3B-A162-D91AC627F1A0,8F58C0A2-12E6-490D-83D1-521E789888F9,Chinook,NA,Jack,AD,NA,47,Kept,1,Chinook_Jack_AD_Kept,2023,9,36,474,NA,NA,No,1,474,Complete,05:40:00,13:34:00,7DC1EA28-2C56-4570-827D-8310C8DC8ED7,2023-09-09,Nisqually River,District 11,Nisqually salmon 2023,CEE32E51-FEDF-427C-8190-4CB698EC7538,NA,Gear,NA,NA,NA,NA,NA,NA,NA,NA,NA,NA,2023-09-09T13:34:54Z,2023-09-10T20:29:53Z
A0571BAA-737F-49E2-A24B-53D7473D99B9,609BEAFB-6AA0-4495-90AC-83D32EA368C4,Chinook,NA,Adult,UM,NA,NA,Released,2,Chinook_Adult_UM_Released,2023,9,36,120,NA,NA,No,1,120,Complete,12:14:00,14:14:00,7DC1EA28-2C56-4570-827D-8310C8DC8ED7,2023-09-09,Nisqually River,District 11,Nisqually salmon 2023,B3074889-93E2-4BF6-8303-6CFA148DD2A0,NA,Gear,NA,NA,NA,NA,NA,NA,NA,NA,NA,NA,2023-09-09T14:15:43Z,2023-09-10T20:29:53Z
CE5DA8A0-6DBE-43FB-9D2B-6BC6F35703F9,74C301EF-0F91-4F71-BA69-35DCA185D7DC,Chinook,NA,Adult,UM,NA,NA,Released,1,Chinook_Adult_UM_Released,2023,9,36,320,NA,NA,No,1,320,Complete,11:00:00,16:20:00,7DC1EA28-2C56-4570-827D-8310C8DC8ED7,2023-09-09,Nisqually River,District 11,Nisqually salmon 2023,C8AD046F-8401-4BFD-A9AF-F93EF9829BE2,NA,Gear,NA,NA,NA,NA,NA,NA,NA,NA,NA,NA,2023-09-09T16:20:47Z,2023-09-10T20:29:53Z
58F02469-8BFF-4776-AB63-2B00CFB4CDFE,6EC9F0AD-060E-4D8B-9AC5-0E04F4943881,Chinook,NA,Adult,AD,NA,NA,Released,2,Chinook_Adult_AD_Released,2023,9,36,649,NA,Trailered Motorized Boat,Yes,5,3245,Complete,06:00:00,16:49:00,7DC1EA28-2C56-4570-827D-8310C8DC8ED7,2023-09-09,Nisqually River,District 11,Nisqually salmon 2023,12D47BFC-0223-4361-B065-103BFAED24E9,NA,Bait-Lure,NA,NA,NA,NA,NA,NA,NA,NA,NA,NA,2023-09-09T16:52:18Z,2023-09-10T20:29:53Z
58F02469-8BFF-4776-AB63-2B00CFB4CDFE,8892486F-2BAD-4B79-A948-2FBB7A30EC88,Chinook,NA,Adult,AD,NA,NA,Kept,2,Chinook_Adult_AD_Kept,2023,9,36,649,NA,Trailered Motorized Boat,Yes,5,3245,Complete,06:00:00,16:49:00,7DC1EA28-2C56-4570-827D-8310C8DC8ED7,2023-09-09,Nisqually River,District 11,Nisqually salmon 2023,12D47BFC-0223-4361-B065-103BFAED24E9,NA,Bait-Lure,NA,NA,NA,NA,NA,NA,NA,NA,NA,NA,2023-09-09T16:52:18Z,2023-09-10T20:29:53Z
58F02469-8BFF-4776-AB63-2B00CFB4CDFE,837CF65F-B683-4B87-93F6-56C9153C0FFC,Chinook,NA,Jack,AD,NA,NA,Kept,2,Chinook_Jack_AD_Kept,2023,9,36,649,NA,Trailered Motorized Boat,Yes,5,3245,Complete,06:00:00,16:49:00,7DC1EA28-2C56-4570-827D-8310C8DC8ED7,2023-09-09,Nisqually River,District 11,Nisqually salmon 2023,12D47BFC-0223-4361-B065-103BFAED24E9,NA,Bait-Lure,NA,NA,NA,NA,NA,NA,NA,NA,NA,NA,2023-09-09T16:52:18Z,2023-09-10T20:29:53Z
58F02469-8BFF-4776-AB63-2B00CFB4CDFE,A76DD708-12DF-47E7-BE5D-78FBB55FDD52,Chinook,NA,Adult,UM,NA,NA,Released,2,Chinook_Adult_UM_Released,2023,9,36,649,NA,Trailered Motorized Boat,Yes,5,3245,Complete,06:00:00,16:49:00,7DC1EA28-2C56-4570-827D-8310C8DC8ED7,2023-09-09,Nisqually River,District 11,Nisqually salmon 2023,12D47BFC-0223-4361-B065-103BFAED24E9,NA,Bait-Lure,NA,NA,NA,NA,NA,NA,NA,NA,NA,NA,2023-09-09T16:52:18Z,2023-09-10T20:29:53Z
58F02469-8BFF-4776-AB63-2B00CFB4CDFE,19DEBB09-7034-4A84-B028-4D52F7DEF6EF,Chinook,NA,Jack,UM,NA,NA,Released,2,Chinook_Jack_UM_Released,2023,9,36,649,NA,Trailered Motorized Boat,Yes,5,3245,Complete,06:00:00,16:49:00,7DC1EA28-2C56-4570-827D-8310C8DC8ED7,2023-09-09,Nisqually River,District 11,Nisqually salmon 2023,12D47BFC-0223-4361-B065-103BFAED24E9,NA,Bait-Lure,NA,NA,NA,NA,NA,NA,NA,NA,NA,NA,2023-09-09T16:52:18Z,2023-09-10T20:29:53Z
086A76E5-D18B-40FE-89A9-ADBC8BF94144,5F3B441E-EF34-4EBE-BE9A-5CCB955413FF,Chinook,NA,Adult,UM,NA,NA,Released,1,Chinook_Adult_UM_Released,2023,9,36,626,NA,NA,No,2,1252,Complete,06:30:00,16:56:00,7DC1EA28-2C56-4570-827D-8310C8DC8ED7,2023-09-09,Nisqually River,District 11,Nisqually salmon 2023,E1FADF21-F990-4601-B916-78A168196B93,NA,Bait-Lure,NA,NA,NA,NA,NA,NA,NA,NA,NA,NA,2023-09-09T16:56:19Z,2023-09-10T20:29:53Z
5D20692F-320F-48A5-9E97-29BE928E2E2F,1D5A9BE0-CE8A-4E51-BCC8-D55AE51D6D42,Chinook,NA,Adult,UM,NA,NA,Released,2,Chinook_Adult_UM_Released,2023,9,36,180,NA,NA,No,1,180,Complete,15:29:00,18:29:00,7DC1EA28-2C56-4570-827D-8310C8DC8ED7,2023-09-09,Nisqually River,District 11,Nisqually salmon 2023,37F3030D-85BA-4AAF-851D-E1639EE459F3,NA,Gear,NA,NA,NA,NA,NA,NA,NA,NA,NA,NA,2023-09-09T18:29:20Z,2023-09-10T20:29:53Z
FEA22981-93CF-4D24-A87F-694EA9FD5A2B,57B3E310-AC5E-4FA7-B949-93B2EB6E4E8B,Chinook,NA,Jack,AD,NA,51,Kept,1,Chinook_Jack_AD_Kept,2023,9,36,120,NA,NA,No,1,120,Complete,16:30:00,18:30:00,7DC1EA28-2C56-4570-827D-8310C8DC8ED7,2023-09-09,Nisqually River,District 11,Nisqually salmon 2023,28CB15D0-89C3-4541-8009-53F822585994,NA,Jig,NA,NA,NA,NA,NA,NA,NA,NA,NA,NA,2023-09-09T18:30:37Z,2023-09-10T20:29:53Z
9673A225-5219-4E99-B457-A7B176A7BC99,FBA14DDC-87DA-4695-A833-2E42ADDE5D25,Chinook,NA,Adult,UM,NA,NA,Released,1,Chinook_Adult_UM_Released,2023,9,36,424,NA,NA,No,1,424,Complete,05:30:00,12:34:00,2A9ABC6A-1067-4057-8AAE-232EA68B312B,2023-09-09,Nisqually River,District 11,Nisqually salmon 2023,9DFADE29-6EAF-4DC2-A0E0-741F950C98CD,NA,Gear,NA,NA,NA,NA,NA,NA,NA,NA,NA,NA,2023-09-09T12:35:12Z,2023-09-12T19:44:43Z
19EC2F77-846E-42F2-90EF-86FD9BC9DC56,43A021BA-9E94-4120-9625-9C00F1EC6849,Chinook,NA,Adult,AD,NA,65,Kept,1,Chinook_Adult_AD_Kept,2023,9,36,388,NA,NA,No,3,1164,Complete,06:20:00,12:48:00,2A9ABC6A-1067-4057-8AAE-232EA68B312B,2023-09-09,Nisqually River,District 11,Nisqually salmon 2023,0617B341-9075-4D4E-A8DB-A195115DD0DC,NA,Gear,NA,NA,NA,NA,NA,NA,NA,NA,NA,NA,2023-09-09T12:48:49Z,2023-09-12T19:44:43Z
99A4D167-1590-42CF-8A19-2D3882F10351,004DA103-295E-4A32-9C82-6C4358642084,Chinook,NA,Adult,AD,NA,63,Kept,1,Chinook_Adult_AD_Kept,2023,9,36,181,NA,NA,No,2,362,Complete,12:47:00,15:48:00,F21BB7F0-4FC6-43D9-8FD3-DE7B865A8BAD,2023-09-08,Nisqually River,District 11,Nisqually salmon 2023,DC24A8AE-ED70-4A42-BDB1-50B064CD61A9,NA,Gear,NA,NA,NA,NA,NA,NA,NA,NA,NA,NA,2023-09-08T15:48:14Z,2023-09-10T20:29:53Z
E7512624-4742-41B5-BA83-C31B4D3E310C,BA0E9667-6441-4A84-B988-AFDDA55BB883,Chinook,NA,Adult,AD,NA,81,Kept,1,Chinook_Adult_AD_Kept,2023,9,36,138,NA,NA,No,1,138,Complete,14:15:00,16:33:00,F21BB7F0-4FC6-43D9-8FD3-DE7B865A8BAD,2023-09-08,Nisqually River,District 11,Nisqually salmon 2023,A054CE82-B352-48ED-812A-014C7BFD18DF,NA,Gear,NA,NA,NA,NA,NA,NA,NA,NA,NA,NA,2023-09-08T16:33:36Z,2023-09-10T20:29:53Z
E7512624-4742-41B5-BA83-C31B4D3E310C,7C876D37-17D4-4A19-8FC2-6B7C84E13E41,Chinook,NA,Adult,AD,NA,66,Kept,1,Chinook_Adult_AD_Kept,2023,9,36,138,NA,NA,No,1,138,Complete,14:15:00,16:33:00,F21BB7F0-4FC6-43D9-8FD3-DE7B865A8BAD,2023-09-08,Nisqually River,District 11,Nisqually salmon 2023,A054CE82-B352-48ED-812A-014C7BFD18DF,NA,Gear,NA,NA,NA,NA,NA,NA,NA,NA,NA,NA,2023-09-08T16:33:36Z,2023-09-10T20:29:53Z
88C78BCA-3FB8-42DB-8813-63038857AC53,092E0D2A-0087-4172-A9F1-4E77FC4EE2FE,Chinook,NA,Jack,AD,NA,59,Kept,1,Chinook_Jack_AD_Kept,2023,9,36,217,NA,NA,No,1,217,Complete,15:00:00,18:37:00,F21BB7F0-4FC6-43D9-8FD3-DE7B865A8BAD,2023-09-08,Nisqually River,District 11,Nisqually salmon 2023,01EC8D98-800A-450B-B152-C077FDFBF8B6,NA,Gear,NA,NA,NA,NA,NA,NA,NA,NA,NA,NA,2023-09-08T18:37:43Z,2023-09-10T20:29:53Z
E4F85C2D-046F-4C27-B6AD-88984A18FA48,866EEF8C-09A4-45E8-BF02-A2361E6F98CE,Chinook,NA,Adult,UM,NA,NA,Released,1,Chinook_Adult_UM_Released,2023,9,36,204,NA,NA,No,1,204,Complete,15:30:00,18:54:00,F21BB7F0-4FC6-43D9-8FD3-DE7B865A8BAD,2023-09-08,Nisqually River,District 11,Nisqually salmon 2023,D65C0D56-C07E-48FF-93B6-5798269A8AFA,NA,Gear,NA,NA,NA,NA,NA,NA,NA,NA,NA,NA,2023-09-08T18:54:10Z,2023-09-10T20:29:53Z
5234F735-1735-4200-A6A5-D6331A524548,A7546C62-4303-4994-A61E-C86851D9F2E2,Chinook,NA,Adult,AD,NA,NA,Kept,4,Chinook_Adult_AD_Kept,2023,9,36,797,NA,Trailered Motorized Boat,Yes,1,797,Complete,06:00:00,19:17:00,F21BB7F0-4FC6-43D9-8FD3-DE7B865A8BAD,2023-09-08,Nisqually River,District 11,Nisqually salmon 2023,2EE0B18E-9A15-47C2-A1FE-ED411081332E,NA,Bait-Lure,NA,NA,NA,NA,NA,NA,NA,NA,NA,NA,2023-09-08T19:18:25Z,2023-09-10T20:29:53Z
5234F735-1735-4200-A6A5-D6331A524548,EC283F10-A5C2-4E83-80F1-BA09CF26927E,Chinook,NA,Jack,AD,NA,NA,Kept,4,Chinook_Jack_AD_Kept,2023,9,36,797,NA,Trailered Motorized Boat,Yes,1,797,Complete,06:00:00,19:17:00,F21BB7F0-4FC6-43D9-8FD3-DE7B865A8BAD,2023-09-08,Nisqually River,District 11,Nisqually salmon 2023,2EE0B18E-9A15-47C2-A1FE-ED411081332E,NA,Bait-Lure,NA,NA,NA,NA,NA,NA,NA,NA,NA,NA,2023-09-08T19:18:25Z,2023-09-10T20:29:53Z
5CA82984-629F-485A-9A41-316CD3478A51,B6300C60-1A53-4C4F-B54C-BC14514ABA6B,Chinook,NA,Adult,AD,NA,NA,Released,1,Chinook_Adult_AD_Released,2023,9,36,194,NA,NA,No,1,194,Complete,16:30:00,19:44:00,F21BB7F0-4FC6-43D9-8FD3-DE7B865A8BAD,2023-09-08,Nisqually River,District 11,Nisqually salmon 2023,1CC23222-D35C-4795-9CAF-45C959B0A86E,NA,Gear,NA,NA,NA,NA,NA,NA,NA,NA,NA,NA,2023-09-08T19:44:23Z,2023-09-10T20:29:53Z
2CAD54DB-EAE4-4FF3-A730-9CD23471321D,D1744C72-53A6-4E29-94F9-67C2A8F378F7,Chinook,NA,Jack,UNK,NA,NA,Released,1,Chinook_Jack_UNK_Released,2023,9,36,132,NA,NA,No,2,264,Complete,18:00:00,20:12:00,F21BB7F0-4FC6-43D9-8FD3-DE7B865A8BAD,2023-09-08,Nisqually River,District 11,Nisqually salmon 2023,0C887D01-E0AE-423C-8506-75F28F939494,NA,Gear,NA,NA,NA,NA,NA,NA,NA,NA,NA,NA,2023-09-08T20:12:11Z,2023-09-10T20:29:53Z
4336FC98-0657-4B07-944C-33A15DAC81DD,9F0F90EE-99F5-4E74-BCBD-B671F0437D54,Chinook,NA,Adult,AD,NA,62,Kept,1,Chinook_Adult_AD_Kept,2023,9,36,153,NA,NA,No,1,153,Complete,06:00:00,08:33:00,E4FC75D8-1374-44C9-91F7-6FEBFA47F153,2023-09-08,Nisqually River,District 11,Nisqually salmon 2023,E2ABE116-D07F-4AA2-836C-790AF6474F1A,NA,Gear,NA,NA,NA,NA,NA,NA,NA,NA,NA,NA,2023-09-08T08:33:22Z,2023-09-12T19:44:43Z
9CBF97CD-667F-4AEB-8C3C-4216A68543A1,1E199896-7BD2-4138-91F0-7FC9D1880A75,Chinook,NA,Jack,AD,NA,56,Kept,1,Chinook_Jack_AD_Kept,2023,9,36,279,NA,NA,No,1,279,Complete,05:30:00,10:09:00,E4FC75D8-1374-44C9-91F7-6FEBFA47F153,2023-09-08,Nisqually River,District 11,Nisqually salmon 2023,4D4F564E-3B03-408A-90D8-3558F549D4D9,NA,Gear,NA,NA,NA,NA,NA,NA,NA,NA,NA,NA,2023-09-08T10:05:44Z,2023-09-12T19:44:43Z
9CBF97CD-667F-4AEB-8C3C-4216A68543A1,3AF04CFF-8E92-463C-84E4-941C30A7E1D4,Chinook,NA,Adult,AD,NA,71,Kept,1,Chinook_Adult_AD_Kept,2023,9,36,279,NA,NA,No,1,279,Complete,05:30:00,10:09:00,E4FC75D8-1374-44C9-91F7-6FEBFA47F153,2023-09-08,Nisqually River,District 11,Nisqually salmon 2023,4D4F564E-3B03-408A-90D8-3558F549D4D9,NA,Gear,NA,NA,NA,NA,NA,NA,NA,NA,NA,NA,2023-09-08T10:05:44Z,2023-09-12T19:44:43Z
9CBF97CD-667F-4AEB-8C3C-4216A68543A1,8BD4A2C3-66EA-423C-9CC8-8509B81C86EA,Chinook,NA,Adult,AD,NA,NA,Released,1,Chinook_Adult_AD_Released,2023,9,36,279,NA,NA,No,1,279,Complete,05:30:00,10:09:00,E4FC75D8-1374-44C9-91F7-6FEBFA47F153,2023-09-08,Nisqually River,District 11,Nisqually salmon 2023,4D4F564E-3B03-408A-90D8-3558F549D4D9,NA,Gear,NA,NA,NA,NA,NA,NA,NA,NA,NA,NA,2023-09-08T10:05:44Z,2023-09-12T19:44:43Z
9CBF97CD-667F-4AEB-8C3C-4216A68543A1,8CB184C8-9396-48B9-AAAE-FDFAD91DF982,Chinook,NA,Jack,AD,NA,59,Kept,1,Chinook_Jack_AD_Kept,2023,9,36,279,NA,NA,No,1,279,Complete,05:30:00,10:09:00,E4FC75D8-1374-44C9-91F7-6FEBFA47F153,2023-09-08,Nisqually River,District 11,Nisqually salmon 2023,4D4F564E-3B03-408A-90D8-3558F549D4D9,NA,Gear,NA,NA,NA,NA,NA,NA,NA,NA,NA,NA,2023-09-08T10:05:44Z,2023-09-12T19:44:43Z
D2D013F0-3789-4E7B-B823-675579BEA74A,288C2987-55BA-4B53-BE80-8E75100E8BDF,Chinook,NA,Adult,AD,NA,72,Kept,1,Chinook_Adult_AD_Kept,2023,9,36,180,NA,NA,No,2,360,Complete,07:28:00,10:28:00,NA,NA,NA,NA,NA,NA,NA,NA,NA,NA,NA,NA,NA,NA,NA,NA,NA,NA,NA,NA
A42256BC-8050-47A9-98B8-DAA613510F06,6444EB09-049B-4ACB-979E-EA715CDAE02A,Chinook,NA,Adult,AD,NA,NA,Kept,1,Chinook_Adult_AD_Kept,2023,9,36,390,NA,NA,No,1,390,Complete,06:30:00,13:00:00,E4FC75D8-1374-44C9-91F7-6FEBFA47F153,2023-09-08,Nisqually River,District 11,Nisqually salmon 2023,EEB754D9-FEE1-4ED1-B38F-95BCE9FF993E,NA,Gear,NA,NA,NA,NA,NA,NA,NA,NA,NA,NA,2023-09-08T13:00:09Z,2023-09-12T19:44:43Z
5703A3C5-CCD8-4AE0-8AE7-C80575D6EA95,86087C34-F875-4608-8131-6F5CFC7B9167,Chinook,NA,Jack,AD,NA,NA,Released,1,Chinook_Jack_AD_Released,2023,9,36,147,NA,NA,No,1,147,Complete,08:00:00,10:27:00,C3D0AA3C-10FB-474B-8792-F46847AEC173,2023-09-08,Nisqually River,District 11,Nisqually salmon 2023,0C4248E3-35A5-4E24-B402-80BCDB371110,NA,Gear,NA,NA,NA,NA,NA,NA,NA,NA,NA,NA,2023-09-08T10:27:42Z,2023-09-08T22:14:27Z
5703A3C5-CCD8-4AE0-8AE7-C80575D6EA95,B39147FE-17B4-47B9-B919-AB8AFFC17993,Chinook,NA,Adult,AD,NA,70,Kept,1,Chinook_Adult_AD_Kept,2023,9,36,147,NA,NA,No,1,147,Complete,08:00:00,10:27:00,C3D0AA3C-10FB-474B-8792-F46847AEC173,2023-09-08,Nisqually River,District 11,Nisqually salmon 2023,0C4248E3-35A5-4E24-B402-80BCDB371110,NA,Gear,NA,NA,NA,NA,NA,NA,NA,NA,NA,NA,2023-09-08T10:27:42Z,2023-09-08T22:14:27Z
73706281-E692-4F49-86AE-7116106052FD,27AF6479-4B20-49AC-BF41-A9B90ED469BE,Chinook,NA,Adult,UM,NA,NA,Released,1,Chinook_Adult_UM_Released,2023,9,36,243,NA,NA,No,3,729,Complete,07:00:00,11:03:00,C3D0AA3C-10FB-474B-8792-F46847AEC173,2023-09-08,Nisqually River,District 11,Nisqually salmon 2023,A5051A29-9233-4D28-8753-569ECDA2C02D,NA,Bait,NA,NA,NA,NA,NA,NA,NA,NA,NA,NA,2023-09-08T11:03:34Z,2023-10-24T18:36:59Z
73706281-E692-4F49-86AE-7116106052FD,B48036E8-2B62-44FE-BDC0-0304551E8FAC,Chinook,NA,Adult,AD,NA,NA,Released,2,Chinook_Adult_AD_Released,2023,9,36,243,NA,NA,No,3,729,Complete,07:00:00,11:03:00,C3D0AA3C-10FB-474B-8792-F46847AEC173,2023-09-08,Nisqually River,District 11,Nisqually salmon 2023,A5051A29-9233-4D28-8753-569ECDA2C02D,NA,Bait,NA,NA,NA,NA,NA,NA,NA,NA,NA,NA,2023-09-08T11:03:34Z,2023-10-24T18:36:59Z
80D76EA2-8199-4B69-A51A-8F3BE09B51DE,C48988EF-C0F4-48B0-B0A6-D1D21755E26B,Chinook,NA,Jack,AD,NA,42,Kept,1,Chinook_Jack_AD_Kept,2023,9,36,384,NA,NA,No,1,384,Complete,06:00:00,12:24:00,C3D0AA3C-10FB-474B-8792-F46847AEC173,2023-09-08,Nisqually River,District 11,Nisqually salmon 2023,F1D461CD-4AFD-4B89-B96B-9DCCFD146D5B,NA,Bait,NA,NA,NA,NA,NA,NA,NA,NA,NA,NA,2023-09-08T12:24:28Z,2023-09-08T22:14:27Z
80D76EA2-8199-4B69-A51A-8F3BE09B51DE,CE4DC3FE-BE60-4A0D-A795-42EE406E242D,Chinook,NA,Jack,AD,NA,52,Kept,1,Chinook_Jack_AD_Kept,2023,9,36,384,NA,NA,No,1,384,Complete,06:00:00,12:24:00,C3D0AA3C-10FB-474B-8792-F46847AEC173,2023-09-08,Nisqually River,District 11,Nisqually salmon 2023,F1D461CD-4AFD-4B89-B96B-9DCCFD146D5B,NA,Bait,NA,NA,NA,NA,NA,NA,NA,NA,NA,NA,2023-09-08T12:24:28Z,2023-09-08T22:14:27Z
62B05F0B-8517-40DB-96BF-5BF5995DCA7F,1D6E76A6-2302-4D82-804B-0A82F223F0C4,Chinook,NA,Adult,AD,NA,67,Kept,1,Chinook_Adult_AD_Kept,2023,9,36,286,NA,NA,No,2,572,Complete,07:00:00,11:46:00,F6AA4065-2AEB-46E3-BCDD-F54CFD5C4B7E,2023-09-07,Nisqually River,District 11,Nisqually salmon 2023,CAAEFF81-A957-4627-AC47-4D91A22D0325,NA,Gear,NA,NA,NA,NA,NA,NA,NA,NA,NA,NA,2023-09-07T11:47:37Z,2023-09-08T03:59:26Z
62B05F0B-8517-40DB-96BF-5BF5995DCA7F,669D3698-5745-4739-9E5E-03C7798A6D6E,Chinook,NA,Adult,AD,NA,71,Kept,1,Chinook_Adult_AD_Kept,2023,9,36,286,NA,NA,No,2,572,Complete,07:00:00,11:46:00,F6AA4065-2AEB-46E3-BCDD-F54CFD5C4B7E,2023-09-07,Nisqually River,District 11,Nisqually salmon 2023,CAAEFF81-A957-4627-AC47-4D91A22D0325,NA,Gear,NA,NA,NA,NA,NA,NA,NA,NA,NA,NA,2023-09-07T11:47:37Z,2023-09-08T03:59:26Z
F7682055-B9B1-4B34-9665-2F82745680F1,38E2E06C-A97C-4356-8746-12A3DEDD736C,Chinook,NA,Adult,UNK,NA,NA,Released,1,Chinook_Adult_UNK_Released,2023,9,36,177,NA,NA,No,1,177,Complete,09:00:00,11:57:00,F6AA4065-2AEB-46E3-BCDD-F54CFD5C4B7E,2023-09-07,Nisqually River,District 11,Nisqually salmon 2023,4D51A854-B069-4B19-B550-EE401C2BCD5B,NA,Gear,NA,NA,NA,NA,NA,NA,NA,NA,NA,NA,2023-09-07T11:57:50Z,2023-09-08T03:59:26Z
F25E9CD8-7F5C-4CCA-9C55-CD9C67EF7790,9E65ACD8-46D3-4B8B-8202-C46EB0C086DF,Chinook,NA,Adult,UM,NA,NA,Released,1,Chinook_Adult_UM_Released,2023,9,36,280,NA,NA,No,1,280,Complete,09:42:00,14:22:00,F6AA4065-2AEB-46E3-BCDD-F54CFD5C4B7E,2023-09-07,Nisqually River,District 11,Nisqually salmon 2023,1AFCC957-C3A0-4C7F-9E0B-086903447FE3,NA,Gear,NA,NA,NA,NA,NA,NA,NA,NA,NA,NA,2023-09-07T14:23:11Z,2023-09-08T03:59:26Z
F25E9CD8-7F5C-4CCA-9C55-CD9C67EF7790,1E511338-E42E-4698-BFA3-7CD5C0EB14E1,Chinook,NA,Adult,AD,NA,69,Kept,1,Chinook_Adult_AD_Kept,2023,9,36,280,NA,NA,No,1,280,Complete,09:42:00,14:22:00,F6AA4065-2AEB-46E3-BCDD-F54CFD5C4B7E,2023-09-07,Nisqually River,District 11,Nisqually salmon 2023,1AFCC957-C3A0-4C7F-9E0B-086903447FE3,NA,Gear,NA,NA,NA,NA,NA,NA,NA,NA,NA,NA,2023-09-07T14:23:11Z,2023-09-08T03:59:26Z
99006174-3154-4431-92EF-BA0F57F0500E,ED959F06-40D2-4233-B0AF-0ADE80541ADD,Chinook,NA,Adult,AD,NA,NA,Kept,1,Chinook_Adult_AD_Kept,2023,9,36,496,NA,Drift Boat/ Raft,Yes,2,992,Complete,06:30:00,14:46:00,F6AA4065-2AEB-46E3-BCDD-F54CFD5C4B7E,2023-09-07,Nisqually River,District 11,Nisqually salmon 2023,ED3FE0B8-0D45-4DE7-8F67-D7C2AE30942D,NA,Bait-Lure,NA,NA,NA,NA,NA,NA,NA,NA,NA,NA,2023-09-07T14:46:36Z,2023-09-08T03:59:26Z
99006174-3154-4431-92EF-BA0F57F0500E,6D3ED2C8-972A-499D-9998-DB8A1DB5702A,Chinook,NA,Jack,AD,NA,53,Kept,1,Chinook_Jack_AD_Kept,2023,9,36,496,NA,Drift Boat/ Raft,Yes,2,992,Complete,06:30:00,14:46:00,F6AA4065-2AEB-46E3-BCDD-F54CFD5C4B7E,2023-09-07,Nisqually River,District 11,Nisqually salmon 2023,ED3FE0B8-0D45-4DE7-8F67-D7C2AE30942D,NA,Bait-Lure,NA,NA,NA,NA,NA,NA,NA,NA,NA,NA,2023-09-07T14:46:36Z,2023-09-08T03:59:26Z
99006174-3154-4431-92EF-BA0F57F0500E,E0E2C982-9181-4CEF-BFE5-8258C7D8ED6C,Chinook,NA,Adult,UM,NA,NA,Released,2,Chinook_Adult_UM_Released,2023,9,36,496,NA,Drift Boat/ Raft,Yes,2,992,Complete,06:30:00,14:46:00,F6AA4065-2AEB-46E3-BCDD-F54CFD5C4B7E,2023-09-07,Nisqually River,District 11,Nisqually salmon 2023,ED3FE0B8-0D45-4DE7-8F67-D7C2AE30942D,NA,Bait-Lure,NA,NA,NA,NA,NA,NA,NA,NA,NA,NA,2023-09-07T14:46:36Z,2023-09-08T03:59:26Z
54081D03-4342-40C1-9AC8-20D4114AE20C,14CCC251-725B-48BB-B222-5DE31E7CB53F,Chinook,NA,Jack,UM,NA,NA,Released,1,Chinook_Jack_UM_Released,2023,9,36,226,NA,NA,No,2,452,Complete,12:00:00,15:46:00,F6AA4065-2AEB-46E3-BCDD-F54CFD5C4B7E,2023-09-07,Nisqually River,District 11,Nisqually salmon 2023,C79906BC-2644-4FD2-970F-A70371B949C9,NA,Gear,NA,NA,NA,NA,NA,NA,NA,NA,NA,NA,2023-09-07T15:46:38Z,2023-09-08T03:59:26Z
5864C3A5-DF91-4B82-9DB3-91301121E0E7,D6235C2F-DD24-4CF3-952C-C9E157BA59F8,Chinook,NA,Adult,UM,NA,NA,Released,1,Chinook_Adult_UM_Released,2023,9,36,120,NA,NA,No,1,120,Complete,17:27:00,19:27:00,F6AA4065-2AEB-46E3-BCDD-F54CFD5C4B7E,2023-09-07,Nisqually River,District 11,Nisqually salmon 2023,53CE7C5F-3462-4B7F-B855-CC8978BE67F9,NA,Gear,NA,NA,NA,NA,NA,NA,NA,NA,NA,NA,2023-09-07T19:27:46Z,2023-09-08T03:59:26Z
263785A8-7240-43DE-9B30-2F8CCF5D3834,4A907986-01B4-4C6B-8796-A789C119AC67,Chinook,NA,Jack,AD,NA,NA,Released,1,Chinook_Jack_AD_Released,2023,9,36,240,NA,NA,No,1,240,Complete,16:04:00,20:04:00,F6AA4065-2AEB-46E3-BCDD-F54CFD5C4B7E,2023-09-07,Nisqually River,District 11,Nisqually salmon 2023,E03C0434-83A3-4D4F-B27B-9B4FD07C9FE3,NA,Gear,NA,NA,NA,NA,NA,NA,NA,NA,NA,NA,2023-09-07T20:05:02Z,2023-09-08T03:59:26Z
03C50E6E-DB0A-4933-98A4-9633E4894AAD,2DFA9F6F-B805-47DB-8F02-D047B92F906C,Chinook,NA,Adult,UM,NA,NA,Released,2,Chinook_Adult_UM_Released,2023,9,36,180,NA,NA,No,2,360,Complete,17:08:00,20:08:00,F6AA4065-2AEB-46E3-BCDD-F54CFD5C4B7E,2023-09-07,Nisqually River,District 11,Nisqually salmon 2023,004EC565-FFFD-4B38-AADD-8AA898904787,NA,Gear,NA,NA,NA,NA,NA,NA,NA,NA,NA,NA,2023-09-07T20:08:58Z,2023-09-08T03:59:26Z
4B2BAD79-908A-4BBE-8E09-40537C371804,8FD7D960-6F93-455E-BB83-71A82162BB68,Chinook,NA,Adult,AD,NA,NA,Kept,2,Chinook_Adult_AD_Kept,2023,9,36,218,NA,NA,No,1,218,Complete,08:00:00,11:38:00,70ABF75E-D21B-4BCE-9791-D60F762F011D,2023-09-07,Nisqually River,District 11,Nisqually salmon 2023,935FF800-268B-4C99-9639-CDC1191DFC34,NA,Gear,NA,NA,NA,NA,NA,NA,NA,NA,NA,NA,2023-09-07T11:38:43Z,2023-09-12T19:44:43Z
DFE772DB-2764-4C8D-B322-4AD9AF14E05D,B2D458DA-3CA0-4BBB-9F7E-EF905F1DD600,Chinook,NA,Jack,UM,NA,NA,Released,1,Chinook_Jack_UM_Released,2023,9,36,251,NA,NA,No,1,251,Complete,07:30:00,11:41:00,70ABF75E-D21B-4BCE-9791-D60F762F011D,2023-09-07,Nisqually River,District 11,Nisqually salmon 2023,D22DA714-C5CF-4B65-8310-3787571CECBE,NA,Gear,NA,NA,NA,NA,NA,NA,NA,NA,NA,NA,2023-09-07T11:41:55Z,2023-09-12T19:44:43Z
DFE772DB-2764-4C8D-B322-4AD9AF14E05D,F16663BF-75DC-43A9-A8B5-7BFF214CFB5E,Chinook,NA,Jack,AD,NA,NA,Released,1,Chinook_Jack_AD_Released,2023,9,36,251,NA,NA,No,1,251,Complete,07:30:00,11:41:00,70ABF75E-D21B-4BCE-9791-D60F762F011D,2023-09-07,Nisqually River,District 11,Nisqually salmon 2023,D22DA714-C5CF-4B65-8310-3787571CECBE,NA,Gear,NA,NA,NA,NA,NA,NA,NA,NA,NA,NA,2023-09-07T11:41:55Z,2023-09-12T19:44:43Z
6E699C71-EFBD-430B-9682-9ED02A7CDEA0,9B435DBB-0288-44E5-BC7D-597715E4AC41,Chinook,NA,Adult,AD,NA,80,Kept,1,Chinook_Adult_AD_Kept,2023,9,36,232,NA,NA,No,1,232,Complete,08:00:00,11:52:00,70ABF75E-D21B-4BCE-9791-D60F762F011D,2023-09-07,Nisqually River,District 11,Nisqually salmon 2023,7C8D7CE9-ADA2-4DFF-97DD-CAFDDB6ED920,NA,Gear,NA,NA,NA,NA,NA,NA,NA,NA,NA,NA,2023-09-07T11:52:31Z,2023-09-12T19:44:43Z
05C2FA6A-54C8-4E8B-A5F9-73A6D9FB0660,EF8552AC-23EF-4F55-921E-4D75717EEF82,Chinook,NA,Jack,AD,NA,52,Kept,1,Chinook_Jack_AD_Kept,2023,9,36,458,NA,NA,No,2,916,Complete,06:30:00,14:08:00,70ABF75E-D21B-4BCE-9791-D60F762F011D,2023-09-07,Nisqually River,District 11,Nisqually salmon 2023,8132A2A0-3F5A-4443-B196-0816C2E0EDBF,NA,Gear,NA,NA,NA,NA,NA,NA,NA,NA,NA,NA,2023-09-07T14:08:19Z,2023-09-12T19:44:43Z
BD2E26E6-F2CF-4B02-8157-D5FD12DA49E7,B94E0625-C2AF-4909-9C9D-22C329E44A6D,Chinook,NA,Jack,AD,NA,55,Kept,1,Chinook_Jack_AD_Kept,2023,9,36,81,NA,Trailered Motorized Boat,Yes,1,81,Complete,05:30:00,06:51:00,1C0DF817-3250-44A7-8E64-00010E475F3A,2023-09-07,Nisqually River,District 11,Nisqually salmon 2023,3D39598C-0805-4525-84AB-F31D22A75E6D,NA,Gear,NA,NA,NA,NA,NA,NA,NA,NA,NA,NA,2023-09-07T06:54:56Z,2024-03-01T19:27:27Z
7B03361E-E446-4115-8736-9F3BB2328B88,E96F8251-C016-4C70-A53E-BE9A5AF5CC3D,Chinook,NA,Adult,AD,NA,74,Kept,1,Chinook_Adult_AD_Kept,2023,9,36,91,NA,NA,No,1,91,Complete,06:00:00,07:31:00,1C0DF817-3250-44A7-8E64-00010E475F3A,2023-09-07,Nisqually River,District 11,Nisqually salmon 2023,1460C7B8-619E-4A47-990D-A29627F03830,NA,Gear,NA,NA,NA,NA,NA,NA,NA,NA,NA,NA,2023-09-07T07:31:51Z,2023-09-07T22:44:23Z
BC512EB2-B381-4731-94B7-44DA047EE21F,81B927C1-D83A-4F65-BBFB-75E253CD4502,Chinook,NA,Adult,AD,NA,68,Kept,1,Chinook_Adult_AD_Kept,2023,9,36,121,NA,NA,No,1,121,Complete,05:45:00,07:46:00,1C0DF817-3250-44A7-8E64-00010E475F3A,2023-09-07,Nisqually River,District 11,Nisqually salmon 2023,4017F707-C0D4-4352-9A73-E01CFFBCA331,NA,Gear,NA,NA,NA,NA,NA,NA,NA,NA,NA,NA,2023-09-07T07:49:00Z,2023-09-07T22:44:23Z
D087FD9A-2743-487D-A85D-B6A8C076FF06,7751BB16-747C-416B-849F-62C3B6738F7C,Chinook,NA,Jack,AD,NA,NA,Kept,1,Chinook_Jack_AD_Kept,2023,9,36,131,NA,NA,No,1,131,Complete,05:45:00,07:56:00,1C0DF817-3250-44A7-8E64-00010E475F3A,2023-09-07,Nisqually River,District 11,Nisqually salmon 2023,EAA4FBEF-61FA-4282-9E36-E2291B4F12B6,NA,Gear,NA,NA,NA,NA,NA,NA,NA,NA,NA,NA,2023-09-07T07:58:58Z,2023-09-07T22:44:23Z
0418E3CC-3FDD-45AE-B861-BFEC98D7959C,6D722A30-66B5-428D-905B-14859408F31F,Chinook,NA,Adult,AD,NA,64,Kept,1,Chinook_Adult_AD_Kept,2023,9,36,174,NA,NA,No,1,174,Complete,05:41:00,08:35:00,1C0DF817-3250-44A7-8E64-00010E475F3A,2023-09-07,Nisqually River,District 11,Nisqually salmon 2023,4AB3FA6E-5926-44F5-A43E-D02365F50698,NA,Gear,NA,NA,NA,NA,NA,NA,NA,NA,NA,NA,2023-09-07T08:36:08Z,2023-09-07T22:44:23Z
B3C817A0-ABF4-41FD-932C-CC8B6D42D6E1,8318DFB7-422B-4E92-9408-F2BA87620BD0,Chinook,NA,Adult,AD,NA,63,Kept,1,Chinook_Adult_AD_Kept,2023,9,36,187,NA,NA,No,1,187,Complete,05:45:00,08:52:00,1C0DF817-3250-44A7-8E64-00010E475F3A,2023-09-07,Nisqually River,District 11,Nisqually salmon 2023,D54BD9DA-9A87-4C79-B9D8-FA816C876AED,NA,Gear,NA,NA,NA,NA,NA,NA,NA,NA,NA,NA,2023-09-07T08:55:08Z,2023-09-07T22:44:23Z
9FA0F57D-A6C4-47AC-B5EB-38713793F20F,DE6F7680-CB1D-4352-8310-6A4B3012E5B4,Chinook,NA,Adult,AD,NA,62,Kept,1,Chinook_Adult_AD_Kept,2023,9,36,200,NA,NA,No,1,200,Complete,05:45:00,09:05:00,1C0DF817-3250-44A7-8E64-00010E475F3A,2023-09-07,Nisqually River,District 11,Nisqually salmon 2023,0672F9AA-56CB-4151-9272-94005D7F415A,NA,Gear,NA,NA,NA,NA,NA,NA,NA,NA,NA,NA,2023-09-07T09:08:53Z,2023-09-07T22:44:23Z
9FA0F57D-A6C4-47AC-B5EB-38713793F20F,48EA9464-E5D5-4570-86DC-D6A703449BA8,Chinook,NA,Jack,AD,NA,50,Kept,1,Chinook_Jack_AD_Kept,2023,9,36,200,NA,NA,No,1,200,Complete,05:45:00,09:05:00,1C0DF817-3250-44A7-8E64-00010E475F3A,2023-09-07,Nisqually River,District 11,Nisqually salmon 2023,0672F9AA-56CB-4151-9272-94005D7F415A,NA,Gear,NA,NA,NA,NA,NA,NA,NA,NA,NA,NA,2023-09-07T09:08:53Z,2023-09-07T22:44:23Z
BF455730-7F52-4EF7-8713-D475EE0363A0,20B7BCC9-5BE6-4A68-897E-3B7154F7C98A,Chinook,NA,Jack,AD,NA,52,Kept,1,Chinook_Jack_AD_Kept,2023,9,36,210,NA,NA,No,2,420,Complete,05:45:00,09:15:00,1C0DF817-3250-44A7-8E64-00010E475F3A,2023-09-07,Nisqually River,District 11,Nisqually salmon 2023,64E0645C-5C9F-4E32-A60D-CB6BE4F900E0,NA,Gear,NA,NA,NA,NA,NA,NA,NA,NA,NA,NA,2023-09-07T09:15:33Z,2023-09-07T22:44:23Z
BF455730-7F52-4EF7-8713-D475EE0363A0,DEA6CEED-CF9F-4452-94F1-BA8DA4FB0DF8,Chinook,NA,Jack,AD,NA,50,Kept,1,Chinook_Jack_AD_Kept,2023,9,36,210,NA,NA,No,2,420,Complete,05:45:00,09:15:00,1C0DF817-3250-44A7-8E64-00010E475F3A,2023-09-07,Nisqually River,District 11,Nisqually salmon 2023,64E0645C-5C9F-4E32-A60D-CB6BE4F900E0,NA,Gear,NA,NA,NA,NA,NA,NA,NA,NA,NA,NA,2023-09-07T09:15:33Z,2023-09-07T22:44:23Z
3A1C7BD8-B8C2-4116-AD37-5E4900485048,07B5438E-6BD0-4986-98F3-3325A539C84F,Chinook,NA,Jack,UM,NA,NA,Released,1,Chinook_Jack_UM_Released,2023,9,36,215,NA,NA,No,1,215,Complete,05:45:00,09:20:00,1C0DF817-3250-44A7-8E64-00010E475F3A,2023-09-07,Nisqually River,District 11,Nisqually salmon 2023,9F4EB657-C57B-4620-8012-9C29714E0989,NA,Gear,NA,NA,NA,NA,NA,NA,NA,NA,NA,NA,2023-09-07T09:21:03Z,2023-09-07T22:44:23Z
A9B76797-CF32-4BA7-968B-55AC0DB6C137,C64B6F44-3731-4658-94E1-5BBFF28B7781,Chinook,NA,Adult,UM,NA,NA,Released,5,Chinook_Adult_UM_Released,2023,9,36,202,NA,NA,No,1,202,Complete,06:00:00,09:22:00,1C0DF817-3250-44A7-8E64-00010E475F3A,2023-09-07,Nisqually River,District 11,Nisqually salmon 2023,9A738C01-118D-424D-9F6D-B5EBAE1AB4CC,NA,Gear,NA,NA,NA,NA,NA,NA,NA,NA,NA,NA,2023-09-07T09:22:21Z,2023-09-07T22:44:23Z
4E44ED2D-13C9-4176-AE9D-30255F6F8B3A,432ABDFA-BF80-4002-8E1F-2207B1FF18AA,Chinook,NA,Adult,AD,NA,72,Kept,1,Chinook_Adult_AD_Kept,2023,9,36,219,NA,NA,No,1,219,Complete,06:00:00,09:39:00,1C0DF817-3250-44A7-8E64-00010E475F3A,2023-09-07,Nisqually River,District 11,Nisqually salmon 2023,D6AE2CE1-43FF-4972-BAB4-4B88CF5FEB28,NA,Gear,NA,NA,NA,NA,NA,NA,NA,NA,NA,NA,2023-09-07T09:41:37Z,2023-09-07T22:44:23Z
4E44ED2D-13C9-4176-AE9D-30255F6F8B3A,34B7D0B5-8AAD-46C5-9386-AA69B31CF56E,Chinook,NA,Jack,AD,NA,NA,Released,1,Chinook_Jack_AD_Released,2023,9,36,219,NA,NA,No,1,219,Complete,06:00:00,09:39:00,1C0DF817-3250-44A7-8E64-00010E475F3A,2023-09-07,Nisqually River,District 11,Nisqually salmon 2023,D6AE2CE1-43FF-4972-BAB4-4B88CF5FEB28,NA,Gear,NA,NA,NA,NA,NA,NA,NA,NA,NA,NA,2023-09-07T09:41:37Z,2023-09-07T22:44:23Z
8EF07011-C65C-4784-8048-6B26D0317BDE,A70E6F25-0C57-4C35-965C-8F3A07E4AC41,Chinook,NA,Jack,AD,NA,55,Kept,1,Chinook_Jack_AD_Kept,2023,9,36,247,NA,NA,No,2,494,Complete,05:45:00,09:52:00,1C0DF817-3250-44A7-8E64-00010E475F3A,2023-09-07,Nisqually River,District 11,Nisqually salmon 2023,463C106D-A28D-4B78-9347-ACD90B0C33D1,NA,Gear,NA,NA,NA,NA,NA,NA,NA,NA,NA,NA,2023-09-07T09:53:55Z,2023-09-07T22:44:23Z
535F703B-4148-47F0-8ED8-F7393171B922,0B205552-B763-4DE7-AAC6-26094C067522,Chinook,NA,Adult,AD,NA,69,Kept,1,Chinook_Adult_AD_Kept,2023,9,36,238,NA,NA,No,1,238,Complete,06:30:00,10:28:00,1C0DF817-3250-44A7-8E64-00010E475F3A,2023-09-07,Nisqually River,District 11,Nisqually salmon 2023,AF7970A8-A48D-4C98-AF01-20D0076F217F,NA,Bait,NA,NA,NA,NA,NA,NA,NA,NA,NA,NA,2023-09-07T10:28:53Z,2023-09-07T22:44:23Z
0D8B4247-1343-4E4E-BA30-066233A15901,14FF0EFE-0351-4D6C-B0EE-2D6FD009B13C,Chinook,NA,Jack,UM,NA,NA,Released,1,Chinook_Jack_UM_Released,2023,9,36,218,NA,NA,No,1,218,Complete,07:00:00,10:38:00,1C0DF817-3250-44A7-8E64-00010E475F3A,2023-09-07,Nisqually River,District 11,Nisqually salmon 2023,CF5D3DB3-1B63-4931-8B2B-A50809BDF20C,NA,Gear,NA,NA,NA,NA,NA,NA,NA,NA,NA,NA,2023-09-07T10:38:57Z,2023-09-07T22:44:23Z
A8B62D6A-88CB-46A0-ACE0-E74F5BB56B5F,7D8A3034-A978-46F5-97AF-20C2A34C59D4,Chinook,NA,Adult,AD,NA,74,Kept,1,Chinook_Adult_AD_Kept,2023,9,36,296,NA,NA,No,2,592,Complete,05:45:00,10:41:00,1C0DF817-3250-44A7-8E64-00010E475F3A,2023-09-07,Nisqually River,District 11,Nisqually salmon 2023,94B9E586-123F-4021-9B62-55D07E083B19,NA,Gear,NA,NA,NA,NA,NA,NA,NA,NA,NA,NA,2023-09-07T10:45:10Z,2023-09-07T23:14:22Z
9B5225AB-22D3-4AA7-8D39-D2E93D99DE6F,D332E698-4D33-488D-A233-024CA2E73F86,Chinook,NA,Adult,AD,NA,66,Kept,1,Chinook_Adult_AD_Kept,2023,9,36,343,NA,NA,No,1,343,Complete,08:00:00,13:43:00,1C0DF817-3250-44A7-8E64-00010E475F3A,2023-09-07,Nisqually River,District 11,Nisqually salmon 2023,96A5C5EC-97AF-4243-9054-B4B1D7E09951,NA,Gear,NA,NA,NA,NA,NA,NA,NA,NA,NA,NA,2023-09-07T13:43:53Z,2023-09-07T23:14:22Z
418577E8-0CD1-4AEF-8385-FBC23124C1D8,C12A609E-19F5-4923-B019-FD38A84F7F9A,Chinook,NA,Adult,AD,NA,79,Kept,1,Chinook_Adult_AD_Kept,2023,9,35,344,NA,NA,No,5,1720,Complete,07:00:00,12:44:00,B5831054-DC13-4B80-8B41-02FBCE2D5C10,2023-09-02,Nisqually River,District 11,Nisqually salmon 2023,2C12FF59-44D2-4C3E-9F09-1F28101B80C5,NA,Gear,NA,NA,NA,NA,NA,NA,NA,NA,NA,NA,2023-09-02T12:44:27Z,2023-09-03T02:45:39Z
C58B1232-BE86-413A-8650-399AE810108F,F5164430-3912-48A5-BBD7-B38EAAC013C1,Chinook,NA,Adult,UM,NA,NA,Released,1,Chinook_Adult_UM_Released,2023,9,35,433,NA,NA,No,2,866,Complete,10:30:00,17:43:00,B5831054-DC13-4B80-8B41-02FBCE2D5C10,2023-09-02,Nisqually River,District 11,Nisqually salmon 2023,F3A02910-54D2-4A74-AF6D-46E2C0C65817,NA,Gear,NA,NA,NA,NA,NA,NA,NA,NA,NA,NA,2023-09-02T17:43:19Z,2023-09-03T02:45:39Z
267BB5C0-12F9-477E-BDF4-68A6984F7388,EC594290-F9B7-4F5A-9FD9-20872C24FEB4,Chinook,NA,Adult,AD,NA,75,Kept,1,Chinook_Adult_AD_Kept,2023,9,35,191,NA,NA,No,1,191,Complete,15:00:00,18:11:00,B5831054-DC13-4B80-8B41-02FBCE2D5C10,2023-09-02,Nisqually River,District 11,Nisqually salmon 2023,3116C8DF-DC15-43E2-AF1C-8C71F0C41B5D,NA,Gear,NA,NA,NA,NA,NA,NA,NA,NA,NA,NA,2023-09-02T18:11:44Z,2023-09-03T02:45:39Z
BCF4EA51-B49B-4F22-8565-EDB26AD065F6,C9B8A65B-0EBF-4442-BA7B-AE88C1C2AF87,Chinook,NA,Adult,UNK,NA,NA,Released,1,Chinook_Adult_UNK_Released,2023,9,35,408,NA,NA,No,1,408,Complete,12:00:00,18:48:00,B5831054-DC13-4B80-8B41-02FBCE2D5C10,2023-09-02,Nisqually River,District 11,Nisqually salmon 2023,63EE1384-52A6-4669-A59F-3B6BB0C06774,NA,Gear,NA,NA,NA,NA,NA,NA,NA,NA,NA,NA,2023-09-02T18:49:08Z,2023-09-03T02:45:39Z
ACFC95BC-185A-432A-8671-E3A86352AA45,284B12AF-D234-483A-9787-C2936F5EC55B,Chinook,NA,Adult,AD,NA,74,Kept,1,Chinook_Adult_AD_Kept,2023,9,35,171,NA,NA,No,2,342,Complete,07:00:00,09:51:00,C7E71421-F2ED-40DF-A8DC-19FEE6C51112,2023-09-02,Nisqually River,District 11,Nisqually salmon 2023,77E71E9C-2359-4C95-9809-8EEEB20E53FB,NA,Gear,NA,NA,NA,NA,NA,NA,NA,NA,NA,NA,2023-09-02T09:51:20Z,2023-09-12T19:44:43Z
B803F3F7-BB55-4BCC-9657-79844FF6E8E7,B827C164-3E29-4233-8935-C46C6A7B2EC3,Chinook,NA,Adult,UM,NA,NA,Released,1,Chinook_Adult_UM_Released,2023,9,35,300,NA,NA,No,1,300,Complete,05:27:00,10:27:00,C7E71421-F2ED-40DF-A8DC-19FEE6C51112,2023-09-02,Nisqually River,District 11,Nisqually salmon 2023,ACA17644-4339-4DB8-BE8D-D387225BE582,NA,Gear,NA,NA,NA,NA,NA,NA,NA,NA,NA,NA,2023-09-02T10:27:53Z,2023-09-12T19:44:43Z
0855212B-A266-44F0-98D8-6D47127A863C,139836EC-CB63-4E16-8FF8-E19AAE1B85F8,Chinook,NA,Jack,AD,NA,49,Kept,1,Chinook_Jack_AD_Kept,2023,9,35,413,NA,NA,No,1,413,Complete,05:30:00,12:23:00,C7E71421-F2ED-40DF-A8DC-19FEE6C51112,2023-09-02,Nisqually River,District 11,Nisqually salmon 2023,1EABC5D9-7E4F-4296-8532-76523AAB08B0,NA,Gear,NA,NA,NA,NA,NA,NA,NA,NA,NA,NA,2023-09-02T12:23:41Z,2023-09-12T19:44:43Z
248E4FF4-36BF-470E-8D5B-2A40B5198C01,9E3D2E9D-AC0D-4C11-BA7B-AA2C57C6CAE4,Chinook,NA,Adult,AD,NA,62,Kept,1,Chinook_Adult_AD_Kept,2023,9,35,286,NA,NA,No,3,858,Complete,05:30:00,10:16:00,C7E71421-F2ED-40DF-A8DC-19FEE6C51112,2023-09-02,Nisqually River,District 11,Nisqually salmon 2023,0A84184B-7992-4E58-818E-B01AF22DE31D,NA,Gear,NA,NA,NA,NA,NA,NA,NA,NA,NA,NA,2023-09-02T10:16:09Z,2023-09-12T19:44:43Z
EE8A34FB-045A-442C-81A9-F012997C5216,06996B62-EA0A-4549-8FC2-97FC3D96AD27,Chinook,NA,Adult,AD,NA,62,Kept,1,Chinook_Adult_AD_Kept,2023,9,35,217,NA,NA,No,1,217,Complete,07:00:00,10:37:00,C7E71421-F2ED-40DF-A8DC-19FEE6C51112,2023-09-02,Nisqually River,District 11,Nisqually salmon 2023,D55F0872-288E-4F3C-9559-BED6C119EE60,NA,Gear,NA,NA,NA,NA,NA,NA,NA,NA,NA,NA,2023-09-02T10:38:16Z,2023-09-19T14:44:26Z
5BC61C00-1320-4437-BFE7-091BD2645889,0B77ADA7-972C-4588-98E9-69ED0BA0213A,Chinook,NA,Adult,AD,NA,63,Kept,1,Chinook_Adult_AD_Kept,2023,9,35,89,NA,NA,No,1,89,Complete,05:40:00,07:09:00,0C42A155-C64A-4C90-956D-3A907B0E61B1,2023-09-02,Nisqually River,District 11,Nisqually salmon 2023,4F3CACAA-FBE0-4408-AE83-A136BDEA0060,NA,Gear,NA,NA,NA,NA,NA,NA,NA,NA,NA,NA,2023-09-02T07:09:18Z,2023-09-02T22:45:33Z
5BC61C00-1320-4437-BFE7-091BD2645889,185C4B5C-1062-43C0-9BD6-38E3B1990752,Chinook,NA,Adult,AD,NA,64,Kept,1,Chinook_Adult_AD_Kept,2023,9,35,89,NA,NA,No,1,89,Complete,05:40:00,07:09:00,0C42A155-C64A-4C90-956D-3A907B0E61B1,2023-09-02,Nisqually River,District 11,Nisqually salmon 2023,4F3CACAA-FBE0-4408-AE83-A136BDEA0060,NA,Gear,NA,NA,NA,NA,NA,NA,NA,NA,NA,NA,2023-09-02T07:09:18Z,2023-09-02T22:45:33Z
A629382F-5AB5-44D8-B903-97FE67F9DE9C,71A375C1-45F5-43A7-97DD-9DF9B9292843,Chinook,NA,Jack,AD,NA,52,Kept,1,Chinook_Jack_AD_Kept,2023,9,35,144,NA,NA,No,1,144,Complete,05:32:00,07:56:00,0C42A155-C64A-4C90-956D-3A907B0E61B1,2023-09-02,Nisqually River,District 11,Nisqually salmon 2023,032350F9-7E28-40EF-9FA8-4B107D47BDED,NA,Gear,NA,NA,NA,NA,NA,NA,NA,NA,NA,NA,2023-09-02T07:56:50Z,2023-09-02T22:45:33Z
A629382F-5AB5-44D8-B903-97FE67F9DE9C,13AA9750-4387-4251-9B4B-C44B327E0F22,Chinook,NA,Jack,AD,NA,50,Kept,1,Chinook_Jack_AD_Kept,2023,9,35,144,NA,NA,No,1,144,Complete,05:32:00,07:56:00,0C42A155-C64A-4C90-956D-3A907B0E61B1,2023-09-02,Nisqually River,District 11,Nisqually salmon 2023,032350F9-7E28-40EF-9FA8-4B107D47BDED,NA,Gear,NA,NA,NA,NA,NA,NA,NA,NA,NA,NA,2023-09-02T07:56:50Z,2023-09-02T22:45:33Z
CE71F96F-9D8E-4C58-9F92-550B8DC6324D,29FCF3AF-71F9-473F-B9AD-0AA136ED7F09,Chinook,NA,Jack,AD,NA,41,Kept,1,Chinook_Jack_AD_Kept,2023,9,35,146,NA,NA,No,2,292,Complete,05:40:00,08:06:00,0C42A155-C64A-4C90-956D-3A907B0E61B1,2023-09-02,Nisqually River,District 11,Nisqually salmon 2023,4A0F4BE9-2858-48CF-ADB4-E7647ACFCECC,NA,Gear,NA,NA,NA,NA,NA,NA,NA,NA,NA,NA,2023-09-02T08:06:28Z,2023-09-02T22:45:33Z
CE71F96F-9D8E-4C58-9F92-550B8DC6324D,30F405D4-8915-42C0-965B-E73111350E26,Chinook,NA,Jack,AD,NA,44,Kept,1,Chinook_Jack_AD_Kept,2023,9,35,146,NA,NA,No,2,292,Complete,05:40:00,08:06:00,0C42A155-C64A-4C90-956D-3A907B0E61B1,2023-09-02,Nisqually River,District 11,Nisqually salmon 2023,4A0F4BE9-2858-48CF-ADB4-E7647ACFCECC,NA,Gear,NA,NA,NA,NA,NA,NA,NA,NA,NA,NA,2023-09-02T08:06:28Z,2023-09-02T22:45:33Z
074757F7-AA9E-4EEC-8BF5-2A03A95B135C,843918B4-B85D-4EDF-AC2D-D092FCDABFEF,Chinook,NA,Adult,AD,NA,76,Kept,1,Chinook_Adult_AD_Kept,2023,9,35,94,NA,NA,No,2,188,Complete,08:00:00,09:34:00,0C42A155-C64A-4C90-956D-3A907B0E61B1,2023-09-02,Nisqually River,District 11,Nisqually salmon 2023,9A3B35F0-2CE4-4BD8-9A4A-E23A5401D78B,NA,Gear,NA,NA,NA,NA,NA,NA,NA,NA,NA,NA,2023-09-02T09:35:09Z,2023-09-02T22:45:33Z
AB6773B0-9D3A-4082-9299-F5DB900B577F,45B78A20-FA9D-47BE-85CC-896711281310,Chinook,NA,Adult,UNK,NA,NA,Released,1,Chinook_Adult_UNK_Released,2023,9,35,220,NA,NA,No,1,220,Complete,06:30:00,10:10:00,0C42A155-C64A-4C90-956D-3A907B0E61B1,2023-09-02,Nisqually River,District 11,Nisqually salmon 2023,F16045CE-45EF-4DB6-9DB6-97140B7C7684,NA,Gear,NA,NA,NA,NA,NA,NA,NA,NA,NA,NA,2023-09-02T10:10:48Z,2023-09-02T22:45:33Z
75936FFF-5289-46D8-A110-71A8EB2A0F0F,F79763AC-955B-4921-A046-60407A334B41,Chinook,NA,Adult,AD,NA,68,Kept,1,Chinook_Adult_AD_Kept,2023,9,35,265,NA,NA,No,2,530,Complete,06:00:00,10:25:00,0C42A155-C64A-4C90-956D-3A907B0E61B1,2023-09-02,Nisqually River,District 11,Nisqually salmon 2023,F46E8462-ECFF-4A59-B01E-5E31E22BF11F,NA,Gear,NA,NA,NA,NA,NA,NA,NA,NA,NA,NA,2023-09-02T10:25:47Z,2023-09-02T22:45:33Z
194E53F9-B469-4639-8C2E-A2DFCDE9C224,28AC06AD-1F16-42B2-BFA0-F2C91056E5C1,Chinook,NA,Adult,UM,NA,NA,Released,2,Chinook_Adult_UM_Released,2023,9,35,250,NA,NA,No,1,250,Complete,06:25:00,10:35:00,0C42A155-C64A-4C90-956D-3A907B0E61B1,2023-09-02,Nisqually River,District 11,Nisqually salmon 2023,314EC587-A7AC-4100-BF6F-69D0D259F66D,NA,Gear,NA,NA,NA,NA,NA,NA,NA,NA,NA,NA,2023-09-02T10:36:01Z,2023-09-02T22:45:33Z
D8C9F2E9-57AB-4C62-8B63-87FF7DDE01B8,BA94F77E-8F15-4C64-8DF8-E92A721C8C71,Chinook,NA,Adult,UM,NA,NA,Released,2,Chinook_Adult_UM_Released,2023,9,35,307,NA,NA,No,1,307,Complete,05:30:00,10:37:00,0C42A155-C64A-4C90-956D-3A907B0E61B1,2023-09-02,Nisqually River,District 11,Nisqually salmon 2023,CADCFD7E-E649-453E-8E34-ADBDB42713AB,NA,Gear,NA,NA,NA,NA,NA,NA,NA,NA,NA,NA,2023-09-02T10:37:35Z,2023-09-02T22:45:33Z
D8C9F2E9-57AB-4C62-8B63-87FF7DDE01B8,39202CB7-7650-4ABB-AEFD-F5D3A9CFCDFC,Chinook,NA,Jack,UM,NA,NA,Released,1,Chinook_Jack_UM_Released,2023,9,35,307,NA,NA,No,1,307,Complete,05:30:00,10:37:00,0C42A155-C64A-4C90-956D-3A907B0E61B1,2023-09-02,Nisqually River,District 11,Nisqually salmon 2023,CADCFD7E-E649-453E-8E34-ADBDB42713AB,NA,Gear,NA,NA,NA,NA,NA,NA,NA,NA,NA,NA,2023-09-02T10:37:35Z,2023-09-02T22:45:33Z
BE08DB7C-0B06-474B-89B9-F9D2E6600849,D2B9FA39-0D6F-479F-AE46-82269ED6C58E,Chinook,NA,Jack,AD,NA,57,Kept,1,Chinook_Jack_AD_Kept,2023,9,35,319,NA,NA,No,1,319,Complete,05:45:00,11:04:00,0C42A155-C64A-4C90-956D-3A907B0E61B1,2023-09-02,Nisqually River,District 11,Nisqually salmon 2023,2C202F9A-A046-4A01-9832-D29174D66E72,NA,Gear,NA,NA,NA,NA,NA,NA,NA,NA,NA,NA,2023-09-02T11:04:58Z,2023-09-02T22:45:33Z
07C25595-5010-4C05-B183-8AB78B33600C,5BDFC3BE-78BB-4A24-B3D2-C363F2F5090F,Chinook,NA,Jack,AD,NA,40,Kept,1,Chinook_Jack_AD_Kept,2023,9,35,383,NA,Trailered Motorized Boat,Yes,4,1532,Complete,05:30:00,11:53:00,0C42A155-C64A-4C90-956D-3A907B0E61B1,2023-09-02,Nisqually River,District 11,Nisqually salmon 2023,1E88F075-5B90-4095-8EFE-8D5D52E102DF,NA,Bait-Lure,NA,NA,NA,NA,NA,NA,NA,NA,NA,NA,2023-09-02T11:54:02Z,2023-09-02T22:45:33Z
07C25595-5010-4C05-B183-8AB78B33600C,6A1FBDF5-0BC3-4292-84E6-CCD1C4D6D299,Chinook,NA,Adult,UM,NA,NA,Released,3,Chinook_Adult_UM_Released,2023,9,35,383,NA,Trailered Motorized Boat,Yes,4,1532,Complete,05:30:00,11:53:00,0C42A155-C64A-4C90-956D-3A907B0E61B1,2023-09-02,Nisqually River,District 11,Nisqually salmon 2023,1E88F075-5B90-4095-8EFE-8D5D52E102DF,NA,Bait-Lure,NA,NA,NA,NA,NA,NA,NA,NA,NA,NA,2023-09-02T11:54:02Z,2023-09-02T22:45:33Z
07C25595-5010-4C05-B183-8AB78B33600C,FC735CC5-990D-4F02-99D9-ED492021A5EE,Chinook,NA,Adult,AD,NA,70,Kept,1,Chinook_Adult_AD_Kept,2023,9,35,383,NA,Trailered Motorized Boat,Yes,4,1532,Complete,05:30:00,11:53:00,0C42A155-C64A-4C90-956D-3A907B0E61B1,2023-09-02,Nisqually River,District 11,Nisqually salmon 2023,1E88F075-5B90-4095-8EFE-8D5D52E102DF,NA,Bait-Lure,NA,NA,NA,NA,NA,NA,NA,NA,NA,NA,2023-09-02T11:54:02Z,2023-09-02T22:45:33Z
07C25595-5010-4C05-B183-8AB78B33600C,01A34BFB-A5C9-4298-8855-D4848323F2B7,Chinook,NA,Jack,AD,NA,45,Kept,1,Chinook_Jack_AD_Kept,2023,9,35,383,NA,Trailered Motorized Boat,Yes,4,1532,Complete,05:30:00,11:53:00,0C42A155-C64A-4C90-956D-3A907B0E61B1,2023-09-02,Nisqually River,District 11,Nisqually salmon 2023,1E88F075-5B90-4095-8EFE-8D5D52E102DF,NA,Bait-Lure,NA,NA,NA,NA,NA,NA,NA,NA,NA,NA,2023-09-02T11:54:02Z,2023-09-02T22:45:33Z
07C25595-5010-4C05-B183-8AB78B33600C,7B92209D-6479-49FA-A281-DF09FCFBEAF8,Chinook,NA,Adult,AD,NA,67,Kept,1,Chinook_Adult_AD_Kept,2023,9,35,383,NA,Trailered Motorized Boat,Yes,4,1532,Complete,05:30:00,11:53:00,0C42A155-C64A-4C90-956D-3A907B0E61B1,2023-09-02,Nisqually River,District 11,Nisqually salmon 2023,1E88F075-5B90-4095-8EFE-8D5D52E102DF,NA,Bait-Lure,NA,NA,NA,NA,NA,NA,NA,NA,NA,NA,2023-09-02T11:54:02Z,2023-09-02T22:45:33Z
2D8CBA35-ACE9-478A-83BB-DC7E79979D73,ADCCA814-13BA-4E63-B10E-373EB92DB82A,Chinook,NA,Adult,AD,NA,70,Kept,1,Chinook_Adult_AD_Kept,2023,9,35,120,NA,NA,No,2,240,Complete,10:06:00,12:06:00,0C42A155-C64A-4C90-956D-3A907B0E61B1,2023-09-02,Nisqually River,District 11,Nisqually salmon 2023,86CBB5A6-53D5-45AB-B98D-B71C95912517,NA,Gear,NA,NA,NA,NA,NA,NA,NA,NA,NA,NA,2023-09-02T12:06:53Z,2023-09-02T22:45:33Z
077FBDF0-6A1D-498B-AABD-9F96160D6B2B,0A498654-B731-4AEC-9316-EDAF5C6C27BF,Chinook,NA,Adult,UM,NA,NA,Released,1,Chinook_Adult_UM_Released,2023,9,35,248,NA,NA,No,1,248,Complete,11:00:00,15:08:00,0C42A155-C64A-4C90-956D-3A907B0E61B1,2023-09-02,Nisqually River,District 11,Nisqually salmon 2023,D2D50C50-DB1F-4B2A-87EC-9FE5FA0C4109,NA,Gear,NA,NA,NA,NA,NA,NA,NA,NA,NA,NA,2023-09-02T15:08:27Z,2023-09-02T22:45:33Z
5F9C89E8-139E-454C-BF66-5A9566D90067,A8D946D3-D197-4B9A-BC82-1E10387EFA76,Chinook,NA,Adult,AD,NA,NA,Kept,1,Chinook_Adult_AD_Kept,2023,9,35,540,NA,Trailered Motorized Boat,Yes,2,1080,Complete,06:47:00,15:47:00,149FDE60-E9CC-4F0A-837E-9F850F766C31,2023-09-01,Nisqually River,District 11,Nisqually salmon 2023,A60BAD67-B479-466C-9033-63250EF37AA2,NA,Bait,NA,NA,NA,NA,NA,NA,NA,NA,NA,NA,2023-09-01T15:48:18Z,2023-09-06T17:03:07Z
5F9C89E8-139E-454C-BF66-5A9566D90067,CAAEF753-21EA-465A-A561-9379D8376742,Chinook,NA,Jack,AD,NA,NA,Kept,1,Chinook_Jack_AD_Kept,2023,9,35,540,NA,Trailered Motorized Boat,Yes,2,1080,Complete,06:47:00,15:47:00,149FDE60-E9CC-4F0A-837E-9F850F766C31,2023-09-01,Nisqually River,District 11,Nisqually salmon 2023,A60BAD67-B479-466C-9033-63250EF37AA2,NA,Bait,NA,NA,NA,NA,NA,NA,NA,NA,NA,NA,2023-09-01T15:48:18Z,2023-09-06T17:03:07Z
5F9C89E8-139E-454C-BF66-5A9566D90067,6BD29608-8DC9-4669-BD2D-B78E774CB4B7,Chinook,NA,Adult,AD,NA,NA,Released,1,Chinook_Adult_AD_Released,2023,9,35,540,NA,Trailered Motorized Boat,Yes,2,1080,Complete,06:47:00,15:47:00,149FDE60-E9CC-4F0A-837E-9F850F766C31,2023-09-01,Nisqually River,District 11,Nisqually salmon 2023,A60BAD67-B479-466C-9033-63250EF37AA2,NA,Bait,NA,NA,NA,NA,NA,NA,NA,NA,NA,NA,2023-09-01T15:48:18Z,2023-09-06T17:03:07Z
EC328783-0AC6-42E0-8740-7ACFC0ABA3AE,D63B61B2-C6B3-4004-BAB8-D1F00942BEA6,Chinook,NA,Jack,AD,NA,41,Kept,1,Chinook_Jack_AD_Kept,2023,9,35,540,NA,Drift Boat/ Raft,Yes,2,1080,Complete,07:43:00,16:43:00,149FDE60-E9CC-4F0A-837E-9F850F766C31,2023-09-01,Nisqually River,District 11,Nisqually salmon 2023,EFE640A9-711E-43BE-B54F-6F14F22C0F7B,NA,Bait,NA,NA,NA,NA,NA,NA,NA,NA,NA,NA,2023-09-01T16:45:17Z,2024-03-01T19:28:27Z
D5AD69CA-6666-42D2-94A9-A27B8B74C032,481CDDC4-7B72-4831-BFE7-5A7FE5E6E856,Chinook,NA,Jack,AD,NA,51,Kept,1,Chinook_Jack_AD_Kept,2023,9,35,600,NA,NA,No,1,600,Complete,09:11:00,19:11:00,149FDE60-E9CC-4F0A-837E-9F850F766C31,2023-09-01,Nisqually River,District 11,Nisqually salmon 2023,403A4887-9C8E-4518-A5E2-075C03F68191,NA,Gear,NA,NA,NA,NA,NA,NA,NA,NA,NA,NA,2023-09-01T19:11:11Z,2023-09-02T03:45:50Z
28A06855-8AB3-4D1D-96D3-4283E32DEFBA,7E8B6BB2-25C4-40D8-8150-E77E297C9353,Chinook,NA,Adult,AD,NA,79,Kept,1,Chinook_Adult_AD_Kept,2023,9,35,420,NA,Drift Boat/ Raft,Yes,2,840,Complete,12:27:00,19:27:00,149FDE60-E9CC-4F0A-837E-9F850F766C31,2023-09-01,Nisqually River,District 11,Nisqually salmon 2023,528336BC-D4EA-41F9-A891-48CD517C56CC,NA,Bait,NA,NA,NA,NA,NA,NA,NA,NA,NA,NA,2023-09-01T19:28:20Z,2023-09-02T03:45:50Z
28A06855-8AB3-4D1D-96D3-4283E32DEFBA,CDE9D35D-88E4-435D-B712-5F6EF5C35062,Chinook,NA,Adult,AD,NA,65,Kept,1,Chinook_Adult_AD_Kept,2023,9,35,420,NA,Drift Boat/ Raft,Yes,2,840,Complete,12:27:00,19:27:00,149FDE60-E9CC-4F0A-837E-9F850F766C31,2023-09-01,Nisqually River,District 11,Nisqually salmon 2023,528336BC-D4EA-41F9-A891-48CD517C56CC,NA,Bait,NA,NA,NA,NA,NA,NA,NA,NA,NA,NA,2023-09-01T19:28:20Z,2023-09-02T03:45:50Z
7952A5B2-8D2E-49BE-8FD3-61A7DD8144A6,3436E6DB-659D-4CE6-961D-4324A8729D0B,Chinook,NA,Jack,AD,NA,49,Kept,1,Chinook_Jack_AD_Kept,2023,9,35,240,NA,NA,No,2,480,Complete,08:00:00,12:00:00,42C4B493-9719-4933-B885-EF30DD4DE980,2023-09-01,Nisqually River,District 11,Nisqually salmon 2023,4F817A34-DE63-4201-8C9D-857552194335,NA,Gear,NA,NA,NA,NA,NA,NA,NA,NA,NA,NA,2023-09-01T12:01:01Z,2023-09-02T18:30:39Z
7952A5B2-8D2E-49BE-8FD3-61A7DD8144A6,5E5E9185-ADEF-48E1-A82C-7A56209E13A0,Chinook,NA,Jack,AD,NA,59,Kept,1,Chinook_Jack_AD_Kept,2023,9,35,240,NA,NA,No,2,480,Complete,08:00:00,12:00:00,42C4B493-9719-4933-B885-EF30DD4DE980,2023-09-01,Nisqually River,District 11,Nisqually salmon 2023,4F817A34-DE63-4201-8C9D-857552194335,NA,Gear,NA,NA,NA,NA,NA,NA,NA,NA,NA,NA,2023-09-01T12:01:01Z,2023-09-02T18:30:39Z
A37569B2-3BE5-4595-A5E8-0A78A2C203B6,AAAC42AA-5B0E-40B9-BF46-3334379D38B5,Chinook,NA,Adult,AD,NA,80,Kept,1,Chinook_Adult_AD_Kept,2023,9,35,376,NA,NA,No,1,376,Complete,07:00:00,13:16:00,42C4B493-9719-4933-B885-EF30DD4DE980,2023-09-01,Nisqually River,District 11,Nisqually salmon 2023,7A66C9EA-F17B-4B32-A144-96870A81AD96,NA,Gear,NA,NA,NA,NA,NA,NA,NA,NA,NA,NA,2023-09-01T13:16:28Z,2023-09-02T18:30:39Z
77E59E52-0596-4D29-A7B6-ED639EB82CBF,969EE0C7-EC3A-411B-9A7B-EF214BB18737,Chinook,NA,Adult,AD,NA,68,Kept,1,Chinook_Adult_AD_Kept,2023,9,35,549,NA,NA,No,2,1098,Complete,08:00:00,17:09:00,42C4B493-9719-4933-B885-EF30DD4DE980,2023-09-01,Nisqually River,District 11,Nisqually salmon 2023,275DD94A-772E-4995-9967-A226F8027374,NA,Gear,NA,NA,NA,NA,NA,NA,NA,NA,NA,NA,2023-09-01T17:09:15Z,2023-09-02T18:30:39Z
8D47FC40-9021-4884-A9BC-085D497AD837,3F475171-EBAC-4137-A991-5C7C69B9AB26,Chinook,NA,Adult,AD,NA,72,Kept,1,Chinook_Adult_AD_Kept,2023,9,35,307,NA,NA,No,1,307,Complete,05:30:00,10:37:00,992D3EEF-8F0F-43A2-AC07-BE733A1CACC4,2023-09-01,Nisqually River,District 11,Nisqually salmon 2023,34F365A8-CE60-4170-9F4B-3CA2C0C16F9F,NA,Bait,NA,NA,NA,NA,NA,NA,NA,NA,NA,NA,2023-09-01T10:37:52Z,2023-09-01T22:45:33Z
8D47FC40-9021-4884-A9BC-085D497AD837,59E5D8C5-1279-42B4-B938-223D07B28CE4,Chinook,NA,Adult,AD,NA,70,Kept,1,Chinook_Adult_AD_Kept,2023,9,35,307,NA,NA,No,1,307,Complete,05:30:00,10:37:00,992D3EEF-8F0F-43A2-AC07-BE733A1CACC4,2023-09-01,Nisqually River,District 11,Nisqually salmon 2023,34F365A8-CE60-4170-9F4B-3CA2C0C16F9F,NA,Bait,NA,NA,NA,NA,NA,NA,NA,NA,NA,NA,2023-09-01T10:37:52Z,2023-09-01T22:45:33Z
DBC96764-0388-48FF-AFD0-2BE8A2090683,F64E2591-3335-44F8-8C90-97938FC859E5,Chinook,NA,Adult,UM,NA,NA,Released,1,Chinook_Adult_UM_Released,2023,9,35,289,NA,NA,No,1,289,Complete,06:30:00,11:19:00,992D3EEF-8F0F-43A2-AC07-BE733A1CACC4,2023-09-01,Nisqually River,District 11,Nisqually salmon 2023,A060D22D-E86E-4AA0-9935-1CB679D54E5F,NA,Bait-Lure,NA,NA,NA,NA,NA,NA,NA,NA,NA,NA,2023-09-01T11:16:49Z,2023-09-01T22:45:33Z
DF967E99-C271-4C67-AC6E-44D4FFEEF610,3DFE609C-4A6A-4DC9-9E13-4BF87DA6D574,Chinook,NA,Jack,UM,NA,NA,Released,1,Chinook_Jack_UM_Released,2023,9,35,352,NA,NA,No,2,704,Complete,05:30:00,11:22:00,992D3EEF-8F0F-43A2-AC07-BE733A1CACC4,2023-09-01,Nisqually River,District 11,Nisqually salmon 2023,BC189D00-7AC8-4382-851E-0F63940D7E58,NA,Bait,NA,NA,NA,NA,NA,NA,NA,NA,NA,NA,2023-09-01T11:23:35Z,2023-09-01T22:45:33Z
A5FB700D-CE51-48C9-871D-FA2821AACFCA,44B6BD2A-CE85-4DA9-B55D-14B5B56DE60D,Chinook,NA,Jack,AD,NA,47,Kept,1,Chinook_Jack_AD_Kept,2023,9,35,341,NA,NA,No,1,341,Complete,06:30:00,12:11:00,992D3EEF-8F0F-43A2-AC07-BE733A1CACC4,2023-09-01,Nisqually River,District 11,Nisqually salmon 2023,F0259418-5491-4B35-A6F5-3A63F4C1F3D5,NA,Gear,NA,NA,NA,NA,NA,NA,NA,NA,NA,NA,2023-09-01T12:12:09Z,2023-09-01T22:45:33Z
60FEE035-5168-4F8F-9AA7-9A83523F9CF2,BFF5B5B0-6570-4D80-8F73-01DC5BD5DD0A,Chinook,NA,Adult,AD,NA,NA,Released,1,Chinook_Adult_AD_Released,2023,9,35,352,NA,NA,No,1,352,Complete,06:30:00,12:22:00,992D3EEF-8F0F-43A2-AC07-BE733A1CACC4,2023-09-01,Nisqually River,District 11,Nisqually salmon 2023,E9ED0C45-A7D9-48C8-A8DA-34E993B54399,NA,Gear,NA,NA,NA,NA,NA,NA,NA,NA,NA,NA,2023-09-01T12:22:12Z,2023-09-01T22:45:33Z
51467AB9-7AC2-45D5-A6C0-C42188EA424A,EAAF60EB-B0F9-457E-BEF0-F1CB3010F421,Chinook,NA,Jack,AD,NA,58,Kept,1,Chinook_Jack_AD_Kept,2023,9,35,358,NA,NA,No,1,358,Complete,06:30:00,12:28:00,992D3EEF-8F0F-43A2-AC07-BE733A1CACC4,2023-09-01,Nisqually River,District 11,Nisqually salmon 2023,76959CD4-10F3-4EA5-83DF-791B320C8316,NA,Bait,NA,NA,NA,NA,NA,NA,NA,NA,NA,NA,2023-09-01T12:31:01Z,2023-09-01T22:45:33Z
DD8E12E3-DB01-4023-83A0-348FD76420F0,69F98D1D-D19C-43AD-9F11-5EBCC330BE0E,Chinook,NA,Jack,AD,NA,53,Kept,1,Chinook_Jack_AD_Kept,2023,9,35,120,NA,NA,No,1,120,Complete,10:37:00,12:37:00,992D3EEF-8F0F-43A2-AC07-BE733A1CACC4,2023-09-01,Nisqually River,District 11,Nisqually salmon 2023,36147A6C-EE91-4935-8318-9DDE1F10D408,NA,Gear,NA,NA,NA,NA,NA,NA,NA,NA,NA,NA,2023-09-01T12:37:49Z,2023-09-01T22:45:33Z
DD8E12E3-DB01-4023-83A0-348FD76420F0,887E16EA-2BBE-49C8-8BD6-4C548FEAABF6,Chinook,NA,Adult,AD,NA,84,Kept,1,Chinook_Adult_AD_Kept,2023,9,35,120,NA,NA,No,1,120,Complete,10:37:00,12:37:00,992D3EEF-8F0F-43A2-AC07-BE733A1CACC4,2023-09-01,Nisqually River,District 11,Nisqually salmon 2023,36147A6C-EE91-4935-8318-9DDE1F10D408,NA,Gear,NA,NA,NA,NA,NA,NA,NA,NA,NA,NA,2023-09-01T12:37:49Z,2023-09-01T22:45:33Z
25ED5706-295E-4A95-8833-C8159BF5DEE6,7E9A85E9-BFB0-40DF-8A13-A5153E2C2B36,Chinook,NA,Adult,UM,NA,NA,Released,3,Chinook_Adult_UM_Released,2023,9,35,286,NA,NA,No,1,286,Complete,08:00:00,12:46:00,992D3EEF-8F0F-43A2-AC07-BE733A1CACC4,2023-09-01,Nisqually River,District 11,Nisqually salmon 2023,CEB5B591-63C9-4531-90D4-CBAF27256680,NA,Gear,NA,NA,NA,NA,NA,NA,NA,NA,NA,NA,2023-09-01T12:46:26Z,2023-09-01T22:45:33Z
25ED5706-295E-4A95-8833-C8159BF5DEE6,AC76FC59-08A7-4D9B-97E8-387AE7DF0FA4,Chinook,NA,Adult,AD,NA,88,Kept,1,Chinook_Adult_AD_Kept,2023,9,35,286,NA,NA,No,1,286,Complete,08:00:00,12:46:00,992D3EEF-8F0F-43A2-AC07-BE733A1CACC4,2023-09-01,Nisqually River,District 11,Nisqually salmon 2023,CEB5B591-63C9-4531-90D4-CBAF27256680,NA,Gear,NA,NA,NA,NA,NA,NA,NA,NA,NA,NA,2023-09-01T12:46:26Z,2023-09-01T22:45:33Z
BEDF9BE8-CDB6-4133-B68B-D92FB6B32A38,EC45699E-0E04-4D48-BDB7-912581320A20,Chinook,NA,Jack,AD,NA,NA,Kept,1,Chinook_Jack_AD_Kept,2023,8,35,501,NA,NA,No,1,501,Complete,05:30:00,13:51:00,1C61DB41-A2E4-47F5-BEEF-DB5570F71CBD,2023-08-30,Nisqually River,District 11,Nisqually salmon 2023,3638E5D5-B1C6-4330-BCAF-7EA8D8F5F0AA,NA,Gear,NA,NA,NA,NA,NA,NA,NA,NA,NA,NA,2023-08-30T13:51:28Z,2023-09-01T19:45:32Z
0C570AE8-6094-4D99-B029-C79DD0BC0A34,7014A777-1DE6-48AE-9DF9-FF624833B689,Chinook,NA,Adult,UNK,NA,NA,Released,1,Chinook_Adult_UNK_Released,2023,8,35,469,NA,NA,No,1,469,Complete,06:30:00,14:19:00,1C61DB41-A2E4-47F5-BEEF-DB5570F71CBD,2023-08-30,Nisqually River,District 11,Nisqually salmon 2023,5787CFF6-9CA6-48BB-8E19-C45D246AFF18,NA,Bait,NA,NA,NA,NA,NA,NA,NA,NA,NA,NA,2023-08-30T14:19:17Z,2024-01-12T18:11:20Z
0C570AE8-6094-4D99-B029-C79DD0BC0A34,356B2EB5-A94A-48E4-949B-4F3E5B624E5D,Chinook,NA,Adult,AD,NA,79,Kept,1,Chinook_Adult_AD_Kept,2023,8,35,469,NA,NA,No,1,469,Complete,06:30:00,14:19:00,1C61DB41-A2E4-47F5-BEEF-DB5570F71CBD,2023-08-30,Nisqually River,District 11,Nisqually salmon 2023,5787CFF6-9CA6-48BB-8E19-C45D246AFF18,NA,Bait,NA,NA,NA,NA,NA,NA,NA,NA,NA,NA,2023-08-30T14:19:17Z,2024-01-12T18:11:20Z
41A8D809-5F88-4917-AB1A-DB0269FCE898,B4A8D2B9-EF9F-46B4-B17E-A1CA86FE5F53,Chinook,NA,Jack,AD,NA,58,Kept,1,Chinook_Jack_AD_Kept,2023,8,35,378,NA,NA,No,1,378,Complete,08:30:00,14:48:00,1C61DB41-A2E4-47F5-BEEF-DB5570F71CBD,2023-08-30,Nisqually River,District 11,Nisqually salmon 2023,EC95CDB1-6D8E-437D-8394-8DC2907249E3,NA,Gear,NA,NA,NA,NA,NA,NA,NA,NA,NA,NA,2023-08-30T14:48:30Z,2023-09-01T19:45:32Z
9826E7B8-EA7E-41C1-8C64-D79117CF45C3,D8A9FED9-C969-4442-9CBF-69C44ABFBF84,Chinook,NA,Adult,AD,NA,76,Kept,1,Chinook_Adult_AD_Kept,2023,8,35,536,NA,NA,No,1,536,Complete,07:00:00,15:56:00,C45DA213-1B2A-4358-B8A4-7BA7E3B92CC4,2023-08-30,Nisqually River,District 11,Nisqually salmon 2023,D944BBBF-AA67-4DAB-BDCC-1548536E1FF5,NA,Gear,NA,NA,NA,NA,NA,NA,NA,NA,NA,NA,2023-08-30T15:56:24Z,2023-08-31T03:30:30Z
CC3112E0-9ABD-42CC-A267-91398EC4D8CE,5E8E420D-95DC-45A6-AC70-0252C5058F7F,Chinook,NA,Jack,UNK,NA,NA,Released,2,Chinook_Jack_UNK_Released,2023,8,35,594,NA,NA,No,1,594,Complete,07:00:00,16:54:00,C45DA213-1B2A-4358-B8A4-7BA7E3B92CC4,2023-08-30,Nisqually River,District 11,Nisqually salmon 2023,7526C796-2D97-47C2-8BC6-42DCDB296514,NA,Bait,NA,NA,NA,NA,NA,NA,NA,NA,NA,NA,2023-08-30T16:54:32Z,2023-08-31T03:30:30Z
AAF31E72-B00D-4EED-A6AA-F7F022599075,2702A84E-39F4-41F7-8743-3155769AF2F1,Chinook,NA,Jack,AD,NA,51,Kept,1,Chinook_Jack_AD_Kept,2023,8,35,83,NA,NA,No,1,83,Complete,16:00:00,17:23:00,C45DA213-1B2A-4358-B8A4-7BA7E3B92CC4,2023-08-30,Nisqually River,District 11,Nisqually salmon 2023,AF8EC710-D905-4DE2-83DE-A761A314C70C,NA,Gear,NA,NA,NA,NA,NA,NA,NA,NA,NA,NA,2023-08-30T17:23:25Z,2023-08-31T03:30:30Z
F0A2BE34-0570-4FC6-81D6-D7E52FDA9AA1,96D8AFDF-B87D-4B40-B36B-8930E15D4C0E,Chinook,NA,Jack,AD,NA,NA,Released,1,Chinook_Jack_AD_Released,2023,8,35,110,NA,NA,No,2,220,Complete,05:30:00,07:20:00,2B352002-3A32-4CC0-B568-2DD0FAA873ED,2023-08-30,Nisqually River,District 11,Nisqually salmon 2023,B7A52896-1EC0-46EC-A216-561D0360D096,NA,Gear,NA,NA,NA,NA,NA,NA,NA,NA,NA,NA,2023-08-30T07:21:08Z,2023-08-30T23:00:30Z
33435B1E-A988-4898-B6FB-7A822E05E17A,AC059623-D626-4256-99C1-4E1D14C030DA,Chinook,NA,Adult,AD,NA,NA,Kept,1,Chinook_Adult_AD_Kept,2023,8,35,160,NA,NA,No,1,160,Complete,05:30:00,08:10:00,2B352002-3A32-4CC0-B568-2DD0FAA873ED,2023-08-30,Nisqually River,District 11,Nisqually salmon 2023,A98F26E5-B650-498A-86F9-E97B0BF2A672,NA,Gear,NA,NA,NA,NA,NA,NA,NA,NA,NA,NA,2023-08-30T08:11:10Z,2023-08-30T23:00:30Z
797EE715-DDFD-495B-BD0B-BF09C5395938,500E924D-5002-45A4-8D58-5B81F8C1DF6B,Chinook,NA,Adult,AD,NA,62,Kept,1,Chinook_Adult_AD_Kept,2023,8,35,233,NA,NA,No,1,233,Complete,06:10:00,10:03:00,2B352002-3A32-4CC0-B568-2DD0FAA873ED,2023-08-30,Nisqually River,District 11,Nisqually salmon 2023,95604920-1CBF-4329-A2C6-554F38555EBE,NA,Bait,NA,NA,NA,NA,NA,NA,NA,NA,NA,NA,2023-08-30T10:03:21Z,2023-08-30T23:00:30Z
797EE715-DDFD-495B-BD0B-BF09C5395938,F68981DE-787D-4E2E-8E52-806C172DC3B8,Chinook,NA,Jack,AD,NA,59,Kept,1,Chinook_Jack_AD_Kept,2023,8,35,233,NA,NA,No,1,233,Complete,06:10:00,10:03:00,2B352002-3A32-4CC0-B568-2DD0FAA873ED,2023-08-30,Nisqually River,District 11,Nisqually salmon 2023,95604920-1CBF-4329-A2C6-554F38555EBE,NA,Bait,NA,NA,NA,NA,NA,NA,NA,NA,NA,NA,2023-08-30T10:03:21Z,2023-08-30T23:00:30Z
5E4B1F82-2B2E-4371-B6B5-B8F2EFDFBB45,86C46EFF-4D95-4170-AE66-1674E7292F32,Chinook,NA,Adult,AD,NA,83,Kept,1,Chinook_Adult_AD_Kept,2023,8,35,156,NA,NA,No,1,156,Complete,07:30:00,10:06:00,2B352002-3A32-4CC0-B568-2DD0FAA873ED,2023-08-30,Nisqually River,District 11,Nisqually salmon 2023,A7B49F9B-EA97-4306-9B4C-1C35965A471B,NA,Gear,NA,NA,NA,NA,NA,NA,NA,NA,NA,NA,2023-08-30T10:06:53Z,2023-08-30T23:00:30Z
0B55AEBC-F5CD-4F37-8515-9B02C5EED9EB,64557AF2-0CEA-4456-90A5-0C8868BEC266,Chinook,NA,Jack,AD,NA,58,Kept,1,Chinook_Jack_AD_Kept,2023,8,35,217,NA,NA,No,1,217,Complete,06:30:00,10:07:00,2B352002-3A32-4CC0-B568-2DD0FAA873ED,2023-08-30,Nisqually River,District 11,Nisqually salmon 2023,66DBD974-B0B1-4691-8037-77C3DE81E428,NA,Gear,NA,NA,NA,NA,NA,NA,NA,NA,NA,NA,2023-08-30T10:08:10Z,2023-08-30T23:00:30Z
0B55AEBC-F5CD-4F37-8515-9B02C5EED9EB,66FC1B8B-6620-498C-BEEA-00E68FF25325,Chinook,NA,Jack,AD,NA,57,Kept,1,Chinook_Jack_AD_Kept,2023,8,35,217,NA,NA,No,1,217,Complete,06:30:00,10:07:00,2B352002-3A32-4CC0-B568-2DD0FAA873ED,2023-08-30,Nisqually River,District 11,Nisqually salmon 2023,66DBD974-B0B1-4691-8037-77C3DE81E428,NA,Gear,NA,NA,NA,NA,NA,NA,NA,NA,NA,NA,2023-08-30T10:08:10Z,2023-08-30T23:00:30Z
9E034CFE-6321-4BC2-BC60-DD823B699AE1,4AD2B0CB-6920-4F93-9243-9D9EAC8CC978,Chinook,NA,Adult,UM,NA,NA,Released,1,Chinook_Adult_UM_Released,2023,8,35,281,NA,NA,No,1,281,Complete,05:30:00,10:11:00,2B352002-3A32-4CC0-B568-2DD0FAA873ED,2023-08-30,Nisqually River,District 11,Nisqually salmon 2023,DBC2A38D-F253-4518-A026-A22FB1D4D3F3,NA,Gear,NA,NA,NA,NA,NA,NA,NA,NA,NA,NA,2023-08-30T10:12:10Z,2023-08-30T23:00:30Z
9E034CFE-6321-4BC2-BC60-DD823B699AE1,C6B911D4-0466-4DB8-A3E5-13CF5A93DAEF,Chinook,NA,Adult,AD,NA,67,Kept,1,Chinook_Adult_AD_Kept,2023,8,35,281,NA,NA,No,1,281,Complete,05:30:00,10:11:00,2B352002-3A32-4CC0-B568-2DD0FAA873ED,2023-08-30,Nisqually River,District 11,Nisqually salmon 2023,DBC2A38D-F253-4518-A026-A22FB1D4D3F3,NA,Gear,NA,NA,NA,NA,NA,NA,NA,NA,NA,NA,2023-08-30T10:12:10Z,2023-08-30T23:00:30Z
80C73F26-CBCB-4333-8F32-8B50BA2F3C6C,BBE5B1D1-4BE4-400B-82E1-22BFA1A3ABA3,Chinook,NA,Adult,AD,NA,86,Kept,1,Chinook_Adult_AD_Kept,2023,8,35,251,NA,NA,No,1,251,Complete,06:45:00,10:56:00,2B352002-3A32-4CC0-B568-2DD0FAA873ED,2023-08-30,Nisqually River,District 11,Nisqually salmon 2023,F24EAAFB-768B-4F3B-BAA3-760D2853F942,NA,Gear,NA,NA,NA,NA,NA,NA,NA,NA,NA,NA,2023-08-30T10:58:16Z,2023-08-30T23:00:30Z
80C73F26-CBCB-4333-8F32-8B50BA2F3C6C,1845BE6D-A936-41FF-ABCB-60212F3459EC,Chinook,NA,Jack,AD,NA,48,Kept,1,Chinook_Jack_AD_Kept,2023,8,35,251,NA,NA,No,1,251,Complete,06:45:00,10:56:00,2B352002-3A32-4CC0-B568-2DD0FAA873ED,2023-08-30,Nisqually River,District 11,Nisqually salmon 2023,F24EAAFB-768B-4F3B-BAA3-760D2853F942,NA,Gear,NA,NA,NA,NA,NA,NA,NA,NA,NA,NA,2023-08-30T10:58:16Z,2023-08-30T23:00:30Z
B291B273-EF5F-43EC-8636-9CFF74AF137E,48D02E70-B313-47A7-A999-888A8509E358,Chinook,NA,Adult,AD,NA,64,Kept,1,Chinook_Adult_AD_Kept,2023,8,35,236,NA,NA,No,2,472,Complete,07:15:00,11:11:00,2B352002-3A32-4CC0-B568-2DD0FAA873ED,2023-08-30,Nisqually River,District 11,Nisqually salmon 2023,D55812CD-8128-413C-9056-4B65FA71DBA4,NA,Gear,NA,NA,NA,NA,NA,NA,NA,NA,NA,NA,2023-08-30T11:11:56Z,2023-08-30T23:00:30Z
71E5D3FA-03C1-431D-9225-1ABCB74B7E72,655CDFB2-FBDD-4D38-8773-7AB9AEB50DFF,Chinook,NA,Jack,AD,NA,51,Kept,1,Chinook_Jack_AD_Kept,2023,8,35,270,NA,NA,No,1,270,Complete,08:00:00,12:30:00,2B352002-3A32-4CC0-B568-2DD0FAA873ED,2023-08-30,Nisqually River,District 11,Nisqually salmon 2023,A875A11B-ACAC-4165-A5FC-B9B3FABC34D4,NA,Gear,NA,NA,NA,NA,NA,NA,NA,NA,NA,NA,2023-08-30T12:30:37Z,2023-08-30T23:00:30Z
1233764B-6CD4-4B59-90B6-0CEB715B644B,148C6D6E-5C2F-4F7E-9A1B-216CB83BCF68,Chinook,NA,Adult,AD,NA,69,Kept,1,Chinook_Adult_AD_Kept,2023,8,34,142,NA,NA,No,1,142,Complete,05:30:00,07:52:00,837E59E4-AAC4-472F-9141-DCFEF81AE7B1,2023-08-26,Nisqually River,District 11,Nisqually salmon 2023,30D88146-6684-4DE6-BFB8-E3A61F973910,NA,Gear,NA,NA,NA,NA,NA,NA,NA,NA,NA,NA,2023-08-26T07:52:45Z,2023-09-01T19:30:32Z
54BC0592-6495-407F-A7B2-D50B870109BA,F51D34A9-0D23-4BEA-B3A9-FB874B8FFCE9,Chinook,NA,Adult,AD,NA,72,Kept,1,Chinook_Adult_AD_Kept,2023,8,34,143,NA,NA,No,1,143,Complete,05:30:00,07:53:00,837E59E4-AAC4-472F-9141-DCFEF81AE7B1,2023-08-26,Nisqually River,District 11,Nisqually salmon 2023,353AC5D9-3E46-48A3-9A0B-88DE7BC1160A,NA,Gear,NA,NA,NA,NA,NA,NA,NA,NA,NA,NA,2023-08-26T07:53:45Z,2023-09-01T19:30:32Z
54BC0592-6495-407F-A7B2-D50B870109BA,6DFF7622-FDEC-4B82-A066-018A73140BF4,Chinook,NA,Adult,AD,NA,68,Kept,1,Chinook_Adult_AD_Kept,2023,8,34,143,NA,NA,No,1,143,Complete,05:30:00,07:53:00,837E59E4-AAC4-472F-9141-DCFEF81AE7B1,2023-08-26,Nisqually River,District 11,Nisqually salmon 2023,353AC5D9-3E46-48A3-9A0B-88DE7BC1160A,NA,Gear,NA,NA,NA,NA,NA,NA,NA,NA,NA,NA,2023-08-26T07:53:45Z,2023-09-01T19:30:32Z
3F9AFBA6-8A32-47DB-B5E2-7A318F236F51,B3A96B62-D627-4088-8170-AD06DE2759F5,Chinook,NA,Adult,AD,NA,81,Kept,1,Chinook_Adult_AD_Kept,2023,8,34,141,NA,NA,No,1,141,Complete,06:00:00,08:21:00,837E59E4-AAC4-472F-9141-DCFEF81AE7B1,2023-08-26,Nisqually River,District 11,Nisqually salmon 2023,B8570EC4-2E53-4650-9BE3-A8E346A03A4D,NA,Gear,NA,NA,NA,NA,NA,NA,NA,NA,NA,NA,2023-08-26T08:22:02Z,2023-09-01T19:30:32Z
EAF555DF-50FC-42AD-A836-65F97A2D1E32,CD3F4A44-4D49-46BB-8EAC-8A794C27E7A7,Chinook,NA,Adult,AD,NA,60,Kept,1,Chinook_Adult_AD_Kept,2023,8,34,140,NA,NA,No,1,140,Complete,06:30:00,08:50:00,837E59E4-AAC4-472F-9141-DCFEF81AE7B1,2023-08-26,Nisqually River,District 11,Nisqually salmon 2023,089765DD-50CE-4180-8ADB-7E09D5B8099E,NA,Gear,NA,NA,NA,NA,NA,NA,NA,NA,NA,NA,2023-08-26T08:50:22Z,2023-09-01T19:30:32Z
25E0F7D2-D5E2-4301-BA8D-B1A87F4EECF9,66887F1A-C089-4487-B59B-2BBCA53A5E28,Chinook,NA,Adult,AD,NA,82,Kept,1,Chinook_Adult_AD_Kept,2023,8,34,226,NA,NA,No,1,226,Complete,05:30:00,09:16:00,837E59E4-AAC4-472F-9141-DCFEF81AE7B1,2023-08-26,Nisqually River,District 11,Nisqually salmon 2023,CA64A471-ED65-413D-8624-AE96A7215702,NA,Gear,NA,NA,NA,NA,NA,NA,NA,NA,NA,NA,2023-08-26T09:16:45Z,2023-09-01T19:30:32Z
25E0F7D2-D5E2-4301-BA8D-B1A87F4EECF9,6EF25543-94F5-4FC0-933E-D5A2A566AA10,Chinook,NA,Adult,AD,NA,68,Kept,1,Chinook_Adult_AD_Kept,2023,8,34,226,NA,NA,No,1,226,Complete,05:30:00,09:16:00,837E59E4-AAC4-472F-9141-DCFEF81AE7B1,2023-08-26,Nisqually River,District 11,Nisqually salmon 2023,CA64A471-ED65-413D-8624-AE96A7215702,NA,Gear,NA,NA,NA,NA,NA,NA,NA,NA,NA,NA,2023-08-26T09:16:45Z,2023-09-01T19:30:32Z
7FC4AC79-1E9C-4C3C-BE90-1D66C18277D0,4AA01F08-088D-42CC-9E29-A1DC903294B0,Chinook,NA,Jack,UNK,NA,NA,Kept,1,Chinook_Jack_UNK_Kept,2023,8,34,129,NA,NA,No,1,129,Complete,07:00:00,09:09:00,5B86F998-3321-4098-9AA5-5A7FE17929FE,2023-08-26,Nisqually River,District 11,Nisqually salmon 2023,34BADA70-032F-479E-893C-B963733E520A,NA,Gear,NA,NA,NA,NA,NA,NA,NA,NA,NA,NA,2023-08-26T09:09:51Z,2023-08-26T22:45:14Z
AB25D2B8-92BD-4DF9-A248-CF08731E753D,EDD415EE-4289-4EB1-B1ED-A2AD8AF34078,Chinook,NA,Adult,AD,NA,64,Kept,1,Chinook_Adult_AD_Kept,2023,8,34,272,NA,NA,No,1,272,Complete,06:20:00,10:52:00,5B86F998-3321-4098-9AA5-5A7FE17929FE,2023-08-26,Nisqually River,District 11,Nisqually salmon 2023,BC5AAAB7-5CC7-4B0B-91A2-40BD2A96353E,NA,Bait,NA,NA,NA,NA,NA,NA,NA,NA,NA,NA,2023-08-26T10:54:13Z,2023-08-26T22:45:14Z
AB25D2B8-92BD-4DF9-A248-CF08731E753D,ECECF5BB-290F-4037-BED5-1CB60C44F6E0,Chinook,NA,Adult,AD,NA,72,Kept,1,Chinook_Adult_AD_Kept,2023,8,34,272,NA,NA,No,1,272,Complete,06:20:00,10:52:00,5B86F998-3321-4098-9AA5-5A7FE17929FE,2023-08-26,Nisqually River,District 11,Nisqually salmon 2023,BC5AAAB7-5CC7-4B0B-91A2-40BD2A96353E,NA,Bait,NA,NA,NA,NA,NA,NA,NA,NA,NA,NA,2023-08-26T10:54:13Z,2023-08-26T22:45:14Z
D8580367-C72A-458C-83B3-5F84E0B5683D,B1D57AA3-E99F-45E8-98C3-50422AF84603,Chinook,NA,Adult,AD,NA,68,Kept,1,Chinook_Adult_AD_Kept,2023,8,34,315,NA,NA,No,1,315,Complete,05:40:00,10:55:00,5B86F998-3321-4098-9AA5-5A7FE17929FE,2023-08-26,Nisqually River,District 11,Nisqually salmon 2023,64D34C25-C7E1-4030-A599-C02745517193,NA,Gear,NA,NA,NA,NA,NA,NA,NA,NA,NA,NA,2023-08-26T10:56:12Z,2023-08-26T22:45:14Z
2488440B-EA21-43BB-9FA5-E9B706BAC5D0,B66EB703-A6AB-4A7B-AC79-51AA8729ED7E,Chinook,NA,Jack,AD,NA,43,Kept,1,Chinook_Jack_AD_Kept,2023,8,34,350,NA,Trailered Motorized Boat,Yes,4,1400,Complete,06:00:00,11:50:00,5B86F998-3321-4098-9AA5-5A7FE17929FE,2023-08-26,Nisqually River,District 11,Nisqually salmon 2023,52CE85B6-88E0-452C-B756-7B4B27D201B4,NA,Gear,NA,NA,NA,NA,NA,NA,NA,NA,NA,NA,2023-08-26T11:51:17Z,2023-08-26T22:45:14Z
2488440B-EA21-43BB-9FA5-E9B706BAC5D0,AC230D6A-6CDB-4188-824E-1421EFCF4410,Chinook,NA,Adult,AD,NA,62,Kept,1,Chinook_Adult_AD_Kept,2023,8,34,350,NA,Trailered Motorized Boat,Yes,4,1400,Complete,06:00:00,11:50:00,5B86F998-3321-4098-9AA5-5A7FE17929FE,2023-08-26,Nisqually River,District 11,Nisqually salmon 2023,52CE85B6-88E0-452C-B756-7B4B27D201B4,NA,Gear,NA,NA,NA,NA,NA,NA,NA,NA,NA,NA,2023-08-26T11:51:17Z,2023-08-26T22:45:14Z
F3BCD2B3-C169-4D1C-91FF-F856F2945128,BE8995D4-5069-4640-BD22-2F6F07C898E4,Chinook,NA,Jack,AD,NA,NA,Kept,1,Chinook_Jack_AD_Kept,2023,8,34,383,NA,NA,No,1,383,Complete,05:30:00,11:53:00,5B86F998-3321-4098-9AA5-5A7FE17929FE,2023-08-26,Nisqually River,District 11,Nisqually salmon 2023,2B037806-50F9-4C0D-8F5D-02DFB9204D80,NA,Gear,NA,NA,NA,NA,NA,NA,NA,NA,NA,NA,2023-08-26T11:53:17Z,2023-08-26T22:45:14Z
F3BCD2B3-C169-4D1C-91FF-F856F2945128,87E188A9-8025-488E-84D8-B9AB0F43FDEC,Chinook,NA,Adult,AD,NA,NA,Kept,1,Chinook_Adult_AD_Kept,2023,8,34,383,NA,NA,No,1,383,Complete,05:30:00,11:53:00,5B86F998-3321-4098-9AA5-5A7FE17929FE,2023-08-26,Nisqually River,District 11,Nisqually salmon 2023,2B037806-50F9-4C0D-8F5D-02DFB9204D80,NA,Gear,NA,NA,NA,NA,NA,NA,NA,NA,NA,NA,2023-08-26T11:53:17Z,2023-08-26T22:45:14Z
E2802313-0534-4ED8-8C4E-FE08B5E241FA,31810979-A103-4907-8787-28E4B26C1F75,Chinook,NA,Jack,AD,NA,41,Kept,1,Chinook_Jack_AD_Kept,2023,8,34,315,NA,NA,No,1,315,Complete,07:30:00,12:45:00,5B86F998-3321-4098-9AA5-5A7FE17929FE,2023-08-26,Nisqually River,District 11,Nisqually salmon 2023,863527A6-A03B-402C-A0CB-2DC3D0044CCB,NA,Gear,NA,NA,NA,NA,NA,NA,NA,NA,NA,NA,2023-08-26T12:45:20Z,2023-08-26T22:45:14Z
024C2F0D-7C8B-40C6-81E4-F319D31A34C4,18A3BC7D-EDE1-439C-BEC3-C4B969142908,Chinook,NA,Jack,AD,NA,45,Kept,1,Chinook_Jack_AD_Kept,2023,8,34,240,NA,NA,No,1,240,Complete,08:58:00,12:58:00,5B86F998-3321-4098-9AA5-5A7FE17929FE,2023-08-26,Nisqually River,District 11,Nisqually salmon 2023,022A9169-579C-417E-8807-4F75A4593D53,NA,Gear,NA,NA,NA,NA,NA,NA,NA,NA,NA,NA,2023-08-26T12:59:28Z,2023-08-26T22:45:14Z
55F437BA-5662-4351-AEFA-309F34F4FE12,EBA699DD-05C1-4B66-95CE-E42A146AAB21,Chinook,NA,Jack,AD,NA,58,Kept,1,Chinook_Jack_AD_Kept,2023,8,34,220,NA,NA,No,1,220,Complete,10:30:00,14:10:00,43299BB7-222F-46D1-A176-7929AB32F05A,2023-08-25,Nisqually River,District 11,Nisqually salmon 2023,A9B6BE53-64CA-447D-8963-38C36887A3DD,NA,Gear,NA,NA,NA,NA,NA,NA,NA,NA,NA,NA,2023-08-25T14:10:30Z,2023-08-26T19:45:14Z
55F437BA-5662-4351-AEFA-309F34F4FE12,1335F94D-33CA-4F31-B987-5F64A087601A,Chinook,NA,Adult,UM,NA,NA,Released,1,Chinook_Adult_UM_Released,2023,8,34,220,NA,NA,No,1,220,Complete,10:30:00,14:10:00,43299BB7-222F-46D1-A176-7929AB32F05A,2023-08-25,Nisqually River,District 11,Nisqually salmon 2023,A9B6BE53-64CA-447D-8963-38C36887A3DD,NA,Gear,NA,NA,NA,NA,NA,NA,NA,NA,NA,NA,2023-08-25T14:10:30Z,2023-08-26T19:45:14Z
662A5285-4797-487A-B39D-4B5FAC733DF5,6B447729-1F6B-4207-BF79-D6504E8E0CD4,Chinook,NA,Adult,AD,NA,64,Kept,1,Chinook_Adult_AD_Kept,2023,8,34,60,NA,NA,No,1,60,Complete,07:27:00,08:27:00,956022DC-8F1D-41C4-8247-2126C6E3357A,2023-08-25,Nisqually River,District 11,Nisqually salmon 2023,67FF1ECA-0680-4B80-BBF9-B0F136FB9D60,NA,Gear,NA,NA,NA,NA,NA,NA,NA,NA,NA,NA,2023-08-25T08:27:43Z,2024-01-12T18:10:54Z
C16360F6-4084-415B-8D18-41730AAA0816,781B0EFE-E82D-4C5B-8BE8-CBF7BA8EB55C,Chinook,NA,Adult,UNK,NA,NA,Released,1,Chinook_Adult_UNK_Released,2023,8,34,409,NA,NA,No,1,409,Complete,05:20:00,12:09:00,956022DC-8F1D-41C4-8247-2126C6E3357A,2023-08-25,Nisqually River,District 11,Nisqually salmon 2023,6CB2B93F-7314-4B88-8E2A-C4CDB22F37CD,NA,Gear,NA,NA,NA,NA,NA,NA,NA,NA,NA,NA,2023-08-25T12:09:14Z,2023-08-25T22:45:17Z
75DC5170-969F-4C86-986B-BF8A4CAD3CE4,84BDECB1-1BC3-458D-85CD-4D8B1D127AC0,Chinook,NA,Adult,AD,NA,69,Kept,1,Chinook_Adult_AD_Kept,2023,8,34,381,NA,NA,No,1,381,Complete,08:00:00,14:21:00,956022DC-8F1D-41C4-8247-2126C6E3357A,2023-08-25,Nisqually River,District 11,Nisqually salmon 2023,3A8D61AC-ED16-4A94-BC5D-E8EA533AE883,NA,Gear,NA,NA,NA,NA,NA,NA,NA,NA,NA,NA,2023-08-25T14:23:42Z,2023-08-25T22:45:17Z
2ADC6A2C-0B8B-4E32-B78F-9ECAEE631941,D58AC655-1C46-4056-85D4-7E2A504A5B2E,Chinook,NA,Jack,AD,NA,NA,Kept,1,Chinook_Jack_AD_Kept,2023,8,34,540,NA,Trailered Motorized Boat,Yes,3,1620,Complete,05:28:00,14:28:00,956022DC-8F1D-41C4-8247-2126C6E3357A,2023-08-25,Nisqually River,District 11,Nisqually salmon 2023,6A046904-EE59-4A78-8C52-A6712E4E084E,NA,Bait,NA,NA,NA,NA,NA,NA,NA,NA,NA,NA,2023-08-25T14:28:32Z,2023-08-25T22:45:17Z
139837BC-BE68-4265-B4A7-9ED7D636DABA,56C9E27F-3222-47B2-A23A-F169FCD0FABA,Chinook,NA,Jack,UNK,NA,NA,Released,1,Chinook_Jack_UNK_Released,2023,8,34,195,NA,NA,No,1,195,Complete,05:00:00,08:15:00,597D2B73-2E3E-4F05-8AC7-50365ADBC529,2023-08-25,Nisqually River,District 11,Nisqually salmon 2023,298AB59E-A0DB-4247-A2A7-B85DB9A4F494,NA,Gear,NA,NA,NA,NA,NA,NA,NA,NA,NA,NA,2023-08-25T08:16:01Z,2023-08-25T22:30:16Z
139837BC-BE68-4265-B4A7-9ED7D636DABA,6FBFD5B0-A333-4B45-B7FC-D109E63DDAAD,Chinook,NA,Adult,UM,NA,NA,Released,2,Chinook_Adult_UM_Released,2023,8,34,195,NA,NA,No,1,195,Complete,05:00:00,08:15:00,597D2B73-2E3E-4F05-8AC7-50365ADBC529,2023-08-25,Nisqually River,District 11,Nisqually salmon 2023,298AB59E-A0DB-4247-A2A7-B85DB9A4F494,NA,Gear,NA,NA,NA,NA,NA,NA,NA,NA,NA,NA,2023-08-25T08:16:01Z,2023-08-25T22:30:16Z
139837BC-BE68-4265-B4A7-9ED7D636DABA,70E5C25B-76EF-4789-8E0A-B741456FA4FA,Chinook,NA,Adult,AD,NA,65,Kept,1,Chinook_Adult_AD_Kept,2023,8,34,195,NA,NA,No,1,195,Complete,05:00:00,08:15:00,597D2B73-2E3E-4F05-8AC7-50365ADBC529,2023-08-25,Nisqually River,District 11,Nisqually salmon 2023,298AB59E-A0DB-4247-A2A7-B85DB9A4F494,NA,Gear,NA,NA,NA,NA,NA,NA,NA,NA,NA,NA,2023-08-25T08:16:01Z,2023-08-25T22:30:16Z
139837BC-BE68-4265-B4A7-9ED7D636DABA,8153F4ED-F32B-4087-A81D-2DDB619ECF0D,Chinook,NA,Adult,AD,NA,74,Kept,1,Chinook_Adult_AD_Kept,2023,8,34,195,NA,NA,No,1,195,Complete,05:00:00,08:15:00,597D2B73-2E3E-4F05-8AC7-50365ADBC529,2023-08-25,Nisqually River,District 11,Nisqually salmon 2023,298AB59E-A0DB-4247-A2A7-B85DB9A4F494,NA,Gear,NA,NA,NA,NA,NA,NA,NA,NA,NA,NA,2023-08-25T08:16:01Z,2023-08-25T22:30:16Z
B5D74F63-E915-4324-86DB-AF97965E0A54,62A6975C-C875-4354-9CA5-75797B6C076A,Chinook,NA,Adult,AD,NA,64,Kept,1,Chinook_Adult_AD_Kept,2023,8,34,196,NA,NA,No,1,196,Complete,05:21:00,08:37:00,597D2B73-2E3E-4F05-8AC7-50365ADBC529,2023-08-25,Nisqually River,District 11,Nisqually salmon 2023,4DF8D194-F7F5-4E5C-BF9F-3C28AF18C7D3,NA,Gear,NA,NA,NA,NA,NA,NA,NA,NA,NA,NA,2023-08-25T08:44:45Z,2023-08-25T22:30:16Z
B5D74F63-E915-4324-86DB-AF97965E0A54,93680F98-8DCF-4673-9DAE-16E203347D4A,Chinook,NA,Adult,AD,NA,65,Kept,1,Chinook_Adult_AD_Kept,2023,8,34,196,NA,NA,No,1,196,Complete,05:21:00,08:37:00,597D2B73-2E3E-4F05-8AC7-50365ADBC529,2023-08-25,Nisqually River,District 11,Nisqually salmon 2023,4DF8D194-F7F5-4E5C-BF9F-3C28AF18C7D3,NA,Gear,NA,NA,NA,NA,NA,NA,NA,NA,NA,NA,2023-08-25T08:44:45Z,2023-08-25T22:30:16Z
AB66A3E1-12E1-4D39-860C-E7E51B9E9A91,BA2D6BC6-1F80-444C-BF81-7EF45C4D0372,Chinook,NA,Jack,AD,NA,58,Kept,1,Chinook_Jack_AD_Kept,2023,8,34,199,NA,NA,No,1,199,Complete,06:00:00,09:19:00,597D2B73-2E3E-4F05-8AC7-50365ADBC529,2023-08-25,Nisqually River,District 11,Nisqually salmon 2023,2773886B-935D-436F-9942-85C9756F9031,NA,Gear,NA,NA,NA,NA,NA,NA,NA,NA,NA,NA,2023-08-25T09:20:37Z,2023-08-25T22:30:16Z
908438C9-019E-4458-8A98-DDCCB6993869,00875396-5A36-4FCB-932F-2C966E8D5BA5,Chinook,NA,Jack,AD,NA,45,Kept,1,Chinook_Jack_AD_Kept,2023,8,34,255,NA,NA,No,1,255,Complete,05:21:00,09:36:00,597D2B73-2E3E-4F05-8AC7-50365ADBC529,2023-08-25,Nisqually River,District 11,Nisqually salmon 2023,D568E75C-918F-4E9A-9D61-E8BA08B17FF2,NA,Gear,NA,NA,NA,NA,NA,NA,NA,NA,NA,NA,2023-08-25T09:36:54Z,2023-08-25T22:30:16Z
0D248112-18C2-47AF-9DEB-A503F452CF7B,403E1196-F415-4D9F-A0AF-8BA1BAFE2A61,Chinook,NA,Adult,UM,NA,NA,Released,1,Chinook_Adult_UM_Released,2023,8,34,310,NA,NA,No,1,310,Complete,05:21:00,10:31:00,597D2B73-2E3E-4F05-8AC7-50365ADBC529,2023-08-25,Nisqually River,District 11,Nisqually salmon 2023,63528CBF-940D-4147-BE1F-A21DCCB9AB58,NA,Gear,NA,NA,NA,NA,NA,NA,NA,NA,NA,NA,2023-08-25T10:32:18Z,2023-08-25T22:30:16Z
58571754-F18F-44BA-BD93-F3F3D3C182E9,908E69C7-C6B7-4185-ADB2-29BC7DFE0760,Chinook,NA,Adult,AD,NA,NA,Kept,1,Chinook_Adult_AD_Kept,2023,8,34,304,NA,NA,No,1,304,Complete,06:20:00,11:24:00,597D2B73-2E3E-4F05-8AC7-50365ADBC529,2023-08-25,Nisqually River,District 11,Nisqually salmon 2023,B4CB3228-6EBB-4C3D-A2CD-7D1FEA7567E0,NA,Gear,NA,NA,NA,NA,NA,NA,NA,NA,NA,NA,2023-08-25T11:28:11Z,2023-08-25T22:30:16Z
510FB4B3-C3B1-42AC-B942-F79C3A7B5D36,29270D33-949A-4612-80C0-F71EDF7231A3,Chinook,NA,Adult,AD,NA,68,Kept,1,Chinook_Adult_AD_Kept,2023,8,34,351,NA,NA,No,1,351,Complete,06:00:00,11:51:00,597D2B73-2E3E-4F05-8AC7-50365ADBC529,2023-08-25,Nisqually River,District 11,Nisqually salmon 2023,8F16B339-84A8-4B4A-BB3D-F71B1917F40C,NA,Gear,NA,NA,NA,NA,NA,NA,NA,NA,NA,NA,2023-08-25T11:47:39Z,2023-08-25T22:30:16Z
510FB4B3-C3B1-42AC-B942-F79C3A7B5D36,64AE0247-2E55-4F12-AB80-ED916F62D8BC,Chinook,NA,Adult,UM,NA,NA,Released,2,Chinook_Adult_UM_Released,2023,8,34,351,NA,NA,No,1,351,Complete,06:00:00,11:51:00,597D2B73-2E3E-4F05-8AC7-50365ADBC529,2023-08-25,Nisqually River,District 11,Nisqually salmon 2023,8F16B339-84A8-4B4A-BB3D-F71B1917F40C,NA,Gear,NA,NA,NA,NA,NA,NA,NA,NA,NA,NA,2023-08-25T11:47:39Z,2023-08-25T22:30:16Z
AEB25902-07E9-49F9-A352-8C20D8E06E75,3212832D-DB55-46B5-960B-17B82AF0C9B5,Chinook,NA,Adult,UM,NA,NA,Released,1,Chinook_Adult_UM_Released,2023,8,34,403,NA,NA,No,2,806,Complete,05:21:00,12:04:00,597D2B73-2E3E-4F05-8AC7-50365ADBC529,2023-08-25,Nisqually River,District 11,Nisqually salmon 2023,5ECAF089-2B0E-46EE-999E-AC29B5210A90,NA,Gear,NA,NA,NA,NA,NA,NA,NA,NA,NA,NA,2023-08-25T12:04:47Z,2023-08-25T22:30:16Z
AEB25902-07E9-49F9-A352-8C20D8E06E75,E3E07416-AE1C-46DF-9F13-9D76D0E2C7AF,Chinook,NA,Adult,AD,NA,79,Kept,1,Chinook_Adult_AD_Kept,2023,8,34,403,NA,NA,No,2,806,Complete,05:21:00,12:04:00,597D2B73-2E3E-4F05-8AC7-50365ADBC529,2023-08-25,Nisqually River,District 11,Nisqually salmon 2023,5ECAF089-2B0E-46EE-999E-AC29B5210A90,NA,Gear,NA,NA,NA,NA,NA,NA,NA,NA,NA,NA,2023-08-25T12:04:47Z,2023-08-25T22:30:16Z
28F1D5C3-A29B-45BC-B349-CAA9812508B5,FBD0E56A-2758-44A9-8B7F-12872FC89EEB,Chinook,NA,Adult,UM,NA,NA,Released,1,Chinook_Adult_UM_Released,2023,8,34,352,NA,NA,No,1,352,Complete,11:30:00,17:22:00,FED71DDE-7154-4706-8022-8ADF352F5F15,2023-08-24,Nisqually River,District 11,Nisqually salmon 2023,2C7256C2-0FFF-4A10-969D-BE40582E2010,NA,Gear,NA,NA,NA,NA,NA,NA,NA,NA,NA,NA,2023-08-24T17:22:30Z,2023-08-25T18:45:12Z
28F1D5C3-A29B-45BC-B349-CAA9812508B5,7ECD4B80-8EDF-4DC3-9660-840C82DB497C,Chinook,NA,Adult,AD,NA,82,Kept,1,Chinook_Adult_AD_Kept,2023,8,34,352,NA,NA,No,1,352,Complete,11:30:00,17:22:00,FED71DDE-7154-4706-8022-8ADF352F5F15,2023-08-24,Nisqually River,District 11,Nisqually salmon 2023,2C7256C2-0FFF-4A10-969D-BE40582E2010,NA,Gear,NA,NA,NA,NA,NA,NA,NA,NA,NA,NA,2023-08-24T17:22:30Z,2023-08-25T18:45:12Z
FC565D4F-7F42-44B5-AE45-CE43B1C342F4,4D09F2C3-28FC-4F6B-92B5-4439206F8F06,Chinook,NA,Adult,AD,NA,NA,Kept,1,Chinook_Adult_AD_Kept,2023,8,34,406,NA,NA,No,2,812,Complete,13:45:00,20:31:00,FED71DDE-7154-4706-8022-8ADF352F5F15,2023-08-24,Nisqually River,District 11,Nisqually salmon 2023,7948D935-A48B-4AD4-A280-44B070F9B0E6,NA,Bait,NA,NA,NA,NA,NA,NA,NA,NA,NA,NA,2023-08-24T20:31:20Z,2023-08-25T18:45:12Z
1449FBE3-5DA1-4214-B3C3-B37E6705EBE6,FAEB0F98-EF89-4AE8-B00B-E7DE365723AD,Chinook,NA,Jack,AD,NA,52,Kept,1,Chinook_Jack_AD_Kept,2023,8,34,180,NA,NA,No,2,360,Complete,05:21:00,08:21:00,01436B50-51BE-45CC-A9A8-7393D4083691,2023-08-24,Nisqually River,District 11,Nisqually salmon 2023,D57B5B60-0564-4EA7-8063-5B6D4A0BE12E,NA,Gear,NA,NA,NA,NA,NA,NA,NA,NA,NA,NA,2023-08-24T08:22:05Z,2023-08-24T22:30:14Z
1449FBE3-5DA1-4214-B3C3-B37E6705EBE6,6B15A4C1-6129-4947-97A6-F24B44C867A4,Chinook,NA,Adult,AD,NA,62,Kept,1,Chinook_Adult_AD_Kept,2023,8,34,180,NA,NA,No,2,360,Complete,05:21:00,08:21:00,01436B50-51BE-45CC-A9A8-7393D4083691,2023-08-24,Nisqually River,District 11,Nisqually salmon 2023,D57B5B60-0564-4EA7-8063-5B6D4A0BE12E,NA,Gear,NA,NA,NA,NA,NA,NA,NA,NA,NA,NA,2023-08-24T08:22:05Z,2023-08-24T22:30:14Z
EA04289E-5DA1-4907-86BB-29EC9348B7AC,D4E194C2-86C2-4E20-9A9F-56CCB9615151,Chinook,NA,Adult,AD,NA,68,Kept,1,Chinook_Adult_AD_Kept,2023,8,34,209,NA,NA,No,1,209,Complete,05:45:00,09:14:00,01436B50-51BE-45CC-A9A8-7393D4083691,2023-08-24,Nisqually River,District 11,Nisqually salmon 2023,61253A67-A6EF-4106-A52C-E2BCF85B10D7,NA,Gear,NA,NA,NA,NA,NA,NA,NA,NA,NA,NA,2023-08-24T09:14:27Z,2023-08-24T22:30:14Z
FC8605DB-137B-49A3-9B8D-6D5191D7F822,C6C5FAB7-28C0-4E2F-93A6-25F90CFD1BFC,Chinook,NA,Adult,AD,NA,64,Kept,1,Chinook_Adult_AD_Kept,2023,8,34,188,NA,NA,No,1,188,Complete,07:00:00,10:08:00,01436B50-51BE-45CC-A9A8-7393D4083691,2023-08-24,Nisqually River,District 11,Nisqually salmon 2023,B4ADECA1-D0BC-4A6B-9AC9-BF69B480DE20,NA,Gear,NA,NA,NA,NA,NA,NA,NA,NA,NA,NA,2023-08-24T10:08:44Z,2023-08-24T22:30:14Z
8FD6FEAF-3391-4B7C-A208-1499D0222673,C51984EF-DF6D-45D7-A010-0127A8A8D73A,Chinook,NA,Adult,AD,NA,62,Kept,1,Chinook_Adult_AD_Kept,2023,8,34,288,NA,NA,No,1,288,Complete,06:00:00,10:48:00,01436B50-51BE-45CC-A9A8-7393D4083691,2023-08-24,Nisqually River,District 11,Nisqually salmon 2023,67D7BE10-7D03-4BF9-8DED-6C1FD3B733BF,NA,Gear,NA,NA,NA,NA,NA,NA,NA,NA,NA,NA,2023-08-24T10:48:56Z,2023-08-24T22:30:14Z
8FD6FEAF-3391-4B7C-A208-1499D0222673,765AB161-48C8-42F3-8619-C7C21ED3ABA7,Chinook,NA,Jack,AD,NA,52,Kept,1,Chinook_Jack_AD_Kept,2023,8,34,288,NA,NA,No,1,288,Complete,06:00:00,10:48:00,01436B50-51BE-45CC-A9A8-7393D4083691,2023-08-24,Nisqually River,District 11,Nisqually salmon 2023,67D7BE10-7D03-4BF9-8DED-6C1FD3B733BF,NA,Gear,NA,NA,NA,NA,NA,NA,NA,NA,NA,NA,2023-08-24T10:48:56Z,2023-08-24T22:30:14Z
E64582F6-857E-4527-A75B-F7CC62DADAAA,93CD3AAE-AF9A-4129-874B-DCE34BDE8FAD,Chinook,NA,Jack,UM,NA,NA,Released,1,Chinook_Jack_UM_Released,2023,8,34,360,NA,NA,No,1,360,Complete,05:36:00,11:36:00,01436B50-51BE-45CC-A9A8-7393D4083691,2023-08-24,Nisqually River,District 11,Nisqually salmon 2023,432963DC-D25A-47F3-A599-08FB98CFFA7C,NA,Gear,NA,NA,NA,NA,NA,NA,NA,NA,NA,NA,2023-08-24T11:36:25Z,2023-08-24T22:30:14Z
A52AE9CC-16F1-422E-9024-BD1E16F76661,ECF05B3B-2101-43D5-8342-CA6375171C65,Chinook,NA,Jack,AD,NA,52,Kept,1,Chinook_Jack_AD_Kept,2023,8,34,360,NA,NA,No,1,360,Complete,05:40:00,11:40:00,01436B50-51BE-45CC-A9A8-7393D4083691,2023-08-24,Nisqually River,District 11,Nisqually salmon 2023,0E1D465A-535A-456E-BE65-C4EFFF7A625A,NA,Gear,NA,NA,NA,NA,NA,NA,NA,NA,NA,NA,2023-08-24T11:41:03Z,2023-08-24T22:30:14Z
8A84F057-89E9-4452-B448-C37D7AEC4B30,8F426321-E8AF-4BBA-B1DD-314D62AC89FB,Chinook,NA,Jack,AD,NA,52,Kept,1,Chinook_Jack_AD_Kept,2023,8,34,197,NA,NA,No,2,394,Complete,05:30:00,08:47:00,45ACCF11-B289-4D8E-A51B-685F5661A323,2023-08-24,Nisqually River,District 11,Nisqually salmon 2023,4FF253E8-D934-4D6F-A50F-38D758B77119,NA,Bait,NA,NA,NA,NA,NA,NA,NA,NA,NA,NA,2023-08-24T08:47:33Z,2023-08-24T22:30:14Z
244AF37D-8AD2-465E-BD51-AF418A2B5DF0,9C101609-7E76-4757-ACAF-AF25067F041B,Chinook,NA,Jack,AD,NA,41,Kept,1,Chinook_Jack_AD_Kept,2023,8,34,239,NA,NA,No,1,239,Complete,05:30:00,09:29:00,45ACCF11-B289-4D8E-A51B-685F5661A323,2023-08-24,Nisqually River,District 11,Nisqually salmon 2023,8816D711-113C-43F5-8750-1BF1AC75586A,NA,Gear,NA,NA,NA,NA,NA,NA,NA,NA,NA,NA,2023-08-24T09:29:41Z,2023-08-24T22:30:14Z
D4E373FE-D880-435D-A554-1D83960B3DEF,704D599B-3ACF-42A3-9292-375661D9CE69,Chinook,NA,Adult,UM,NA,NA,Released,2,Chinook_Adult_UM_Released,2023,8,34,296,NA,NA,No,2,592,Complete,05:30:00,10:26:00,45ACCF11-B289-4D8E-A51B-685F5661A323,2023-08-24,Nisqually River,District 11,Nisqually salmon 2023,78E69911-1BF1-4C62-8372-67A95ADD5CBE,NA,Gear,NA,NA,NA,NA,NA,NA,NA,NA,NA,NA,2023-08-24T10:27:08Z,2023-08-24T22:30:14Z
9FF61306-4D1A-4653-9E08-4A7BC369B185,052979D1-F77A-41C8-8598-B88A88B839D4,Chinook,NA,Adult,UM,NA,NA,Released,1,Chinook_Adult_UM_Released,2023,8,34,223,NA,NA,No,2,446,Complete,05:30:00,09:13:00,780BFB64-67F1-4ECF-94AC-480C3FC1E752,2023-08-23,Nisqually River,District 11,Nisqually salmon 2023,2CACEFAF-BF08-4A63-A830-2A60594FF8B4,NA,Gear,NA,NA,NA,NA,NA,NA,NA,NA,NA,NA,2023-08-23T09:13:48Z,2023-08-23T22:15:17Z
E1E99759-275E-44D6-B0C1-E74551C0722D,6CF34686-61A8-405F-A125-E9E6B9271F7B,Chinook,NA,Adult,AD,NA,81,Kept,1,Chinook_Adult_AD_Kept,2023,8,34,180,NA,NA,No,1,180,Complete,05:50:00,08:50:00,6543E244-698A-4A52-BDF7-9B652E8BAC83,2023-08-23,Nisqually River,District 11,Nisqually salmon 2023,F58138F4-EF07-4EF4-B802-A5DBAEB7AF6C,NA,Gear,NA,NA,NA,NA,NA,NA,NA,NA,NA,NA,2023-08-23T08:50:22Z,2023-08-23T23:00:13Z
93F81D68-B484-4AA7-97A5-1FBAB28DE1F1,D11DF0B0-35EA-41BB-9A8C-A1579B11AC55,Chinook,NA,Jack,AD,NA,53,Kept,1,Chinook_Jack_AD_Kept,2023,8,34,238,NA,NA,No,1,238,Complete,05:30:00,09:28:00,6543E244-698A-4A52-BDF7-9B652E8BAC83,2023-08-23,Nisqually River,District 11,Nisqually salmon 2023,9B2CDD0A-72C7-4CA1-93A8-4EB1D6632C3B,NA,Gear,NA,NA,NA,NA,NA,NA,NA,NA,NA,NA,2023-08-23T09:28:38Z,2023-08-23T23:00:13Z
93F81D68-B484-4AA7-97A5-1FBAB28DE1F1,6B624C98-A536-4159-8927-6838CD3A199B,Chinook,NA,Adult,AD,NA,70,Kept,1,Chinook_Adult_AD_Kept,2023,8,34,238,NA,NA,No,1,238,Complete,05:30:00,09:28:00,6543E244-698A-4A52-BDF7-9B652E8BAC83,2023-08-23,Nisqually River,District 11,Nisqually salmon 2023,9B2CDD0A-72C7-4CA1-93A8-4EB1D6632C3B,NA,Gear,NA,NA,NA,NA,NA,NA,NA,NA,NA,NA,2023-08-23T09:28:38Z,2023-08-23T23:00:13Z
D5C5AF8F-2C33-4B44-81A8-29BE723858A6,BBAEFDC3-F923-4B50-9E9C-08AF97F21669,Chinook,NA,Jack,AD,NA,48,Kept,1,Chinook_Jack_AD_Kept,2023,8,34,241,NA,NA,No,1,241,Complete,06:00:00,10:01:00,6543E244-698A-4A52-BDF7-9B652E8BAC83,2023-08-23,Nisqually River,District 11,Nisqually salmon 2023,5B8612FB-A8CD-47E6-B616-8D0195D54003,NA,Gear,NA,NA,NA,NA,NA,NA,NA,NA,NA,NA,2023-08-23T10:01:56Z,2023-08-23T23:00:13Z
D5C5AF8F-2C33-4B44-81A8-29BE723858A6,40AE1DDD-5C92-4742-B790-89A3086733AE,Chinook,NA,Adult,AD,NA,65,Kept,1,Chinook_Adult_AD_Kept,2023,8,34,241,NA,NA,No,1,241,Complete,06:00:00,10:01:00,6543E244-698A-4A52-BDF7-9B652E8BAC83,2023-08-23,Nisqually River,District 11,Nisqually salmon 2023,5B8612FB-A8CD-47E6-B616-8D0195D54003,NA,Gear,NA,NA,NA,NA,NA,NA,NA,NA,NA,NA,2023-08-23T10:01:56Z,2023-08-23T23:00:13Z
72F68B22-7B7C-4CC7-A3ED-41599FF97D46,9B105DD3-27C8-4770-9224-E65CEF6B0998,Chinook,NA,Adult,AD,NA,NA,Released,2,Chinook_Adult_AD_Released,2023,8,34,247,NA,NA,No,1,247,Complete,06:00:00,10:07:00,6543E244-698A-4A52-BDF7-9B652E8BAC83,2023-08-23,Nisqually River,District 11,Nisqually salmon 2023,2151E17F-9E72-4EFD-A3DD-0F8A767C66A5,NA,Gear,NA,NA,NA,NA,NA,NA,NA,NA,NA,NA,2023-08-23T10:08:49Z,2023-08-23T23:00:13Z
95536391-F0B8-4B0F-8623-138C5026ECA2,A78662AB-ABBB-4761-9B45-CCD60D449FD4,Chinook,NA,Adult,AD,NA,NA,Released,2,Chinook_Adult_AD_Released,2023,8,34,296,NA,NA,No,1,296,Complete,05:15:00,10:11:00,6543E244-698A-4A52-BDF7-9B652E8BAC83,2023-08-23,Nisqually River,District 11,Nisqually salmon 2023,34E1E071-BA75-4573-9C84-487796219028,NA,Bait,NA,NA,NA,NA,NA,NA,NA,NA,NA,NA,2023-08-23T10:11:41Z,2023-08-23T23:00:13Z
BAD99987-5ACB-4911-907E-B96ADD857470,5759BB42-3BAB-47DB-B131-9A0B806A8305,Chinook,NA,Adult,AD,NA,68,Kept,1,Chinook_Adult_AD_Kept,2023,8,34,212,NA,NA,No,1,212,Complete,07:00:00,10:32:00,6543E244-698A-4A52-BDF7-9B652E8BAC83,2023-08-23,Nisqually River,District 11,Nisqually salmon 2023,772D632B-B559-442B-9976-44E5889717E4,NA,Gear,NA,NA,NA,NA,NA,NA,NA,NA,NA,NA,2023-08-23T10:32:53Z,2023-08-23T23:00:13Z
9AB7C618-86C0-4BE9-93A1-0D80E38B14B7,F292AE98-7331-4147-AA20-0F00818AFFB2,Chinook,NA,Adult,UM,NA,NA,Released,1,Chinook_Adult_UM_Released,2023,8,34,358,NA,NA,No,1,358,Complete,05:18:00,11:16:00,6543E244-698A-4A52-BDF7-9B652E8BAC83,2023-08-23,Nisqually River,District 11,Nisqually salmon 2023,81CCAF50-1B1D-45EA-9B5A-E316E5C0D2A5,NA,Gear,NA,NA,NA,NA,NA,NA,NA,NA,NA,NA,2023-08-23T11:15:22Z,2023-08-23T23:00:13Z
1FC453A9-29B2-4F88-9173-72632060A9D2,6CBB6EFE-A32E-477E-A760-437C99EBA8D2,Chinook,NA,Adult,AD,NA,66,Kept,1,Chinook_Adult_AD_Kept,2023,8,34,367,NA,NA,No,1,367,Complete,05:30:00,11:37:00,6543E244-698A-4A52-BDF7-9B652E8BAC83,2023-08-23,Nisqually River,District 11,Nisqually salmon 2023,72CF94DC-5020-4A74-B5B2-47D37696EE23,NA,Gear,NA,NA,NA,NA,NA,NA,NA,NA,NA,NA,2023-08-23T11:38:02Z,2024-02-21T22:20:08Z
77761734-F68A-4B3A-B1AB-2C6F79787211,A2E8BBC0-5D08-485E-9DED-6B22F2B5FE47,Chinook,NA,Adult,AD,NA,NA,Released,1,Chinook_Adult_AD_Released,2023,8,34,363,NA,NA,No,1,363,Complete,05:45:00,11:48:00,6543E244-698A-4A52-BDF7-9B652E8BAC83,2023-08-23,Nisqually River,District 11,Nisqually salmon 2023,98855293-7887-4454-BD53-EF7264A1C8D7,NA,Gear,NA,NA,NA,NA,NA,NA,NA,NA,NA,NA,2023-08-23T11:50:14Z,2023-08-23T23:00:13Z
0B2E51C5-74B5-4432-8BAF-CA541F4B1D3A,FB3AA1F3-571D-4E7D-ABA2-3F88C6B24E04,Chinook,NA,Adult,AD,NA,72,Kept,1,Chinook_Adult_AD_Kept,2023,8,33,509,NA,Drift Boat/ Raft,Yes,1,509,Complete,09:00:00,17:29:00,888B28FD-FD0A-4DFF-98FE-470EB412E9BF,2023-08-19,Nisqually River,District 11,Nisqually salmon 2023,2143DCAA-BBFD-4C17-9FF8-8CC5110D4100,NA,Bait,NA,NA,NA,NA,NA,NA,NA,NA,NA,NA,2023-08-19T17:29:15Z,2023-08-23T14:30:14Z
0B2E51C5-74B5-4432-8BAF-CA541F4B1D3A,02B3AB8F-70D5-4761-B9ED-976EEAAF91CA,Chinook,NA,Adult,AD,NA,82,Kept,1,Chinook_Adult_AD_Kept,2023,8,33,509,NA,Drift Boat/ Raft,Yes,1,509,Complete,09:00:00,17:29:00,888B28FD-FD0A-4DFF-98FE-470EB412E9BF,2023-08-19,Nisqually River,District 11,Nisqually salmon 2023,2143DCAA-BBFD-4C17-9FF8-8CC5110D4100,NA,Bait,NA,NA,NA,NA,NA,NA,NA,NA,NA,NA,2023-08-19T17:29:15Z,2023-08-23T14:30:14Z
248A4084-CE32-4D6C-A52D-F828F56783E8,01558373-8849-4F07-BDF8-833C043109F9,Chinook,NA,Adult,UM,NA,NA,Released,1,Chinook_Adult_UM_Released,2023,8,33,180,NA,NA,No,1,180,Complete,15:55:00,18:55:00,888B28FD-FD0A-4DFF-98FE-470EB412E9BF,2023-08-19,Nisqually River,District 11,Nisqually salmon 2023,DF174736-2ADB-4777-B8E3-A07263F3EA21,NA,Bait,NA,NA,NA,NA,NA,NA,NA,NA,NA,NA,2023-08-19T18:55:14Z,2023-08-23T14:30:14Z
AE39B687-68B7-4FC7-ABF8-068340444E09,E1C4A012-3FF0-4734-8BA0-81EC897DB021,Chinook,NA,Adult,AD,NA,61,Kept,1,Chinook_Adult_AD_Kept,2023,8,33,421,NA,NA,No,1,421,Complete,05:30:00,12:31:00,FC18D74B-6BC1-4291-BA32-F026A95ECE42,2023-08-19,Nisqually River,District 11,Nisqually salmon 2023,5DDAECF2-15B3-40C0-8F92-78738893D4E2,NA,Bait,NA,NA,NA,NA,NA,NA,NA,NA,NA,NA,2023-08-19T12:32:10Z,2023-08-21T14:30:02Z
55C80424-718A-4FDA-B69D-C9533D353D17,A5F75FC0-BB75-494E-A725-F07D394BC34A,Chinook,NA,Jack,AD,NA,59,Kept,1,Chinook_Jack_AD_Kept,2023,8,33,404,NA,NA,No,1,404,Complete,05:15:00,11:59:00,D2EB054F-7A15-431B-9BEF-EE8DD24F1232,2023-08-19,Nisqually River,District 11,Nisqually salmon 2023,8BA17C0B-6ED6-44C9-BDE6-CD283F27D7E6,NA,Bait,NA,NA,NA,NA,NA,NA,NA,NA,NA,NA,2023-08-19T12:00:25Z,2023-08-19T22:30:08Z
55C80424-718A-4FDA-B69D-C9533D353D17,73B24C4C-83DF-4712-B096-96AA13B17B8C,Chinook,NA,Adult,AD,NA,63,Kept,1,Chinook_Adult_AD_Kept,2023,8,33,404,NA,NA,No,1,404,Complete,05:15:00,11:59:00,D2EB054F-7A15-431B-9BEF-EE8DD24F1232,2023-08-19,Nisqually River,District 11,Nisqually salmon 2023,8BA17C0B-6ED6-44C9-BDE6-CD283F27D7E6,NA,Bait,NA,NA,NA,NA,NA,NA,NA,NA,NA,NA,2023-08-19T12:00:25Z,2023-08-19T22:30:08Z
6E5CED3B-24C6-472D-8C26-C5482D9795D1,8D920CA2-E429-4C36-94FA-1583757A37AF,Chinook,NA,Adult,AD,NA,72,Kept,1,Chinook_Adult_AD_Kept,2023,8,33,557,NA,NA,No,1,557,Complete,05:12:00,14:29:00,D2EB054F-7A15-431B-9BEF-EE8DD24F1232,2023-08-19,Nisqually River,District 11,Nisqually salmon 2023,62759388-C180-4274-90AE-62A2E770F0F0,NA,Bait,NA,NA,NA,NA,NA,NA,NA,NA,NA,NA,2023-08-19T14:29:50Z,2023-08-19T22:30:08Z
48E7185F-D5C1-4329-972D-2F91FCC18353,60B82FFC-A3F2-4F50-B7B8-A6CF8AA8159D,Chinook,NA,Adult,AD,NA,64,Kept,1,Chinook_Adult_AD_Kept,2023,8,33,517,NA,NA,No,2,1034,Complete,12:00:00,20:37:00,9B2CF386-F9C7-4BCA-872A-B3558BFA245C,2023-08-18,Nisqually River,District 11,Nisqually salmon 2023,53924393-0DE7-48E6-93D4-B585F189F83C,NA,Gear,NA,NA,NA,NA,NA,NA,NA,NA,NA,NA,2023-08-18T20:37:38Z,2023-08-23T14:30:14Z
48E7185F-D5C1-4329-972D-2F91FCC18353,025212A6-BAEA-49CE-95E5-5F3904562E76,Chinook,NA,Adult,AD,NA,72,Kept,1,Chinook_Adult_AD_Kept,2023,8,33,517,NA,NA,No,2,1034,Complete,12:00:00,20:37:00,9B2CF386-F9C7-4BCA-872A-B3558BFA245C,2023-08-18,Nisqually River,District 11,Nisqually salmon 2023,53924393-0DE7-48E6-93D4-B585F189F83C,NA,Gear,NA,NA,NA,NA,NA,NA,NA,NA,NA,NA,2023-08-18T20:37:38Z,2023-08-23T14:30:14Z
C96FB3CA-C1B5-4C44-8C8C-FDB88326D325,AA79C6D7-EB8B-433A-81A2-D06562A78C0A,Chinook,NA,Adult,AD,NA,NA,Released,1,Chinook_Adult_AD_Released,2023,8,33,345,NA,NA,No,1,345,Complete,05:45:00,11:30:00,432A5572-257F-4B45-88F3-896B8F54014A,2023-08-18,Nisqually River,District 11,Nisqually salmon 2023,DD9B3236-21F1-4469-BDB9-350A7337410A,NA,Gear,NA,NA,NA,NA,NA,NA,NA,NA,NA,NA,2023-08-18T11:31:02Z,2023-08-18T22:15:01Z
7A5312F5-226B-4125-994B-1811444D7060,DE4F4DBF-1D2B-470A-B5B0-E148AC311619,Chinook,NA,Adult,AD,NA,75,Kept,1,Chinook_Adult_AD_Kept,2023,8,33,230,NA,NA,No,1,230,Complete,08:00:00,11:50:00,432A5572-257F-4B45-88F3-896B8F54014A,2023-08-18,Nisqually River,District 11,Nisqually salmon 2023,C5F3C3A8-82EA-4FC4-9BFC-B87DEF3EEEAF,NA,Gear,NA,NA,NA,NA,NA,NA,NA,NA,NA,NA,2023-08-18T11:51:23Z,2023-08-18T22:15:01Z
3BB86C8F-06D6-4D50-AD69-A5EAADE2C1B6,0A74D3B4-0799-49A1-ADF5-581FD1A30E57,Chinook,NA,Adult,AD,NA,NA,Kept,2,Chinook_Adult_AD_Kept,2023,8,33,720,NA,Trailered Motorized Boat,Yes,2,1440,Complete,05:56:00,17:56:00,0DD3AB6F-7E74-4D5E-BD1A-0857EA3905C3,2023-08-17,Nisqually River,District 11,Nisqually salmon 2023,649C27AF-317D-4E80-8C75-58925E7F9BA3,NA,Gear,NA,NA,NA,NA,NA,NA,NA,NA,NA,NA,2023-08-17T17:57:32Z,2023-08-18T04:15:01Z
3BB86C8F-06D6-4D50-AD69-A5EAADE2C1B6,32F91DEA-BFA2-4D12-9D17-2C6F3B3280A4,Chinook,NA,Jack,UM,NA,NA,Released,1,Chinook_Jack_UM_Released,2023,8,33,720,NA,Trailered Motorized Boat,Yes,2,1440,Complete,05:56:00,17:56:00,0DD3AB6F-7E74-4D5E-BD1A-0857EA3905C3,2023-08-17,Nisqually River,District 11,Nisqually salmon 2023,649C27AF-317D-4E80-8C75-58925E7F9BA3,NA,Gear,NA,NA,NA,NA,NA,NA,NA,NA,NA,NA,2023-08-17T17:57:32Z,2023-08-18T04:15:01Z
3BB86C8F-06D6-4D50-AD69-A5EAADE2C1B6,536A8444-BD23-45DF-A0EF-EFF0FC4B11E4,Chinook,NA,Jack,AD,NA,NA,Kept,3,Chinook_Jack_AD_Kept,2023,8,33,720,NA,Trailered Motorized Boat,Yes,2,1440,Complete,05:56:00,17:56:00,0DD3AB6F-7E74-4D5E-BD1A-0857EA3905C3,2023-08-17,Nisqually River,District 11,Nisqually salmon 2023,649C27AF-317D-4E80-8C75-58925E7F9BA3,NA,Gear,NA,NA,NA,NA,NA,NA,NA,NA,NA,NA,2023-08-17T17:57:32Z,2023-08-18T04:15:01Z
190B5243-0D4D-4F99-ABBB-9B58DAC7720D,8DE18DEC-B5DA-48F0-B89A-AA6951927924,Chinook,NA,Adult,AD,NA,68,Kept,1,Chinook_Adult_AD_Kept,2023,8,33,188,NA,NA,No,1,188,Complete,05:00:00,08:08:00,E8032F68-F5BF-41F0-BE93-14B6D3E7C803,2023-08-17,Nisqually River,District 11,Nisqually salmon 2023,AA09A93C-9B6E-4B3B-A1C5-24F8439C5FFF,NA,Gear,NA,NA,NA,NA,NA,NA,NA,NA,NA,NA,2023-08-17T08:08:14Z,2023-08-17T22:45:03Z
5FE01BA7-7320-4D32-8958-F378F0C9D2F5,9BA5B7AD-1ED7-4EF0-A064-669E1DA651B8,Chinook,NA,Jack,UNK,NA,NA,Released,2,Chinook_Jack_UNK_Released,2023,8,33,137,NA,NA,No,1,137,Complete,18:30:00,20:47:00,C11B6BA4-EE66-4B9A-8474-1BE247CA3B56,2023-08-16,Nisqually River,District 11,Nisqually salmon 2023,F14E0201-0F50-4CFB-AFC3-F57335E04DE3,NA,Gear,NA,NA,NA,NA,NA,NA,NA,NA,NA,NA,2023-08-16T20:47:56Z,2023-08-17T03:59:58Z
F5A50479-23DA-4FA2-AEBC-54F6D3F185DF,0EE21B29-9059-428C-8B1D-4FFE8D0354C2,Chinook,NA,Adult,AD,NA,79,Kept,1,Chinook_Adult_AD_Kept,2023,8,32,327,NA,Pontoon/Kick/Kayak/Dinghy,Yes,3,981,Complete,14:30:00,19:57:00,4BF754C6-A8FD-475F-9968-EFB74FC5B190,2023-08-11,Nisqually River,District 11,Nisqually salmon 2023,022BF3CC-E5A8-4522-A9E7-3AD5E4C7FA94,NA,Bait-Lure,NA,NA,NA,NA,NA,NA,NA,NA,NA,NA,2023-08-11T19:57:24Z,2023-08-12T04:29:54Z
15C04747-E1F9-4916-9EB3-9D7507B94A3D,C2CE33ED-B318-445F-A956-75EA777CEF40,Chinook,NA,Adult,UM,NA,NA,Released,1,Chinook_Adult_UM_Released,2023,8,32,249,NA,NA,No,1,249,Complete,06:30:00,10:39:00,66AA41DE-7C85-48C1-A38D-C42450C231E0,2023-08-11,Nisqually River,District 11,Nisqually salmon 2023,180A97E5-48CE-4225-9A21-1558ABFC47F6,NA,Gear,NA,NA,NA,NA,NA,NA,NA,NA,NA,NA,2023-08-11T10:39:30Z,2023-08-11T22:29:56Z
BB8EED4B-9C5D-443C-80E6-C6C7E0EF35A9,6AA3B394-BA2A-49DA-AD56-FACB3AAF9C07,Chinook,NA,Adult,UM,NA,NA,Released,1,Chinook_Adult_UM_Released,2023,8,32,253,NA,NA,No,1,253,Complete,06:30:00,10:43:00,66AA41DE-7C85-48C1-A38D-C42450C231E0,2023-08-11,Nisqually River,District 11,Nisqually salmon 2023,C0046B89-ECEF-4742-9A4A-F8DA62DF7E1F,NA,Gear,NA,NA,NA,NA,NA,NA,NA,NA,NA,NA,2023-08-11T10:43:47Z,2023-08-11T22:29:56Z
565E92FA-2C36-4ABD-AB78-2B7626B43F9B,F3A5B344-182F-4EFF-A7F0-7DCAEB715876,Chinook,NA,Adult,AD,NA,64,Kept,1,Chinook_Adult_AD_Kept,2023,8,32,97,NA,NA,No,1,97,Complete,12:00:00,13:37:00,0BC03240-6B6C-4D8D-A617-463E306A79F3,2023-08-10,Nisqually River,District 11,Nisqually salmon 2023,6817D0F7-7ED3-4484-A7FC-3FEECD2F556B,NA,Bait,NA,NA,NA,NA,NA,NA,NA,NA,NA,NA,2023-08-10T13:00:27Z,2023-08-12T04:29:54Z
50C272FF-E9FA-4C36-B9B6-08E65AB67C76,2E88FB5E-93BE-44D4-A49D-250AA3BC0C69,Chinook,NA,Adult,AD,NA,79,Kept,1,Chinook_Adult_AD_Kept,2023,8,31,183,NA,Drift Boat/ Raft,Yes,1,183,Complete,15:00:00,18:03:00,D408AF04-E067-4DB4-B787-846D1D80D278,2023-08-05,Nisqually River,District 11,Nisqually salmon 2023,42116FEB-2C45-4683-B81C-151E6C98BE09,NA,Bait,NA,NA,NA,NA,NA,NA,NA,NA,NA,NA,2023-08-05T18:03:38Z,2023-08-06T04:59:53Z
