interview_id,catch_id,species,run,life_stage,fin_mark,sex,fork_length_cm,fate,fish_count,catch_group,event_date,water_body,year,month,week,fishing_duration_minutes,trip_guided,boat_type,boat_used,angler_count,angler_minutes,trip_status,fishing_start_time,fishing_end_time
05F91866-694F-4199-9D51-FF8ADDC74D33,128DA8F6-C060-4C34-A9F5-4827F403BAA5,Pink,NA,NA,UNK,NA,NA,Released,1,Pink_NA_UNK_Released,2021-10-15,Nisqually River,2021,10,42,270,NA,NA,No,1,270,Complete,07:00:00,11:30:00
2A9F79C1-7E12-436C-BA20-C2C75296BDF0,240E9718-9570-4310-81DC-6161C366706F,Pink,NA,NA,UNK,NA,NA,Released,1,Pink_NA_UNK_Released,2021-09-28,Nisqually River,2021,9,39,145,NA,NA,No,1,145,Complete,06:00:00,08:25:00
2596C288-6C56-448E-BAA0-3E6BCD72FD53,96FF764B-426F-497C-9CF4-C3291B8EC78E,Pink,NA,NA,UNK,NA,NA,Released,1,Pink_NA_UNK_Released,2021-09-26,Nisqually River,2021,9,39,155,NA,NA,No,1,155,Complete,10:00:00,12:35:00
6AFEF74F-EB4B-490A-81C1-EBE8E53FF91F,D1F84790-94EE-428E-B24C-4D66EC7DAA28,Pink,NA,NA,UNK,NA,NA,Kept,1,Pink_NA_UNK_Kept,2021-09-24,Nisqually River,2021,9,39,205,NA,NA,No,2,410,Complete,11:00:00,14:25:00
257F4FBF-1BC7-4E63-A9F1-DD12FF954622,9F5DA38F-C04F-4CCA-8C78-14E6D1E0727D,Pink,NA,NA,UNK,NA,NA,Released,2,Pink_NA_UNK_Released,2021-09-24,Nisqually River,2021,9,39,210,NA,NA,No,1,210,Complete,13:00:00,16:30:00
48CBB717-D431-4AC1-B2A8-5F8BD27F10F3,0D03D275-9C85-4296-B127-7F9A52B433FE,Pink,NA,NA,UNK,NA,NA,Released,2,Pink_NA_UNK_Released,2021-09-24,Nisqually River,2021,9,39,140,NA,NA,No,1,140,Complete,08:00:00,10:20:00
FFE90364-CE5C-41F3-A55C-878D5F95D424,61ABA103-C82A-43F5-8DF9-572E417817AA,Pink,NA,NA,UNK,NA,NA,Kept,1,Pink_NA_UNK_Kept,2021-09-23,Nisqually River,2021,9,38,195,NA,NA,No,1,195,Complete,07:30:00,10:45:00
18481794-331D-451E-8B12-12688242BD18,81BDFAC1-01D6-441B-B1D6-756C86CE6BC0,Pink,NA,NA,UNK,NA,NA,Released,1,Pink_NA_UNK_Released,2021-09-23,Nisqually River,2021,9,38,270,NA,NA,No,1,270,Complete,06:30:00,11:00:00
1366FB66-D976-40E4-8685-58C2FE185857,770DEE94-E0A4-4771-AAB9-EBD9A7A0B277,Pink,NA,NA,UNK,NA,NA,Released,4,Pink_NA_UNK_Released,2021-09-23,Nisqually River,2021,9,38,515,NA,NA,No,1,515,Complete,07:30:00,16:05:00
AC3682FB-9709-4F07-B21E-BC7598E21256,63FAABA1-7CFB-4A0E-BCAC-EFB8F4A52D12,Pink,NA,NA,UNK,NA,NA,Released,6,Pink_NA_UNK_Released,2021-09-20,Nisqually River,2021,9,38,245,NA,NA,No,1,245,Complete,13:00:00,17:05:00
D9584F6E-778C-4E12-8A70-DC1D3B923682,1C1C5EBD-3595-438A-B626-107B81C325A5,Pink,NA,NA,UNK,NA,NA,Released,1,Pink_NA_UNK_Released,2021-09-20,Nisqually River,2021,9,38,88,NA,NA,No,1,88,Complete,16:30:00,17:58:00
AB00BD3C-1163-4895-B24B-8851014D7709,307C83F5-4D13-4E04-8048-8C2932942615,Pink,NA,NA,UNK,NA,NA,Released,1,Pink_NA_UNK_Released,2021-09-20,Nisqually River,2021,9,38,290,NA,NA,No,2,580,Complete,07:00:00,11:50:00
9A33BA22-281E-4CA5-BE5D-E03275478363,1406D0AB-A453-4FC4-A175-0D60790E5620,Pink,NA,NA,UNK,NA,NA,Released,1,Pink_NA_UNK_Released,2021-09-20,Nisqually River,2021,9,38,230,NA,NA,No,2,460,Complete,08:30:00,12:20:00
9A33BA22-281E-4CA5-BE5D-E03275478363,24362F36-BC54-415B-927F-58B4AE6068EC,Pink,NA,NA,UNK,NA,NA,Kept,1,Pink_NA_UNK_Kept,2021-09-20,Nisqually River,2021,9,38,230,NA,NA,No,2,460,Complete,08:30:00,12:20:00
E9498D92-8B92-42CF-80A8-FAFD4A9F93EF,9D05034D-CF25-4AC4-94B4-C4CD7B370BD2,Pink,NA,NA,UNK,NA,NA,Released,1,Pink_NA_UNK_Released,2021-09-20,Nisqually River,2021,9,38,250,NA,NA,No,1,250,Complete,10:00:00,14:10:00
646CA41A-309A-4A19-A454-EB42D2922069,9CF0926B-0462-4061-8CAB-7980EE57CC88,Pink,NA,NA,UNK,NA,NA,Released,1,Pink_NA_UNK_Released,2021-09-20,Nisqually River,2021,9,38,420,NA,NA,No,2,840,Complete,07:45:00,14:45:00
48DD3CB6-39C0-4160-AC5F-E23A72EE1CB9,233DB318-785E-4679-9A67-9A6346500C95,Pink,NA,NA,UNK,NA,NA,Released,2,Pink_NA_UNK_Released,2021-09-20,Nisqually River,2021,9,38,235,NA,NA,No,1,235,Complete,06:00:00,09:55:00
8CF39B01-A250-4916-958D-44BB0FC1A228,12F40D93-7938-4591-914B-9ED90C512604,Pink,NA,NA,UNK,NA,NA,Released,2,Pink_NA_UNK_Released,2021-09-20,Nisqually River,2021,9,38,265,NA,NA,No,1,265,Complete,06:00:00,10:25:00
7FC7B06A-B491-4A64-9EFA-707F9CF1C72D,F8728000-E29B-4A97-9BDD-3F14C82343CA,Pink,NA,NA,UNK,NA,NA,Released,2,Pink_NA_UNK_Released,2021-09-20,Nisqually River,2021,9,38,240,NA,NA,No,1,240,Complete,12:00:00,16:00:00
AB5E7EF2-8FC5-4417-A49B-E7A38E876F37,2C846F71-06CB-41D6-8087-C7C538A770C2,Pink,NA,NA,UNK,NA,NA,Released,1,Pink_NA_UNK_Released,2021-09-20,Nisqually River,2021,9,38,95,NA,NA,No,1,95,Complete,07:00:00,08:35:00
5FF8963F-6900-4654-A676-FC149E4E2ECC,FB3972D2-8018-4F0C-BC8B-EA8F91235A4B,Pink,NA,NA,UNK,NA,NA,Released,1,Pink_NA_UNK_Released,2021-09-20,Nisqually River,2021,9,38,165,NA,NA,No,1,165,Complete,06:00:00,08:45:00
7A0B9387-F59D-47EC-A223-5D533F195A44,F71AA696-AB13-488B-93E7-F19A2538D2A1,Pink,NA,NA,UNK,NA,NA,Released,1,Pink_NA_UNK_Released,2021-09-20,Nisqually River,2021,9,38,115,NA,NA,No,1,115,Complete,06:00:00,07:55:00
5EB39046-9F43-4483-B2B6-D61A71BB52A4,D87CAABF-AC57-4D4A-B828-0E548BCF843B,Pink,NA,NA,UNK,NA,NA,Kept,1,Pink_NA_UNK_Kept,2021-09-19,Nisqually River,2021,9,38,420,NA,NA,No,1,420,Complete,07:00:00,14:00:00
B0F455CA-FA62-442E-95B5-6720DFB0D905,D62240D6-9513-4569-B27D-344348E74A7D,Pink,NA,NA,UNK,NA,NA,Released,1,Pink_NA_UNK_Released,2021-09-19,Nisqually River,2021,9,38,49,NA,NA,No,1,49,Complete,13:00:00,13:49:00
71E6FC47-7404-42AB-AD52-B2C668297E92,6AF6EE55-2887-48FC-8AEE-1EB150BF5C35,Pink,NA,NA,UNK,NA,NA,Kept,3,Pink_NA_UNK_Kept,2021-09-19,Nisqually River,2021,9,38,310,NA,NA,No,3,930,Complete,06:30:00,11:40:00
2CB85BC4-BA3E-4053-BF82-3DD5DA41C23A,2DEFDCA1-429F-4764-AAC6-27C1D2A7B46C,Pink,NA,NA,UNK,NA,NA,Released,2,Pink_NA_UNK_Released,2021-09-19,Nisqually River,2021,9,38,245,NA,NA,No,1,245,Complete,06:00:00,10:05:00
2A888534-A4DB-4887-8459-6682E28AF729,94C32390-1DD9-4D6E-848D-B8384296A232,Pink,NA,NA,UNK,NA,NA,Kept,1,Pink_NA_UNK_Kept,2021-09-19,Nisqually River,2021,9,38,270,NA,NA,No,2,540,Complete,06:00:00,10:30:00
2320A3DC-58A2-4F17-99E2-4EEB773413D3,8120DCC1-875A-4280-9BE6-EACBB700DBB8,Pink,NA,NA,UNK,NA,NA,Kept,1,Pink_NA_UNK_Kept,2021-09-19,Nisqually River,2021,9,38,260,NA,NA,No,1,260,Complete,09:30:00,13:50:00
0F05CC59-2D0B-4711-A76D-9922D82482AE,FC5143F5-D4CC-44CF-A9C2-791658ED9761,Pink,NA,NA,UNK,NA,NA,Kept,2,Pink_NA_UNK_Kept,2021-09-19,Nisqually River,2021,9,38,395,NA,NA,No,1,395,Complete,06:00:00,12:35:00
525FB936-3BAD-4D7C-8695-2A420E48560D,8ACBC778-B84C-4EF3-9A50-52EEFFD76DA4,Pink,NA,NA,UNK,NA,NA,Released,6,Pink_NA_UNK_Released,2021-09-19,Nisqually River,2021,9,38,110,NA,NA,No,1,110,Complete,10:30:00,12:20:00
80E980CE-4B16-457F-989A-3F9A09091EF6,C59532F2-7FEC-493E-83AA-183CA092FFA8,Pink,NA,NA,UNK,NA,NA,Kept,1,Pink_NA_UNK_Kept,2021-09-19,Nisqually River,2021,9,38,160,NA,NA,No,1,160,Complete,10:00:00,12:40:00
0AAD67F2-2234-4429-9247-1EF95DF26D0D,58CFFC03-76D9-49E4-92CA-81D51226D538,Pink,NA,NA,UNK,NA,NA,Released,3,Pink_NA_UNK_Released,2021-09-19,Nisqually River,2021,9,38,405,NA,NA,No,1,405,Complete,06:00:00,12:45:00
074FB15A-5D11-4261-80CA-0B9CA42E6ACB,C1C65351-424B-4BC3-B669-6367A366A9C8,Pink,NA,NA,UNK,NA,NA,Kept,1,Pink_NA_UNK_Kept,2021-09-18,Nisqually River,2021,9,38,300,NA,NA,No,1,300,Incomplete,10:00:00,15:00:00
821F3A09-901F-4087-B16A-5260C46451CC,AD21FCD7-02A9-4BBD-9EA5-C371AD913AC1,Pink,NA,NA,UNK,NA,NA,Kept,1,Pink_NA_UNK_Kept,2021-09-18,Nisqually River,2021,9,38,420,NA,NA,No,1,420,Complete,06:15:00,13:15:00
93349406-47AE-4137-90A1-5E1835583222,FF98CC48-87CC-4753-AE0B-EA6520792303,Pink,NA,NA,UNK,NA,NA,Released,2,Pink_NA_UNK_Released,2021-09-18,Nisqually River,2021,9,38,410,NA,NA,No,1,410,Complete,12:00:00,18:50:00
A73195FE-5EE0-401A-B775-6939BBCEC5C5,840A1A27-127C-4802-A116-890306887A16,Pink,NA,NA,UNK,NA,NA,Released,2,Pink_NA_UNK_Released,2021-09-18,Nisqually River,2021,9,38,185,NA,NA,No,1,185,Complete,10:30:00,13:35:00
16514641-C44F-4542-B77E-26AD33A634A8,FB942AC5-E5DA-41B4-AF06-35E0ABB5FE8D,Pink,NA,NA,UNK,NA,NA,Kept,3,Pink_NA_UNK_Kept,2021-09-18,Nisqually River,2021,9,38,270,NA,NA,No,2,540,Complete,06:00:00,10:30:00
D015129C-FFF6-4C90-990C-49E6D89083C3,7BBA08C3-CD58-458A-9DAC-557DB104B2E9,Pink,NA,NA,UNK,NA,NA,Released,1,Pink_NA_UNK_Released,2021-09-18,Nisqually River,2021,9,38,200,NA,NA,No,1,200,Complete,06:30:00,09:50:00
0F358656-9596-4616-90DE-D56EC660DE5B,0A16307F-8B81-49AA-9FE8-81F7F14B0698,Pink,NA,NA,UNK,NA,NA,Released,1,Pink_NA_UNK_Released,2021-09-18,Nisqually River,2021,9,38,160,NA,NA,No,2,320,Complete,07:30:00,10:10:00
600C94A1-5DE2-4FEB-B8B8-2AD58AFC65A2,E57A7586-7DEA-47A5-82C8-2C61ED03F63F,Pink,NA,NA,UNK,NA,NA,Kept,1,Pink_NA_UNK_Kept,2021-09-18,Nisqually River,2021,9,38,130,NA,NA,No,2,260,Complete,09:30:00,11:40:00
9D3436D2-6058-440A-A748-0CBDDE4BF985,EA221225-9ACF-461B-ADA8-B97E12BA172D,Pink,NA,NA,UNK,NA,NA,Released,1,Pink_NA_UNK_Released,2021-09-18,Nisqually River,2021,9,38,250,NA,NA,No,2,500,Complete,06:30:00,10:40:00
2B1E3A21-235F-4619-A2FD-9DC6BF5BAEBA,E88A0AF6-BA4D-41E5-AD7C-648413B65F8C,Pink,NA,NA,UNK,NA,NA,Released,1,Pink_NA_UNK_Released,2021-09-18,Nisqually River,2021,9,38,380,NA,NA,No,1,380,Complete,09:00:00,15:20:00
A2389E57-9C92-4190-A47E-80818637298B,C93D1040-A29E-4915-94A1-70B1A7010606,Pink,NA,NA,UNK,NA,NA,Kept,2,Pink_NA_UNK_Kept,2021-09-18,Nisqually River,2021,9,38,315,NA,NA,No,1,315,Complete,09:20:00,14:35:00
1693FA28-C041-4B03-BEB0-486A2898D71C,70A9674E-1DD9-4ADB-8C0B-7F4AE6571639,Pink,NA,NA,UNK,NA,NA,Released,1,Pink_NA_UNK_Released,2021-09-18,Nisqually River,2021,9,38,425,NA,NA,No,1,425,Complete,10:00:00,17:05:00
F9F2D5D9-C75F-4DE9-B8E7-8D65D3C6D5DD,B6B05C6E-376D-47AA-A1BF-BA215FA9D23B,Pink,NA,NA,UNK,NA,NA,Released,2,Pink_NA_UNK_Released,2021-09-18,Nisqually River,2021,9,38,255,NA,NA,No,1,255,Complete,12:00:00,16:15:00
F7690842-A727-4893-B673-CC44D8C82BA1,751B5EE2-91B4-430D-8163-7C3CC9ECB89D,Pink,NA,NA,UNK,NA,NA,Kept,1,Pink_NA_UNK_Kept,2021-09-18,Nisqually River,2021,9,38,320,NA,NA,No,1,320,Complete,07:00:00,12:20:00
84614A6A-3281-4216-8A10-8EE3B3440EFF,D3163DF5-A924-4DFF-B555-AF747B1D7594,Pink,NA,NA,UNK,NA,NA,Released,1,Pink_NA_UNK_Released,2021-09-18,Nisqually River,2021,9,38,365,NA,NA,No,1,365,Complete,06:15:00,12:20:00
F61120AB-D025-45DC-87E3-A93B5E30BBFD,5280D97F-8310-46E4-BD46-E64E4939EE91,Pink,NA,NA,UNK,NA,NA,Released,1,Pink_NA_UNK_Released,2021-09-18,Nisqually River,2021,9,38,345,NA,NA,No,2,690,Complete,06:00:00,11:45:00
6813694F-05CF-4840-9848-1DD171A2B1BA,3B0A8885-7B48-4C0E-AF87-14D9810CCFFE,Pink,NA,NA,UNK,NA,NA,Kept,1,Pink_NA_UNK_Kept,2021-09-18,Nisqually River,2021,9,38,160,NA,NA,No,1,160,Complete,09:30:00,12:10:00
1268E10C-454B-4FCF-AD1D-78A3B273B6B8,4E27C4DB-6036-4322-AA2D-7EA80FA860D5,Pink,NA,NA,UNK,NA,NA,Released,3,Pink_NA_UNK_Released,2021-09-18,Nisqually River,2021,9,38,375,NA,NA,No,1,375,Complete,06:30:00,12:45:00
324BBBD5-2E9C-4722-8429-06D7A82F105F,5F9FEB78-97E6-4891-B636-5837E6BDEB9B,Pink,NA,NA,UNK,NA,NA,Kept,2,Pink_NA_UNK_Kept,2021-09-18,Nisqually River,2021,9,38,175,NA,NA,No,1,175,Complete,11:00:00,13:55:00
B0BAF47A-91E4-41EE-96DF-43543F83ADC8,E82945ED-18ED-4542-B251-073F51A6A827,Pink,NA,NA,UNK,NA,NA,Released,5,Pink_NA_UNK_Released,2021-09-18,Nisqually River,2021,9,38,160,NA,NA,No,1,160,Complete,07:00:00,09:40:00
AF4646FD-CF69-4EEF-B744-47AA5B394AEC,DFA69B42-BFE2-44C1-B24D-7B7D4795D392,Pink,NA,NA,UNK,NA,NA,Released,2,Pink_NA_UNK_Released,2021-09-18,Nisqually River,2021,9,38,295,NA,NA,No,1,295,Complete,06:30:00,11:25:00
D49C01F4-71FA-4D40-9345-7509A21FFCBD,FDD38923-C28C-4628-A950-558FAF62098A,Pink,NA,NA,UNK,NA,NA,Released,1,Pink_NA_UNK_Released,2021-09-18,Nisqually River,2021,9,38,120,NA,NA,No,1,120,Complete,06:00:00,08:00:00
6DC65C08-850C-4A09-ADC2-648C57B54DCC,CCB56B89-8EBE-4CB3-A8F8-7F59B9FBB0DA,Pink,NA,NA,UNK,NA,NA,Kept,1,Pink_NA_UNK_Kept,2021-09-18,Nisqually River,2021,9,38,120,NA,NA,No,1,120,Complete,06:30:00,08:30:00
B2BB7F34-6953-410F-9BD0-C522331163A4,B3543FC0-ED5A-477F-914B-A7CA47DDB891,Pink,NA,NA,UNK,NA,NA,Released,2,Pink_NA_UNK_Released,2021-09-18,Nisqually River,2021,9,38,160,NA,NA,No,1,160,Complete,06:00:00,08:40:00
0F1B410F-52FD-4703-B09D-971D958BD260,70D2F937-5E87-46D0-975E-0C86DCFB4744,Pink,NA,NA,UNK,NA,NA,Released,1,Pink_NA_UNK_Released,2021-09-18,Nisqually River,2021,9,38,145,NA,NA,No,1,145,Complete,06:15:00,08:40:00
37CCA191-39BD-4978-8548-48DE65E75234,2E5BCB58-8F6D-4129-89ED-DD542DD663EE,Pink,NA,NA,UNK,NA,NA,Released,6,Pink_NA_UNK_Released,2021-09-18,Nisqually River,2021,9,38,100,NA,NA,No,1,100,Complete,09:00:00,10:40:00
39CE1B28-ED0D-4536-86E6-7CA525F674F3,E4025EC5-3E8A-4139-BC5B-DFF86C45BADA,Pink,NA,NA,UNK,NA,NA,Kept,2,Pink_NA_UNK_Kept,2021-09-18,Nisqually River,2021,9,38,135,NA,NA,No,1,135,Complete,09:00:00,11:15:00
388BD661-3D8E-48F2-A248-5EC678A5D674,585026BE-9DC1-43A0-9D89-BD94B1CCFC2D,Pink,NA,NA,UNK,NA,NA,Kept,1,Pink_NA_UNK_Kept,2021-09-18,Nisqually River,2021,9,38,255,NA,NA,No,1,255,Complete,06:00:00,10:15:00
0091F6CF-FE8C-416F-9597-43CB99741255,A9B36CCB-C676-4CD4-ABAE-A2BD612E0F50,Pink,NA,NA,UNK,NA,NA,Kept,1,Pink_NA_UNK_Kept,2021-09-18,Nisqually River,2021,9,38,215,NA,NA,No,1,215,Complete,06:00:00,09:35:00
E9C985D4-9099-4139-8E27-B354F908EEC7,D60A9B3D-41A2-448D-9FA6-55D823351577,Pink,NA,NA,UNK,NA,NA,Released,1,Pink_NA_UNK_Released,2021-09-17,Nisqually River,2021,9,38,130,NA,NA,No,1,130,Complete,14:30:00,16:40:00
51CD74D0-627A-4C41-A042-1A124205D345,4CB9BE7C-26D2-4CF3-AA94-396592D6B299,Pink,NA,NA,UNK,NA,NA,Released,4,Pink_NA_UNK_Released,2021-09-17,Nisqually River,2021,9,38,420,NA,NA,No,2,840,Complete,10:00:00,17:00:00
B26ECD64-2139-4326-BC3D-AAF3B32A0372,DE816699-F4A7-4DB9-B3E9-2ADCF444C8D0,Pink,NA,NA,UNK,NA,NA,Kept,1,Pink_NA_UNK_Kept,2021-09-17,Nisqually River,2021,9,38,230,NA,NA,No,2,460,Complete,06:20:00,10:10:00
2E49E99D-D0C5-458E-BEF3-71103CB64E24,1301F8B0-116F-4F0D-9480-E039FA5C871E,Pink,NA,NA,UNK,NA,NA,Released,1,Pink_NA_UNK_Released,2021-09-17,Nisqually River,2021,9,38,520,NA,NA,Yes,2,1040,Complete,07:20:00,16:00:00
41C44150-1335-431E-B49F-A0C6C61E493A,BB990B45-B703-42BC-B6EE-43B60A865E71,Pink,NA,NA,UNK,NA,NA,Released,1,Pink_NA_UNK_Released,2021-09-17,Nisqually River,2021,9,38,413,NA,NA,No,1,413,Incomplete,09:00:00,15:53:00
65F1795A-668D-49AE-A2A3-D85429DAA5DC,223C7DF6-E6AD-4B05-9E7C-88E7509000B0,Pink,NA,NA,UNK,NA,NA,Released,1,Pink_NA_UNK_Released,2021-09-17,Nisqually River,2021,9,38,375,NA,NA,No,2,750,Complete,10:00:00,16:15:00
9392C3BC-0143-41A1-8BAD-541CC1A01149,7B1BD9D0-6266-4AC3-ACA1-8CBB5DD7E7CD,Pink,NA,NA,UNK,NA,NA,Kept,1,Pink_NA_UNK_Kept,2021-09-17,Nisqually River,2021,9,38,148,NA,NA,No,3,444,Incomplete,12:00:00,14:28:00
E25F071E-FA0E-4562-904A-106064D4A9AF,D907D9BA-A425-44E7-AC31-A94484A47043,Pink,NA,NA,UNK,NA,NA,Released,4,Pink_NA_UNK_Released,2021-09-17,Nisqually River,2021,9,38,180,NA,NA,No,1,180,Complete,11:00:00,14:00:00
4ACEE959-E9F3-44C9-91AF-5D72B3646754,E60E5891-41CB-42FD-8F8A-5CBB132D04D9,Pink,NA,NA,UNK,NA,NA,Released,4,Pink_NA_UNK_Released,2021-09-17,Nisqually River,2021,9,38,220,NA,NA,No,1,220,Complete,10:00:00,13:40:00
E5DAB2C2-5DD2-41A1-A2D4-247E709AB8C7,248583BB-F618-4DF4-AD5E-F36869055FD0,Pink,NA,NA,UNK,NA,NA,Released,2,Pink_NA_UNK_Released,2021-09-17,Nisqually River,2021,9,38,195,NA,NA,No,1,195,Complete,11:00:00,14:15:00
1F8C8385-3DF4-4A91-8563-E4D1D23C334E,EF6C3964-C21F-41F4-BBCB-D03381FD28D5,Pink,NA,NA,UNK,NA,NA,Kept,1,Pink_NA_UNK_Kept,2021-09-17,Nisqually River,2021,9,38,390,NA,NA,No,1,390,Complete,06:30:00,13:00:00
43E2CE49-D790-4610-96EF-307F66308403,A8AEE2AA-3298-4705-A23E-7C24B71F654C,Pink,NA,NA,UNK,NA,NA,Released,1,Pink_NA_UNK_Released,2021-09-17,Nisqually River,2021,9,38,425,NA,NA,No,1,425,Complete,09:00:00,16:05:00
86B5FE7E-56A5-4C6F-BE95-CCB5DD770137,FA055E88-2C96-4682-AB5D-14498BED3F22,Pink,NA,NA,UNK,NA,NA,Released,6,Pink_NA_UNK_Released,2021-09-17,Nisqually River,2021,9,38,165,NA,NA,No,1,165,Complete,13:00:00,15:45:00
7DAF0866-D661-4DBB-9C99-77C07DB943FB,46EE71C3-4C3B-43F8-AFBC-C5DBE314E4CF,Pink,NA,NA,UNK,NA,NA,Released,6,Pink_NA_UNK_Released,2021-09-17,Nisqually River,2021,9,38,150,NA,NA,No,1,150,Complete,13:00:00,15:30:00
C2070150-E6E4-40E5-A237-06CF24CAB769,ED119B21-AA00-40C0-B0FD-646CD6702B38,Pink,NA,NA,UNK,NA,NA,Released,3,Pink_NA_UNK_Released,2021-09-17,Nisqually River,2021,9,38,195,NA,NA,No,1,195,Complete,12:00:00,15:15:00
34EA5985-DBB2-4B50-9052-76B7B08CDF0D,7A99B3C9-CA4B-4E6F-8124-A8659647CA58,Pink,NA,NA,UNK,NA,NA,Released,1,Pink_NA_UNK_Released,2021-09-17,Nisqually River,2021,9,38,465,NA,NA,No,1,465,Complete,08:00:00,15:45:00
00728164-C849-4C0B-94D9-7C338AB11790,57E49A67-5E0D-4A1D-BB57-ED16370F7708,Pink,NA,NA,UNK,NA,NA,Kept,2,Pink_NA_UNK_Kept,2021-09-17,Nisqually River,2021,9,38,135,NA,NA,No,1,135,Complete,07:00:00,09:15:00
71D7A95F-4E93-4447-8A39-FFAE43F06E8E,5DDFD55B-89B5-49FA-AD11-397C5CC059A6,Pink,NA,NA,UNK,NA,NA,Released,1,Pink_NA_UNK_Released,2021-09-17,Nisqually River,2021,9,38,120,NA,NA,No,1,120,Complete,07:00:00,09:00:00
A66D3B60-34A4-4985-ACE8-50E267C5E9AA,7541A26E-A3B8-411B-94F2-7AB3BD4E37BC,Pink,NA,NA,UNK,NA,NA,Released,5,Pink_NA_UNK_Released,2021-09-17,Nisqually River,2021,9,38,100,NA,NA,No,1,100,Complete,06:15:00,07:55:00
A66D3B60-34A4-4985-ACE8-50E267C5E9AA,8D06565C-540D-47E2-9B5D-421494ADEBF8,Pink,NA,NA,UNK,NA,NA,Kept,1,Pink_NA_UNK_Kept,2021-09-17,Nisqually River,2021,9,38,100,NA,NA,No,1,100,Complete,06:15:00,07:55:00
0DC8CF05-CB57-42A8-889D-68CA7A8A024E,C2045280-174D-4709-9C56-FB89F215AE39,Pink,NA,NA,UNK,NA,NA,Released,5,Pink_NA_UNK_Released,2021-09-17,Nisqually River,2021,9,38,190,NA,NA,No,3,570,Complete,07:30:00,10:40:00
0DC8CF05-CB57-42A8-889D-68CA7A8A024E,2DD39F37-8259-4E59-A32C-418321DB975A,Pink,NA,NA,UNK,NA,NA,Kept,3,Pink_NA_UNK_Kept,2021-09-17,Nisqually River,2021,9,38,190,NA,NA,No,3,570,Complete,07:30:00,10:40:00
7DE3CE26-5197-4D62-83DF-66D9855DA09C,0322E7EA-99FE-448A-A298-737576985B5A,Pink,NA,NA,UNK,NA,NA,Kept,1,Pink_NA_UNK_Kept,2021-09-15,Nisqually River,2021,9,37,510,NA,NA,No,2,1020,Incomplete,06:00:00,14:30:00
55C01745-6642-4319-8D21-1C23E303609A,CCCFE2B3-154B-4E52-B5BA-2FDC26804D37,Pink,NA,NA,UNK,NA,NA,Kept,1,Pink_NA_UNK_Kept,2021-09-15,Nisqually River,2021,9,37,265,NA,NA,No,1,265,Complete,09:30:00,13:55:00
1DA85D35-29C9-41C8-AD30-B094E7DF751B,B0E4D64B-82C9-433C-BF58-006601866765,Pink,NA,NA,UNK,NA,NA,Released,1,Pink_NA_UNK_Released,2021-09-15,Nisqually River,2021,9,37,250,NA,NA,No,2,500,Complete,15:00:00,19:10:00
892709AB-D42F-499C-8DCC-5D11143BD0AA,3632DCAF-7531-4B97-987C-6CC844F15EA1,Pink,NA,NA,UNK,NA,NA,Released,1,Pink_NA_UNK_Released,2021-09-15,Nisqually River,2021,9,37,320,NA,NA,No,1,320,Complete,14:00:00,19:20:00
53815E48-8830-4F3A-AE92-D11549BE9DD7,B80D4A30-E05C-4ADB-A77D-1EFACEB74410,Pink,NA,NA,UNK,NA,NA,Released,2,Pink_NA_UNK_Released,2021-09-15,Nisqually River,2021,9,37,70,NA,NA,No,1,70,Complete,12:00:00,13:10:00
64074EB0-7C12-44F9-8DCE-9CF864864135,CC719727-D78B-47A7-9619-2D5B792DF085,Pink,NA,NA,UNK,NA,NA,Released,6,Pink_NA_UNK_Released,2021-09-15,Nisqually River,2021,9,37,390,NA,NA,No,1,390,Complete,06:30:00,13:00:00
6195DA5F-FF38-4895-9533-7224C165C452,0ECADE8D-3088-4043-B2CF-C8E79CF9B5E4,Pink,NA,NA,UNK,NA,NA,Released,6,Pink_NA_UNK_Released,2021-09-15,Nisqually River,2021,9,37,270,NA,NA,No,1,270,Complete,07:00:00,11:30:00
A12041AC-AD25-4F30-8497-B3125BABFAE5,CA385D56-CDB5-420C-BC26-C87ADF8EA514,Pink,NA,NA,UNK,NA,NA,Released,1,Pink_NA_UNK_Released,2021-09-15,Nisqually River,2021,9,37,230,NA,NA,No,2,460,Complete,06:30:00,10:20:00
B2B5069F-FDE8-480C-832B-BAAB286F3C5E,3F54F755-7335-4107-BBFE-D9E1428A0622,Pink,NA,NA,UNK,NA,NA,Released,3,Pink_NA_UNK_Released,2021-09-15,Nisqually River,2021,9,37,58,NA,NA,No,2,116,Incomplete,15:00:00,15:58:00
6A2C4689-191C-42F4-89B0-FB1E2F69FAFE,E186D404-414D-4AB6-922F-141C5A4F2923,Pink,NA,NA,UNK,NA,NA,Released,1,Pink_NA_UNK_Released,2021-09-15,Nisqually River,2021,9,37,190,NA,NA,No,1,190,Incomplete,12:00:00,15:10:00
013B74B6-F663-41A4-BDF6-B064A876E4D7,D22B1AD5-07CB-4857-BCA5-9829D2B25F30,Pink,NA,NA,UNK,NA,NA,Released,2,Pink_NA_UNK_Released,2021-09-15,Nisqually River,2021,9,37,250,NA,NA,No,1,250,Incomplete,11:00:00,15:10:00
020DB346-5EC9-47C4-8D57-E256FE9CE21A,952B7856-A870-4CF8-8A41-81C13482BBDA,Pink,NA,NA,UNK,NA,NA,Released,3,Pink_NA_UNK_Released,2021-09-15,Nisqually River,2021,9,37,60,NA,NA,No,1,60,Complete,13:00:00,14:00:00
3FA43661-EA49-4A88-B0AC-546D99231931,3054C0FD-83ED-4970-B20A-6272F6924998,Pink,NA,NA,UNK,NA,NA,Released,2,Pink_NA_UNK_Released,2021-09-15,Nisqually River,2021,9,37,195,NA,NA,No,1,195,Complete,09:00:00,12:15:00
87217A77-4A18-4D27-B4FD-0601D4665E93,7DD5A0B3-943E-4088-972E-0F0DF5A05185,Pink,NA,NA,UNK,NA,NA,Released,2,Pink_NA_UNK_Released,2021-09-15,Nisqually River,2021,9,37,200,NA,NA,No,1,200,Complete,09:00:00,12:20:00
21F5679A-E168-4873-B985-C4D301CBA5B4,FE156C6A-93FA-466D-9315-7A56A3186FCE,Pink,NA,NA,UNK,NA,NA,Released,4,Pink_NA_UNK_Released,2021-09-15,Nisqually River,2021,9,37,120,NA,NA,No,1,120,Complete,10:30:00,12:30:00
FBE0B78B-1052-438B-B948-A4A822729AA3,7C1BF5EE-DC4D-4F75-ABDF-C4BF8E86F339,Pink,NA,NA,UNK,NA,NA,Released,3,Pink_NA_UNK_Released,2021-09-15,Nisqually River,2021,9,37,225,NA,NA,No,1,225,Complete,08:00:00,11:45:00
0C2B355E-D23A-43E1-836C-AC404FCCD833,84EAE822-3217-48DA-9975-5BAA5955801B,Pink,NA,NA,UNK,NA,NA,Released,2,Pink_NA_UNK_Released,2021-09-15,Nisqually River,2021,9,37,220,NA,NA,No,1,220,Complete,09:00:00,12:40:00
F6B7129F-F4F8-4CA2-8CEB-38B9101F536B,2B117C45-F8C3-449B-A77B-B01D880F7917,Pink,NA,NA,UNK,NA,NA,Released,2,Pink_NA_UNK_Released,2021-09-15,Nisqually River,2021,9,37,210,NA,NA,No,1,210,Complete,08:00:00,11:30:00
7B2D3855-EAEC-4EC8-80A8-F51860024487,D02F2756-F11B-4EDC-8D01-69DAD668A573,Pink,NA,NA,UNK,NA,NA,Kept,2,Pink_NA_UNK_Kept,2021-09-15,Nisqually River,2021,9,37,325,NA,NA,No,2,650,Complete,06:00:00,11:25:00
D7111D05-7F0F-4E49-9C4D-2D942A3A7F23,4DE74B7C-1534-465A-BD78-C4B8F1E342E7,Pink,NA,NA,UNK,NA,NA,Kept,1,Pink_NA_UNK_Kept,2021-09-15,Nisqually River,2021,9,37,228,NA,NA,No,1,228,Complete,10:30:00,14:18:00
6D2A579A-E8D5-4938-BEEF-5D33D65DBB29,44309664-914F-4EAF-87F5-EB1F921EB265,Pink,NA,NA,UNK,NA,NA,Kept,1,Pink_NA_UNK_Kept,2021-09-15,Nisqually River,2021,9,37,125,NA,NA,No,1,125,Complete,09:15:00,11:20:00
9B2614AE-8066-4FFC-BE50-E3D576313D13,8D3A6451-FA2F-43AE-B177-EF69A57C165D,Pink,NA,NA,UNK,NA,NA,Released,1,Pink_NA_UNK_Released,2021-09-15,Nisqually River,2021,9,37,180,NA,NA,No,2,360,Complete,10:30:00,13:30:00
C86AA70D-C299-4927-B5CE-260FFCD14BD0,84752FDD-C589-45E4-AB95-657D96780108,Pink,NA,NA,UNK,NA,NA,Released,1,Pink_NA_UNK_Released,2021-09-15,Nisqually River,2021,9,37,365,NA,NA,No,1,365,Complete,09:00:00,15:05:00
49AAD2A0-863E-444C-BC39-8B07A80ACD05,D45C2B93-1F0A-4E38-B7AB-405A6D91BD42,Pink,NA,NA,UNK,NA,NA,Kept,1,Pink_NA_UNK_Kept,2021-09-15,Nisqually River,2021,9,37,375,NA,NA,No,1,375,Complete,06:30:00,12:45:00
7440D93E-C924-450B-BFE0-C34152F5E0EB,9E1B53C5-F197-425C-AA2D-9800D3395952,Pink,NA,NA,UNK,NA,NA,Released,3,Pink_NA_UNK_Released,2021-09-15,Nisqually River,2021,9,37,155,NA,NA,No,1,155,Complete,13:00:00,15:35:00
AB005FDD-A907-48FE-9D1D-142838EC3452,655D40A0-35D1-4C50-BE86-6A7A4880F8D6,Pink,NA,NA,UNK,NA,NA,Released,2,Pink_NA_UNK_Released,2021-09-15,Nisqually River,2021,9,37,115,NA,NA,No,1,115,Complete,11:00:00,12:55:00
B78D75BC-EDD7-49EB-BFCB-BD11CF33FB92,A05C560D-5EC8-4064-BA5E-6A1430273B5C,Pink,NA,NA,UNK,NA,NA,Released,1,Pink_NA_UNK_Released,2021-09-15,Nisqually River,2021,9,37,80,NA,NA,No,1,80,Complete,07:00:00,08:20:00
56245568-5314-4455-A9C3-8C33340F303E,0515C4FE-D015-4EDB-B7C3-12F057E7DB92,Pink,NA,NA,UNK,NA,NA,Released,1,Pink_NA_UNK_Released,2021-09-15,Nisqually River,2021,9,37,145,NA,NA,No,1,145,Complete,06:00:00,08:25:00
F506609F-7F92-4A7E-94F1-6F5F07F55EE2,4B5B7B8C-820E-4BE4-A32D-CBA39D623556,Pink,NA,NA,UNK,NA,NA,Released,1,Pink_NA_UNK_Released,2021-09-15,Nisqually River,2021,9,37,130,NA,NA,No,1,130,Complete,06:00:00,08:10:00
B7997986-9B7A-4117-BD54-B4DBA78A5409,D0ED5BF3-FE42-4B59-9F05-BB9A66565F32,Pink,NA,NA,UNK,NA,NA,Released,2,Pink_NA_UNK_Released,2021-09-15,Nisqually River,2021,9,37,90,NA,NA,No,1,90,Complete,06:15:00,07:45:00
33033B4F-5A79-4848-BE4D-B7DF3F1EF8DD,95F4C1A7-129F-4E7E-8A2A-CF07123236FA,Pink,NA,NA,UNK,NA,NA,Released,2,Pink_NA_UNK_Released,2021-09-15,Nisqually River,2021,9,37,285,NA,NA,No,1,285,Complete,11:00:00,15:45:00
560916E4-A9E2-49BB-AF47-24B926CA1F51,719E7C54-A3EF-4F58-B327-8A32AC7E04BE,Pink,NA,NA,UNK,NA,NA,Released,2,Pink_NA_UNK_Released,2021-09-15,Nisqually River,2021,9,37,155,NA,NA,No,1,155,Complete,08:40:00,11:15:00
2F7249B0-036A-47A4-9322-F96F9542FCA4,D3DA567D-2124-4E7F-9154-444D23B696F0,Pink,NA,NA,UNK,NA,NA,Released,1,Pink_NA_UNK_Released,2021-09-15,Nisqually River,2021,9,37,162,NA,NA,No,1,162,Complete,05:48:00,08:30:00
B3EED3CD-1582-4C92-8557-CD85FAD2C0FB,B0B38868-41A8-4D45-9BEA-9A01E60C5C59,Pink,NA,NA,UNK,NA,NA,Released,2,Pink_NA_UNK_Released,2021-09-15,Nisqually River,2021,9,37,235,NA,NA,No,1,235,Complete,07:00:00,10:55:00
242229E2-5726-43DF-BF2F-07930E00ACBC,148F1776-ED0B-452C-B5C0-498075A4223C,Pink,NA,NA,UNK,NA,NA,Kept,1,Pink_NA_UNK_Kept,2021-09-15,Nisqually River,2021,9,37,135,NA,NA,No,1,135,Complete,08:30:00,10:45:00
E73310A9-AC1D-4789-896D-19928EE9C9BC,C77EB293-C657-49B8-B942-DECB406E9E16,Pink,NA,NA,UNK,NA,NA,Released,2,Pink_NA_UNK_Released,2021-09-15,Nisqually River,2021,9,37,235,NA,NA,No,1,235,Complete,06:45:00,10:40:00
C0C5C5A9-8770-42BC-8115-CED84620FC29,3911873A-F9BC-4F03-B974-C45B56F4A169,Pink,NA,NA,UNK,NA,NA,Kept,1,Pink_NA_UNK_Kept,2021-09-15,Nisqually River,2021,9,37,160,NA,NA,No,1,160,Complete,07:00:00,09:40:00
F2618170-ED44-4080-8619-957B56F43F0C,166D251C-4660-41A6-8882-9FD74AE16C13,Pink,NA,NA,UNK,NA,NA,Kept,2,Pink_NA_UNK_Kept,2021-09-14,Nisqually River,2021,9,37,290,NA,NA,No,1,290,Complete,12:00:00,16:50:00
10E39AFC-B2C9-461D-AC91-BA19EFA3D94C,A8885A20-1094-4B32-A043-76D8E62B9630,Pink,NA,NA,UNK,NA,NA,Released,3,Pink_NA_UNK_Released,2021-09-14,Nisqually River,2021,9,37,585,NA,NA,No,1,585,Complete,07:00:00,16:45:00
94BC72F1-E985-4077-808D-0922C8114363,788A9622-5317-491B-BEF5-337CEB436C95,Pink,NA,NA,UNK,NA,NA,Released,4,Pink_NA_UNK_Released,2021-09-14,Nisqually River,2021,9,37,555,NA,NA,No,1,555,Complete,08:00:00,17:15:00
89C05F95-DF01-4027-888C-3465937726DF,F4141126-437A-4353-B65F-4ADDA3208DD5,Pink,NA,NA,UNK,NA,NA,Kept,1,Pink_NA_UNK_Kept,2021-09-14,Nisqually River,2021,9,37,180,NA,NA,No,1,180,Complete,14:00:00,17:00:00
00DC0781-BC3E-4D97-9A77-34C5C6AD2518,33B464E1-C9F4-4022-98EB-ACE73147FD25,Pink,NA,NA,UNK,NA,NA,Kept,1,Pink_NA_UNK_Kept,2021-09-14,Nisqually River,2021,9,37,250,NA,NA,No,1,250,Complete,13:00:00,17:10:00
06528952-7870-47F2-8BB8-F144D6D67B6C,82100C76-3489-460F-AA42-4D3A3640B90C,Pink,NA,NA,UNK,NA,NA,Released,10,Pink_NA_UNK_Released,2021-09-14,Nisqually River,2021,9,37,230,NA,NA,No,1,230,Complete,13:00:00,16:50:00
A54E6F01-3FF0-4C7B-BE06-73841FED21ED,DD6597F1-11F8-4C0C-BAAD-8FA8B086F658,Pink,NA,NA,UNK,NA,NA,Released,2,Pink_NA_UNK_Released,2021-09-14,Nisqually River,2021,9,37,155,NA,NA,No,1,155,Complete,15:00:00,17:35:00
EDA316D0-FC11-4685-BF29-0CC5AA555DAB,E5547F7B-5B6E-4C1E-A66C-0CA5FC051EFC,Pink,NA,NA,UNK,NA,NA,Kept,1,Pink_NA_UNK_Kept,2021-09-14,Nisqually River,2021,9,37,240,NA,NA,No,1,240,Complete,14:00:00,18:00:00
C88CECA5-4F85-4398-850E-CC72514CF120,C54D8367-6E99-4353-8536-DB1B0F539177,Pink,NA,NA,UNK,NA,NA,Released,2,Pink_NA_UNK_Released,2021-09-14,Nisqually River,2021,9,37,80,NA,NA,No,1,80,Complete,17:00:00,18:20:00
6843D392-CF93-47EB-84D7-D02ED20F4DE7,3F133FD4-5953-4CE5-A17D-6FFC1B413FE8,Pink,NA,NA,UNK,NA,NA,Released,4,Pink_NA_UNK_Released,2021-09-14,Nisqually River,2021,9,37,220,NA,NA,No,1,220,Complete,13:00:00,16:40:00
3C121A22-D36D-46EC-A48D-E56AE744C450,2BE6269D-DC9A-4A21-9F6C-E271236B68D2,Pink,NA,NA,UNK,NA,NA,Kept,1,Pink_NA_UNK_Kept,2021-09-14,Nisqually River,2021,9,37,450,NA,NA,No,2,900,Complete,06:30:00,14:00:00
3C121A22-D36D-46EC-A48D-E56AE744C450,7D615FFD-E3BC-4319-8D3A-E2A232625661,Pink,NA,NA,UNK,NA,NA,Released,3,Pink_NA_UNK_Released,2021-09-14,Nisqually River,2021,9,37,450,NA,NA,No,2,900,Complete,06:30:00,14:00:00
8E45683A-DBDF-48CE-B867-601A8D3F338F,7AE50729-BF95-4B7D-B09C-3A9979175211,Pink,NA,NA,UNK,NA,NA,Released,10,Pink_NA_UNK_Released,2021-09-14,Nisqually River,2021,9,37,295,NA,NA,No,2,590,Complete,06:00:00,10:55:00
8E45683A-DBDF-48CE-B867-601A8D3F338F,BB335BE2-9B8C-432C-8EAA-230BBCB0732A,Pink,NA,NA,UNK,NA,NA,Kept,2,Pink_NA_UNK_Kept,2021-09-14,Nisqually River,2021,9,37,295,NA,NA,No,2,590,Complete,06:00:00,10:55:00
8290CC31-F906-4048-8227-C6214027997F,EA5E7D91-2A27-4131-BCDD-8D42218AFB98,Pink,NA,NA,UNK,NA,NA,Released,3,Pink_NA_UNK_Released,2021-09-14,Nisqually River,2021,9,37,185,NA,NA,No,1,185,Complete,08:30:00,11:35:00
B31C14EF-4210-44B5-9F93-68A1CBD53C25,053AE071-7821-42B8-93A0-6C5457B2001B,Pink,NA,NA,UNK,NA,NA,Kept,1,Pink_NA_UNK_Kept,2021-09-14,Nisqually River,2021,9,37,130,NA,NA,No,1,130,Complete,14:00:00,16:10:00
FDB0E262-695B-4BB5-B525-153FBE4FD6EB,84D50E75-79AB-451C-893E-57AB09B847B4,Pink,NA,NA,UNK,NA,NA,Released,2,Pink_NA_UNK_Released,2021-09-14,Nisqually River,2021,9,37,390,NA,NA,No,1,390,Complete,07:00:00,13:30:00
B6562155-52E7-44A1-823D-35DB372F9599,4001F7B3-77E1-4454-80A7-AE2110B825E3,Pink,NA,NA,UNK,NA,NA,Released,6,Pink_NA_UNK_Released,2021-09-14,Nisqually River,2021,9,37,270,NA,NA,No,1,270,Complete,09:00:00,13:30:00
2B3E302C-1B0D-479D-9F26-E4A85D3B6A14,0A9C6BA9-4108-45AE-BCE3-C788D4EBFE22,Pink,NA,NA,UNK,NA,NA,Released,6,Pink_NA_UNK_Released,2021-09-14,Nisqually River,2021,9,37,210,NA,NA,No,1,210,Complete,13:00:00,16:30:00
24ED7F07-7FB8-401B-985D-11F86D2CA89E,658380E7-881D-40D5-B60A-6F698732336C,Pink,NA,NA,UNK,NA,NA,Kept,1,Pink_NA_UNK_Kept,2021-09-14,Nisqually River,2021,9,37,450,NA,NA,No,1,450,Complete,09:00:00,16:30:00
02AE0881-AC4B-44A5-B192-1DC8CEA0C258,E4770084-BFC1-482B-995A-4A68E9FACEFD,Pink,NA,NA,UNK,NA,NA,Kept,1,Pink_NA_UNK_Kept,2021-09-14,Nisqually River,2021,9,37,255,NA,NA,No,1,255,Complete,09:00:00,13:15:00
BB2E07C0-C6B6-4F58-90AF-EB2F10EDA5DF,BCCCAE59-B9BD-4D88-8F6E-09C016173080,Pink,NA,NA,UNK,NA,NA,Released,1,Pink_NA_UNK_Released,2021-09-14,Nisqually River,2021,9,37,415,NA,NA,No,3,1245,Complete,07:30:00,14:25:00
94657B86-086B-47AC-841B-9DC8DF7065DE,2BC4BD70-E9D7-432D-95BC-A3D78ECB4956,Pink,NA,NA,UNK,NA,NA,Released,2,Pink_NA_UNK_Released,2021-09-14,Nisqually River,2021,9,37,260,NA,NA,No,2,520,Complete,06:00:00,10:20:00
C02C370D-B4E7-4592-B927-7514EA96C662,067B64F4-555F-437D-8441-D12E23773744,Pink,NA,NA,UNK,NA,NA,Kept,1,Pink_NA_UNK_Kept,2021-09-14,Nisqually River,2021,9,37,230,NA,NA,No,1,230,Complete,06:00:00,09:50:00
D398C3CD-0B0C-4F89-B683-15B34338DB4E,D07602A7-A0B5-49DB-95D8-D10A0DF44ADE,Pink,NA,NA,UNK,NA,NA,Kept,1,Pink_NA_UNK_Kept,2021-09-14,Nisqually River,2021,9,37,230,NA,NA,No,2,460,Complete,06:00:00,09:50:00
73DB6639-E249-499F-82E1-475660CF8F99,8F90DF74-0C72-409E-9E2E-4E3A250E3016,Pink,NA,NA,UNK,NA,NA,Kept,1,Pink_NA_UNK_Kept,2021-09-14,Nisqually River,2021,9,37,255,NA,NA,No,1,255,Complete,07:00:00,11:15:00
73DB6639-E249-499F-82E1-475660CF8F99,1268EFA3-6F70-4773-88E0-C52F0A9C8226,Pink,NA,NA,UNK,NA,NA,Released,3,Pink_NA_UNK_Released,2021-09-14,Nisqually River,2021,9,37,255,NA,NA,No,1,255,Complete,07:00:00,11:15:00
58D5B6AF-078F-4280-8297-96DCB28F4AD3,315AC445-6F4B-469E-99A1-6C53731F5E91,Pink,NA,NA,UNK,NA,NA,Released,1,Pink_NA_UNK_Released,2021-09-14,Nisqually River,2021,9,37,165,NA,NA,No,1,165,Complete,09:00:00,11:45:00
08491E4C-FE8E-4528-8641-6DC478470293,75BD1F98-A55C-46FB-A8B0-4AFD02941375,Pink,NA,NA,UNK,NA,NA,Released,1,Pink_NA_UNK_Released,2021-09-14,Nisqually River,2021,9,37,235,NA,NA,No,1,235,Complete,08:00:00,11:55:00
39E07252-84A6-4A1D-814E-D403817200CB,3B9C70B1-B98E-4427-8D79-6292E29D0347,Pink,NA,NA,UNK,NA,NA,Released,2,Pink_NA_UNK_Released,2021-09-14,Nisqually River,2021,9,37,290,NA,NA,No,1,290,Complete,07:00:00,11:50:00
AE6E8281-92D0-40C6-8541-B0B469D960D1,4A640EDC-3E1A-4580-9139-61FE37ED9AE9,Pink,NA,NA,UNK,NA,NA,Released,1,Pink_NA_UNK_Released,2021-09-14,Nisqually River,2021,9,37,250,NA,NA,No,1,250,Complete,07:30:00,11:40:00
E1A1D50A-C7A7-4D8C-8BC6-FDD27F79DCDE,766505D6-F871-4A92-BAE4-414E1C552C7C,Pink,NA,NA,UNK,NA,NA,Released,1,Pink_NA_UNK_Released,2021-09-14,Nisqually River,2021,9,37,320,NA,NA,No,1,320,Complete,06:00:00,11:20:00
B5FFFEAB-9376-4602-A980-EFB93F3C9E13,428A0802-3C0E-42CC-BE0E-EBC6722708C1,Pink,NA,NA,UNK,NA,NA,Released,10,Pink_NA_UNK_Released,2021-09-14,Nisqually River,2021,9,37,420,NA,NA,No,1,420,Complete,05:45:00,12:45:00
5FEE8D53-2C6E-492A-9978-56035DA701BF,A0D643FF-05CA-44B1-9CC1-EE1696FBF9D1,Pink,NA,NA,UNK,NA,NA,Released,3,Pink_NA_UNK_Released,2021-09-14,Nisqually River,2021,9,37,340,NA,NA,No,2,680,Complete,05:45:00,11:25:00
3AB9D471-26E6-493C-B25F-1D086EC83489,9AAD3D5D-EF74-4A89-86D9-0858B4A8804B,Pink,NA,NA,UNK,NA,NA,Released,15,Pink_NA_UNK_Released,2021-09-14,Nisqually River,2021,9,37,435,NA,NA,No,1,435,Complete,05:45:00,13:00:00
32C56C3E-3D32-4773-B046-ECD562E97559,9415DB1F-8F9E-4DD4-8057-818AC6A3832C,Pink,NA,NA,UNK,NA,NA,Released,1,Pink_NA_UNK_Released,2021-09-14,Nisqually River,2021,9,37,245,NA,NA,No,2,490,Complete,09:00:00,13:05:00
2B55E8F9-D9C3-4276-A865-D12E6A186B32,C6F91124-6C19-438B-BC29-933B9CF4708F,Pink,NA,NA,UNK,NA,NA,Released,1,Pink_NA_UNK_Released,2021-09-14,Nisqually River,2021,9,37,435,NA,NA,No,2,870,Complete,05:45:00,13:00:00
51140076-D9DA-4B94-9AFF-8E41E784E52E,80CF7569-74FA-4AC2-AE33-F97E17A1EDED,Pink,NA,NA,UNK,NA,NA,Released,1,Pink_NA_UNK_Released,2021-09-14,Nisqually River,2021,9,37,155,NA,NA,No,3,465,Complete,10:30:00,13:05:00
65EE2573-145E-49F3-ADEC-695414142A08,CAE66F10-8D32-4E49-9CD3-105E71872126,Pink,NA,NA,UNK,NA,NA,Released,2,Pink_NA_UNK_Released,2021-09-14,Nisqually River,2021,9,37,180,NA,NA,No,1,180,Complete,06:00:00,09:00:00
76BD185A-32A5-413F-A471-00DEB8A8956A,D5800A02-663E-40FC-A99F-1474D2B02AB6,Pink,NA,NA,UNK,NA,NA,Released,3,Pink_NA_UNK_Released,2021-09-14,Nisqually River,2021,9,37,160,NA,NA,No,1,160,Complete,06:00:00,08:40:00
F820B35D-A63D-4314-963F-66ACF380F20D,B364791F-1B00-4E49-9C44-8D12CF727BCF,Pink,NA,NA,UNK,NA,NA,Released,2,Pink_NA_UNK_Released,2021-09-14,Nisqually River,2021,9,37,170,NA,NA,No,1,170,Complete,05:45:00,08:35:00
B9AC0150-DBBC-4B4D-856A-7C4D04F62452,68742304-979A-44B6-AA0B-3C68DDE0C99A,Pink,NA,NA,UNK,NA,NA,Kept,1,Pink_NA_UNK_Kept,2021-09-14,Nisqually River,2021,9,37,85,NA,NA,No,1,85,Complete,06:15:00,07:40:00
F7474063-D157-47A7-861C-3D4A2D4F13E3,E7A8B762-F0B4-44E0-9C90-685653E8DDEB,Pink,NA,NA,UNK,NA,NA,Kept,1,Pink_NA_UNK_Kept,2021-09-14,Nisqually River,2021,9,37,85,NA,NA,No,1,85,Complete,06:15:00,07:40:00
3B8A3D6E-E734-4E76-AF7E-514986DAAEF3,2E433601-7F9D-4D94-B8EE-E45ECEC668DA,Pink,NA,NA,UNK,NA,NA,Released,1,Pink_NA_UNK_Released,2021-09-14,Nisqually River,2021,9,37,105,NA,NA,No,1,105,Complete,05:45:00,07:30:00
32DECECC-4DC3-44D7-9EE6-DFBE42A7B1C6,08CFAC18-A61E-46D8-8D11-09A9508DC88E,Pink,NA,NA,UNK,NA,NA,Released,1,Pink_NA_UNK_Released,2021-09-14,Nisqually River,2021,9,37,85,NA,NA,No,1,85,Complete,08:00:00,09:25:00
1D227DAE-3B3E-433F-BA00-458E1FDE1601,4F47E803-C6A8-4D8B-8E15-F7A6CABC203A,Pink,NA,NA,UNK,NA,NA,Released,2,Pink_NA_UNK_Released,2021-09-14,Nisqually River,2021,9,37,265,NA,NA,No,2,530,Complete,06:00:00,10:25:00
409C2F83-916C-46D6-91E5-D91A69B8F555,B64B9DE9-DBAC-4D98-848A-1AB5096CE829,Pink,NA,NA,UNK,NA,NA,Released,1,Pink_NA_UNK_Released,2021-09-14,Nisqually River,2021,9,37,272,NA,NA,No,1,272,Complete,05:48:00,10:20:00
409C2F83-916C-46D6-91E5-D91A69B8F555,AE7203CF-A527-458F-8641-3B21ED7523A9,Pink,NA,NA,UNK,NA,NA,Kept,2,Pink_NA_UNK_Kept,2021-09-14,Nisqually River,2021,9,37,272,NA,NA,No,1,272,Complete,05:48:00,10:20:00
46157A3B-79C5-4FFF-95BC-AE4D3640E05B,9B4F9892-C9B8-4BDA-B6FC-C9E9D85DA9D1,Pink,NA,NA,UNK,NA,NA,Released,4,Pink_NA_UNK_Released,2021-09-14,Nisqually River,2021,9,37,245,NA,NA,No,1,245,Complete,06:00:00,10:05:00
D6BFCB01-FA21-4BC9-87F8-28F13B0E357A,A7148A84-7FD0-49FF-B4FD-7DCD3334F39B,Pink,NA,NA,UNK,NA,NA,Released,1,Pink_NA_UNK_Released,2021-09-14,Nisqually River,2021,9,37,225,NA,NA,No,1,225,Complete,05:45:00,09:30:00
E79619C7-5825-4B1D-9AB8-3EB650206ED3,68C15B3F-79B6-477F-A835-ADDB33436BB2,Pink,NA,NA,UNK,NA,NA,Kept,2,Pink_NA_UNK_Kept,2021-09-14,Nisqually River,2021,9,37,205,NA,NA,No,2,410,Complete,06:00:00,09:25:00
0CE4ECD4-0FB2-4987-8163-4FB8D8A999E4,645D6A03-FAE4-48FD-984F-83A66200B4CC,Pink,NA,NA,UNK,NA,NA,Released,1,Pink_NA_UNK_Released,2021-09-14,Nisqually River,2021,9,37,205,NA,NA,No,1,205,Complete,06:00:00,09:25:00
DFCC8B19-D5F2-4321-A92B-8984A217988A,4529CA49-2969-4225-906A-280FF608E57D,Pink,NA,NA,UNK,NA,NA,Released,2,Pink_NA_UNK_Released,2021-09-14,Nisqually River,2021,9,37,252,NA,NA,No,1,252,Complete,05:48:00,10:00:00
A8B7D95B-E84B-4717-9992-472CA40713CE,9F586099-2E87-429B-8328-38C6F30C4702,Pink,NA,NA,UNK,NA,NA,Kept,1,Pink_NA_UNK_Kept,2021-09-14,Nisqually River,2021,9,37,155,NA,NA,No,1,155,Complete,07:00:00,09:35:00
A8B7D95B-E84B-4717-9992-472CA40713CE,DDADDA83-A60C-40D0-9BC2-7B35C926B891,Pink,NA,NA,UNK,NA,NA,Released,2,Pink_NA_UNK_Released,2021-09-14,Nisqually River,2021,9,37,155,NA,NA,No,1,155,Complete,07:00:00,09:35:00
EB117CDE-8C21-407D-83D8-8378F2AE31E6,6849A129-A2EC-48C6-8A62-066733BD017E,Pink,NA,NA,UNK,NA,NA,Released,3,Pink_NA_UNK_Released,2021-09-14,Nisqually River,2021,9,37,175,NA,NA,No,1,175,Complete,07:00:00,09:55:00
354BB802-F4C7-473F-9523-208AC3FE1879,C0D7E7B3-6132-44E3-83DA-CB538FC71289,Pink,NA,NA,UNK,NA,NA,Kept,1,Pink_NA_UNK_Kept,2021-09-11,Nisqually River,2021,9,37,440,NA,NA,No,1,440,Complete,09:00:00,16:20:00
CD135667-296E-4FED-A102-370031EB4544,658BEC10-26C8-4A92-8074-637BC3645F1F,Pink,NA,NA,UNK,NA,NA,Kept,1,Pink_NA_UNK_Kept,2021-09-11,Nisqually River,2021,9,37,580,NA,NA,No,1,580,Complete,06:00:00,15:40:00
05F21869-751D-4D18-AAA0-C27F98FD1AC5,31C36F81-EAD6-4D01-A958-28854327BE2D,Pink,NA,NA,UNK,NA,NA,Released,1,Pink_NA_UNK_Released,2021-09-11,Nisqually River,2021,9,37,260,NA,NA,No,1,260,Complete,15:00:00,19:20:00
B62B96B5-C321-4560-888B-3B95B4D13AB5,CFB96532-D42D-4A10-9D00-2F19C6930855,Pink,NA,NA,UNK,NA,NA,Released,3,Pink_NA_UNK_Released,2021-09-11,Nisqually River,2021,9,37,330,NA,NA,No,2,660,Incomplete,08:00:00,13:30:00
C4653188-374E-45FC-BA0A-AD749808EB1A,D3DB538F-FC3C-4EA7-A4C8-48B262F89907,Pink,NA,NA,UNK,NA,NA,Kept,1,Pink_NA_UNK_Kept,2021-09-11,Nisqually River,2021,9,37,90,NA,NA,No,1,90,Complete,15:45:00,17:15:00
EF064D41-B31A-4BDB-B2BC-BFAE319759AD,8B481D1F-415F-4DDB-BA56-4ECD69E4A95A,Pink,NA,NA,UNK,NA,NA,Released,12,Pink_NA_UNK_Released,2021-09-11,Nisqually River,2021,9,37,240,NA,NA,No,1,240,Complete,13:30:00,17:30:00
62DA59F8-D2BC-4C8F-BC2F-4DB48DDAEF6C,8356DDE6-4C43-45D5-857D-B8BCDCDBA58E,Pink,NA,NA,UNK,NA,NA,Released,15,Pink_NA_UNK_Released,2021-09-11,Nisqually River,2021,9,37,290,NA,NA,No,1,290,Complete,13:00:00,17:50:00
0136610D-B7DE-404D-B0C5-7CCAE8C932EA,CF03B3F0-A020-423D-B3D4-73FCA0913EB2,Pink,NA,NA,UNK,NA,NA,Released,1,Pink_NA_UNK_Released,2021-09-11,Nisqually River,2021,9,37,185,NA,NA,No,1,185,Complete,16:00:00,19:05:00
C100B0C2-2A22-4CC9-928D-B2C16CEFAF80,3BF09C14-66D8-485C-B828-CCC87E25F80D,Pink,NA,NA,UNK,NA,NA,Released,1,Pink_NA_UNK_Released,2021-09-11,Nisqually River,2021,9,37,110,NA,NA,No,1,110,Complete,17:30:00,19:20:00
C4A0D48E-E993-4CDC-90D0-AE91C028F202,D2FEE850-B03A-4551-9F65-3F6F8DB383A2,Pink,NA,NA,UNK,NA,NA,Released,3,Pink_NA_UNK_Released,2021-09-11,Nisqually River,2021,9,37,290,NA,NA,No,2,580,Complete,14:30:00,19:20:00
7537AD9A-BABD-47F9-AF5B-A8AED23F2033,54356151-4B30-47CE-B3E0-6AFF2ABDDC1E,Pink,NA,NA,UNK,NA,NA,Kept,1,Pink_NA_UNK_Kept,2021-09-11,Nisqually River,2021,9,37,260,NA,NA,No,4,1040,Incomplete,06:00:00,10:20:00
14AB1474-3E36-4344-80A9-04D2049FE14E,F0BBD1B5-983B-47C7-9292-31ACD528E67A,Pink,NA,NA,UNK,NA,NA,Kept,1,Pink_NA_UNK_Kept,2021-09-11,Nisqually River,2021,9,37,205,NA,NA,No,1,205,Incomplete,07:00:00,10:25:00
BC47D6C5-EEB2-4BEF-A3CD-349521D746CE,7EF1E879-12B3-428E-AF82-0D07FC8B57E2,Pink,NA,NA,UNK,NA,NA,Released,2,Pink_NA_UNK_Released,2021-09-11,Nisqually River,2021,9,37,258,NA,NA,No,2,516,Incomplete,06:14:00,10:32:00
7E7674F9-B46F-4CCB-A70F-6D9FB63C9C53,E47C283A-5104-4D83-ABCF-AC451868CBA4,Pink,NA,NA,UNK,NA,NA,Released,2,Pink_NA_UNK_Released,2021-09-11,Nisqually River,2021,9,37,87,NA,NA,No,1,87,Incomplete,09:00:00,10:27:00
619D1B17-2B8B-438D-B914-8D323C42014B,F2A5ED68-E6D5-40C2-8BC5-9620843E32E1,Pink,NA,NA,UNK,NA,NA,Released,3,Pink_NA_UNK_Released,2021-09-11,Nisqually River,2021,9,37,112,NA,NA,No,2,224,Incomplete,11:00:00,12:52:00
768AD200-188A-40D7-BEE1-3F62EBFECB0B,6479620D-26D7-4C89-A9B0-0EEFA7E79CF2,Pink,NA,NA,UNK,NA,NA,Released,6,Pink_NA_UNK_Released,2021-09-11,Nisqually River,2021,9,37,314,NA,NA,No,6,1884,Incomplete,06:00:00,11:14:00
88923FFF-236C-4CA3-8FB9-814394679701,3C8CE20B-B542-48DF-BB46-8A64771996A6,Pink,NA,NA,UNK,NA,NA,Released,1,Pink_NA_UNK_Released,2021-09-11,Nisqually River,2021,9,37,223,NA,NA,No,1,223,Complete,07:30:00,11:13:00
F47CE366-F8CC-404B-95CE-6A27B28FCB96,6827990B-D3F0-4B36-9F19-90E0EEE6A638,Pink,NA,NA,UNK,NA,NA,Kept,2,Pink_NA_UNK_Kept,2021-09-11,Nisqually River,2021,9,37,326,NA,NA,No,3,978,Complete,05:45:00,11:11:00
18AEBE10-4C94-47FE-93DD-A8E5F73CCDFA,AAA11DFC-788C-4DFA-AA4A-801CF9864584,Pink,NA,NA,UNK,NA,NA,Released,1,Pink_NA_UNK_Released,2021-09-11,Nisqually River,2021,9,37,93,NA,NA,No,2,186,Incomplete,09:30:00,11:03:00
3FCB7F2C-6DAE-4175-873A-DF56D889AB14,37FC488C-496D-41D1-9809-10D107789E2B,Pink,NA,NA,UNK,NA,NA,Kept,1,Pink_NA_UNK_Kept,2021-09-11,Nisqually River,2021,9,37,385,NA,NA,No,2,770,Incomplete,06:30:00,12:55:00
3FCB7F2C-6DAE-4175-873A-DF56D889AB14,1B8DEA28-A97E-4D0D-9B90-0103FBF5FD9D,Pink,NA,NA,UNK,NA,NA,Released,2,Pink_NA_UNK_Released,2021-09-11,Nisqually River,2021,9,37,385,NA,NA,No,2,770,Incomplete,06:30:00,12:55:00
3395B718-3645-41A7-859C-B4C26E6898B3,AD7D756C-ED6F-4CC3-8CA6-6644B11E489D,Pink,NA,NA,UNK,NA,NA,Kept,4,Pink_NA_UNK_Kept,2021-09-11,Nisqually River,2021,9,37,425,NA,NA,No,2,850,Complete,07:00:00,14:05:00
FF47D18F-A4F1-4F3F-949F-163A56EDED6B,4670D1FC-5F37-4FA6-BC16-4FD05E69AEB5,Pink,NA,NA,UNK,NA,NA,Released,6,Pink_NA_UNK_Released,2021-09-11,Nisqually River,2021,9,37,185,NA,NA,No,1,185,Complete,09:00:00,12:05:00
DC3FB399-7337-446A-AB73-3AC8EE39CCCF,C2AE7449-0937-4078-9081-17DE1C3F5FB1,Pink,NA,NA,UNK,NA,NA,Kept,1,Pink_NA_UNK_Kept,2021-09-11,Nisqually River,2021,9,37,168,NA,NA,No,1,168,Complete,06:00:00,08:48:00
73FAFE79-F13D-4950-8983-46F38D4C521F,EF5E74B8-4AC7-499A-A35E-98A1926E59A5,Pink,NA,NA,UNK,NA,NA,Released,2,Pink_NA_UNK_Released,2021-09-11,Nisqually River,2021,9,37,170,NA,NA,No,1,170,Complete,06:30:00,09:20:00
E42C6FDC-1AA3-4F24-94FF-EA0BBF4EC542,253CF293-A42B-4521-9AB0-138E9601AABD,Pink,NA,NA,UNK,NA,NA,Released,11,Pink_NA_UNK_Released,2021-09-11,Nisqually River,2021,9,37,125,NA,NA,No,1,125,Complete,07:45:00,09:50:00
0D10DF3A-1CE3-4119-A343-7EFC907C56F8,A3749C83-046B-475C-BEA9-EEA614106BBB,Pink,NA,NA,UNK,NA,NA,Released,1,Pink_NA_UNK_Released,2021-09-11,Nisqually River,2021,9,37,375,NA,NA,No,2,750,Complete,05:30:00,11:45:00
67E20F39-1231-4C86-BF7B-C70CD6BA3331,17247B7E-65E0-4397-A265-60E9D301A3FA,Pink,NA,NA,UNK,NA,NA,Released,3,Pink_NA_UNK_Released,2021-09-11,Nisqually River,2021,9,37,225,NA,NA,No,1,225,Complete,09:00:00,12:45:00
C5773A66-408D-4C42-90F6-D6E9699B6306,03F758C1-B28C-4D7E-AAEB-27C7BF5F463B,Pink,NA,NA,UNK,NA,NA,Kept,1,Pink_NA_UNK_Kept,2021-09-11,Nisqually River,2021,9,37,155,NA,NA,No,1,155,Complete,10:00:00,12:35:00
3F9464D5-0183-4F3B-9703-C15833858E8E,79F8ADB0-3588-4880-868A-20645FE49B1F,Pink,NA,NA,UNK,NA,NA,Released,1,Pink_NA_UNK_Released,2021-09-11,Nisqually River,2021,9,37,380,NA,NA,No,1,380,Complete,05:45:00,12:05:00
414DB20B-2808-4908-A5ED-A78FB80EB522,E4CA2B7A-84D1-4674-85E0-9C0BA13CB714,Pink,NA,NA,UNK,NA,NA,Released,3,Pink_NA_UNK_Released,2021-09-11,Nisqually River,2021,9,37,510,NA,NA,No,2,1020,Complete,05:45:00,14:15:00
7B0373C4-8EF1-4C62-AC5D-588F0A876D37,C674D922-6126-4818-9F0D-E399AE698615,Pink,NA,NA,UNK,NA,NA,Released,4,Pink_NA_UNK_Released,2021-09-11,Nisqually River,2021,9,37,395,NA,NA,No,2,790,Complete,06:30:00,13:05:00
E497F117-9701-4FD7-81D8-B31C6A5F197C,275CF7C9-28A1-4C9F-87DB-F5455FBB8DF0,Pink,NA,NA,UNK,NA,NA,Released,4,Pink_NA_UNK_Released,2021-09-11,Nisqually River,2021,9,37,85,NA,NA,No,2,170,Complete,12:00:00,13:25:00
57A1A1C3-2B45-4663-9202-B39C6D1CF271,D6CF93C0-0CFA-4BA8-B27A-34C65F64C6F0,Pink,NA,NA,UNK,NA,NA,Released,1,Pink_NA_UNK_Released,2021-09-11,Nisqually River,2021,9,37,315,NA,NA,No,2,630,Complete,08:30:00,13:45:00
A1187D83-CFE4-4C39-AB71-13DE99578A1F,16D4D060-B3D3-416E-8352-0B36B66F2729,Pink,NA,NA,UNK,NA,NA,Released,9,Pink_NA_UNK_Released,2021-09-11,Nisqually River,2021,9,37,260,NA,NA,No,1,260,Complete,06:00:00,10:20:00
87DB566A-C04D-4511-8D17-DA5D9038AD70,86EF6298-7377-4ED5-B72B-DFE73963467A,Pink,NA,NA,UNK,NA,NA,Released,6,Pink_NA_UNK_Released,2021-09-11,Nisqually River,2021,9,37,200,NA,NA,No,1,200,Complete,10:30:00,13:50:00
F3939EA8-AE52-41BE-910E-EA93A6C3C476,59DDDB22-D782-483D-84E1-99683E1909C7,Pink,NA,NA,UNK,NA,NA,Released,3,Pink_NA_UNK_Released,2021-09-11,Nisqually River,2021,9,37,130,NA,NA,No,1,130,Complete,06:00:00,08:10:00
A3585268-9109-47F8-B684-71DB79DC78BE,778C62BA-56A0-4B8A-8804-0CCC0141FA5E,Pink,NA,NA,UNK,NA,NA,Released,20,Pink_NA_UNK_Released,2021-09-11,Nisqually River,2021,9,37,465,NA,NA,No,2,930,Complete,05:45:00,13:30:00
5C23D9E3-03A3-4036-9895-7915A2E8D72A,95DC319A-9364-482E-84F0-46E948A229EA,Pink,NA,NA,UNK,NA,NA,Released,1,Pink_NA_UNK_Released,2021-09-11,Nisqually River,2021,9,37,135,NA,NA,No,1,135,Complete,08:00:00,10:15:00
67F009BF-2ABD-4805-8B67-49EC6E1829AF,3C1BF9EE-5F3E-4A71-90EF-1D35A792571F,Pink,NA,NA,UNK,NA,NA,Released,3,Pink_NA_UNK_Released,2021-09-11,Nisqually River,2021,9,37,130,NA,NA,No,1,130,Complete,05:50:00,08:00:00
19218E9D-FC40-4634-9AEE-C3E0076EA41A,B8F204E8-6AAE-4634-B54D-44E50FEB53E8,Pink,NA,NA,UNK,NA,NA,Released,1,Pink_NA_UNK_Released,2021-09-11,Nisqually River,2021,9,37,150,NA,NA,No,1,150,Complete,05:45:00,08:15:00
2E1A6E0D-447D-427F-ABF5-1194E930C6C6,A4E7BF8E-A3CF-43F5-B63C-F9C2FCBCD0EB,Pink,NA,NA,UNK,NA,NA,Released,3,Pink_NA_UNK_Released,2021-09-11,Nisqually River,2021,9,37,160,NA,NA,No,2,320,Complete,05:45:00,08:25:00
9B0CFC59-BCBD-40FE-98D3-72AD4EDC0511,D74CCEEA-E7E0-472A-9B3B-10C57331B4B8,Pink,NA,NA,UNK,NA,NA,Released,1,Pink_NA_UNK_Released,2021-09-11,Nisqually River,2021,9,37,165,NA,NA,No,2,330,Complete,06:00:00,08:45:00
D2CDC6FC-3287-4724-B4E1-A02606C39284,56D89086-424D-4747-8A90-04493A16CFC6,Pink,NA,NA,UNK,NA,NA,Released,1,Pink_NA_UNK_Released,2021-09-11,Nisqually River,2021,9,37,115,NA,NA,No,1,115,Complete,07:00:00,08:55:00
25DDB315-40CA-4FBD-AAF3-E4810E7886A5,B20667CD-2D4C-4108-9D9B-ADB762B23809,Pink,NA,NA,UNK,NA,NA,Released,1,Pink_NA_UNK_Released,2021-09-11,Nisqually River,2021,9,37,90,NA,NA,No,1,90,Complete,08:30:00,10:00:00
E7047C2E-ABFB-46F4-BF70-B2954C5CEC12,AFDE4DE3-48C9-4483-B846-40E8A1689E66,Pink,NA,NA,UNK,NA,NA,Kept,1,Pink_NA_UNK_Kept,2021-09-11,Nisqually River,2021,9,37,250,NA,NA,No,3,750,Complete,06:00:00,10:10:00
9680EED6-4917-4CFA-B3B2-D18C51715064,23A1D44C-257E-4475-AB25-9EADB58864B3,Pink,NA,NA,UNK,NA,NA,Released,1,Pink_NA_UNK_Released,2021-09-11,Nisqually River,2021,9,37,125,NA,NA,No,1,125,Complete,06:00:00,08:05:00
892B7F8D-8985-4FD2-B823-98E7AF1499BA,F120D2A0-299C-4854-B832-9102E64B3394,Pink,NA,NA,UNK,NA,NA,Released,1,Pink_NA_UNK_Released,2021-09-11,Nisqually River,2021,9,37,125,NA,NA,No,1,125,Complete,07:00:00,09:05:00
FE64F1B7-9059-416E-8478-29766DB78F28,78B5E088-25A3-41C4-A4BA-9A25D8058E44,Pink,NA,NA,UNK,NA,NA,Released,2,Pink_NA_UNK_Released,2021-09-11,Nisqually River,2021,9,37,250,NA,NA,No,2,500,Complete,05:45:00,09:55:00
13F19BE1-D556-4DE0-817E-729FDEF2431B,F3AAEED4-A727-40BE-9654-A9548974EFF6,Pink,NA,NA,UNK,NA,NA,Kept,2,Pink_NA_UNK_Kept,2021-09-11,Nisqually River,2021,9,37,230,NA,NA,No,1,230,Complete,05:45:00,09:35:00
99E2D94B-BAE6-4988-9EED-20CA14195A44,1570D971-7C27-46D3-88A5-C6F126CB9EA6,Pink,NA,NA,UNK,NA,NA,Released,3,Pink_NA_UNK_Released,2021-09-08,Nisqually River,2021,9,36,110,NA,NA,No,1,110,Complete,08:30:00,10:20:00
DEB432F9-EF80-4F0D-B206-25E65665060E,865C89A2-B1F0-4385-BA4D-4E4F59C2F171,Pink,NA,NA,UNK,NA,NA,Released,6,Pink_NA_UNK_Released,2021-09-08,Nisqually River,2021,9,36,255,NA,NA,No,1,255,Complete,06:00:00,10:15:00
02F98980-6617-4077-B2A5-2FAF280905EF,6D843E14-166E-424D-90A4-7E7093F23FEF,Pink,NA,NA,UNK,NA,NA,Released,2,Pink_NA_UNK_Released,2021-09-08,Nisqually River,2021,9,36,270,NA,NA,No,1,270,Complete,06:00:00,10:30:00
774791CF-CEC0-433E-BC9B-EDCBE16AA079,4932D6CA-319E-45D4-ADDB-CD9178ADCAE7,Pink,NA,NA,UNK,NA,NA,Released,1,Pink_NA_UNK_Released,2021-09-08,Nisqually River,2021,9,36,290,NA,NA,No,1,290,Complete,05:40:00,10:30:00
4BAD813E-11EC-4C7E-9F50-072A61666330,9E26A9A8-0371-46B0-8039-CDF5DB6D57FF,Pink,NA,NA,UNK,NA,NA,Released,1,Pink_NA_UNK_Released,2021-09-08,Nisqually River,2021,9,36,280,NA,NA,No,1,280,Complete,05:40:00,10:20:00
23D241DF-5AE0-4519-8364-31A7FA73407E,FB3B92B4-169F-49D2-8326-18C71DDC3FBC,Pink,NA,NA,UNK,NA,NA,Released,2,Pink_NA_UNK_Released,2021-09-08,Nisqually River,2021,9,36,310,NA,NA,No,2,620,Complete,06:00:00,11:10:00
2332D4C5-C5A6-4B6C-A523-85AB6B6BCE92,4861F9F0-7068-48AD-8F81-F40618DFFC00,Pink,NA,NA,UNK,NA,NA,Kept,1,Pink_NA_UNK_Kept,2021-09-08,Nisqually River,2021,9,36,285,NA,NA,No,1,285,Complete,06:30:00,11:15:00
2332D4C5-C5A6-4B6C-A523-85AB6B6BCE92,039F47B7-BABA-455B-B99D-7F110C910A45,Pink,NA,NA,UNK,NA,NA,Released,2,Pink_NA_UNK_Released,2021-09-08,Nisqually River,2021,9,36,285,NA,NA,No,1,285,Complete,06:30:00,11:15:00
85AA1D8D-1E6D-45E1-B55C-63847B796D06,C8FDC5AD-1BA3-4144-8937-9530E4AF3FD1,Pink,NA,NA,UNK,NA,NA,Released,1,Pink_NA_UNK_Released,2021-09-08,Nisqually River,2021,9,36,190,NA,NA,No,1,190,Complete,08:00:00,11:10:00
B5B64FA9-0E66-44FC-8B36-D2F8B8A5D85F,492F0934-265A-47B1-AD23-413D6FD37C3E,Pink,NA,NA,UNK,NA,NA,Released,3,Pink_NA_UNK_Released,2021-09-08,Nisqually River,2021,9,36,145,NA,NA,No,1,145,Complete,06:00:00,08:25:00
B7B69661-F7C4-43C7-9B52-9F1DC25EFDAA,23E1A68F-DB53-4449-9E70-AE53677CE7A3,Pink,NA,NA,UNK,NA,NA,Kept,2,Pink_NA_UNK_Kept,2021-09-08,Nisqually River,2021,9,36,200,NA,NA,No,2,400,Complete,05:40:00,09:00:00
B7B69661-F7C4-43C7-9B52-9F1DC25EFDAA,04C8D343-A259-49A1-9E5C-1ED5D1401F67,Pink,NA,NA,UNK,NA,NA,Released,2,Pink_NA_UNK_Released,2021-09-08,Nisqually River,2021,9,36,200,NA,NA,No,2,400,Complete,05:40:00,09:00:00
BD1D2976-B863-4FD9-B164-0EDBB93927EF,18F9B5BD-3F04-48C0-AA5E-A662C82A095F,Pink,NA,NA,UNK,NA,NA,Released,2,Pink_NA_UNK_Released,2021-09-08,Nisqually River,2021,9,36,180,NA,NA,No,1,180,Complete,08:20:00,11:20:00
CF3D60EA-30A4-4F19-8F30-54603CCFE45A,DAA2A293-4D68-45AF-B049-3A31B0894386,Pink,NA,NA,UNK,NA,NA,Released,3,Pink_NA_UNK_Released,2021-09-08,Nisqually River,2021,9,36,250,NA,NA,No,1,250,Complete,05:40:00,09:50:00
A8665974-5528-4983-9E3D-A4C95B840B10,6F03EDE0-D9E9-4358-85E1-81A4B3CE12C0,Pink,NA,NA,UNK,NA,NA,Released,1,Pink_NA_UNK_Released,2021-09-08,Nisqually River,2021,9,36,180,NA,NA,No,1,180,Complete,07:00:00,10:00:00
FFA4D77C-A0F6-489E-9B31-5B911024B22E,A81D3AF7-B2CF-4876-AEFC-7B05F4CCE271,Pink,NA,NA,UNK,NA,NA,Released,3,Pink_NA_UNK_Released,2021-09-08,Nisqually River,2021,9,36,265,NA,NA,No,1,265,Complete,05:40:00,10:05:00
5F1A5AC3-A2B0-4ECE-8B5E-94856F0602F0,A7AD5C52-83FE-470E-BB0B-5795AE73B7E2,Pink,NA,NA,UNK,NA,NA,Released,1,Pink_NA_UNK_Released,2021-09-08,Nisqually River,2021,9,36,155,NA,NA,No,1,155,Complete,06:40:00,09:15:00
5F1A5AC3-A2B0-4ECE-8B5E-94856F0602F0,80DBB24D-E9D7-4EAB-A7C1-318BDDF3068E,Pink,NA,NA,UNK,NA,NA,Kept,2,Pink_NA_UNK_Kept,2021-09-08,Nisqually River,2021,9,36,155,NA,NA,No,1,155,Complete,06:40:00,09:15:00
FA2B6AF2-C8F9-4FC9-A404-E15F6CBFC52C,CFD8BCFF-3D30-4A34-9830-B8AE636A15AA,Pink,NA,NA,UNK,NA,NA,Kept,1,Pink_NA_UNK_Kept,2021-09-08,Nisqually River,2021,9,36,80,NA,NA,No,1,80,Complete,11:30:00,12:50:00
271D6BEE-489B-43B1-98BC-79D4B3DE3BD8,74C9945E-F744-4EC4-9B73-A75DE2B6389D,Pink,NA,NA,UNK,NA,NA,Kept,2,Pink_NA_UNK_Kept,2021-09-08,Nisqually River,2021,9,36,200,NA,NA,No,1,200,Complete,09:30:00,12:50:00
DEBC3676-AACA-4A33-A042-8E2E1D03CEE8,5D0A0BAB-D4E6-4C68-A26F-CBED5F37B940,Pink,NA,NA,UNK,NA,NA,Released,5,Pink_NA_UNK_Released,2021-09-08,Nisqually River,2021,9,36,390,NA,NA,No,1,390,Complete,06:30:00,13:00:00
303028CE-D855-4C6B-BB98-62FAB47FE1B3,19A7E196-6AB6-40C2-A665-B3834D82FB29,Pink,NA,NA,UNK,NA,NA,Kept,1,Pink_NA_UNK_Kept,2021-09-08,Nisqually River,2021,9,36,105,NA,NA,No,1,105,Complete,11:30:00,13:15:00
B6E3117D-6FAE-4D61-A88F-72DE877FA54D,51A91B0B-CBDF-4853-8F9F-17C0738C1374,Pink,NA,NA,UNK,NA,NA,Released,2,Pink_NA_UNK_Released,2021-09-08,Nisqually River,2021,9,36,275,NA,NA,No,1,275,Complete,07:45:00,12:20:00
4EBBF3EF-5CF5-4EE2-8198-F3CDF90D890E,087202FC-64E7-4755-9D0A-94E0E3846CD3,Pink,NA,NA,UNK,NA,NA,Released,10,Pink_NA_UNK_Released,2021-09-08,Nisqually River,2021,9,36,320,NA,NA,No,1,320,Complete,08:00:00,13:20:00
DFE3DB90-B457-4BE3-9809-785DBD0E8526,2138C63C-0BAA-4F0B-A662-30067A1D57EF,Pink,NA,NA,UNK,NA,NA,Released,1,Pink_NA_UNK_Released,2021-09-08,Nisqually River,2021,9,36,345,NA,NA,No,1,345,Complete,08:00:00,13:45:00
5B72720C-C45F-4CB4-8159-220A13DF58F2,68B248BA-24F6-467A-BC7A-34FBE2FA550A,Pink,NA,NA,UNK,NA,NA,Released,1,Pink_NA_UNK_Released,2021-09-08,Nisqually River,2021,9,36,295,NA,NA,No,2,590,Complete,09:00:00,13:55:00
5B72720C-C45F-4CB4-8159-220A13DF58F2,A3E6C036-D34E-47E4-B4A9-C59D6A50BAE3,Pink,NA,NA,UNK,NA,NA,Kept,1,Pink_NA_UNK_Kept,2021-09-08,Nisqually River,2021,9,36,295,NA,NA,No,2,590,Complete,09:00:00,13:55:00
23EC0A50-2D58-42E5-B05B-BA6D51C814DB,F9E22067-5CFA-4BB0-918F-BDF60163654F,Pink,NA,NA,UNK,NA,NA,Released,7,Pink_NA_UNK_Released,2021-09-08,Nisqually River,2021,9,36,490,NA,NA,No,1,490,Complete,06:00:00,14:10:00
0EC4524F-7C2D-4553-9AB0-0DF110F89329,38D9FA17-B5FC-4A41-972E-A13B9CC31326,Pink,NA,NA,UNK,NA,NA,Released,5,Pink_NA_UNK_Released,2021-09-08,Nisqually River,2021,9,36,195,NA,NA,No,1,195,Complete,10:00:00,13:15:00
A3EE0A3F-54A8-4D30-A311-61F032A283DF,2F839E2C-9BAD-458F-B4ED-6949F059DB53,Pink,NA,NA,UNK,NA,NA,Released,4,Pink_NA_UNK_Released,2021-09-08,Nisqually River,2021,9,36,235,NA,NA,No,1,235,Complete,07:30:00,11:25:00
7E2EC5EE-3808-4572-BF5E-EB43E3D8B21B,08056803-3EE6-4B39-891D-DD780E666FB1,Pink,NA,NA,UNK,NA,NA,Released,1,Pink_NA_UNK_Released,2021-09-08,Nisqually River,2021,9,36,300,NA,NA,No,1,300,Complete,06:30:00,11:30:00
C72FB4B7-08A4-4422-8981-600007E60B87,DDBE7032-EEFC-433E-B722-2AADACB04D70,Pink,NA,NA,UNK,NA,NA,Kept,1,Pink_NA_UNK_Kept,2021-09-08,Nisqually River,2021,9,36,340,NA,NA,No,1,340,Complete,06:00:00,11:40:00
A95B5F12-B39B-4ACB-8986-92A9B5633F1B,263952B0-04D9-4A29-B314-D27BD60D93FC,Pink,NA,NA,UNK,NA,NA,Released,1,Pink_NA_UNK_Released,2021-09-08,Nisqually River,2021,9,36,160,NA,NA,No,1,160,Complete,09:00:00,11:40:00
AC7D596B-B23D-4A12-BF32-E23AC125C7A9,50068CCD-7DBF-463A-A6C6-A6DFD0C756EF,Pink,NA,NA,UNK,NA,NA,Kept,1,Pink_NA_UNK_Kept,2021-09-08,Nisqually River,2021,9,36,330,NA,NA,No,2,660,Complete,06:30:00,12:00:00
AC7D596B-B23D-4A12-BF32-E23AC125C7A9,A82EDBEF-CC52-4933-93A0-C8CE6A4157CF,Pink,NA,NA,UNK,NA,NA,Released,2,Pink_NA_UNK_Released,2021-09-08,Nisqually River,2021,9,36,330,NA,NA,No,2,660,Complete,06:30:00,12:00:00
FCD967F8-70EF-4D16-84CE-D9494EDCC8CB,5B52B5BC-0FC6-4C38-8389-5B9E5CC1DD23,Pink,NA,NA,UNK,NA,NA,Released,2,Pink_NA_UNK_Released,2021-09-08,Nisqually River,2021,9,36,130,NA,NA,No,1,130,Complete,10:30:00,12:40:00
D7EC2580-8DCB-445D-AA5C-F0FA5E16AC6F,7B58EC4A-6537-470C-AF36-944DB347AACA,Pink,NA,NA,UNK,NA,NA,Kept,1,Pink_NA_UNK_Kept,2021-09-08,Nisqually River,2021,9,36,205,NA,NA,No,2,410,Complete,09:00:00,12:25:00
91A36CCA-D01A-432E-91A6-2341A660F953,64435002-7D68-4B7B-89B9-B82AC54B0A50,Pink,NA,NA,UNK,NA,NA,Kept,1,Pink_NA_UNK_Kept,2021-09-08,Nisqually River,2021,9,36,215,NA,NA,No,1,215,Complete,07:00:00,10:35:00
8A5A3C9B-6079-401B-A231-F286392F9E5C,D0B0825A-5CCC-45FA-B905-018F7341CD59,Pink,NA,NA,UNK,NA,NA,Released,3,Pink_NA_UNK_Released,2021-09-08,Nisqually River,2021,9,36,195,NA,NA,No,1,195,Complete,09:15:00,12:30:00
EAB92BC8-C1A3-47D4-992A-BCF9EF1B0AEE,B6C621D8-EF18-4F56-99DF-337D9C57F1E6,Pink,NA,NA,UNK,NA,NA,Released,2,Pink_NA_UNK_Released,2021-09-08,Nisqually River,2021,9,36,210,NA,NA,No,1,210,Complete,09:00:00,12:30:00
7F465E2F-1E71-417B-AEF7-47F797D4DC59,077E9714-9C90-4DAE-81AB-93396C217FF2,Pink,NA,NA,UNK,NA,NA,Released,3,Pink_NA_UNK_Released,2021-09-08,Nisqually River,2021,9,36,265,NA,NA,No,1,265,Complete,07:00:00,11:25:00
AE5FEBF8-DE1A-4A25-B9B0-B4C6AED7CEF7,43558DC7-641F-41B7-B086-0BB11645AD75,Pink,NA,NA,UNK,NA,NA,Released,2,Pink_NA_UNK_Released,2021-09-08,Nisqually River,2021,9,36,135,NA,NA,No,1,135,Complete,05:40:00,07:55:00
AE5FEBF8-DE1A-4A25-B9B0-B4C6AED7CEF7,B3702572-E4D6-4867-BE80-7C2D8F57ED63,Pink,NA,NA,UNK,NA,NA,Kept,1,Pink_NA_UNK_Kept,2021-09-08,Nisqually River,2021,9,36,135,NA,NA,No,1,135,Complete,05:40:00,07:55:00
E42169FE-455A-4C99-9356-83FAF0CA006B,1E29F2C4-A4CB-48BE-AD33-9BDDC3FC5332,Pink,NA,NA,UNK,NA,NA,Released,3,Pink_NA_UNK_Released,2021-09-08,Nisqually River,2021,9,36,180,NA,NA,No,1,180,Complete,12:30:00,15:30:00
47C95157-1182-49AC-9CEA-4EC6D38C4955,DAECC73F-CBD3-4249-B000-A5D1322E3627,Pink,NA,NA,UNK,NA,NA,Released,1,Pink_NA_UNK_Released,2021-09-08,Nisqually River,2021,9,36,64,NA,NA,No,2,128,Complete,11:30:00,12:34:00
85679730-86F2-4936-A454-7160A4B60D60,2C0B58BA-B7C3-4E33-8634-7BD8F3871800,Pink,NA,NA,UNK,NA,NA,Released,2,Pink_NA_UNK_Released,2021-09-08,Nisqually River,2021,9,36,270,NA,NA,No,1,270,Complete,09:30:00,14:00:00
3006280A-DDB8-4168-8969-9BDBFCCB67F8,3472C904-0D5E-486C-82B3-0C220BC68929,Pink,NA,NA,UNK,NA,NA,Released,1,Pink_NA_UNK_Released,2021-09-08,Nisqually River,2021,9,36,295,NA,NA,No,4,1180,Complete,06:30:00,11:25:00
3006280A-DDB8-4168-8969-9BDBFCCB67F8,461BAF55-F53B-48F8-A75D-57F725F9B42E,Pink,NA,NA,UNK,NA,NA,Kept,1,Pink_NA_UNK_Kept,2021-09-08,Nisqually River,2021,9,36,295,NA,NA,No,4,1180,Complete,06:30:00,11:25:00
479561C0-2CAD-4D25-BC0D-B0CF1023E6EB,D0A20B10-8E88-4658-8BC5-5DAF365E9CC0,Pink,NA,NA,UNK,NA,NA,Kept,2,Pink_NA_UNK_Kept,2021-09-08,Nisqually River,2021,9,36,260,NA,NA,No,1,260,Complete,07:00:00,11:20:00
4918A4BD-BFE8-4F6A-8B96-D87840F99E27,85E470B0-C586-4C23-9D32-4FA2310956FE,Pink,NA,NA,UNK,NA,NA,Kept,9,Pink_NA_UNK_Kept,2021-09-08,Nisqually River,2021,9,36,240,NA,NA,No,3,720,Complete,07:00:00,11:00:00
9B879AF4-01DD-455E-A631-0CFA7E27B64A,1BD606BB-5346-47EA-940B-27D676F420BA,Pink,NA,NA,UNK,NA,NA,Kept,2,Pink_NA_UNK_Kept,2021-09-08,Nisqually River,2021,9,36,306,NA,NA,No,3,918,Complete,06:00:00,11:06:00
152195EB-268B-463B-A34C-C79113095F3F,78820C65-E166-40B5-813B-A3B7FD374B82,Pink,NA,NA,UNK,NA,NA,Released,1,Pink_NA_UNK_Released,2021-09-08,Nisqually River,2021,9,36,110,NA,NA,No,1,110,Complete,17:00:00,18:50:00
BBD26056-66C2-4429-A8AF-B591DA610805,BB9B274F-D3BD-4A7B-BC84-EC54289DA18D,Pink,NA,NA,UNK,NA,NA,Released,2,Pink_NA_UNK_Released,2021-09-08,Nisqually River,2021,9,36,120,NA,NA,No,1,120,Complete,15:30:00,17:30:00
4D804F08-B2EB-4E6F-BEE5-CEB02D3BDABE,D29FB4ED-8FDA-401A-A3BC-55E6E1F2EEC0,Pink,NA,NA,UNK,NA,NA,Released,2,Pink_NA_UNK_Released,2021-09-08,Nisqually River,2021,9,36,290,NA,NA,No,1,290,Complete,14:00:00,18:50:00
D1F3389E-7A3D-447F-9EA4-5AC7BEDE1723,99E50537-075B-44BD-9011-F71D7A4B10E7,Pink,NA,NA,UNK,NA,NA,Kept,2,Pink_NA_UNK_Kept,2021-09-08,Nisqually River,2021,9,36,360,NA,NA,No,2,720,Complete,10:00:00,16:00:00
5461B078-B310-40DB-8A07-775D7D057DFF,203A93D5-7AAE-45A1-9784-A8136F74EC87,Pink,NA,NA,UNK,NA,NA,Released,4,Pink_NA_UNK_Released,2021-09-08,Nisqually River,2021,9,36,118,NA,NA,No,1,118,Complete,10:30:00,12:28:00
F1AC096D-F97B-427E-9BA9-F34EF0795FA9,825A1645-8912-4DB9-8864-2C2E6C692EFA,Pink,NA,NA,UNK,NA,NA,Released,1,Pink_NA_UNK_Released,2021-09-08,Nisqually River,2021,9,36,230,NA,NA,No,1,230,Complete,15:30:00,19:20:00
7BD53202-CAB6-40BF-B2A3-1895F070F3E5,A576D5AD-B520-4D21-BB2B-6867F0D0B9F9,Pink,NA,NA,UNK,NA,NA,Released,1,Pink_NA_UNK_Released,2021-09-08,Nisqually River,2021,9,36,120,NA,NA,No,1,120,Complete,16:50:00,18:50:00
19B47BB5-A107-4ACF-8B17-98EACCF18284,9F0BB54E-DD9F-497C-B39F-A11CEC239B58,Pink,NA,NA,UNK,NA,NA,Released,1,Pink_NA_UNK_Released,2021-09-08,Nisqually River,2021,9,36,120,NA,NA,No,1,120,Complete,15:00:00,17:00:00
612314FD-183D-405C-8C2E-A433ECE372FC,490ED9D7-13FE-4DA8-A830-0F54F733E1E1,Pink,NA,NA,UNK,NA,NA,Released,3,Pink_NA_UNK_Released,2021-09-07,Nisqually River,2021,9,36,200,NA,NA,No,1,200,Complete,13:00:00,16:20:00
C055212D-62E9-454A-8338-B54D6693791B,7BAD06F7-EFC4-4994-AC0A-010F534A4DC1,Pink,NA,NA,UNK,NA,NA,Released,4,Pink_NA_UNK_Released,2021-09-07,Nisqually River,2021,9,36,160,NA,NA,No,1,160,Complete,13:00:00,15:40:00
6D1D5808-57BA-42F0-9A13-64A8F5A0FE78,3170633C-793C-49B1-8785-CE5096E8421B,Pink,NA,NA,UNK,NA,NA,Released,6,Pink_NA_UNK_Released,2021-09-07,Nisqually River,2021,9,36,570,NA,NA,No,1,570,Complete,06:15:00,15:45:00
F3EB5E11-7EC6-4E71-8A4B-82AAF1D872C4,7B6BC767-4DD2-43C5-AE3F-87D104B57231,Pink,NA,NA,UNK,NA,NA,Released,3,Pink_NA_UNK_Released,2021-09-07,Nisqually River,2021,9,36,150,NA,NA,No,1,150,Complete,15:00:00,17:30:00
1D3877F3-D973-45CE-8F3F-7BBD6A1B8E34,2AA00757-5E94-4A7B-B419-6ADC288182CC,Pink,NA,NA,UNK,NA,NA,Kept,1,Pink_NA_UNK_Kept,2021-09-07,Nisqually River,2021,9,36,406,NA,NA,No,1,406,Complete,12:00:00,18:46:00
6F8DB387-B876-4F46-9F4E-00518491C61A,EB7CB2F7-A708-4795-ADCF-7216FCF4D07F,Pink,NA,NA,UNK,NA,NA,Kept,1,Pink_NA_UNK_Kept,2021-09-07,Nisqually River,2021,9,36,110,NA,NA,No,1,110,Complete,17:00:00,18:50:00
FAD249BA-7D6C-4683-93E2-A5CFBD4F086B,E5F96024-4BD4-4314-B519-E9F48571B1C8,Pink,NA,NA,UNK,NA,NA,Released,3,Pink_NA_UNK_Released,2021-09-07,Nisqually River,2021,9,36,300,NA,NA,No,1,300,Complete,14:00:00,19:00:00
64157DE9-1BFA-480D-8846-BAD6F121141B,9B0A1963-3FDF-4D31-99B1-8BF70C7190EA,Pink,NA,NA,UNK,NA,NA,Kept,3,Pink_NA_UNK_Kept,2021-09-07,Nisqually River,2021,9,36,270,NA,NA,No,1,270,Complete,14:30:00,19:00:00
B093B351-5946-4DA6-BCF0-E602999B5A67,23869738-71FF-4D11-A2D3-4A28C80A8880,Pink,NA,NA,UNK,NA,NA,Released,3,Pink_NA_UNK_Released,2021-09-07,Nisqually River,2021,9,36,85,NA,NA,No,1,85,Complete,14:15:00,15:40:00
9459BF18-63A2-4682-8EA8-4C693EB07BA2,4E68B942-F0CC-4EA2-B94F-0014DD106098,Pink,NA,NA,UNK,NA,NA,Kept,3,Pink_NA_UNK_Kept,2021-09-07,Nisqually River,2021,9,36,400,NA,NA,No,1,400,Complete,12:30:00,19:10:00
743D624C-3C56-4930-AAE3-816259699197,BEDC975D-6244-4BD2-A03D-427FB5B31C7E,Pink,NA,NA,UNK,NA,NA,Released,1,Pink_NA_UNK_Released,2021-09-07,Nisqually River,2021,9,36,NA,NA,NA,No,1,NA,Incomplete,05:40:00,NA
E15B6D8B-0BED-4C85-963F-B006BB970DA1,397A05FB-020D-4032-A91E-3935F2EA94F9,Pink,NA,NA,UNK,NA,NA,Released,10,Pink_NA_UNK_Released,2021-09-07,Nisqually River,2021,9,36,590,NA,NA,No,2,1180,Complete,05:30:00,15:20:00
F661388D-5735-4AD9-B7DA-F44B1251FB32,83315484-63E9-40B7-BE7C-2855EE20AF0E,Pink,NA,NA,UNK,NA,NA,Kept,1,Pink_NA_UNK_Kept,2021-09-07,Nisqually River,2021,9,36,NA,NA,NA,No,2,NA,Incomplete,10:00:00,NA
F661388D-5735-4AD9-B7DA-F44B1251FB32,888292BB-2A43-421D-B380-F76FB1506938,Pink,NA,NA,UNK,NA,NA,Released,2,Pink_NA_UNK_Released,2021-09-07,Nisqually River,2021,9,36,NA,NA,NA,No,2,NA,Incomplete,10:00:00,NA
30C3FC92-5DC3-434A-8783-D612E520A009,BFDC25B3-AE66-4E21-88FF-D8E7A81A90B4,Pink,NA,NA,UNK,NA,NA,Kept,1,Pink_NA_UNK_Kept,2021-09-07,Nisqually River,2021,9,36,NA,NA,NA,No,1,NA,Incomplete,11:15:00,NA
F4C61DE6-9BE3-45D2-9D53-DFCD73C40CD1,22FC016C-2D32-4442-B060-434859C1850A,Pink,NA,NA,UNK,NA,NA,Released,1,Pink_NA_UNK_Released,2021-09-07,Nisqually River,2021,9,36,246,NA,NA,No,1,246,Complete,07:30:00,11:36:00
6C6064AC-9963-47C1-9EC8-A76F705A525E,E19B10A3-D7C9-4D1D-A582-0C3BD060B6C7,Pink,NA,NA,UNK,NA,NA,Released,3,Pink_NA_UNK_Released,2021-09-07,Nisqually River,2021,9,36,NA,NA,NA,No,2,NA,Incomplete,06:15:00,NA
92499E24-0B5D-465F-BB8A-D0B087DD7224,5B21232F-AC3C-48FD-B342-0F96F190ED4F,Pink,NA,NA,UNK,NA,NA,Released,2,Pink_NA_UNK_Released,2021-09-07,Nisqually River,2021,9,36,173,NA,NA,No,2,346,Complete,10:00:00,12:53:00
6A29996F-B224-4EA3-BBCB-798F10271330,FF84A19F-6958-4185-B3D7-9911E57F57AB,Pink,NA,NA,UNK,NA,NA,Released,4,Pink_NA_UNK_Released,2021-09-07,Nisqually River,2021,9,36,235,NA,NA,No,2,470,Complete,08:30:00,12:25:00
E63EFE0C-8A90-4CDE-AB09-85445AAE57F6,450A7EFC-31DC-4F7E-904B-79E73517B27C,Pink,NA,NA,UNK,NA,NA,Released,2,Pink_NA_UNK_Released,2021-09-07,Nisqually River,2021,9,36,155,NA,NA,No,1,155,Complete,10:00:00,12:35:00
E82CCD3D-C57F-4A4E-A2DB-8C7C60A3A182,8F9B52B1-AA56-4204-B1FD-A0AF0EB581D8,Pink,NA,NA,UNK,NA,NA,Released,1,Pink_NA_UNK_Released,2021-09-07,Nisqually River,2021,9,36,185,NA,NA,No,1,185,Complete,09:30:00,12:35:00
E82CCD3D-C57F-4A4E-A2DB-8C7C60A3A182,93B7FD0B-D29C-4717-8045-F6540337C860,Pink,NA,NA,UNK,NA,NA,Kept,2,Pink_NA_UNK_Kept,2021-09-07,Nisqually River,2021,9,36,185,NA,NA,No,1,185,Complete,09:30:00,12:35:00
F6A98CFA-85E7-4150-AA9A-D31DAF6EB92D,B774B71D-8AAB-4DC8-AE22-925788402D3F,Pink,NA,NA,UNK,NA,NA,Released,1,Pink_NA_UNK_Released,2021-09-07,Nisqually River,2021,9,36,360,NA,NA,No,1,360,Complete,08:00:00,14:00:00
88DDD7B4-F4A2-40CB-B489-36D726BED439,DE93A38E-A62F-43EA-A069-1C6675D8F1DC,Pink,NA,NA,UNK,NA,NA,Released,2,Pink_NA_UNK_Released,2021-09-07,Nisqually River,2021,9,36,275,NA,NA,No,1,275,Complete,08:30:00,13:05:00
88DDD7B4-F4A2-40CB-B489-36D726BED439,02D819B6-2D67-419E-BC6E-92594ECB7CEE,Pink,NA,NA,UNK,NA,NA,Kept,1,Pink_NA_UNK_Kept,2021-09-07,Nisqually River,2021,9,36,275,NA,NA,No,1,275,Complete,08:30:00,13:05:00
2E72BDF8-D8ED-4A22-A2F6-316C1C9EAC32,E1C99CF1-264E-425D-AF3F-5E4F1FD3F985,Pink,NA,NA,UNK,NA,NA,Kept,1,Pink_NA_UNK_Kept,2021-09-07,Nisqually River,2021,9,36,110,NA,NA,No,1,110,Complete,07:30:00,09:20:00
8A846664-E8C5-4114-B382-921749AA234D,7F3DC9A1-4B64-48C1-80F2-321BCB821290,Pink,NA,NA,UNK,NA,NA,Released,5,Pink_NA_UNK_Released,2021-09-07,Nisqually River,2021,9,36,155,NA,NA,No,1,155,Complete,05:35:00,08:10:00
CA7C40F9-8DF7-4D88-8F48-D3D78DF84DDA,B965C167-9243-4C5F-91A0-D6FCCEEC7E4A,Pink,NA,NA,UNK,NA,NA,Released,1,Pink_NA_UNK_Released,2021-09-07,Nisqually River,2021,9,36,180,NA,NA,No,1,180,Complete,06:30:00,09:30:00
F3C47BCD-FFD8-492D-831F-45CD30BD9004,7EFAD676-9E06-4425-A56F-3D5F44E2716D,Pink,NA,NA,UNK,NA,NA,Released,1,Pink_NA_UNK_Released,2021-09-07,Nisqually River,2021,9,36,170,NA,NA,No,1,170,Complete,06:45:00,09:35:00
BE60C85F-1C41-4D81-9CB4-00F15DA223DE,8C5E4AAF-1836-4D13-B1FC-C6600F5632EF,Pink,NA,NA,UNK,NA,NA,Released,3,Pink_NA_UNK_Released,2021-09-07,Nisqually River,2021,9,36,285,NA,NA,No,1,285,Complete,05:40:00,10:25:00
3D6213FE-9100-4FB8-9F43-BAC528275881,3DBAF916-1FB3-4DDA-9463-AE5C57597488,Pink,NA,NA,UNK,NA,NA,Released,1,Pink_NA_UNK_Released,2021-09-07,Nisqually River,2021,9,36,220,NA,NA,No,1,220,Complete,05:35:00,09:15:00
47E69120-7829-4494-9544-64C50F5C0BDA,3140C930-EFE0-4AAC-A17C-53DCFE1FBF31,Pink,NA,NA,UNK,NA,NA,Released,1,Pink_NA_UNK_Released,2021-09-07,Nisqually River,2021,9,36,295,NA,NA,No,1,295,Complete,05:40:00,10:35:00
57538E92-C46A-46C2-922A-E32B9E76D2EC,DC1CD973-59CC-4A03-91E5-555F1D5D6A8C,Pink,NA,NA,UNK,NA,NA,Kept,2,Pink_NA_UNK_Kept,2021-09-07,Nisqually River,2021,9,36,260,NA,NA,No,1,260,Complete,05:40:00,10:00:00
19D3570A-DF6F-4D7D-8D52-739E06C53774,957F00AD-9F6C-4B6F-A8C8-3F5ADCE56836,Pink,NA,NA,UNK,NA,NA,Released,1,Pink_NA_UNK_Released,2021-09-07,Nisqually River,2021,9,36,165,NA,NA,No,1,165,Complete,07:15:00,10:00:00
5F73BC83-16F0-44F9-8805-9C1F79464CC3,954B1967-82C4-472A-AD4C-384E474A4F73,Pink,NA,NA,UNK,NA,NA,Released,2,Pink_NA_UNK_Released,2021-09-07,Nisqually River,2021,9,36,205,NA,NA,No,1,205,Complete,06:30:00,09:55:00
26252A5B-677A-4C75-ABA6-1EF5D59F944B,03D48525-8FEB-46F8-9F47-77A50B38168B,Pink,NA,NA,UNK,NA,NA,Released,1,Pink_NA_UNK_Released,2021-09-04,Nisqually River,2021,9,36,495,NA,NA,Yes,2,990,Complete,06:00:00,14:15:00
6720C1BA-DE66-4700-AAB7-2EC635FECF6F,82FB7032-72AF-42FD-B66E-C1832D65AA18,Pink,NA,NA,UNK,NA,NA,Released,3,Pink_NA_UNK_Released,2021-09-04,Nisqually River,2021,9,36,465,NA,NA,No,1,465,Complete,09:00:00,16:45:00
C6089728-7980-48E9-9E32-769D283E1F1C,9F81A60A-5E79-4F7C-8EE5-3C288C731E04,Pink,NA,NA,UNK,NA,NA,Released,1,Pink_NA_UNK_Released,2021-09-04,Nisqually River,2021,9,36,150,NA,NA,No,1,150,Complete,08:00:00,10:30:00
CC18D91D-076D-4B83-AC76-B31D99688DFB,808021BF-A6DB-448D-9727-00DBE0522641,Pink,NA,NA,UNK,NA,NA,Released,1,Pink_NA_UNK_Released,2021-09-04,Nisqually River,2021,9,36,570,NA,NA,No,3,1710,Complete,05:50:00,15:20:00
6AAC2B01-414B-40C5-8F84-A1F0497AA96C,7F76FE8A-7957-49DC-84B7-7BC00AC7BF93,Pink,NA,NA,UNK,NA,NA,Released,4,Pink_NA_UNK_Released,2021-09-04,Nisqually River,2021,9,36,510,NA,NA,No,1,510,Complete,06:00:00,14:30:00
EF2ED4DF-DBC0-40C3-9905-214B2F2659C6,D5703971-3E25-4FC2-95FE-A66F7908EBE1,Pink,NA,NA,UNK,NA,NA,Kept,1,Pink_NA_UNK_Kept,2021-09-04,Nisqually River,2021,9,36,250,NA,NA,No,1,250,Complete,07:30:00,11:40:00
7D3FE1ED-4ABB-4EB5-967B-6B6604E54A1B,A19EA91B-2E77-437B-B2C8-3371383C8117,Pink,NA,NA,UNK,NA,NA,Kept,1,Pink_NA_UNK_Kept,2021-09-04,Nisqually River,2021,9,36,255,NA,NA,No,1,255,Complete,07:30:00,11:45:00
C8F16A09-A8BF-4F1F-B688-91914514A2DA,7EF0DE6C-C228-4F62-AD0A-E35BD67A81DF,Pink,NA,NA,UNK,NA,NA,Released,1,Pink_NA_UNK_Released,2021-09-04,Nisqually River,2021,9,36,350,NA,NA,No,1,350,Complete,05:35:00,11:25:00
02741FB9-10F8-451C-BA08-72D3E7BE8DF4,C58DE611-6FB2-4DCD-A01C-E6FA09493C2D,Pink,NA,NA,UNK,NA,NA,Released,1,Pink_NA_UNK_Released,2021-09-04,Nisqually River,2021,9,36,350,NA,NA,No,1,350,Complete,06:00:00,11:50:00
016640DC-9CB7-4B17-AC2F-C1D0A910D591,FCF8A2B7-55E6-4117-9843-5828E570B8ED,Pink,NA,NA,UNK,NA,NA,Kept,1,Pink_NA_UNK_Kept,2021-09-04,Nisqually River,2021,9,36,225,NA,NA,No,2,450,Complete,10:00:00,13:45:00
15CDB674-C70A-4F5B-8491-715CC5674AC1,6A748A9D-BABA-489A-A982-C4E1FFB40AEB,Pink,NA,NA,UNK,NA,NA,Released,1,Pink_NA_UNK_Released,2021-09-04,Nisqually River,2021,9,36,375,NA,NA,No,2,750,Complete,06:00:00,12:15:00
43022555-64F7-4E8A-BF1B-13FA25222309,FA042246-2DFF-4536-9DB6-611E9C3252CD,Pink,NA,NA,UNK,NA,NA,Released,2,Pink_NA_UNK_Released,2021-09-04,Nisqually River,2021,9,36,225,NA,NA,No,1,225,Complete,05:30:00,09:15:00
644866BD-EF62-4B0D-BDFD-A7421D556016,DA0142EC-9016-475C-9537-F32F38AA2A0F,Pink,NA,NA,UNK,NA,NA,Released,10,Pink_NA_UNK_Released,2021-09-04,Nisqually River,2021,9,36,185,NA,NA,No,1,185,Complete,06:00:00,09:05:00
97A9FFD5-C307-4A2E-9878-7A8C8E28F363,875DFB27-3400-4E25-B590-F397E96FFBC6,Pink,NA,NA,UNK,NA,NA,Released,3,Pink_NA_UNK_Released,2021-09-04,Nisqually River,2021,9,36,55,NA,NA,No,1,55,Complete,08:30:00,09:25:00
C1477B01-427B-4718-B1BD-AFD43CB38A4B,F3E06439-BE06-46D8-8E86-92BE07DAB45E,Pink,NA,NA,UNK,NA,NA,Released,2,Pink_NA_UNK_Released,2021-09-04,Nisqually River,2021,9,36,165,NA,NA,No,1,165,Complete,06:00:00,08:45:00
EA57AF42-B31C-4A0C-8530-F07DD613DE94,100C7BF0-03C2-498D-83BE-EF186600B010,Pink,NA,NA,UNK,NA,NA,Kept,2,Pink_NA_UNK_Kept,2021-09-04,Nisqually River,2021,9,36,115,NA,NA,No,1,115,Complete,06:30:00,08:25:00
3F5C1AA2-EB8C-4005-A64A-8EBB85300651,18795FFE-2577-47FD-9D2F-F15957D5587C,Pink,NA,NA,UNK,NA,NA,Released,2,Pink_NA_UNK_Released,2021-09-04,Nisqually River,2021,9,36,140,NA,NA,No,1,140,Complete,08:15:00,10:35:00
B9C71449-FF9F-4629-8A21-1970A6709DE0,EDE6404B-6DDD-4621-8BD0-92F6C8D74C3F,Pink,NA,NA,UNK,NA,NA,Released,3,Pink_NA_UNK_Released,2021-09-04,Nisqually River,2021,9,36,290,NA,NA,No,1,290,Complete,05:35:00,10:25:00
6AE9288F-4471-4F09-8210-F9F7E26F82D1,BD90BA99-D4BF-4E91-90EC-460A82AAF0FB,Pink,NA,NA,UNK,NA,NA,Released,2,Pink_NA_UNK_Released,2021-09-04,Nisqually River,2021,9,36,250,NA,NA,No,1,250,Complete,05:35:00,09:45:00
CA41BA7B-E1F6-454A-994D-327E2948EA03,BE6A3E0C-3953-4623-B87D-38D5F144908C,Pink,NA,NA,UNK,NA,NA,Released,2,Pink_NA_UNK_Released,2021-09-04,Nisqually River,2021,9,36,175,NA,NA,No,1,175,Complete,07:00:00,09:55:00
D76443DD-38F7-4A5F-8757-26CC76C77D7E,23A56E0E-7DEF-4F4B-9725-FC1F9E4CA669,Pink,NA,NA,UNK,NA,NA,Released,1,Pink_NA_UNK_Released,2021-09-03,Nisqually River,2021,9,36,310,NA,NA,No,2,620,Complete,05:35:00,10:45:00
F5ED6CCB-67E0-447A-9C70-25974A6CF20C,26C98ADF-E67E-4981-9451-957D384E5410,Pink,NA,NA,UNK,NA,NA,Released,2,Pink_NA_UNK_Released,2021-09-03,Nisqually River,2021,9,36,75,NA,NA,No,1,75,Complete,07:00:00,08:15:00
BBC594AE-33BD-40C2-A1C9-19A79E1A62A9,C36530C0-8EFF-4959-9052-EC56066DDC77,Pink,NA,NA,UNK,NA,NA,Kept,1,Pink_NA_UNK_Kept,2021-09-03,Nisqually River,2021,9,36,340,NA,NA,No,1,340,Complete,06:00:00,11:40:00
BBC594AE-33BD-40C2-A1C9-19A79E1A62A9,A47448AC-E430-40DF-A3FD-03B6DCEDC58D,Pink,NA,NA,UNK,NA,NA,Released,1,Pink_NA_UNK_Released,2021-09-03,Nisqually River,2021,9,36,340,NA,NA,No,1,340,Complete,06:00:00,11:40:00
2CA7E4BF-23A4-4B17-BC56-4CB3CC21F26F,FD9611E3-503F-419E-967E-6D28861046D2,Pink,NA,NA,UNK,NA,NA,Kept,1,Pink_NA_UNK_Kept,2021-09-03,Nisqually River,2021,9,36,165,NA,NA,No,1,165,Complete,06:00:00,08:45:00
69DC0C44-E9F2-4975-8EE6-DB0C2D1B5198,BE9EE627-18BB-4B41-A09B-3D3C7436DAE6,Pink,NA,NA,UNK,NA,NA,Released,1,Pink_NA_UNK_Released,2021-09-03,Nisqually River,2021,9,36,275,NA,NA,No,1,275,Complete,05:30:00,10:05:00
0521198D-4CCA-4EBB-9BE0-C3663ED7DCC3,E05DBDF6-4431-4646-BEA7-059209101611,Pink,NA,NA,UNK,NA,NA,Released,5,Pink_NA_UNK_Released,2021-09-03,Nisqually River,2021,9,36,275,NA,NA,No,1,275,Complete,06:00:00,10:35:00
46E2CCB3-DD57-4872-862B-A0D2FF9B7FC4,78127E0C-7459-4A38-8259-DEB8E0C80E73,Pink,NA,NA,UNK,NA,NA,Kept,1,Pink_NA_UNK_Kept,2021-09-03,Nisqually River,2021,9,36,300,NA,NA,No,2,600,Complete,05:30:00,10:30:00
46E2CCB3-DD57-4872-862B-A0D2FF9B7FC4,EDED8C9C-1188-4F87-9375-B1C09B9706C6,Pink,NA,NA,UNK,NA,NA,Released,3,Pink_NA_UNK_Released,2021-09-03,Nisqually River,2021,9,36,300,NA,NA,No,2,600,Complete,05:30:00,10:30:00
44122E06-E2BA-413A-BFD1-392CC97FDC6D,73BCAAFC-EF70-424F-AC9D-0F853231A43C,Pink,NA,NA,UNK,NA,NA,Released,6,Pink_NA_UNK_Released,2021-09-03,Nisqually River,2021,9,36,165,NA,NA,No,1,165,Complete,07:30:00,10:15:00
69DD5EDF-1405-4366-AAE8-E1C5ABCE6E8B,8EC386A6-E7E1-46BB-BBE9-723647094FD5,Pink,NA,NA,UNK,NA,NA,Released,1,Pink_NA_UNK_Released,2021-09-03,Nisqually River,2021,9,36,275,NA,NA,No,1,275,Complete,05:30:00,10:05:00
36698086-7264-487B-9BC8-F60A5B2A8659,5ED66AD9-9796-4240-ACFA-9D8F698F1A99,Pink,NA,NA,UNK,NA,NA,Released,2,Pink_NA_UNK_Released,2021-09-03,Nisqually River,2021,9,36,210,NA,NA,No,1,210,Complete,06:00:00,09:30:00
C071408D-9EDC-4ABC-830E-6D05481D0954,BBD1022E-7B2D-4397-9AF6-C889C9BC6000,Pink,NA,NA,UNK,NA,NA,Released,3,Pink_NA_UNK_Released,2021-09-03,Nisqually River,2021,9,36,165,NA,NA,No,1,165,Complete,06:30:00,09:15:00
3EC58D56-05E0-46A8-85D1-FACAE8DA72F4,0AE2D6C8-4BCC-4727-93D4-CCE9B0AABD5A,Pink,NA,NA,UNK,NA,NA,Released,1,Pink_NA_UNK_Released,2021-09-03,Nisqually River,2021,9,36,105,NA,NA,No,1,105,Complete,08:30:00,10:15:00
0D2F6332-3A38-429A-A40C-38D169120E69,62EAE7CC-2781-44C1-97CE-EA09A4D2A0CE,Pink,NA,NA,UNK,NA,NA,Released,1,Pink_NA_UNK_Released,2021-09-03,Nisqually River,2021,9,36,110,NA,NA,No,1,110,Complete,11:30:00,13:20:00
5582E913-B9C6-4EE6-9EDD-787FDD9120D7,01B88DB3-584C-494E-9DFD-071AB0CAD4A7,Pink,NA,NA,UNK,NA,NA,Released,3,Pink_NA_UNK_Released,2021-09-03,Nisqually River,2021,9,36,165,NA,NA,No,1,165,Complete,11:00:00,13:45:00
B388A718-C8EC-4FCF-84D7-9D568A3CED00,1F9B3252-BBDE-480F-AB51-593ED82B85DF,Pink,NA,NA,UNK,NA,NA,Released,2,Pink_NA_UNK_Released,2021-09-03,Nisqually River,2021,9,36,505,NA,NA,No,1,505,Complete,05:30:00,13:55:00
DA253DC9-A16F-4B1B-97A7-FA1357A86718,E1E7802C-284A-4C8F-B566-004325EA3743,Pink,NA,NA,UNK,NA,NA,Kept,1,Pink_NA_UNK_Kept,2021-09-03,Nisqually River,2021,9,36,350,NA,NA,No,2,700,Complete,09:00:00,14:50:00
4312AC6B-EF34-4EB2-A8D7-A0ED66580ADF,E9810953-0C2E-44A0-BD6D-7AD69177E320,Pink,NA,NA,UNK,NA,NA,Released,1,Pink_NA_UNK_Released,2021-09-03,Nisqually River,2021,9,36,245,NA,NA,No,2,490,Complete,10:00:00,14:05:00
FF7A004A-5E59-4126-9C70-900D17897354,2370AA2D-73BE-4734-B647-96F0E2243E63,Pink,NA,NA,UNK,NA,NA,Released,3,Pink_NA_UNK_Released,2021-09-03,Nisqually River,2021,9,36,190,NA,NA,No,1,190,Complete,11:00:00,14:10:00
DB6E8E74-A8FB-4EE0-A3D3-81E9F8EE16E3,8CBC9CE6-523C-4083-A70C-D641B89D8153,Pink,NA,NA,UNK,NA,NA,Released,2,Pink_NA_UNK_Released,2021-09-03,Nisqually River,2021,9,36,290,NA,NA,No,2,580,Complete,09:30:00,14:20:00
15A1AA58-6B57-462A-996D-B69C99904107,4CBF7D20-C3B7-4CFE-980F-C9C267E13B4D,Pink,NA,NA,UNK,NA,NA,Kept,1,Pink_NA_UNK_Kept,2021-09-03,Nisqually River,2021,9,36,390,NA,NA,No,1,390,Complete,08:00:00,14:30:00
4B8ACBBE-34E6-472F-AADB-936C2A72393D,141C8303-FEC7-4B6C-ADDF-88022286EAE9,Pink,NA,NA,UNK,NA,NA,Released,2,Pink_NA_UNK_Released,2021-09-03,Nisqually River,2021,9,36,180,NA,NA,No,2,360,Complete,09:30:00,12:30:00
9CD6179B-C967-4DC8-BD6E-EDB0ACD21F62,623F8901-F79D-4F60-AC2B-1147FD2F4061,Pink,NA,NA,UNK,NA,NA,Released,1,Pink_NA_UNK_Released,2021-09-03,Nisqually River,2021,9,36,180,NA,NA,No,1,180,Complete,09:00:00,12:00:00
3C56927D-116F-486C-8D23-ED940502059A,53B79322-FC53-4407-8A45-F33557A84E67,Pink,NA,NA,UNK,NA,NA,Released,2,Pink_NA_UNK_Released,2021-09-03,Nisqually River,2021,9,36,355,NA,NA,No,1,355,Complete,09:00:00,14:55:00
D85EA837-4AF6-4ED6-9CE3-E498B635D986,C36A0D77-1D25-4E66-B685-F15A191639AB,Pink,NA,NA,UNK,NA,NA,Released,2,Pink_NA_UNK_Released,2021-09-03,Nisqually River,2021,9,36,270,NA,NA,No,2,540,Complete,08:30:00,13:00:00
8C059E6B-EBAF-4258-99C6-378959B9DA50,0ADEC300-6F16-4D4A-B3E1-77A65B99316D,Pink,NA,NA,UNK,NA,NA,Kept,1,Pink_NA_UNK_Kept,2021-09-03,Nisqually River,2021,9,36,165,NA,NA,No,2,330,Complete,12:00:00,14:45:00
51C03313-709C-480C-B769-C619708728FE,0F485582-8029-4812-8B67-A382E19992BD,Pink,NA,NA,UNK,NA,NA,Released,1,Pink_NA_UNK_Released,2021-09-03,Nisqually River,2021,9,36,165,NA,NA,No,2,330,Complete,12:00:00,14:45:00
CD552ACF-BF22-480C-AFE5-96900D006C25,A1CFE58D-9CE3-4D41-A518-3A9B1F350731,Pink,NA,NA,UNK,NA,NA,Released,3,Pink_NA_UNK_Released,2021-09-03,Nisqually River,2021,9,36,325,NA,NA,No,1,325,Incomplete,06:00:00,11:25:00
72B580BD-D2E0-4B27-9C26-AA6496D5CD90,8EB29172-7134-4B8B-8A5F-79E661161072,Pink,NA,NA,UNK,NA,NA,Released,1,Pink_NA_UNK_Released,2021-09-03,Nisqually River,2021,9,36,NA,NA,NA,No,4,NA,Incomplete,12:30:00,NA
EAF5CD9B-F4AC-4F65-93C3-A4797C00A2C4,17B2F621-9CEF-4561-A3A1-A65AEDBD61A0,Pink,NA,NA,UNK,NA,NA,Released,4,Pink_NA_UNK_Released,2021-09-03,Nisqually River,2021,9,36,322,NA,NA,No,1,322,Incomplete,10:30:00,15:52:00
ADAF16DD-6E6D-497F-8481-433594124624,6FCADBBB-9A88-45A7-8F9E-F4C23716EF1B,Pink,NA,NA,UNK,NA,NA,Released,2,Pink_NA_UNK_Released,2021-09-03,Nisqually River,2021,9,36,113,NA,NA,No,1,113,Incomplete,11:00:00,12:53:00
7DFF61CF-7098-4555-B4C7-EF9E94DB7015,9592F673-D931-4A28-B2BE-5E738690D68C,Pink,NA,NA,UNK,NA,NA,Released,1,Pink_NA_UNK_Released,2021-09-03,Nisqually River,2021,9,36,26,NA,NA,No,1,26,Incomplete,12:30:00,12:56:00
F3077561-C804-4C27-B908-8194A999423F,FA89E432-CEBD-46A7-9CDD-DA7E68BB302C,Pink,NA,NA,UNK,NA,NA,Kept,1,Pink_NA_UNK_Kept,2021-09-03,Nisqually River,2021,9,36,270,NA,NA,No,3,810,Complete,06:00:00,10:30:00
F3077561-C804-4C27-B908-8194A999423F,823D9EDF-AEA9-4C9C-9150-C69EB56E6DF3,Pink,NA,NA,UNK,NA,NA,Released,1,Pink_NA_UNK_Released,2021-09-03,Nisqually River,2021,9,36,270,NA,NA,No,3,810,Complete,06:00:00,10:30:00
0F47D74A-540A-454C-A3BC-419F8BE682C3,5BEBC4E0-9339-4719-A092-1EF88DA0DC11,Pink,NA,NA,UNK,NA,NA,Released,1,Pink_NA_UNK_Released,2021-09-03,Nisqually River,2021,9,36,242,NA,NA,No,1,242,Incomplete,06:10:00,10:12:00
27354624-AD25-43B5-BDE6-D1A41ABD9FC2,89278755-5F9C-49D1-A6E5-1ECA8BD543E3,Pink,NA,NA,UNK,NA,NA,Released,2,Pink_NA_UNK_Released,2021-09-03,Nisqually River,2021,9,36,282,NA,NA,No,1,282,Incomplete,05:30:00,10:12:00
1C85AFBC-BA39-418D-B235-2244ABCB2CD1,4BE53CE2-26EC-4C96-B8CB-E7676E2EEC23,Pink,NA,NA,UNK,NA,NA,Released,1,Pink_NA_UNK_Released,2021-09-03,Nisqually River,2021,9,36,179,NA,NA,No,1,179,Incomplete,08:00:00,10:59:00
B987916D-92C0-4917-BBCA-C77CB9F88EBB,09BB50DB-09F2-432C-9DBD-CD27EEC82CEC,Pink,NA,NA,UNK,NA,NA,Released,10,Pink_NA_UNK_Released,2021-09-03,Nisqually River,2021,9,36,240,NA,NA,No,1,240,Complete,12:00:00,16:00:00
9D927088-4241-4A46-AC18-D844F321C544,FBF1A763-C402-44AA-806A-656484957EA2,Pink,NA,NA,UNK,NA,NA,Released,2,Pink_NA_UNK_Released,2021-09-03,Nisqually River,2021,9,36,635,NA,NA,No,1,635,Complete,05:30:00,16:05:00
66204115-F01C-44A2-AFF9-4048C5731D0B,A05C0D6E-5479-41FF-8109-4BE3AAECFBD4,Pink,NA,NA,UNK,NA,NA,Kept,1,Pink_NA_UNK_Kept,2021-09-03,Nisqually River,2021,9,36,330,NA,NA,No,1,330,Complete,11:30:00,17:00:00
E6D85620-BEB8-4E4C-A6F3-0D9F5F8F68C2,85A8435B-0682-4CF4-987C-69FD2E17BB89,Pink,NA,NA,UNK,NA,NA,Released,1,Pink_NA_UNK_Released,2021-09-03,Nisqually River,2021,9,36,515,NA,NA,No,1,515,Complete,08:45:00,17:20:00
C49E9A09-897C-4CB5-9F24-A170C267EB17,882DE33E-E5C8-40D5-8B60-E90AED36DAD0,Pink,NA,NA,UNK,NA,NA,Released,4,Pink_NA_UNK_Released,2021-09-03,Nisqually River,2021,9,36,690,NA,NA,No,1,690,Complete,06:00:00,17:30:00
E4400DA1-412B-40B9-BB62-8829457B3C5E,0C39B7F9-4A5B-47F1-9330-737D54DCB171,Pink,NA,NA,UNK,NA,NA,Released,1,Pink_NA_UNK_Released,2021-09-03,Nisqually River,2021,9,36,300,NA,NA,No,1,300,Complete,13:00:00,18:00:00
D947A79C-2FC0-4ECC-956C-243872073FBA,253DC6C2-2B3B-4FBF-A651-AAEF25D6154B,Pink,NA,NA,UNK,NA,NA,Released,2,Pink_NA_UNK_Released,2021-09-03,Nisqually River,2021,9,36,NA,NA,NA,No,2,NA,Incomplete,06:00:00,NA
D947A79C-2FC0-4ECC-956C-243872073FBA,3572DC5E-E40F-4B63-947F-B28C6437284D,Pink,NA,NA,UNK,NA,NA,Kept,2,Pink_NA_UNK_Kept,2021-09-03,Nisqually River,2021,9,36,NA,NA,NA,No,2,NA,Incomplete,06:00:00,NA
8E83BAAC-CD05-4C11-9D64-12C4DC675274,EFC3947D-8CD3-4E14-BD9C-CE1EBEDC478B,Pink,NA,NA,UNK,NA,NA,Released,1,Pink_NA_UNK_Released,2021-09-03,Nisqually River,2021,9,36,333,NA,NA,No,1,333,Incomplete,08:00:00,13:33:00
F259E984-8D07-4C31-B92C-4EB754F85ABA,628D0083-6530-4F00-94A7-5495462B9E76,Pink,NA,NA,UNK,NA,NA,Released,1,Pink_NA_UNK_Released,2021-09-03,Nisqually River,2021,9,36,481,NA,NA,No,4,1924,Incomplete,06:00:00,14:01:00
7111B03A-997F-4FC6-8A92-D17032316D52,44C47668-8960-4B90-981F-BDF99FD97533,Pink,NA,NA,UNK,NA,NA,Released,6,Pink_NA_UNK_Released,2021-09-03,Nisqually River,2021,9,36,245,NA,NA,No,1,245,Complete,11:00:00,15:05:00
9B285CE5-482A-49E7-9057-7BAB0E7FFE59,6A3D3521-45C1-4F20-9DA8-05A76410153B,Pink,NA,NA,UNK,NA,NA,Kept,1,Pink_NA_UNK_Kept,2021-09-03,Nisqually River,2021,9,36,125,NA,NA,No,1,125,Complete,13:00:00,15:05:00
2A79D01A-19FA-42C9-803A-9B1BDDEA65D2,6975C581-FFAB-4B7F-8D6D-503C6773BE12,Pink,NA,NA,UNK,NA,NA,Released,1,Pink_NA_UNK_Released,2021-09-03,Nisqually River,2021,9,36,355,NA,NA,No,1,355,Complete,09:30:00,15:25:00
E619F8DF-6D54-41CA-825F-FC4DEC660677,1FBB27D9-4752-4532-8118-3038AE52CC7F,Pink,NA,NA,UNK,NA,NA,Released,4,Pink_NA_UNK_Released,2021-09-03,Nisqually River,2021,9,36,475,NA,NA,No,1,475,Complete,07:30:00,15:25:00
A723A062-67FB-4112-836B-5A457AACB529,417CB4F4-AB8D-43FD-A04C-521E0A06D9D1,Pink,NA,NA,UNK,NA,NA,Released,3,Pink_NA_UNK_Released,2021-09-01,Nisqually River,2021,9,35,230,NA,NA,No,1,230,Complete,06:00:00,09:50:00
BBDDFD13-638A-4197-80DE-4D50BE9ACD7E,377E1595-DE37-453B-98F1-093C5388AC7E,Pink,NA,NA,UNK,NA,NA,Released,1,Pink_NA_UNK_Released,2021-09-01,Nisqually River,2021,9,35,255,NA,NA,No,1,255,Complete,06:30:00,10:45:00
433C59A2-4F02-437C-A166-D3A4DAB29982,CA5256C6-9AC2-4B8B-A323-D275E229BA44,Pink,NA,NA,UNK,NA,NA,Released,1,Pink_NA_UNK_Released,2021-09-01,Nisqually River,2021,9,35,210,NA,NA,No,1,210,Complete,07:30:00,11:00:00
433C59A2-4F02-437C-A166-D3A4DAB29982,3CC5E6C7-0CC4-484B-A4A3-46BFF1BAA1BF,Pink,NA,NA,UNK,NA,NA,Kept,1,Pink_NA_UNK_Kept,2021-09-01,Nisqually River,2021,9,35,210,NA,NA,No,1,210,Complete,07:30:00,11:00:00
24933781-ABB7-44B0-BC83-784F42F6B6ED,F7EA4D24-14EC-450B-91E8-21945FCD0C60,Pink,NA,NA,UNK,NA,NA,Released,1,Pink_NA_UNK_Released,2021-09-01,Nisqually River,2021,9,35,335,NA,NA,No,1,335,Complete,05:40:00,11:15:00
17E065D9-407F-42B2-B7CC-EAC0C894FF21,0DC15582-FC75-48D7-86F3-565C1016E7F2,Pink,NA,NA,UNK,NA,NA,Released,1,Pink_NA_UNK_Released,2021-09-01,Nisqually River,2021,9,35,90,NA,NA,No,1,90,Complete,09:30:00,11:00:00
BD685866-FC50-47D6-8361-7D9329BD898C,9F156E3F-BB81-432E-A11A-BF74BE8F502F,Pink,NA,NA,UNK,NA,NA,Released,2,Pink_NA_UNK_Released,2021-09-01,Nisqually River,2021,9,35,200,NA,NA,No,1,200,Complete,06:00:00,09:20:00
F5071115-4075-4C52-860B-471C5521CEAF,30D6B9FE-0C7D-4C7D-8E1F-0E0F8E8797CC,Pink,NA,NA,UNK,NA,NA,Kept,1,Pink_NA_UNK_Kept,2021-09-01,Nisqually River,2021,9,35,130,NA,NA,No,1,130,Complete,07:30:00,09:40:00
FFCF6510-3B33-405A-A0A4-0C2169FD6CE3,B953F60B-C0DC-485D-A4B2-295CC1865614,Pink,NA,NA,UNK,NA,NA,Released,5,Pink_NA_UNK_Released,2021-09-01,Nisqually River,2021,9,35,255,NA,NA,No,1,255,Complete,05:30:00,09:45:00
8F2415F5-E062-4E6F-B19E-2CCC2B6B2C3A,D9E473D0-236D-46C3-9D9E-088D03F18093,Pink,NA,NA,UNK,NA,NA,Released,2,Pink_NA_UNK_Released,2021-09-01,Nisqually River,2021,9,35,180,NA,NA,No,1,180,Complete,06:45:00,09:45:00
2A374BBF-449F-425F-859F-4CC82CA6A308,690B3183-8740-4118-BB76-3AF3AD601288,Pink,NA,NA,UNK,NA,NA,Released,2,Pink_NA_UNK_Released,2021-09-01,Nisqually River,2021,9,35,260,NA,NA,No,1,260,Complete,05:30:00,09:50:00
8D01FF5A-EC8F-489F-908E-15F1F93C3456,AAE9A936-AA93-4750-A4F2-786FE2B7949D,Pink,NA,NA,UNK,NA,NA,Kept,1,Pink_NA_UNK_Kept,2021-09-01,Nisqually River,2021,9,35,255,NA,NA,No,1,255,Complete,09:00:00,13:15:00
64E3B49F-EAF4-4CA2-9135-6AAB72281F6C,13727434-F7AB-4D0D-AC38-FC94EE21C6A7,Pink,NA,NA,UNK,NA,NA,Kept,1,Pink_NA_UNK_Kept,2021-09-01,Nisqually River,2021,9,35,10,NA,NA,No,1,10,Complete,13:30:00,13:40:00
315A6FD2-AFE2-44AF-8FC7-B4D456911222,6DF311B2-30D2-4F57-9041-E47BA96BAC21,Pink,NA,NA,UNK,NA,NA,Released,1,Pink_NA_UNK_Released,2021-09-01,Nisqually River,2021,9,35,180,NA,NA,No,1,180,Complete,08:30:00,11:30:00
A569B8C5-3C9D-467F-814E-96881656D785,B18E3ED5-BFA3-4D3A-B708-80A3981D9605,Pink,NA,NA,UNK,NA,NA,Released,1,Pink_NA_UNK_Released,2021-09-01,Nisqually River,2021,9,35,270,NA,NA,No,1,270,Complete,07:00:00,11:30:00
528950D2-CFA2-42B3-B6B0-8E086F02CACA,0CFDC14E-8CA1-43DD-BAE1-1C9BE724F9DD,Pink,NA,NA,UNK,NA,NA,Released,1,Pink_NA_UNK_Released,2021-09-01,Nisqually River,2021,9,35,175,NA,NA,No,1,175,Complete,09:00:00,11:55:00
B8DBC220-2B47-4917-8254-E145289818CB,6742444F-BEDB-4A5D-B01C-6852C8B2457B,Pink,NA,NA,UNK,NA,NA,Kept,1,Pink_NA_UNK_Kept,2021-09-01,Nisqually River,2021,9,35,120,NA,NA,No,1,120,Complete,12:00:00,14:00:00
34113B7C-12B8-4DF5-ABCC-5D0B7C536EC4,13126EF0-5761-4864-833F-E20197EFAAB8,Pink,NA,NA,UNK,NA,NA,Released,4,Pink_NA_UNK_Released,2021-09-01,Nisqually River,2021,9,35,135,NA,NA,No,1,135,Complete,05:30:00,07:45:00
D14AA269-5027-4815-B8B4-C2D41F70598C,E937E781-6FDC-433D-840C-CB98E3AB0F15,Pink,NA,NA,UNK,NA,NA,Kept,2,Pink_NA_UNK_Kept,2021-09-01,Nisqually River,2021,9,35,175,NA,NA,No,1,175,Complete,05:30:00,08:25:00
197E6EB2-82F7-4905-A794-4E58A3843FCA,340BDB2D-14DA-4929-8201-B0FAA52427E7,Pink,NA,NA,UNK,NA,NA,Kept,1,Pink_NA_UNK_Kept,2021-09-01,Nisqually River,2021,9,35,240,NA,NA,No,1,240,Complete,10:00:00,14:00:00
197E6EB2-82F7-4905-A794-4E58A3843FCA,7C4C7331-02C1-4B6D-B8A3-670B8A2DC3D5,Pink,NA,NA,UNK,NA,NA,Released,2,Pink_NA_UNK_Released,2021-09-01,Nisqually River,2021,9,35,240,NA,NA,No,1,240,Complete,10:00:00,14:00:00
37AE5F95-DD85-469B-A6F6-D04E07DD5674,FCD818A8-FBE1-4EDD-A344-68DBE5233222,Pink,NA,NA,UNK,NA,NA,Kept,1,Pink_NA_UNK_Kept,2021-09-01,Nisqually River,2021,9,35,160,NA,NA,No,1,160,Incomplete,10:00:00,12:40:00
0688E0FC-E6C5-4391-B2A0-FE57967740A0,93A6367D-90FE-4FDF-8739-6FB2EA65D14F,Pink,NA,NA,UNK,NA,NA,Released,3,Pink_NA_UNK_Released,2021-09-01,Nisqually River,2021,9,35,255,NA,NA,No,1,255,Complete,11:00:00,15:15:00
C31D571A-422F-417B-BECC-C817594FE141,9C3905C5-E447-428C-8DB7-A6D542D79EAA,Pink,NA,NA,UNK,NA,NA,Released,18,Pink_NA_UNK_Released,2021-09-01,Nisqually River,2021,9,35,600,NA,NA,No,1,600,Complete,05:30:00,15:30:00
5F33A8B3-CCEB-4167-A8E3-A9148ED541C7,6EC4E717-611D-42CF-A05F-788FE57EAC8C,Pink,NA,NA,UNK,NA,NA,Released,2,Pink_NA_UNK_Released,2021-09-01,Nisqually River,2021,9,35,28,NA,NA,No,7,196,Incomplete,12:00:00,12:28:00
61EF690F-D455-4EC6-98DB-962EFCB43DCE,5254954E-8D63-4001-935D-2F71EC4AC8C4,Pink,NA,NA,UNK,NA,NA,Released,5,Pink_NA_UNK_Released,2021-09-01,Nisqually River,2021,9,35,330,NA,NA,No,1,330,Complete,10:00:00,15:30:00
815B0D36-3728-4BE3-8059-1BE1F7711050,DD5FDE86-1BE1-4B1C-A9D1-FF37EC460F64,Pink,NA,NA,UNK,NA,NA,Released,1,Pink_NA_UNK_Released,2021-09-01,Nisqually River,2021,9,35,221,NA,NA,No,1,221,Incomplete,08:30:00,12:11:00
1D3F7572-62A4-42EF-9F1E-F84398692EE1,6510F53C-B907-47F1-AD2C-888B054E0F2E,Pink,NA,NA,UNK,NA,NA,Released,1,Pink_NA_UNK_Released,2021-09-01,Nisqually River,2021,9,35,46,NA,NA,No,1,46,Incomplete,11:00:00,11:46:00
F23D9092-7FA0-4DD0-8BC9-A038AA707367,9E0466FF-0D4E-4F8D-91E8-823A79599DCF,Pink,NA,NA,UNK,NA,NA,Released,1,Pink_NA_UNK_Released,2021-09-01,Nisqually River,2021,9,35,320,NA,NA,No,3,960,Incomplete,06:00:00,11:20:00
D2378B87-76E9-4E3D-841C-A0C52F3BC74F,AB1E52C9-DB7D-4877-B5A9-81E02DB9524B,Pink,NA,NA,UNK,NA,NA,Released,2,Pink_NA_UNK_Released,2021-09-01,Nisqually River,2021,9,35,240,NA,NA,No,1,240,Incomplete,07:00:00,11:00:00
CC7CB676-1D29-4E10-8CBD-050936D2B9A0,31F7EF81-D2CD-4B75-9157-4CABE938BB48,Pink,NA,NA,UNK,NA,NA,Released,2,Pink_NA_UNK_Released,2021-09-01,Nisqually River,2021,9,35,60,NA,NA,No,1,60,Complete,18:10:00,19:10:00
BC60C908-6E8E-4094-BDD2-EBD0B5AE9A23,557D3EB9-BE01-474D-BF25-827B46508309,Pink,NA,NA,UNK,NA,NA,Released,2,Pink_NA_UNK_Released,2021-09-01,Nisqually River,2021,9,35,310,NA,NA,No,1,310,Complete,10:30:00,15:40:00
CF9D4EFA-7070-498E-8546-55C5ADB7E3A5,759FE9E5-C7A1-43F3-B03D-BB7AEA769516,Pink,NA,NA,UNK,NA,NA,Released,10,Pink_NA_UNK_Released,2021-09-01,Nisqually River,2021,9,35,510,NA,NA,No,5,2550,Complete,11:00:00,19:30:00
7E03BF50-0666-4ED7-B664-E1CD9C3F62DB,BFE8C110-4814-4D88-B72A-01CF66D14F48,Pink,NA,NA,UNK,NA,NA,Released,1,Pink_NA_UNK_Released,2021-09-01,Nisqually River,2021,9,35,90,NA,NA,No,1,90,Complete,14:30:00,16:00:00
14B81DE7-C823-445A-A12A-D77A75AAFBCD,62609091-511A-4252-A08C-DC6F1389BD84,Pink,NA,NA,UNK,NA,NA,Kept,1,Pink_NA_UNK_Kept,2021-09-01,Nisqually River,2021,9,35,80,NA,NA,No,1,80,Complete,16:00:00,17:20:00
E8F2C72E-2D7C-4306-9E7F-751A471EDF72,8C2A4AD7-E543-45D4-8555-BD699603A69E,Pink,NA,NA,UNK,NA,NA,Released,15,Pink_NA_UNK_Released,2021-09-01,Nisqually River,2021,9,35,620,NA,NA,No,1,620,Complete,07:00:00,17:20:00
4F06E115-84AA-42EE-AA97-B29F332FD912,367D8356-EBB8-43B6-8508-01495A9BB8B8,Pink,NA,NA,UNK,NA,NA,Released,1,Pink_NA_UNK_Released,2021-08-31,Nisqually River,2021,8,35,320,NA,NA,No,1,320,Complete,12:00:00,17:20:00
08E6B076-4B8B-4203-A90F-3B4358CE946B,B55B68C2-2F3F-42E9-ABE8-3F24F22DF9C4,Pink,NA,NA,UNK,NA,NA,Released,5,Pink_NA_UNK_Released,2021-08-31,Nisqually River,2021,8,35,615,NA,NA,No,1,615,Complete,07:00:00,17:15:00
BE4AE981-5CFF-4CD1-8C20-EFB543DEF58F,FFFCBDED-6038-4A06-86C7-867DB2A285B5,Pink,NA,NA,UNK,NA,NA,Released,1,Pink_NA_UNK_Released,2021-08-31,Nisqually River,2021,8,35,180,NA,NA,No,1,180,Complete,14:30:00,17:30:00
26E95846-D1DD-4385-9E2B-C6E0D3ABA3D5,31199113-FC9A-4533-98E0-6E4BA677347B,Pink,NA,NA,UNK,NA,NA,Released,3,Pink_NA_UNK_Released,2021-08-31,Nisqually River,2021,8,35,170,NA,NA,No,1,170,Complete,11:00:00,13:50:00
6E987524-7972-45E8-A56F-0859CD61DE05,550EFC42-1D3A-488B-A5A8-A90757C1A3BC,Pink,NA,NA,UNK,NA,NA,Released,3,Pink_NA_UNK_Released,2021-08-31,Nisqually River,2021,8,35,700,NA,NA,No,1,700,Complete,07:00:00,18:40:00
C1AFBEEF-E10B-49B7-93BC-FCCDAA8FC997,CE6E1D2D-2838-4924-9BF9-21037C2A0EB8,Pink,NA,NA,UNK,NA,NA,Released,1,Pink_NA_UNK_Released,2021-08-31,Nisqually River,2021,8,35,170,NA,NA,No,1,170,Complete,16:30:00,19:20:00
7401E3E0-EE15-4313-B426-63BD4D7AF74A,F985A06D-5DDA-4412-8F38-93C16AF42ABC,Pink,NA,NA,UNK,NA,NA,Kept,1,Pink_NA_UNK_Kept,2021-08-31,Nisqually River,2021,8,35,145,NA,NA,No,1,145,Complete,10:00:00,12:25:00
138EAEA0-9B30-4360-A0DE-AFD333469275,52DE6739-6ED1-4F59-BA0D-1BD8C912C59E,Pink,NA,NA,UNK,NA,NA,Released,3,Pink_NA_UNK_Released,2021-08-31,Nisqually River,2021,8,35,205,NA,NA,No,1,205,Complete,09:00:00,12:25:00
D23334C9-972A-428C-AC95-8175BE4C8BC5,D4BB63DB-3ADA-4B12-9C47-2AEB8363C130,Pink,NA,NA,UNK,NA,NA,Released,2,Pink_NA_UNK_Released,2021-08-31,Nisqually River,2021,8,35,130,NA,NA,No,1,130,Complete,09:00:00,11:10:00
94230555-9EB3-464F-B5AE-711E5D70F75B,2391C956-65EB-482B-B0E3-E117DE698821,Pink,NA,NA,UNK,NA,NA,Released,2,Pink_NA_UNK_Released,2021-08-31,Nisqually River,2021,8,35,225,NA,NA,No,1,225,Complete,06:45:00,10:30:00
1B9F752E-FF82-4D2D-9EC2-1FA4D1DD0AE0,F505758B-E406-454E-A5D6-016009373A86,Pink,NA,NA,UNK,NA,NA,Released,1,Pink_NA_UNK_Released,2021-08-31,Nisqually River,2021,8,35,345,NA,NA,No,2,690,Complete,05:30:00,11:15:00
8E0F16AC-FE54-485E-A4FE-13CC0161D21F,A142D049-101C-43E3-8F62-29453EB3A7AF,Pink,NA,NA,UNK,NA,NA,Kept,1,Pink_NA_UNK_Kept,2021-08-31,Nisqually River,2021,8,35,140,NA,NA,No,1,140,Complete,08:00:00,10:20:00
49676678-C07B-4B14-BF34-3665F0EFFA36,0FF4C691-5F2F-48E1-A859-5A7FA8B4DD22,Pink,NA,NA,UNK,NA,NA,Released,1,Pink_NA_UNK_Released,2021-08-31,Nisqually River,2021,8,35,245,NA,NA,No,1,245,Complete,06:15:00,10:20:00
1FA5DEE5-DBF2-4F3F-A773-E219AAC463CC,BBC51075-57EE-41CF-9978-3187C47960B0,Pink,NA,NA,UNK,NA,NA,Released,2,Pink_NA_UNK_Released,2021-08-31,Nisqually River,2021,8,35,225,NA,NA,No,1,225,Complete,06:30:00,10:15:00
62DCAC1B-EE92-425B-9223-DE5CE045743C,09852672-8ACF-4476-8116-0931A784574D,Pink,NA,NA,UNK,NA,NA,Kept,1,Pink_NA_UNK_Kept,2021-08-31,Nisqually River,2021,8,35,59,NA,NA,No,1,59,Complete,05:31:00,06:30:00
01057F71-C162-48A2-98A5-3D7C94C3AD59,529EC345-765B-4F60-A965-366983ADF5F4,Pink,NA,NA,UNK,NA,NA,Released,2,Pink_NA_UNK_Released,2021-08-31,Nisqually River,2021,8,35,355,NA,NA,No,2,710,Complete,06:00:00,11:55:00
F8191A74-FBE8-473D-B4EC-5A63FFE35310,3CE594C7-D08A-4D59-81B5-0C37F112AE24,Pink,NA,NA,UNK,NA,NA,Released,2,Pink_NA_UNK_Released,2021-08-31,Nisqually River,2021,8,35,180,NA,NA,No,1,180,Complete,06:00:00,09:00:00
2C2F9398-BA1F-42E1-965C-4A14B72A50B7,DF3EAF60-486C-44E5-B0F5-E1DDF7BC460F,Pink,NA,NA,UNK,NA,NA,Released,7,Pink_NA_UNK_Released,2021-08-31,Nisqually River,2021,8,35,250,NA,NA,No,1,250,Complete,05:30:00,09:40:00
6CA49D15-5C8A-4889-B279-44E2185E9283,4B7CA196-BFDE-4B39-88CA-71AE4D1FD4BD,Pink,NA,NA,UNK,NA,NA,Released,1,Pink_NA_UNK_Released,2021-08-31,Nisqually River,2021,8,35,195,NA,NA,No,1,195,Complete,06:15:00,09:30:00
B1D02F27-B377-4F51-ABBE-0E79C2BCC473,3FFC0B87-BFDD-4ADB-8617-FDA8E21FA113,Pink,NA,NA,UNK,NA,NA,Released,2,Pink_NA_UNK_Released,2021-08-31,Nisqually River,2021,8,35,215,NA,NA,No,1,215,Complete,05:30:00,09:05:00
995282B5-64D4-48C3-B115-6F85EB907967,C721111E-0878-444A-B889-EE29C6D6C919,Pink,NA,NA,UNK,NA,NA,Released,1,Pink_NA_UNK_Released,2021-08-31,Nisqually River,2021,8,35,235,NA,NA,No,1,235,Complete,05:30:00,09:25:00
C0BF277C-EA03-4A6E-A46C-818B67E8D012,E212217A-C542-42E4-8915-9FB59A020FD1,Pink,NA,NA,UNK,NA,NA,Released,2,Pink_NA_UNK_Released,2021-08-28,Nisqually River,2021,8,35,210,NA,NA,No,1,210,Complete,11:00:00,14:30:00
58A5811D-DEE0-443C-9386-A0600B3E6DDB,86A88ED2-1628-4C71-82B8-27F8513912AA,Pink,NA,NA,UNK,NA,NA,Released,2,Pink_NA_UNK_Released,2021-08-28,Nisqually River,2021,8,35,555,NA,NA,No,1,555,Complete,06:00:00,15:15:00
FE0329EA-3AB7-47FF-B1A0-0B81C28C1372,8A0C0CB0-96BC-4571-A1FC-AFE71FC5A65C,Pink,NA,NA,UNK,NA,NA,Kept,1,Pink_NA_UNK_Kept,2021-08-28,Nisqually River,2021,8,35,120,NA,NA,No,1,120,Complete,13:00:00,15:00:00
5448CCD7-D317-4028-B1DF-C1F3541AAB87,E1465766-B174-4A3E-A519-4722A0DF8D0C,Pink,NA,NA,UNK,NA,NA,Kept,1,Pink_NA_UNK_Kept,2021-08-28,Nisqually River,2021,8,35,510,NA,NA,No,1,510,Complete,06:30:00,15:00:00
2A88F17C-D722-4A40-B167-7848C2C4F622,2E2A1FC1-E8FA-4F63-BED5-FB260B45AB88,Pink,NA,NA,UNK,NA,NA,Released,1,Pink_NA_UNK_Released,2021-08-28,Nisqually River,2021,8,35,245,NA,NA,No,2,490,Complete,10:30:00,14:35:00
5E891A95-EEEE-44BF-B993-79EC8F7B96FE,2A2EC71E-E8D6-4E7B-99C1-26B8484CD238,Pink,NA,NA,UNK,NA,NA,Kept,2,Pink_NA_UNK_Kept,2021-08-28,Nisqually River,2021,8,35,330,NA,NA,No,1,330,Complete,07:00:00,12:30:00
CC2500F1-BD9B-4509-9AC1-974410E2B6C4,CD18D30A-8DCE-4D2F-8A3F-240DC439AA5F,Pink,NA,NA,UNK,NA,NA,Released,7,Pink_NA_UNK_Released,2021-08-28,Nisqually River,2021,8,35,195,NA,NA,No,1,195,Complete,15:00:00,18:15:00
6787A702-B919-4753-B946-37E02AC4F981,D38C8FED-7492-4E30-BF88-B3D3EF72FDF6,Pink,NA,NA,UNK,NA,NA,Released,4,Pink_NA_UNK_Released,2021-08-28,Nisqually River,2021,8,35,350,NA,NA,No,1,350,Complete,11:30:00,17:20:00
971EBAFA-A9BD-4F6B-A478-5A9926692442,D3FAC4CF-0569-4F21-8F97-BE0D87483272,Pink,NA,NA,UNK,NA,NA,Released,5,Pink_NA_UNK_Released,2021-08-28,Nisqually River,2021,8,35,335,NA,NA,No,1,335,Complete,10:00:00,15:35:00
6399763E-65BC-48B2-8944-CD8430FA5C6B,46A3A6A8-2225-4595-8199-E9990DC56772,Pink,NA,NA,UNK,NA,NA,Released,1,Pink_NA_UNK_Released,2021-08-28,Nisqually River,2021,8,35,270,NA,NA,No,2,540,Complete,13:00:00,17:30:00
2DDA6185-A7A4-4A2A-B4CF-D87C661BECB7,283D662B-8B0A-45A2-AC06-A8682B184175,Pink,NA,NA,UNK,NA,NA,Kept,3,Pink_NA_UNK_Kept,2021-08-28,Nisqually River,2021,8,35,345,NA,NA,No,3,1035,Complete,11:30:00,17:15:00
5A19CB67-08D9-4303-A24E-FD1F3FF8238D,B0328781-1ACE-4F7F-BCAF-77D82E7F12DC,Pink,NA,NA,UNK,NA,NA,Released,1,Pink_NA_UNK_Released,2021-08-28,Nisqually River,2021,8,35,325,NA,NA,No,1,325,Complete,12:00:00,17:25:00
B068D7BA-E195-417C-9D5E-5E06560960E4,24E8ACF9-11C2-4230-A009-E00240B6F4AB,Pink,NA,NA,UNK,NA,NA,Released,1,Pink_NA_UNK_Released,2021-08-28,Nisqually River,2021,8,35,345,NA,NA,No,2,690,Complete,07:30:00,13:15:00
AE9AA7C7-E5C5-43C8-B4E9-EBECCA60C46D,B3EDB829-DAFC-482D-B035-C2C9FE77854C,Pink,NA,NA,UNK,NA,NA,Released,1,Pink_NA_UNK_Released,2021-08-28,Nisqually River,2021,8,35,440,NA,NA,No,1,440,Complete,06:00:00,13:20:00
902E56F8-00B3-4C32-90EF-2BFAA1BF714C,1B558DF5-5C6B-451A-86BB-B174B36BE48C,Pink,NA,NA,UNK,NA,NA,Released,5,Pink_NA_UNK_Released,2021-08-28,Nisqually River,2021,8,35,480,NA,NA,No,2,960,Complete,05:30:00,13:30:00
4BBCEF13-CF36-472B-B8B8-659E0B3B9EBE,93DC8C51-0529-4F38-947F-4622D0D056D5,Pink,NA,NA,UNK,NA,NA,Released,1,Pink_NA_UNK_Released,2021-08-28,Nisqually River,2021,8,35,75,NA,NA,No,6,450,Complete,14:45:00,16:00:00
BCE7C08B-B207-4206-BEDE-33590A64E964,8415D0C6-243E-403C-BD14-F89A6C3A5A2F,Pink,NA,NA,UNK,NA,NA,Released,1,Pink_NA_UNK_Released,2021-08-28,Nisqually River,2021,8,35,300,NA,NA,No,1,300,Complete,08:00:00,13:00:00
B5E013C7-6E2F-4666-A4C4-47812734A6B3,B1F1A3A3-354D-4FAC-BBB2-EE28C9FD505E,Pink,NA,NA,UNK,NA,NA,Released,1,Pink_NA_UNK_Released,2021-08-28,Nisqually River,2021,8,35,170,NA,NA,No,3,510,Complete,05:30:00,08:20:00
1E8B39DE-C4CC-4D47-ADA5-2C9464B70F29,3DC58598-3DFE-4BC7-838B-540A1FBDCF7B,Pink,NA,NA,UNK,NA,NA,Released,2,Pink_NA_UNK_Released,2021-08-28,Nisqually River,2021,8,35,215,NA,NA,No,1,215,Complete,05:25:00,09:00:00
A6B3B64B-B056-4A67-8382-3322A8D6408D,169EC30B-1BA2-4318-8764-D26589ADD536,Pink,NA,NA,UNK,NA,NA,Released,1,Pink_NA_UNK_Released,2021-08-28,Nisqually River,2021,8,35,200,NA,NA,No,1,200,Complete,05:30:00,08:50:00
A831249B-5846-4677-A847-60695263CC6F,EB897CA3-1C0E-4A75-9D2F-7BDB9CC479D9,Pink,NA,NA,UNK,NA,NA,Released,3,Pink_NA_UNK_Released,2021-08-28,Nisqually River,2021,8,35,170,NA,NA,No,1,170,Complete,06:00:00,08:50:00
F00D89A3-8A46-4EA4-A217-BE0E71BE9326,B5D3B370-F43D-4881-AEC4-5EECEE606C3B,Pink,NA,NA,UNK,NA,NA,Kept,1,Pink_NA_UNK_Kept,2021-08-28,Nisqually River,2021,8,35,175,NA,NA,No,2,350,Complete,05:30:00,08:25:00
FC769294-4909-4127-B556-94E2ACBFEAF4,023EE8A7-EB45-4F46-8465-FC899CA2A9FD,Pink,NA,NA,UNK,NA,NA,Released,2,Pink_NA_UNK_Released,2021-08-28,Nisqually River,2021,8,35,440,NA,NA,No,1,440,Complete,05:30:00,12:50:00
349970AD-2E52-48CE-903D-88DE17E87B4B,B17106C8-0A53-4A58-8475-1BD9E03F3910,Pink,NA,NA,UNK,NA,NA,Kept,2,Pink_NA_UNK_Kept,2021-08-28,Nisqually River,2021,8,35,155,NA,NA,No,1,155,Complete,05:25:00,08:00:00
7A6A0806-8D6A-4C5D-AF57-45D31AF8F656,254E5070-0F44-427A-B5B8-088B96826917,Pink,NA,NA,UNK,NA,NA,Released,3,Pink_NA_UNK_Released,2021-08-28,Nisqually River,2021,8,35,400,NA,NA,No,1,400,Complete,06:00:00,12:40:00
99CFE4FA-2121-4ADE-82FE-03919A1D6F74,EAF085CF-EB3A-48F5-8320-E850917D75E7,Pink,NA,NA,UNK,NA,NA,Released,2,Pink_NA_UNK_Released,2021-08-28,Nisqually River,2021,8,35,385,NA,NA,No,2,770,Complete,05:35:00,12:00:00
9E478335-C199-4C83-88DE-7A355DE34544,9E066520-6599-4868-9AB9-EF747B0E4EC7,Pink,NA,NA,UNK,NA,NA,Kept,1,Pink_NA_UNK_Kept,2021-08-28,Nisqually River,2021,8,35,270,NA,NA,No,1,270,Complete,07:30:00,12:00:00
73016CD8-DE01-445F-A4DC-C7611DDF66A2,903DF319-82D6-4095-BB71-E4356581DF3F,Pink,NA,NA,UNK,NA,NA,Released,1,Pink_NA_UNK_Released,2021-08-28,Nisqually River,2021,8,35,270,NA,NA,No,1,270,Complete,07:00:00,11:30:00
E2ECC6B8-5C07-453B-83F0-272B80F9555A,EA9287BB-10BD-4120-9E2B-6CCD4823B90F,Pink,NA,NA,UNK,NA,NA,Released,2,Pink_NA_UNK_Released,2021-08-28,Nisqually River,2021,8,35,275,NA,NA,No,2,550,Complete,07:45:00,12:20:00
EC60A2FA-DBD0-4A2C-86E2-1902D84B16C4,CC3187E2-7CB7-4636-8A88-2E402F3E8226,Pink,NA,NA,UNK,NA,NA,Released,3,Pink_NA_UNK_Released,2021-08-27,Nisqually River,2021,8,35,195,NA,NA,No,1,195,Complete,07:45:00,11:00:00
EC60A2FA-DBD0-4A2C-86E2-1902D84B16C4,EF6DBEF2-EA34-4E01-9C72-A85E787E9C3F,Pink,NA,NA,UNK,NA,NA,Kept,1,Pink_NA_UNK_Kept,2021-08-27,Nisqually River,2021,8,35,195,NA,NA,No,1,195,Complete,07:45:00,11:00:00
36241B9A-5498-4AD9-B6F4-70A8604870B0,9EA7310C-F394-44D2-8AF3-6D7048EE5334,Pink,NA,NA,UNK,NA,NA,Released,1,Pink_NA_UNK_Released,2021-08-27,Nisqually River,2021,8,35,375,NA,NA,No,1,375,Complete,05:25:00,11:40:00
2A076868-CAE9-49BB-9D44-90A80B8EDDE4,6B88EF84-BD6E-4BCC-8801-F7340C51587A,Pink,NA,NA,UNK,NA,NA,Released,1,Pink_NA_UNK_Released,2021-08-27,Nisqually River,2021,8,35,230,NA,NA,No,1,230,Complete,07:30:00,11:20:00
063F58FC-B64F-450B-9867-32DF0D9EC54D,10806431-4FBE-44C9-A2EF-EF6D26B0F9AA,Pink,NA,NA,UNK,NA,NA,Released,1,Pink_NA_UNK_Released,2021-08-27,Nisqually River,2021,8,35,180,NA,NA,No,2,360,Complete,09:00:00,12:00:00
7D38912F-ACE2-4A7A-B25E-C27AD87A8739,8EED5D2A-4790-4A45-8E24-BE9451F643FE,Pink,NA,NA,UNK,NA,NA,Released,5,Pink_NA_UNK_Released,2021-08-27,Nisqually River,2021,8,35,180,NA,NA,No,1,180,Complete,08:00:00,11:00:00
649F5126-A755-45E7-8B6C-FD927C2EAC6C,F8074013-28F7-4168-AA6B-8ED081635081,Pink,NA,NA,UNK,NA,NA,Released,1,Pink_NA_UNK_Released,2021-08-27,Nisqually River,2021,8,35,320,NA,NA,No,1,320,Complete,05:30:00,10:50:00
706BB359-A87F-4AE2-ACF7-FEAA011BA555,87F4BBEF-1F4D-4AF3-9E88-07445F836A53,Pink,NA,NA,UNK,NA,NA,Released,1,Pink_NA_UNK_Released,2021-08-27,Nisqually River,2021,8,35,180,NA,NA,No,1,180,Complete,06:45:00,09:45:00
798CA386-8D2B-4F8F-81A3-D30A2792C3AA,E5B95DFD-73FE-4C92-B7EC-786013B3380C,Pink,NA,NA,UNK,NA,NA,Released,1,Pink_NA_UNK_Released,2021-08-27,Nisqually River,2021,8,35,137,NA,NA,No,4,548,Incomplete,13:00:00,15:17:00
1B44AB83-DDD2-4107-8A4F-81FC53FCEAF7,A61FBB61-1F06-4F63-9E51-A60C56EEAC41,Pink,NA,NA,UNK,NA,NA,Released,6,Pink_NA_UNK_Released,2021-08-27,Nisqually River,2021,8,35,545,NA,NA,No,1,545,Incomplete,06:00:00,15:05:00
1B44AB83-DDD2-4107-8A4F-81FC53FCEAF7,5409B750-07E0-49FA-974A-D7ECF8E69971,Pink,NA,NA,UNK,NA,NA,Kept,2,Pink_NA_UNK_Kept,2021-08-27,Nisqually River,2021,8,35,545,NA,NA,No,1,545,Incomplete,06:00:00,15:05:00
5EFC16DD-CE29-49BE-BB4C-A92DE1B2EC43,888C01D0-5895-477E-B13E-70788979E6CC,Pink,NA,NA,UNK,NA,NA,Released,1,Pink_NA_UNK_Released,2021-08-27,Nisqually River,2021,8,35,210,NA,NA,No,1,210,Complete,10:00:00,13:30:00
9A3544D1-88F3-49B2-A641-6C3B788F8789,16EB64BD-0C5C-455D-95AD-9AC55A318828,Pink,NA,NA,UNK,NA,NA,Released,1,Pink_NA_UNK_Released,2021-08-27,Nisqually River,2021,8,35,220,NA,NA,No,1,220,Complete,05:30:00,09:10:00
307DA78B-C3F7-49F4-9884-AE7C98A96143,C227405D-1D90-4ACB-8346-5C6AA7A4365F,Pink,NA,NA,UNK,NA,NA,Released,1,Pink_NA_UNK_Released,2021-08-27,Nisqually River,2021,8,35,110,NA,NA,No,1,110,Complete,06:00:00,07:50:00
F83F58A0-4789-494B-BB69-A27CD8AED2FC,B17DDB3C-B592-4DCB-B5C4-40E3735A23EB,Pink,NA,NA,UNK,NA,NA,Released,2,Pink_NA_UNK_Released,2021-08-27,Nisqually River,2021,8,35,295,NA,NA,No,1,295,Complete,05:25:00,10:20:00
CFBDC4EA-DDE4-4CBF-A166-3411266B5B88,D0149B5B-6E81-4D0D-9046-66111DE9C1BB,Pink,NA,NA,UNK,NA,NA,Released,1,Pink_NA_UNK_Released,2021-08-27,Nisqually River,2021,8,35,240,NA,NA,No,1,240,Complete,12:00:00,16:00:00
333118AC-95D9-41C9-9BDF-22444FDEE81B,F1B5F5C6-1A3B-4B68-9B76-8BBB46493AA7,Pink,NA,NA,UNK,NA,NA,Released,3,Pink_NA_UNK_Released,2021-08-27,Nisqually River,2021,8,35,345,NA,NA,No,2,690,Complete,12:30:00,18:15:00
56FF304D-7F55-4D1E-A097-880C68211171,12F820E6-0B37-4440-9F40-5D0E1FA14B55,Pink,NA,NA,UNK,NA,NA,Kept,1,Pink_NA_UNK_Kept,2021-08-27,Nisqually River,2021,8,35,275,NA,NA,No,1,275,Complete,08:30:00,13:05:00
C50AD96C-3042-48F9-A2D6-80CF4FF3F785,71653979-2449-4C6E-8231-685F9E0E70E3,Pink,NA,NA,UNK,NA,NA,Released,1,Pink_NA_UNK_Released,2021-08-27,Nisqually River,2021,8,35,385,NA,NA,No,2,770,Complete,06:30:00,12:55:00
C50AD96C-3042-48F9-A2D6-80CF4FF3F785,D723D06E-5456-47C5-9004-357735FD497E,Pink,NA,NA,UNK,NA,NA,Kept,1,Pink_NA_UNK_Kept,2021-08-27,Nisqually River,2021,8,35,385,NA,NA,No,2,770,Complete,06:30:00,12:55:00
BC7DCC19-520B-4A4C-A310-31BCE4E0989B,87442BE4-6500-4025-A7F2-CC76A71B22FB,Pink,NA,NA,UNK,NA,NA,Kept,1,Pink_NA_UNK_Kept,2021-08-27,Nisqually River,2021,8,35,245,NA,NA,No,1,245,Complete,09:30:00,13:35:00
63134116-449D-43F8-B161-7B13CD074FFE,0EFA42CE-ABD8-4F12-B702-97727A76EE01,Pink,NA,NA,UNK,NA,NA,Released,1,Pink_NA_UNK_Released,2021-08-27,Nisqually River,2021,8,35,390,NA,NA,No,1,390,Complete,07:30:00,14:00:00
8531CBAB-1D87-4E25-89E8-7C388E69CDFC,B28D2F80-EC88-40D5-AC09-BD8A363C80D6,Pink,NA,NA,UNK,NA,NA,Released,2,Pink_NA_UNK_Released,2021-08-27,Nisqually River,2021,8,35,215,NA,NA,No,1,215,Complete,10:30:00,14:05:00
E4905B9E-8B23-429E-BA8A-3253894F89FC,E7974537-8CD9-476B-A84C-7F0C5A4746BB,Pink,NA,NA,UNK,NA,NA,Released,4,Pink_NA_UNK_Released,2021-08-26,Nisqually River,2021,8,34,285,NA,NA,No,1,285,Complete,09:30:00,14:15:00
358CB250-019F-4B68-8C76-BA6DE43E358F,346AD092-F944-41DC-945B-7587F3E86440,Pink,NA,NA,UNK,NA,NA,Released,1,Pink_NA_UNK_Released,2021-08-26,Nisqually River,2021,8,34,450,NA,NA,No,1,450,Complete,06:30:00,14:00:00
0AEF462E-E481-4E04-B4E9-716EE7B428EA,12E0E62D-C50F-4253-8EBD-566C112CDF32,Pink,NA,NA,UNK,NA,NA,Released,1,Pink_NA_UNK_Released,2021-08-26,Nisqually River,2021,8,34,230,NA,NA,No,1,230,Complete,09:00:00,12:50:00
EFB4771B-BBC0-4242-A129-BA153EDEECDB,5ED8C83A-40EA-442C-95BD-396E559C43BC,Pink,NA,NA,UNK,NA,NA,Kept,1,Pink_NA_UNK_Kept,2021-08-26,Nisqually River,2021,8,34,355,NA,NA,No,1,355,Complete,07:00:00,12:55:00
DDAB4A06-96E9-4ED2-83D9-A52D4DA89B1E,3DEA1418-AA54-4C48-9638-B2E4D52E0B2F,Pink,NA,NA,UNK,NA,NA,Kept,1,Pink_NA_UNK_Kept,2021-08-26,Nisqually River,2021,8,34,555,NA,NA,No,9,4995,Incomplete,06:30:00,15:45:00
8996BD87-9126-4A36-8B76-79B6A884C2EE,1AC64221-D8E2-4C90-ACD5-4D13D0044ABC,Pink,NA,NA,UNK,NA,NA,Released,3,Pink_NA_UNK_Released,2021-08-26,Nisqually River,2021,8,34,90,NA,NA,No,1,90,Complete,07:30:00,09:00:00
35FB1AA1-26EE-4E8B-85CC-B790C2AF37EE,339D8D31-9202-419F-9FBB-F5ED576B27D8,Pink,NA,NA,UNK,NA,NA,Released,2,Pink_NA_UNK_Released,2021-08-26,Nisqually River,2021,8,34,140,NA,NA,No,1,140,Complete,06:30:00,08:50:00
4B72306F-4387-4AE5-B1F5-895E9E5FDF20,8C343999-4A22-49E3-A879-A297EB558F1D,Pink,NA,NA,UNK,NA,NA,Released,2,Pink_NA_UNK_Released,2021-08-26,Nisqually River,2021,8,34,190,NA,NA,No,1,190,Complete,05:30:00,08:40:00
8E4B4127-5B19-434E-876D-03045B3E1B6D,31140B98-18DB-410B-91DB-56ADEF5A284A,Pink,NA,NA,UNK,NA,NA,Kept,1,Pink_NA_UNK_Kept,2021-08-26,Nisqually River,2021,8,34,200,NA,NA,No,1,200,Complete,08:00:00,11:20:00
C67BF38F-F1AC-4DF7-9AA7-CEBBF26FD956,7C56689E-EC78-442D-B0C4-DC438115FCE8,Pink,NA,NA,UNK,NA,NA,Released,1,Pink_NA_UNK_Released,2021-08-26,Nisqually River,2021,8,34,85,NA,NA,No,1,85,Complete,15:50:00,17:15:00
C67BF38F-F1AC-4DF7-9AA7-CEBBF26FD956,88937E0C-43DF-4D7E-BDB6-454A3F7049DA,Pink,NA,NA,UNK,NA,NA,Kept,1,Pink_NA_UNK_Kept,2021-08-26,Nisqually River,2021,8,34,85,NA,NA,No,1,85,Complete,15:50:00,17:15:00
223F519B-A121-40F4-B7CF-65E6DC8C7A43,B67AD222-35B3-4292-B7C8-A751DAF3F4DD,Pink,NA,NA,UNK,NA,NA,Released,3,Pink_NA_UNK_Released,2021-08-26,Nisqually River,2021,8,34,430,NA,NA,No,1,430,Complete,11:00:00,18:10:00
A92E4FD4-B2BC-44FD-83A6-F12224398DC2,C40528BD-0C10-42A1-8D24-92A24DFD31FC,Pink,NA,NA,UNK,NA,NA,Kept,1,Pink_NA_UNK_Kept,2021-08-26,Nisqually River,2021,8,34,420,NA,NA,No,1,420,Complete,11:30:00,18:30:00
58F0FA9B-1732-457B-85F0-157449C9A030,D2CDA82C-2FEA-4817-868C-53D29A08445C,Pink,NA,NA,UNK,NA,NA,Kept,1,Pink_NA_UNK_Kept,2021-08-26,Nisqually River,2021,8,34,245,NA,NA,No,2,490,Complete,12:30:00,16:35:00
2F13B7C7-F747-427C-835F-FBE808CFB34A,67B2CFCA-6648-46C1-B159-F6DB1F6E3931,Pink,NA,NA,UNK,NA,NA,Kept,1,Pink_NA_UNK_Kept,2021-08-26,Nisqually River,2021,8,34,565,NA,NA,No,4,2260,Complete,07:30:00,16:55:00
7D6105D6-F253-4335-82FA-F2163EB02EFE,830CF85A-BAF1-4FD8-A57E-A293C3DFD332,Pink,NA,NA,UNK,NA,NA,Released,1,Pink_NA_UNK_Released,2021-08-25,Nisqually River,2021,8,34,250,NA,NA,No,1,250,Complete,07:30:00,11:40:00
161217AF-879D-4C3B-B1BA-0C0020B2DD48,2A3D3433-6DC0-4577-AF3D-63B9AE52BA54,Pink,NA,NA,UNK,NA,NA,Kept,1,Pink_NA_UNK_Kept,2021-08-25,Nisqually River,2021,8,34,195,NA,NA,No,1,195,Complete,08:00:00,11:15:00
1DC1AAC5-EC81-45F4-93FF-E6242E98199C,F3D762C2-8B1C-4D3B-B042-504F35E7DD8E,Pink,NA,NA,UNK,NA,NA,Released,1,Pink_NA_UNK_Released,2021-08-25,Nisqually River,2021,8,34,180,NA,NA,No,1,180,Complete,08:00:00,11:00:00
52EBF5C2-5F3C-4907-AC96-A7E3CA1B2040,B4D98D7A-7E93-43FB-8EA9-357692A5301E,Pink,NA,NA,UNK,NA,NA,Released,1,Pink_NA_UNK_Released,2021-08-25,Nisqually River,2021,8,34,190,NA,NA,No,1,190,Complete,10:00:00,13:10:00
D75FCBF0-9AE9-4FF7-8D1E-2A4FCAA75FAD,B68140FB-AB7B-4C77-B437-AA6E39A528B2,Pink,NA,NA,UNK,NA,NA,Released,1,Pink_NA_UNK_Released,2021-08-25,Nisqually River,2021,8,34,195,NA,NA,No,1,195,Complete,09:45:00,13:00:00
ADAA307E-085E-4C6B-B8EA-1DF83E8DB6DF,D29B1E4C-09BE-4215-9B32-E25773702BD8,Pink,NA,NA,UNK,NA,NA,Kept,1,Pink_NA_UNK_Kept,2021-08-25,Nisqually River,2021,8,34,375,NA,NA,No,1,375,Complete,06:30:00,12:45:00
581FDE34-0D7B-4C88-902D-764B7AC16253,CC30FB31-98F0-4E66-BC11-DDE70B9C9360,Pink,NA,NA,UNK,NA,NA,Released,1,Pink_NA_UNK_Released,2021-08-25,Nisqually River,2021,8,34,430,NA,NA,No,1,430,Complete,05:20:00,12:30:00
9AD60F6F-4599-4153-B970-D547BE31DFF0,A996F5E5-8998-4B66-8930-52E874940EB2,Pink,NA,NA,UNK,NA,NA,Kept,2,Pink_NA_UNK_Kept,2021-08-25,Nisqually River,2021,8,34,215,NA,NA,No,1,215,Complete,05:25:00,09:00:00
9AD60F6F-4599-4153-B970-D547BE31DFF0,84E361A3-DF2A-40B4-AEFE-8D5F89F2424A,Pink,NA,NA,UNK,NA,NA,Released,1,Pink_NA_UNK_Released,2021-08-25,Nisqually River,2021,8,34,215,NA,NA,No,1,215,Complete,05:25:00,09:00:00
DD554E19-E7C7-45C7-B341-1CDFF0F99876,6FA2CA83-B6C8-4A47-828D-871221F27D93,Pink,NA,NA,UNK,NA,NA,Released,1,Pink_NA_UNK_Released,2021-08-25,Nisqually River,2021,8,34,265,NA,NA,No,1,265,Complete,05:25:00,09:50:00
781E0021-1C97-4147-BE98-7B3A498D1D0F,81649C42-FACC-4528-BBFC-5F25603AF240,Pink,NA,NA,UNK,NA,NA,Released,1,Pink_NA_UNK_Released,2021-08-05,Nisqually River,2021,8,31,330,NA,NA,No,1,330,Complete,08:00:00,13:30:00
F31206F2-FF83-4BA6-8810-C4554406919F,35D67D4B-2C79-4DE6-A311-666D6C87A1AF,Pink,NA,NA,NA,NA,NA,Kept,4,Pink_NA_NA_Kept,2023-10-13,Nisqually River,2023,10,41,185,NA,NA,No,2,370,Complete,11:30:00,14:35:00
5FB6AD0E-2246-4DD6-B78B-06D0458C5D63,A6A30800-72A3-489B-A7C0-94DF8FDC7456,Pink,NA,NA,NA,NA,NA,Released,2,Pink_NA_NA_Released,2023-10-07,Nisqually River,2023,10,40,262,NA,NA,No,1,262,Complete,06:20:00,10:42:00
D95B27E4-88E5-4B0D-97D0-D53D744DE055,A231810D-AA58-424A-B697-19DDECA75996,Pink,NA,NA,NA,NA,NA,Kept,1,Pink_NA_NA_Kept,2023-10-07,Nisqually River,2023,10,40,269,NA,NA,No,1,269,Complete,06:20:00,10:49:00
9C1B01EC-F95D-475F-BA4C-F7D950D11247,94054B4B-8D12-4169-957D-CEBE57881F23,Pink,NA,NA,NA,NA,NA,Released,4,Pink_NA_NA_Released,2023-10-06,Nisqually River,2023,10,40,386,NA,Drift Boat/ Raft,Yes,1,386,Complete,10:00:00,16:26:00
FAB114B5-4A48-4078-95BD-236BA0B218E4,300E742B-E600-4F73-A2A5-166B0C4E0714,Pink,NA,NA,NA,NA,NA,Released,2,Pink_NA_NA_Released,2023-10-05,Nisqually River,2023,10,40,233,NA,NA,No,1,233,Complete,06:30:00,10:23:00
6C25A3D3-C6D6-4948-827D-AD24FB2FCD82,D738CF6A-15A6-46E3-9A5B-C1D0BF74B321,Pink,NA,NA,NA,NA,NA,Released,2,Pink_NA_NA_Released,2023-10-05,Nisqually River,2023,10,40,272,NA,NA,No,1,272,Complete,06:15:00,10:47:00
6B217D15-A8AE-45E9-8277-A3F42EAF87DC,1D6EA33C-5B50-4608-B980-AE0E463016A7,Pink,NA,NA,NA,NA,NA,Released,2,Pink_NA_NA_Released,2023-10-05,Nisqually River,2023,10,40,274,NA,NA,No,1,274,Complete,06:15:00,10:49:00
FE7F800D-B432-4EF5-A69D-7BFC7EDF6506,AD8978C5-E823-4EB4-A6EE-3AA95F65C0E0,Pink,NA,NA,NA,NA,NA,Released,2,Pink_NA_NA_Released,2023-10-03,Nisqually River,2023,10,40,150,NA,NA,No,1,150,Complete,06:12:00,08:42:00
445C1450-2110-466B-B2F4-87E9CA42B1E1,08A63F07-6250-4FC4-8907-EA5032249889,Pink,NA,NA,NA,NA,NA,Released,2,Pink_NA_NA_Released,2023-10-03,Nisqually River,2023,10,40,174,NA,NA,No,1,174,Complete,06:15:00,09:09:00
B27511E2-217A-4300-AD42-66987CA742ED,7033A178-45F4-476B-ABC6-45B7083AD819,Pink,NA,NA,NA,NA,NA,Released,2,Pink_NA_NA_Released,2023-10-03,Nisqually River,2023,10,40,161,NA,NA,No,1,161,Complete,06:30:00,09:11:00
490D1B26-036A-4CCD-ACCD-125B4877D934,5C997033-1601-4D1E-8F98-594089E6615B,Pink,NA,NA,NA,NA,NA,Released,1,Pink_NA_NA_Released,2023-10-03,Nisqually River,2023,10,40,195,NA,NA,No,1,195,Complete,11:30:00,14:45:00
B8C32F02-513D-46EE-887A-8DAD6DD332C5,272B2859-16F4-405C-BC07-348C2BEC66BD,Pink,NA,NA,NA,NA,NA,Released,1,Pink_NA_NA_Released,2023-10-03,Nisqually River,2023,10,40,256,NA,NA,No,1,256,Complete,11:00:00,15:16:00
84776442-3B7F-4AFB-B1B1-65030BF2B239,8940D1C7-649E-4F2B-BFD4-085670A99A6A,Pink,NA,NA,NA,NA,NA,Released,1,Pink_NA_NA_Released,2023-10-03,Nisqually River,2023,10,40,167,NA,NA,No,1,167,Complete,08:00:00,10:47:00
9379256A-0EEC-4478-983D-21A630D2A271,E48846E2-42C5-485E-B6AF-13EF1C698863,Pink,NA,NA,NA,NA,NA,Kept,1,Pink_NA_NA_Kept,2023-10-03,Nisqually River,2023,10,40,299,NA,NA,No,1,299,Complete,06:30:00,11:29:00
F7A946EB-7A61-4B42-8A0D-DAB9BB787047,A66DEECB-5C1C-49FC-B5B9-6422AC0DE33E,Pink,NA,NA,NA,NA,NA,Kept,1,Pink_NA_NA_Kept,2023-10-03,Nisqually River,2023,10,40,73,NA,NA,No,1,73,Complete,13:30:00,14:43:00
14347C00-CD20-4A79-A241-4A7E80BBF3D9,EDD102EB-82EE-4D17-A570-AFC5BC4CE003,Pink,NA,NA,NA,NA,NA,Released,3,Pink_NA_NA_Released,2023-09-30,Nisqually River,2023,9,39,204,NA,NA,No,1,204,Complete,08:08:00,11:32:00
7BF99E1A-42B6-4CCC-8933-653DD975F468,C722FB71-437D-4C1B-9A08-CFFE4A868C61,Pink,NA,NA,NA,NA,NA,Kept,1,Pink_NA_NA_Kept,2023-09-30,Nisqually River,2023,9,39,120,NA,NA,No,1,120,Complete,10:23:00,12:23:00
36DC85A6-0FE5-4003-9A4E-D3D4D277FC1D,A3899AB7-ED62-4102-8255-3876A60C7A7B,Pink,NA,NA,NA,NA,NA,Released,1,Pink_NA_NA_Released,2023-09-30,Nisqually River,2023,9,39,120,NA,NA,No,1,120,Complete,14:33:00,16:33:00
E34F600B-4116-4483-A496-949CF0CF3F91,1F4F635C-7E19-49B8-B756-94FD0CADF618,Pink,NA,NA,NA,NA,NA,Released,3,Pink_NA_NA_Released,2023-09-30,Nisqually River,2023,9,39,360,NA,Pontoon/Kick/Kayak/Dinghy,Yes,1,360,Complete,10:44:00,16:44:00
3BBEE4B1-F393-4508-8283-9BA0CA34EB0C,91F4C731-423C-4465-9F65-1896DF996E66,Pink,NA,NA,NA,NA,NA,Released,1,Pink_NA_NA_Released,2023-09-30,Nisqually River,2023,9,39,180,NA,NA,No,1,180,Complete,06:45:00,09:45:00
E222BCC5-B9C4-412A-90E0-5754F2789B68,F2CEDCD3-57F2-4DB8-B7DA-751545CBE9CE,Pink,NA,NA,NA,NA,NA,Released,3,Pink_NA_NA_Released,2023-09-30,Nisqually River,2023,9,39,203,NA,NA,No,1,203,Complete,07:00:00,10:23:00
9E274861-8E46-44FD-934B-A23897C2891C,68C7542D-DBCC-4C06-AF5D-F5A088210142,Pink,NA,NA,NA,NA,NA,Kept,1,Pink_NA_NA_Kept,2023-09-30,Nisqually River,2023,9,39,167,NA,NA,No,1,167,Complete,08:00:00,10:47:00
CBE73E26-06D7-4033-B8CF-306037AB165F,F1F43E68-D95C-4130-B4D7-E1742F28C3EA,Pink,NA,NA,NA,NA,NA,Released,1,Pink_NA_NA_Released,2023-09-30,Nisqually River,2023,9,39,272,NA,NA,No,1,272,Complete,06:30:00,11:02:00
AB56C511-6193-4C4E-949A-878A4365861D,DB7E49FC-26C7-4213-AFFA-85993807F5DE,Pink,NA,NA,NA,NA,NA,Released,1,Pink_NA_NA_Released,2023-09-30,Nisqually River,2023,9,39,292,NA,NA,No,1,292,Complete,07:30:00,12:22:00
D961F188-42BA-4E1F-9B8B-AB9FA3FB7D2F,A2905BFE-46D1-4FCC-A03D-60460629F673,Pink,NA,NA,NA,NA,NA,Kept,1,Pink_NA_NA_Kept,2023-09-30,Nisqually River,2023,9,39,591,NA,Drift Boat/ Raft,Yes,2,1182,Complete,06:00:00,15:51:00
D961F188-42BA-4E1F-9B8B-AB9FA3FB7D2F,27CD9D5D-8327-4C50-8C6C-9E86ABC4FC1A,Pink,NA,NA,NA,NA,NA,Released,2,Pink_NA_NA_Released,2023-09-30,Nisqually River,2023,9,39,591,NA,Drift Boat/ Raft,Yes,2,1182,Complete,06:00:00,15:51:00
598A7143-3F03-4E99-9448-A0E8DF4E4A53,CE218DC7-7729-4CFB-B3C3-2AD5A88EFBF6,Pink,NA,NA,NA,NA,NA,Released,1,Pink_NA_NA_Released,2023-09-29,Nisqually River,2023,9,39,360,NA,NA,No,2,720,Complete,07:15:00,13:15:00
290EE6B6-6784-4029-8F99-245CCA9BFE1E,67642857-052B-4CB7-ADFE-40C17E37A22D,Pink,NA,NA,NA,NA,NA,Released,1,Pink_NA_NA_Released,2023-09-29,Nisqually River,2023,9,39,155,NA,NA,No,1,155,Complete,06:07:00,08:42:00
189163A5-3C30-4783-BD95-AB2AA00532F9,27050B5F-87A6-4CBE-83F9-9B0A12CADD66,Pink,NA,NA,NA,NA,NA,Released,1,Pink_NA_NA_Released,2023-09-29,Nisqually River,2023,9,39,113,NA,NA,No,2,226,Complete,08:15:00,10:08:00
A4A3DD3F-5503-4608-9DE3-ED516CD75710,16A51DDF-455D-4E6C-9E44-8AF491722680,Pink,NA,NA,NA,NA,NA,Released,6,Pink_NA_NA_Released,2023-09-29,Nisqually River,2023,9,39,409,NA,NA,No,2,818,Complete,07:00:00,13:49:00
440E8B01-C393-495C-A3F4-7CA9B7F962C2,CCE888F1-9FB4-4137-A9FC-DD07F09EB3BC,Pink,NA,NA,NA,NA,NA,Released,2,Pink_NA_NA_Released,2023-09-29,Nisqually River,2023,9,39,368,NA,NA,No,1,368,Complete,08:00:00,14:08:00
53B1B12C-328F-4738-A682-1DFA94AC77EB,E0EED2B6-BACE-4468-AC51-A50F8B4A2CA2,Pink,NA,NA,NA,NA,NA,Kept,1,Pink_NA_NA_Kept,2023-09-29,Nisqually River,2023,9,39,120,NA,NA,No,3,360,Complete,12:45:00,14:45:00
FA0963F2-43C5-42D1-9494-5414AD071602,5102FAEC-C08B-4CDD-AB35-62B6C858E033,Pink,NA,NA,NA,NA,NA,Released,3,Pink_NA_NA_Released,2023-09-28,Nisqually River,2023,9,39,338,NA,NA,No,1,338,Complete,06:00:00,11:38:00
DDB87150-B6BB-4A0D-AF48-65FCFF35E208,3DC34DCB-CF0A-4B90-9CD5-A16C8E49323B,Pink,NA,NA,NA,NA,NA,Released,2,Pink_NA_NA_Released,2023-09-28,Nisqually River,2023,9,39,363,NA,NA,No,1,363,Complete,06:00:00,12:03:00
D747122A-E4B2-407C-A0F7-7174DC161AA4,9A1B9BCA-28E1-4878-B666-AD844DBADE28,Pink,NA,Adult,UM,NA,NA,Released,1,Pink_Adult_UM_Released,2023-09-28,Nisqually River,2023,9,39,375,NA,NA,No,1,375,Complete,06:00:00,12:15:00
EFFB3116-7759-4BFB-A727-2355AA387BAE,E4E12F0F-A4AA-4363-BA2C-E3498376E02E,Pink,NA,NA,NA,NA,NA,Released,2,Pink_NA_NA_Released,2023-09-28,Nisqually River,2023,9,39,348,NA,NA,No,1,348,Complete,06:30:00,12:18:00
0194BCDC-4679-40ED-9623-D0A3C369EC0A,4B88B4AC-5AE7-49BA-8176-2A23052313D3,Pink,NA,NA,NA,NA,NA,Released,1,Pink_NA_NA_Released,2023-09-28,Nisqually River,2023,9,39,320,NA,NA,No,1,320,Complete,07:00:00,12:20:00
A95DE940-5705-4844-80B2-7B23DD7880CE,F65C3A31-1D66-4C2C-A398-B28A00853708,Pink,NA,NA,NA,NA,NA,Released,2,Pink_NA_NA_Released,2023-09-28,Nisqually River,2023,9,39,381,NA,NA,No,1,381,Complete,06:00:00,12:21:00
95EDE6E5-5B39-4812-9E6C-1775CC3D7040,6FC1B646-5F80-4BCB-B0AC-F06A7E3611C5,Pink,NA,NA,NA,NA,NA,Released,1,Pink_NA_NA_Released,2023-09-28,Nisqually River,2023,9,39,109,NA,NA,No,1,109,Complete,11:30:00,13:19:00
9473F00D-6722-49DD-BDF6-D68912345E15,09AA8A5B-9BB1-4827-8F12-380B09A5ADD2,Pink,NA,NA,NA,NA,NA,Released,2,Pink_NA_NA_Released,2023-09-28,Nisqually River,2023,9,39,451,NA,NA,No,1,451,Complete,06:00:00,13:31:00
9F57047D-585E-490E-83EC-E7C31388B52F,63AEAE93-3FBE-4725-BA48-4B6E8DC52A18,Pink,NA,NA,NA,NA,NA,Released,1,Pink_NA_NA_Released,2023-09-26,Nisqually River,2023,9,39,258,NA,NA,No,3,774,Complete,07:30:00,11:48:00
2055E072-0576-41A7-AD12-9DCD933C70DF,60AD459B-5C98-45AC-81A2-E5E82580DB7D,Pink,NA,NA,NA,NA,NA,Released,1,Pink_NA_NA_Released,2023-09-26,Nisqually River,2023,9,39,131,NA,NA,No,1,131,Complete,06:00:00,08:11:00
84A70A19-FD0A-47C7-A5CC-A5BC4A99221D,B427C2C1-C4C8-4A06-8D99-5A33374287B6,Pink,NA,NA,NA,NA,NA,Released,1,Pink_NA_NA_Released,2023-09-26,Nisqually River,2023,9,39,112,NA,NA,No,1,112,Complete,07:00:00,08:52:00
2978785A-1DDF-4B88-AB12-C53BE2610E1F,1B13D657-CF99-4DCE-8C39-CDE6AAF189ED,Pink,NA,NA,NA,NA,NA,Released,2,Pink_NA_NA_Released,2023-09-26,Nisqually River,2023,9,39,201,NA,NA,No,1,201,Complete,08:00:00,11:21:00
E77CCB4F-49C9-4FF3-BBC0-983ADEE25130,28F327A0-1899-4F24-8D76-7684BB3137BD,Pink,NA,NA,NA,NA,NA,Released,2,Pink_NA_NA_Released,2023-09-26,Nisqually River,2023,9,39,377,NA,NA,No,1,377,Complete,06:02:00,12:19:00
50605D35-E996-4A07-8AD6-AE4BFF7AD04D,DE8CF603-36BD-4CFF-8DE5-497449596D05,Pink,NA,NA,NA,NA,NA,Released,4,Pink_NA_NA_Released,2023-09-26,Nisqually River,2023,9,39,569,NA,NA,No,1,569,Complete,06:00:00,15:29:00
96B3977B-4C8F-4176-B8E1-ABA6DCF55B39,B43285FF-06E5-4286-8AC9-AC4AE911072A,Pink,NA,NA,NA,NA,NA,Released,6,Pink_NA_NA_Released,2023-09-23,Nisqually River,2023,9,38,230,NA,NA,No,2,460,Complete,09:15:00,13:05:00
3C975992-B3F7-4C9C-8A26-04A547D562BF,D771F577-9CF9-4B67-B705-BAB134D31F2F,Pink,NA,NA,NA,NA,NA,Released,2,Pink_NA_NA_Released,2023-09-23,Nisqually River,2023,9,38,399,NA,NA,No,2,798,Complete,11:00:00,17:39:00
9DCE355D-7825-4AF8-B684-3C5370FFCF87,2251F4B6-7B5F-4495-ABC8-50F6618C6EA8,Pink,NA,NA,NA,NA,NA,Released,3,Pink_NA_NA_Released,2023-09-23,Nisqually River,2023,9,38,164,NA,NA,No,1,164,Complete,06:00:00,08:44:00
4373CF7D-556C-4B27-AF4B-120A5E4490B0,A548FDA0-BACC-4C52-B389-ACB3CA19754B,Pink,NA,NA,NA,NA,NA,Released,5,Pink_NA_NA_Released,2023-09-23,Nisqually River,2023,9,38,187,NA,NA,No,1,187,Complete,06:00:00,09:07:00
1A73C2D3-61A8-4616-93AA-08CEB402564D,8DAEEE53-DDF8-488E-850F-01BB06EDF2DA,Pink,NA,NA,NA,NA,NA,Kept,1,Pink_NA_NA_Kept,2023-09-23,Nisqually River,2023,9,38,276,NA,NA,No,1,276,Complete,06:00:00,10:36:00
1A73C2D3-61A8-4616-93AA-08CEB402564D,C7B9AD1D-1947-450E-B14E-F4F59BE927DB,Pink,NA,NA,NA,NA,NA,Released,1,Pink_NA_NA_Released,2023-09-23,Nisqually River,2023,9,38,276,NA,NA,No,1,276,Complete,06:00:00,10:36:00
F040B10B-2674-4FEF-A6FB-C6BF63AE8B98,5EFFD550-1291-4C8B-928C-28BE3F6C58F6,Pink,NA,NA,NA,NA,NA,Released,1,Pink_NA_NA_Released,2023-09-23,Nisqually River,2023,9,38,288,NA,NA,No,1,288,Complete,07:00:00,11:48:00
74EFCC08-B577-42BC-B998-10CEE5A6CAFA,A4D4A8AA-F3CE-4DFB-9419-C48E3F04530B,Pink,NA,NA,NA,NA,NA,Released,2,Pink_NA_NA_Released,2023-09-23,Nisqually River,2023,9,38,358,NA,NA,No,2,716,Complete,06:00:00,11:58:00
6DE45A61-3863-471A-A7B5-E4D63B936B81,07E1C9FF-E80A-45DA-99EB-1717C1B26CDF,Pink,NA,NA,NA,NA,NA,Kept,2,Pink_NA_NA_Kept,2023-09-23,Nisqually River,2023,9,38,386,NA,NA,No,1,386,Complete,06:00:00,12:26:00
4FAA471B-50BC-4E88-BD56-B6A1B59A6E86,F77928D9-87DE-47D8-BE14-646F53E8B3B8,Pink,NA,NA,NA,NA,NA,Released,1,Pink_NA_NA_Released,2023-09-22,Nisqually River,2023,9,38,121,NA,NA,No,1,121,Complete,10:30:00,12:31:00
78EEAD0D-C8DB-4C5F-83C0-56116A5F62F9,EDF1385E-6AF4-419C-8FB6-2DB9209D18A8,Pink,NA,NA,NA,NA,NA,Released,4,Pink_NA_NA_Released,2023-09-22,Nisqually River,2023,9,38,477,NA,NA,No,1,477,Complete,06:00:00,13:57:00
38029025-BECB-4479-AC05-3FCF743D6F3F,1BC49D7A-8E33-4F10-8E81-CDC7C8781E3C,Pink,NA,Adult,NA,NA,NA,Released,4,Pink_Adult_NA_Released,2023-09-22,Nisqually River,2023,9,38,401,NA,NA,No,1,401,Complete,07:30:00,14:11:00
B95BE648-77CD-489C-BDF7-2DA166570BE8,411B0A27-7A65-464B-8973-C31051D45B83,Pink,NA,NA,NA,NA,NA,Released,3,Pink_NA_NA_Released,2023-09-22,Nisqually River,2023,9,38,134,NA,NA,No,1,134,Complete,06:00:00,08:14:00
A5E37962-96DB-4D03-9A90-ED5F358E66BB,81506E35-1BA5-412E-8210-0A5D70B639CB,Pink,NA,NA,NA,NA,NA,Released,4,Pink_NA_NA_Released,2023-09-22,Nisqually River,2023,9,38,129,NA,NA,No,1,129,Complete,06:30:00,08:39:00
09F72FE6-0574-46C0-BB03-16961D9CD664,C751259C-A502-4B94-A9B2-C31106FE8892,Pink,NA,NA,NA,NA,NA,Released,10,Pink_NA_NA_Released,2023-09-22,Nisqually River,2023,9,38,135,NA,NA,No,1,135,Complete,06:30:00,08:45:00
6D68A7B9-8E72-4499-94CC-D822395FBD05,88E24C81-FCA4-4B7E-A4F1-DAC83F3C3197,Pink,NA,NA,NA,NA,NA,Released,1,Pink_NA_NA_Released,2023-09-22,Nisqually River,2023,9,38,199,NA,NA,No,1,199,Complete,06:00:00,09:19:00
40B089D7-AF7C-4B76-92D5-1298ABB5BD64,1A7B6788-120C-440F-813A-DC80CEA23F43,Pink,NA,NA,NA,NA,NA,Released,2,Pink_NA_NA_Released,2023-09-22,Nisqually River,2023,9,38,270,NA,NA,No,1,270,Complete,06:00:00,10:30:00
90EE9FFA-3BF1-40FA-A358-63F167E6A124,87579EFC-2097-4E94-83E1-BA3FEBFDE9B0,Pink,NA,NA,NA,NA,NA,Released,2,Pink_NA_NA_Released,2023-09-22,Nisqually River,2023,9,38,273,NA,NA,No,1,273,Complete,06:00:00,10:33:00
49B155F7-42AB-4573-B4DE-9F9A37F8920B,5A7F4EFE-0835-46E4-83E6-1C156C052E7B,Pink,NA,NA,NA,NA,NA,Kept,1,Pink_NA_NA_Kept,2023-09-22,Nisqually River,2023,9,38,244,NA,NA,No,2,488,Complete,06:35:00,10:39:00
B3F1EF34-3031-46CC-945F-35F226CAA7F7,FD503331-65BD-4DF1-93B0-7E22D8C5021A,Pink,NA,NA,NA,NA,NA,Released,3,Pink_NA_NA_Released,2023-09-22,Nisqually River,2023,9,38,175,NA,NA,No,1,175,Complete,08:00:00,10:55:00
D9BD329A-B781-4852-9E73-9D51B8D3FA0A,31501511-7196-4EAC-A6DF-69662EEBCC5C,Pink,NA,NA,NA,NA,NA,Released,12,Pink_NA_NA_Released,2023-09-22,Nisqually River,2023,9,38,304,NA,NA,No,2,608,Complete,05:58:00,11:02:00
9BC4B9E4-9E84-4290-8A47-D8EA8AAC99FE,6E603D07-5E6C-4EB5-ADEC-0E8120673065,Pink,NA,NA,NA,NA,NA,Released,2,Pink_NA_NA_Released,2023-09-22,Nisqually River,2023,9,38,312,NA,NA,No,1,312,Complete,05:57:00,11:09:00
84D64F56-F58F-4913-B957-D29455240B47,7B98F83D-ED7C-4A9D-9613-B66ED0CC4B4B,Pink,NA,NA,NA,NA,NA,Kept,1,Pink_NA_NA_Kept,2023-09-22,Nisqually River,2023,9,38,120,NA,NA,No,1,120,Complete,13:19:00,15:19:00
70876999-DD3A-481F-B166-871F56673CBB,173B791B-C04B-41F7-983E-50DA0AC287BE,Pink,NA,NA,NA,NA,NA,Released,1,Pink_NA_NA_Released,2023-09-21,Nisqually River,2023,9,38,91,NA,NA,No,1,91,Complete,06:15:00,07:46:00
38731E3D-843B-4BA6-84CA-AAFF3AF5B7D7,4FDC1A1C-A8AD-4FB4-8678-B5567C25EA4E,Pink,NA,NA,NA,NA,NA,Released,4,Pink_NA_NA_Released,2023-09-21,Nisqually River,2023,9,38,189,NA,NA,No,1,189,Complete,06:00:00,09:09:00
B76C6510-A7EF-496C-8387-D4BB4B52E86E,F42DDBD7-8DBC-4771-AD5D-7C0135679A6F,Pink,NA,NA,NA,NA,NA,Released,2,Pink_NA_NA_Released,2023-09-21,Nisqually River,2023,9,38,205,NA,NA,No,1,205,Complete,06:00:00,09:25:00
BEDDD20E-22E2-4D23-92C0-66C50C44A11F,7B690FA7-A305-44FD-9C7B-2C5CAF83041E,Pink,NA,NA,NA,NA,NA,Released,9,Pink_NA_NA_Released,2023-09-21,Nisqually River,2023,9,38,207,NA,NA,No,1,207,Complete,06:00:00,09:27:00
4621E129-E596-480D-BE36-A27F2B7461AC,092B6C56-6425-4DA7-AF09-4BF218851D45,Pink,NA,NA,NA,NA,NA,Released,4,Pink_NA_NA_Released,2023-09-21,Nisqually River,2023,9,38,258,NA,NA,No,1,258,Complete,06:00:00,10:18:00
22FB1D36-617C-4D0A-9AB2-62F98D16825D,AC4FAA36-178C-4AAD-A797-2B1155E671BB,Pink,NA,NA,NA,NA,NA,Released,1,Pink_NA_NA_Released,2023-09-21,Nisqually River,2023,9,38,300,NA,NA,No,1,300,Complete,06:07:00,11:07:00
A9C23D53-D67E-4A8E-91F8-F7BB3D63C46D,ED3C359F-C7B3-4B0D-B646-24A2CA9A6D38,Pink,NA,NA,NA,NA,NA,Released,1,Pink_NA_NA_Released,2023-09-21,Nisqually River,2023,9,38,180,NA,NA,No,1,180,Complete,08:15:00,11:15:00
01297557-0F0B-4901-9340-8C28E63BCC15,E93F972A-93FA-45A0-BC40-035A0F125E3A,Pink,NA,NA,NA,NA,NA,Released,1,Pink_NA_NA_Released,2023-09-21,Nisqually River,2023,9,38,502,NA,NA,No,1,502,Complete,06:00:00,14:22:00
E15E154E-AFBD-4AEC-A87A-208F430DA837,423118C6-4673-44F0-9141-9B6AED99124C,Pink,NA,NA,NA,NA,NA,Kept,1,Pink_NA_NA_Kept,2023-09-21,Nisqually River,2023,9,38,139,NA,NA,No,1,139,Complete,08:00:00,10:19:00
CFAC5A5C-8221-46A8-8B32-46469D62AE76,4DDACCC8-90A6-4EA0-B90E-E2C4277CCB92,Pink,NA,NA,NA,NA,NA,Kept,2,Pink_NA_NA_Kept,2023-09-21,Nisqually River,2023,9,38,123,NA,NA,No,1,123,Complete,11:00:00,13:03:00
D90A6F20-8FBA-424D-AFA6-1BD629AF56BF,C5A5B891-D7B5-430A-8C73-7F26154109C6,Pink,NA,NA,NA,NA,NA,Released,2,Pink_NA_NA_Released,2023-09-21,Nisqually River,2023,9,38,240,NA,NA,No,1,240,Complete,11:05:00,15:05:00
8FDA8BB7-5F34-4D31-AC6A-7528E0A5619A,34A92C7E-5BD3-453A-8956-99EC678992CA,Pink,NA,NA,NA,NA,NA,Released,8,Pink_NA_NA_Released,2023-09-21,Nisqually River,2023,9,38,565,NA,NA,No,2,1130,Complete,06:00:00,15:25:00
04F4A48B-AF7E-482A-88A9-C74F309BF113,7B33EB11-17BD-4DB8-AA86-BC786D7755CA,Pink,NA,NA,NA,NA,NA,Released,2,Pink_NA_NA_Released,2023-09-19,Nisqually River,2023,9,38,139,NA,NA,No,1,139,Complete,17:00:00,19:19:00
B14ED7C4-6D11-429F-94CA-F59A9B745491,0C9FB0A1-91B5-4875-A2FE-2371E17D1136,Pink,NA,NA,NA,NA,NA,Released,1,Pink_NA_NA_Released,2023-09-19,Nisqually River,2023,9,38,253,NA,NA,No,2,506,Complete,06:00:00,10:13:00
1B6B27B2-55FB-493B-8814-0BAFEC024933,F57B8BC7-2A54-4AB9-9011-B402985AD9A8,Pink,NA,NA,NA,NA,NA,Kept,2,Pink_NA_NA_Kept,2023-09-19,Nisqually River,2023,9,38,114,NA,NA,No,1,114,Complete,05:53:00,07:47:00
00DB2F60-A09A-4756-8EA3-1928933FF760,F9EA73D0-DED8-4877-9D76-8846034839DA,Pink,NA,NA,NA,NA,NA,Released,1,Pink_NA_NA_Released,2023-09-19,Nisqually River,2023,9,38,130,NA,NA,No,1,130,Complete,05:58:00,08:08:00
273AA33D-44AC-4699-AC1C-38BC0427FCCD,DFA4CA66-297C-4C5C-AE0B-FDC83CE4C6E5,Pink,NA,NA,NA,NA,NA,Released,10,Pink_NA_NA_Released,2023-09-19,Nisqually River,2023,9,38,405,NA,NA,No,1,405,Complete,06:30:00,13:15:00
45A161CE-DD0B-4121-B45F-E9438C8A2E19,1D45F8EA-F38D-43DC-9D25-A44CE1C505D8,Pink,NA,NA,NA,NA,NA,Kept,4,Pink_NA_NA_Kept,2023-09-19,Nisqually River,2023,9,38,331,NA,NA,No,2,662,Complete,08:00:00,13:31:00
ED88CFCE-2B36-4398-8F5C-809AC74ED979,197109CC-B76B-429C-B34B-7DDB118D73AD,Pink,NA,NA,NA,NA,NA,Released,2,Pink_NA_NA_Released,2023-09-19,Nisqually River,2023,9,38,520,NA,NA,No,2,1040,Complete,06:00:00,14:40:00
AFBA93AB-8D8D-45D3-B576-C30293E1963A,FCEA9F6B-CF84-43B8-ABB3-0AAB27DBE5CB,Pink,NA,NA,NA,NA,NA,Released,10,Pink_NA_NA_Released,2023-09-19,Nisqually River,2023,9,38,272,NA,NA,No,1,272,Complete,11:00:00,15:32:00
D45FCAB4-EE0D-46F5-8B85-85A21DED0D91,BD3BDAD6-F18B-4638-A48E-2B0A94863237,Pink,NA,NA,NA,NA,NA,Released,10,Pink_NA_NA_Released,2023-09-16,Nisqually River,2023,9,37,180,NA,NA,No,1,180,Complete,13:21:00,16:21:00
88B55007-B887-4648-8981-4A63B4146346,ECFCE917-17D0-4D0A-B514-3216094B74BF,Pink,NA,NA,NA,NA,NA,Released,1,Pink_NA_NA_Released,2023-09-16,Nisqually River,2023,9,37,569,NA,NA,No,2,1138,Complete,08:00:00,17:29:00
1B1F89C6-6DBD-4A1B-BE7E-2AEE92059E74,AA277B53-A802-47B4-83AE-6370D8C4B502,Pink,NA,NA,NA,NA,NA,Released,4,Pink_NA_NA_Released,2023-09-16,Nisqually River,2023,9,37,460,NA,NA,No,1,460,Complete,10:00:00,17:40:00
9DA80D7A-5F03-4CAD-A1AA-0B1FC9D7C8ED,9657E563-971E-4E3A-8880-EE516D5E7094,Pink,NA,NA,NA,NA,NA,Kept,4,Pink_NA_NA_Kept,2023-09-16,Nisqually River,2023,9,37,341,NA,NA,No,2,682,Complete,06:00:00,11:41:00
F222DAD0-D249-4E3E-9D4E-28C75B6922D6,B16BE703-AB2D-48F3-9CEB-1EC1CD17F1B0,Pink,NA,NA,NA,NA,NA,Released,7,Pink_NA_NA_Released,2023-09-16,Nisqually River,2023,9,37,382,NA,NA,No,2,764,Complete,06:00:00,12:22:00
F222DAD0-D249-4E3E-9D4E-28C75B6922D6,38726E82-4B07-48A2-B02D-B3684F9CA4FE,Pink,NA,NA,NA,NA,NA,Kept,1,Pink_NA_NA_Kept,2023-09-16,Nisqually River,2023,9,37,382,NA,NA,No,2,764,Complete,06:00:00,12:22:00
B8A3461B-A8F3-4F63-A660-2266E5D0CD3D,F7A624D7-7276-43CB-92F6-F85BAC0B6515,Pink,NA,NA,NA,NA,NA,Kept,1,Pink_NA_NA_Kept,2023-09-16,Nisqually River,2023,9,37,149,NA,NA,No,2,298,Complete,10:00:00,12:29:00
541A4804-E0FA-4CEC-9EBB-F4049C3CD9E2,CE70D839-0715-4030-9E8A-1B958D43AC8B,Pink,NA,NA,NA,NA,NA,Released,1,Pink_NA_NA_Released,2023-09-16,Nisqually River,2023,9,37,336,NA,NA,No,1,336,Complete,07:00:00,12:36:00
29A09A66-ED15-4824-A9BF-90A28556C042,434790CC-2048-40B7-823E-3780A638AF90,Pink,NA,NA,NA,NA,NA,Kept,2,Pink_NA_NA_Kept,2023-09-16,Nisqually River,2023,9,37,279,NA,NA,No,3,837,Complete,08:00:00,12:39:00
19624077-65E3-4EBB-8691-6531BF58EA4A,C17F9E75-975F-49DB-873C-D04DF0956F35,Pink,NA,NA,NA,NA,NA,Released,2,Pink_NA_NA_Released,2023-09-16,Nisqually River,2023,9,37,270,NA,NA,No,2,540,Complete,08:30:00,13:00:00
0597CCFB-DE3B-4C84-BCA4-93BA3E963A3A,0829EAD5-B190-4A6D-BF55-515B55C66EA4,Pink,NA,NA,NA,NA,NA,Kept,2,Pink_NA_NA_Kept,2023-09-16,Nisqually River,2023,9,37,212,NA,NA,No,2,424,Complete,09:30:00,13:02:00
0597CCFB-DE3B-4C84-BCA4-93BA3E963A3A,CB201463-4231-4250-835C-DA02A3FB2C9D,Pink,NA,NA,NA,NA,NA,Released,5,Pink_NA_NA_Released,2023-09-16,Nisqually River,2023,9,37,212,NA,NA,No,2,424,Complete,09:30:00,13:02:00
2DBEA988-D109-466F-94C1-6ABC8B7077AC,23081F79-15C4-44FB-B7A0-71A06737EBEE,Pink,NA,NA,NA,NA,NA,Released,2,Pink_NA_NA_Released,2023-09-16,Nisqually River,2023,9,37,276,NA,NA,No,1,276,Complete,09:00:00,13:36:00
AB7EE2B1-6433-4B10-84EC-33C63334ED55,D048E657-A099-47C8-81B3-E1C2D16C96DF,Pink,NA,NA,NA,NA,NA,Released,3,Pink_NA_NA_Released,2023-09-16,Nisqually River,2023,9,37,428,NA,NA,No,2,856,Complete,06:30:00,13:38:00
84EC502F-E78C-44F6-A805-523D45BFF12A,03AA4D51-01F7-44BD-977E-CE6CB3749ADC,Pink,NA,NA,NA,NA,NA,Kept,1,Pink_NA_NA_Kept,2023-09-16,Nisqually River,2023,9,37,429,NA,NA,No,1,429,Complete,06:30:00,13:39:00
84EC502F-E78C-44F6-A805-523D45BFF12A,D7279E9D-449A-4EAD-A209-B2B205098EC7,Pink,NA,NA,NA,NA,NA,Released,9,Pink_NA_NA_Released,2023-09-16,Nisqually River,2023,9,37,429,NA,NA,No,1,429,Complete,06:30:00,13:39:00
E560EFFB-9EFF-444F-8291-753914737EA6,BFBEF46F-7310-4822-A074-44A89287A636,Pink,NA,NA,NA,NA,NA,Kept,1,Pink_NA_NA_Kept,2023-09-16,Nisqually River,2023,9,37,247,NA,NA,No,1,247,Complete,10:00:00,14:07:00
1DF599A3-AAE8-4489-BF4C-6DB5EFDD9DA3,CD4DEF23-F041-4C6D-A1B8-CD82C7501DC8,Pink,NA,NA,NA,NA,NA,Kept,1,Pink_NA_NA_Kept,2023-09-16,Nisqually River,2023,9,37,248,NA,NA,No,2,496,Complete,10:00:00,14:08:00
E746AE54-4A05-4968-985C-E395A119179E,14467669-6694-4A1D-8FB1-D9836AC3C08E,Pink,NA,NA,NA,NA,NA,Released,9,Pink_NA_NA_Released,2023-09-16,Nisqually River,2023,9,37,372,NA,NA,No,3,1116,Complete,09:00:00,15:12:00
93517970-EC2F-4DDD-AE37-3D1DA852F559,94C20994-815B-4C82-865C-70D72C69FD24,Pink,NA,NA,NA,NA,NA,Kept,3,Pink_NA_NA_Kept,2023-09-16,Nisqually River,2023,9,37,190,NA,NA,No,1,190,Complete,15:00:00,18:10:00
113DC63B-6B2E-4535-BC29-7D5657EB2D77,40A7B981-B65B-41C1-A135-CA3530EF63C1,Pink,NA,NA,NA,NA,NA,Released,12,Pink_NA_NA_Released,2023-09-16,Nisqually River,2023,9,37,161,NA,NA,No,1,161,Complete,16:30:00,19:11:00
64931FCE-9790-4CFD-82DB-D4F2E0CC07D2,8A7BE661-766A-41E4-BC3F-CDF68C470211,Pink,NA,NA,NA,NA,NA,Kept,5,Pink_NA_NA_Kept,2023-09-16,Nisqually River,2023,9,37,200,NA,NA,No,4,800,Complete,05:45:00,09:05:00
64931FCE-9790-4CFD-82DB-D4F2E0CC07D2,A170D957-46B6-4102-8731-29F479828501,Pink,NA,NA,NA,NA,NA,Released,30,Pink_NA_NA_Released,2023-09-16,Nisqually River,2023,9,37,200,NA,NA,No,4,800,Complete,05:45:00,09:05:00
4BCF6AE8-28E6-4A0D-94FF-18F97F0BE7FF,BCBB2DCC-D85F-4364-B550-B854DA98FD6A,Pink,NA,NA,NA,NA,NA,Released,7,Pink_NA_NA_Released,2023-09-16,Nisqually River,2023,9,37,206,NA,NA,No,1,206,Complete,05:45:00,09:11:00
9BC39703-5B09-4CEA-9848-1126AC8CC08E,4C22DF78-A23E-44CA-9886-2176E876B55B,Pink,NA,NA,NA,NA,NA,Kept,1,Pink_NA_NA_Kept,2023-09-16,Nisqually River,2023,9,37,164,NA,NA,No,1,164,Complete,06:30:00,09:14:00
78E56996-976D-431A-999D-C4B678CA8985,E8692AE1-066F-4950-83C3-4348314643B7,Pink,NA,NA,NA,NA,NA,Released,10,Pink_NA_NA_Released,2023-09-16,Nisqually River,2023,9,37,194,NA,NA,No,1,194,Complete,06:00:00,09:14:00
E36FEBC1-8854-4F09-B1DB-68AE51B577CA,7137DE66-09A5-417D-BBB0-BA6DD259E2FE,Pink,NA,NA,NA,NA,NA,Released,3,Pink_NA_NA_Released,2023-09-16,Nisqually River,2023,9,37,198,NA,NA,No,2,396,Complete,06:00:00,09:18:00
60AB5988-97A5-49FB-B4C3-C8FE5384139A,BD597FC5-F69A-452E-97E8-630D6A660D0D,Pink,NA,NA,NA,NA,NA,Kept,2,Pink_NA_NA_Kept,2023-09-16,Nisqually River,2023,9,37,224,NA,NA,No,1,224,Complete,05:45:00,09:29:00
60AB5988-97A5-49FB-B4C3-C8FE5384139A,DB55ABE3-4DCC-4195-B96F-558A8F57C339,Pink,NA,NA,NA,NA,NA,Released,3,Pink_NA_NA_Released,2023-09-16,Nisqually River,2023,9,37,224,NA,NA,No,1,224,Complete,05:45:00,09:29:00
D77551C7-B3AC-4E92-A4E7-476CE2A9BB9C,ABC4D6DF-CEDF-4736-AA1A-40A7D9E6F858,Pink,NA,NA,NA,NA,NA,Released,1,Pink_NA_NA_Released,2023-09-16,Nisqually River,2023,9,37,187,NA,NA,No,2,374,Complete,06:30:00,09:37:00
BC86860F-878D-42C4-AAA0-9E5761402ACE,967FB5C3-513C-4FE2-93E7-FCA8489F10DA,Pink,NA,NA,NA,NA,NA,Released,7,Pink_NA_NA_Released,2023-09-16,Nisqually River,2023,9,37,224,NA,NA,No,1,224,Complete,06:00:00,09:44:00
3C4D6040-952B-49E6-8DF0-C3468C1AE634,0113BAD8-B852-4B4E-8304-63533A72540E,Pink,NA,NA,NA,NA,NA,Released,4,Pink_NA_NA_Released,2023-09-16,Nisqually River,2023,9,37,240,NA,NA,No,1,240,Complete,05:45:00,09:45:00
0FDE9D5B-3C11-470F-8649-3512E1180091,0C992364-2E7F-4532-83DB-3E55A7EB913B,Pink,NA,NA,NA,NA,NA,Released,4,Pink_NA_NA_Released,2023-09-16,Nisqually River,2023,9,37,249,NA,NA,No,1,249,Complete,05:45:00,09:54:00
27EDBAD8-D452-4B04-A1E5-2BD76F0DB552,9DA10577-B453-4A39-BD2D-D998A98E52B9,Pink,NA,NA,NA,NA,NA,Released,2,Pink_NA_NA_Released,2023-09-16,Nisqually River,2023,9,37,123,NA,NA,No,1,123,Complete,08:00:00,10:03:00
FEF7BACA-F761-4A89-98F9-15C7761513F0,DF3031D7-49DD-4243-A8FD-BCD4F8AF59EE,Pink,NA,NA,NA,NA,NA,Released,8,Pink_NA_NA_Released,2023-09-16,Nisqually River,2023,9,37,129,NA,NA,No,2,258,Complete,08:00:00,10:09:00
4EBD7CE5-1DD5-462E-9EC4-D7BFBF2037AD,4AEBAC99-E2CE-4F2B-9458-00742998DD47,Pink,NA,NA,NA,NA,NA,Released,10,Pink_NA_NA_Released,2023-09-16,Nisqually River,2023,9,37,250,NA,NA,No,1,250,Complete,06:00:00,10:10:00
80BD087B-F49F-4D1D-B725-31793AB90DF1,ED2E4EA5-2F59-494A-916E-EBEF7265E687,Pink,NA,NA,NA,NA,NA,Released,6,Pink_NA_NA_Released,2023-09-16,Nisqually River,2023,9,37,287,NA,NA,No,1,287,Complete,05:47:00,10:34:00
6663A24E-C954-48EF-BE55-147F5397B41E,9F35F41C-9679-4B89-995B-256E3AC845E7,Pink,NA,NA,NA,NA,NA,Released,2,Pink_NA_NA_Released,2023-09-16,Nisqually River,2023,9,37,295,NA,NA,No,1,295,Complete,05:45:00,10:40:00
F5756043-4704-441B-975D-3440DFD82163,63EC3CB7-EE61-4463-B4A8-D56680512ED3,Pink,NA,NA,NA,NA,NA,Released,1,Pink_NA_NA_Released,2023-09-16,Nisqually River,2023,9,37,252,NA,NA,No,1,252,Complete,06:30:00,10:42:00
E1F626F5-28F0-43EA-9D93-5C0C48E26C16,1DC5C095-A722-4336-A307-C8C2E6AB68C2,Pink,NA,NA,NA,NA,NA,Released,20,Pink_NA_NA_Released,2023-09-16,Nisqually River,2023,9,37,262,NA,NA,No,2,524,Complete,06:30:00,10:52:00
F4460AFC-A14F-4038-AFCD-55A946317D7F,502EFB82-565F-4357-9AC5-F3F4C152437D,Pink,NA,NA,NA,NA,NA,Released,1,Pink_NA_NA_Released,2023-09-16,Nisqually River,2023,9,37,165,NA,NA,No,1,165,Complete,08:15:00,11:00:00
7F3481B4-8BE5-4A06-9E04-033554166BB1,56E22B6C-1957-47F1-A924-63CE080453AB,Pink,NA,NA,NA,NA,NA,Released,9,Pink_NA_NA_Released,2023-09-16,Nisqually River,2023,9,37,342,NA,NA,No,2,684,Complete,05:45:00,11:27:00
F68DF9F1-6CF5-4E69-8AA4-165EF456C873,0D275575-C9EA-402C-BA46-DF3130D2D228,Pink,NA,NA,NA,NA,NA,Kept,1,Pink_NA_NA_Kept,2023-09-16,Nisqually River,2023,9,37,313,NA,NA,No,1,313,Complete,06:30:00,11:43:00
813E687E-BC6B-49C3-BE7B-8F52EDBF5B16,8079E627-6F06-4AB0-813D-155AD4CD7850,Pink,NA,NA,NA,NA,NA,Released,10,Pink_NA_NA_Released,2023-09-15,Nisqually River,2023,9,37,277,NA,NA,No,1,277,Complete,07:00:00,11:37:00
AC917CBB-D623-43F7-BBB4-08BC46374DF5,3A05A909-FF82-416A-AC4C-81126E8ED1B8,Pink,NA,NA,NA,NA,NA,Kept,1,Pink_NA_NA_Kept,2023-09-15,Nisqually River,2023,9,37,287,NA,NA,No,1,287,Complete,07:00:00,11:47:00
B305B41A-62FD-448A-8F8D-4FC8E9401213,1BF41E8E-BE48-4A7C-B3BA-D1B44C2AB0B9,Pink,NA,NA,NA,NA,NA,Released,5,Pink_NA_NA_Released,2023-09-15,Nisqually River,2023,9,37,395,NA,NA,No,1,395,Complete,05:30:00,12:05:00
07EBF346-E813-4354-8AB4-B43218489534,BF6F53F8-85E7-4A55-80B8-78402A7DA4FE,Pink,NA,NA,NA,NA,NA,Released,3,Pink_NA_NA_Released,2023-09-15,Nisqually River,2023,9,37,360,NA,NA,No,1,360,Complete,06:08:00,12:08:00
438E2C98-2553-43CC-8A2B-F95DF85DC4B9,34F6F7F6-7B96-4404-96DD-8FF0FA8D03A4,Pink,NA,NA,NA,NA,NA,Released,2,Pink_NA_NA_Released,2023-09-15,Nisqually River,2023,9,37,223,NA,NA,No,1,223,Complete,08:30:00,12:13:00
C00E6FCC-3CEF-4A7C-A65B-17955B1186AB,10B687DF-F657-422E-AD1E-0B84096C6BD5,Pink,NA,NA,NA,NA,NA,Kept,1,Pink_NA_NA_Kept,2023-09-15,Nisqually River,2023,9,37,380,NA,NA,No,2,760,Complete,06:31:00,12:51:00
C00E6FCC-3CEF-4A7C-A65B-17955B1186AB,D0646DA7-7212-48A6-97E0-D46192790429,Pink,NA,NA,NA,NA,NA,Released,3,Pink_NA_NA_Released,2023-09-15,Nisqually River,2023,9,37,380,NA,NA,No,2,760,Complete,06:31:00,12:51:00
4178F2EB-2F0A-4550-B529-9F645DA31D36,E90DA2CA-9CE1-4A9F-B432-FF7262313B21,Pink,NA,NA,NA,NA,NA,Released,8,Pink_NA_NA_Released,2023-09-15,Nisqually River,2023,9,37,480,NA,NA,No,1,480,Complete,06:19:00,14:19:00
48D234A2-16D6-408D-8756-7AC4D4A26E9D,A273A3EB-077B-4B07-9F13-3DB5E3D059AA,Pink,NA,NA,NA,NA,NA,Kept,1,Pink_NA_NA_Kept,2023-09-15,Nisqually River,2023,9,37,311,NA,NA,No,1,311,Complete,09:30:00,14:41:00
2A57F7C4-95EE-43B5-958B-6F8CCC8CB56A,78FE2DD9-EF71-4BBC-9DC9-5A1AEAB38958,Pink,NA,NA,NA,NA,NA,Released,1,Pink_NA_NA_Released,2023-09-15,Nisqually River,2023,9,37,355,NA,NA,No,1,355,Complete,09:00:00,14:55:00
7A8D2016-8514-4FEB-A45A-AA40ED258BF5,2DC2F4D4-9E29-4C1C-9D5F-6E5F71D07988,Pink,NA,NA,NA,NA,NA,Kept,3,Pink_NA_NA_Kept,2023-09-15,Nisqually River,2023,9,37,505,NA,Trailered Motorized Boat,Yes,2,1010,Complete,07:00:00,15:25:00
430B6ED0-E436-40FD-8FB5-F34444F91B29,B08819A5-3B6E-432A-AD2A-25CC4D8D4456,Pink,NA,NA,NA,NA,NA,Released,2,Pink_NA_NA_Released,2023-09-15,Nisqually River,2023,9,37,488,NA,Drift Boat/ Raft,Yes,3,1464,Complete,07:30:00,15:38:00
D3BD30E6-08D2-46B1-80B9-647212D48006,0DB4A6F0-186B-482A-A05F-5A353C8A9CF9,Pink,NA,NA,NA,NA,NA,Kept,1,Pink_NA_NA_Kept,2023-09-15,Nisqually River,2023,9,37,120,NA,NA,No,1,120,Complete,15:30:00,17:30:00
5EF486F8-476B-4650-932E-CBD63D80D62A,575E2518-2F58-420F-8D06-645C604F4B37,Pink,NA,NA,NA,NA,NA,Released,1,Pink_NA_NA_Released,2023-09-15,Nisqually River,2023,9,37,73,NA,NA,No,1,73,Complete,16:30:00,17:43:00
6DB304E3-A33C-4B17-B324-601CB3538DBB,18CCE767-4DF0-4409-85F4-B5B785A0BEF8,Pink,NA,NA,NA,NA,NA,Kept,1,Pink_NA_NA_Kept,2023-09-15,Nisqually River,2023,9,37,343,NA,NA,No,1,343,Complete,13:00:00,18:43:00
31C2A499-4B35-461A-B5E2-71B7DCC0E0CE,9250F733-7D51-405A-99F6-EA1A012A82D9,Pink,NA,NA,NA,NA,NA,Released,6,Pink_NA_NA_Released,2023-09-15,Nisqually River,2023,9,37,840,NA,NA,No,2,1680,Complete,05:03:00,19:03:00
1783038F-547C-4E10-8CEC-2FAA66E9D096,887C4DF5-218E-4D15-B0B6-1084EB93A68F,Pink,NA,NA,NA,NA,NA,Released,6,Pink_NA_NA_Released,2023-09-15,Nisqually River,2023,9,37,226,NA,NA,No,2,452,Complete,05:45:00,09:31:00
1783038F-547C-4E10-8CEC-2FAA66E9D096,6F38A3FA-7A5D-4C46-962E-45BCB5E5E8A8,Pink,NA,NA,NA,NA,NA,Kept,1,Pink_NA_NA_Kept,2023-09-15,Nisqually River,2023,9,37,226,NA,NA,No,2,452,Complete,05:45:00,09:31:00
670A67FF-0000-47E3-8D82-C5A2679AEAFF,7B658D95-E17B-45E7-804E-8024BB7E6784,Pink,NA,NA,NA,NA,NA,Released,15,Pink_NA_NA_Released,2023-09-15,Nisqually River,2023,9,37,252,NA,NA,No,1,252,Complete,05:45:00,09:57:00
EDF95291-F4A2-4A9C-8BD2-2EFB4F811125,31F339FE-F227-431D-BFBD-329F8377923B,Pink,NA,NA,NA,NA,NA,Kept,2,Pink_NA_NA_Kept,2023-09-15,Nisqually River,2023,9,37,253,NA,NA,No,1,253,Complete,06:00:00,10:13:00
24F023F1-0B4B-4934-94D5-CDAED411E0A5,9CC0E536-022C-4F56-8766-F0B99EECA720,Pink,NA,NA,NA,NA,NA,Released,7,Pink_NA_NA_Released,2023-09-15,Nisqually River,2023,9,37,225,NA,NA,No,1,225,Complete,06:30:00,10:15:00
478F31BD-2B2D-4451-81E5-7815D502835E,9B4E1921-D662-40C8-8023-384437BA71D5,Pink,NA,NA,NA,NA,NA,Released,50,Pink_NA_NA_Released,2023-09-15,Nisqually River,2023,9,37,317,NA,NA,No,4,1268,Complete,05:45:00,11:02:00
45A43A85-EB20-4502-BDB8-F26D081A7DCF,E40FD80D-B96E-4E92-AAF3-BA3F5609B5C0,Pink,NA,NA,NA,NA,NA,Kept,1,Pink_NA_NA_Kept,2023-09-15,Nisqually River,2023,9,37,223,NA,NA,No,1,223,Complete,09:00:00,12:43:00
45A43A85-EB20-4502-BDB8-F26D081A7DCF,CF3AE4AE-3D24-4BEF-908E-8E5ED5D964F6,Pink,NA,NA,NA,NA,NA,Released,4,Pink_NA_NA_Released,2023-09-15,Nisqually River,2023,9,37,223,NA,NA,No,1,223,Complete,09:00:00,12:43:00
43578EE9-D4B0-45DC-809D-1E017ACEE441,CB46890F-80D6-49B2-83B9-AD74F70969B7,Pink,NA,NA,NA,NA,NA,Released,4,Pink_NA_NA_Released,2023-09-15,Nisqually River,2023,9,37,429,NA,NA,No,1,429,Complete,05:45:00,12:54:00
43578EE9-D4B0-45DC-809D-1E017ACEE441,FB06C281-5A81-4478-9139-972F2E9776AA,Pink,NA,NA,NA,NA,NA,Kept,2,Pink_NA_NA_Kept,2023-09-15,Nisqually River,2023,9,37,429,NA,NA,No,1,429,Complete,05:45:00,12:54:00
83EA2C2C-7E95-4F2A-8102-05CA1E418A5A,8C674531-F1FA-4DC7-B985-4906ACA27C44,Pink,NA,NA,NA,NA,NA,Kept,1,Pink_NA_NA_Kept,2023-09-15,Nisqually River,2023,9,37,435,NA,NA,No,1,435,Complete,06:00:00,13:15:00
CFAC9EEA-8FEB-4EB2-B314-B00B66872CEA,ED173833-4196-4ED5-9899-5812ACDB3C98,Pink,NA,NA,NA,NA,NA,Released,2,Pink_NA_NA_Released,2023-09-15,Nisqually River,2023,9,37,258,NA,NA,No,2,516,Complete,10:00:00,14:18:00
6FAC51D5-67FA-45AD-9579-62511212D947,20BE6506-6DC8-4964-A68F-62BB50478C9C,Pink,NA,NA,NA,NA,NA,Released,6,Pink_NA_NA_Released,2023-09-14,Nisqually River,2023,9,37,342,NA,NA,No,1,342,Complete,06:15:00,11:57:00
DF0E4D5F-5402-415C-ACC9-B63181DF3D12,C1F308F0-151D-47A7-8363-7E6339BA8A32,Pink,NA,NA,NA,NA,NA,Released,3,Pink_NA_NA_Released,2023-09-14,Nisqually River,2023,9,37,330,NA,NA,No,1,330,Complete,07:00:00,12:30:00
36AACC54-E35F-458A-AA0F-E18EDF031259,2033FE5F-88DB-495B-B571-A1F707823A8C,Pink,NA,NA,NA,NA,NA,Kept,1,Pink_NA_NA_Kept,2023-09-14,Nisqually River,2023,9,37,323,NA,NA,No,1,323,Complete,10:30:00,15:53:00
ADEF5EBB-89F3-42DB-ABA6-1B1EB1E5E27F,99B88FB3-9B65-41CF-8FB9-BF66B57C7B5C,Pink,NA,NA,NA,NA,NA,Kept,3,Pink_NA_NA_Kept,2023-09-14,Nisqually River,2023,9,37,120,NA,NA,No,1,120,Complete,14:22:00,16:22:00
497AEAF8-2179-45CC-B4DF-7957EC2C58EE,0901B72F-852B-4029-96E1-F2041C6522E5,Pink,NA,NA,NA,NA,NA,Released,2,Pink_NA_NA_Released,2023-09-14,Nisqually River,2023,9,37,180,NA,NA,No,1,180,Complete,14:12:00,17:12:00
F26CF48F-2D2C-45E9-88DF-FA8D00AA0510,6C392317-4ED2-4065-9A5F-7EF39875CC8D,Pink,NA,NA,NA,NA,NA,Released,2,Pink_NA_NA_Released,2023-09-14,Nisqually River,2023,9,37,180,NA,NA,No,1,180,Complete,15:16:00,18:16:00
0960707F-E807-4C93-9DC1-11F7BBD23D40,25D35899-ABAC-493B-A80B-F9C2187A4DF1,Pink,NA,NA,NA,NA,NA,Released,6,Pink_NA_NA_Released,2023-09-14,Nisqually River,2023,9,37,288,NA,NA,No,2,576,Complete,06:30:00,11:18:00
846F4210-7541-48BD-B0DF-B6BE5B7118E0,35BD0ACB-BC4D-43F2-B329-86A873AB204A,Pink,NA,NA,NA,NA,NA,Released,6,Pink_NA_NA_Released,2023-09-14,Nisqually River,2023,9,37,189,NA,NA,No,1,189,Complete,08:30:00,11:39:00
ED2B0A65-55B5-4992-A6A6-3B6A8DEE8BDC,B215FA99-4E13-4616-A332-536D9C4CA88F,Pink,NA,NA,NA,NA,NA,Released,6,Pink_NA_NA_Released,2023-09-14,Nisqually River,2023,9,37,311,NA,NA,No,1,311,Complete,06:30:00,11:41:00
717982B7-B5D1-466D-B1E7-77B9C0E8A233,4B0B3DCB-BE2D-4E7A-837B-4AA2C35FD261,Pink,NA,NA,NA,NA,NA,Released,2,Pink_NA_NA_Released,2023-09-14,Nisqually River,2023,9,37,310,NA,NA,No,1,310,Complete,06:45:00,11:55:00
D22E4D16-8FEB-48A7-AA4F-4A594B465217,393408B8-0910-4A6F-91DC-573562CC39DD,Pink,NA,NA,NA,NA,NA,Released,7,Pink_NA_NA_Released,2023-09-14,Nisqually River,2023,9,37,387,NA,NA,No,1,387,Complete,05:50:00,12:17:00
FC481FB7-80E8-4360-A3BD-9AF4AC35DC63,8234A6F8-3BCC-4587-9751-BED3DBC7700D,Pink,NA,NA,NA,NA,NA,Released,12,Pink_NA_NA_Released,2023-09-14,Nisqually River,2023,9,37,393,NA,NA,No,1,393,Complete,05:45:00,12:18:00
5AF37DB8-B163-49B4-91CA-F349F3D97204,3F770DA6-8994-4A1D-8530-7722D34F2CD5,Pink,NA,NA,NA,NA,NA,Released,5,Pink_NA_NA_Released,2023-09-14,Nisqually River,2023,9,37,159,NA,NA,No,1,159,Complete,10:00:00,12:39:00
C8D39EEF-D2C3-4C0E-8809-68C2189D3737,8039B430-A79D-423E-A125-D60C6B2B73B1,Pink,NA,NA,NA,NA,NA,Released,3,Pink_NA_NA_Released,2023-09-14,Nisqually River,2023,9,37,227,NA,NA,No,1,227,Complete,09:00:00,12:47:00
6EF2C143-601C-4F47-A981-97134375F74E,DB5634E0-D4E5-45C5-A7EB-2D6199A09648,Pink,NA,NA,NA,NA,NA,Released,3,Pink_NA_NA_Released,2023-09-14,Nisqually River,2023,9,37,289,NA,NA,No,1,289,Complete,08:00:00,12:49:00
3A92CD0F-37A4-42FC-B756-56092EBFFA45,9507CEE1-C1C3-441B-862C-FB1D46AE8697,Pink,NA,NA,NA,NA,NA,Kept,1,Pink_NA_NA_Kept,2023-09-14,Nisqually River,2023,9,37,198,NA,NA,No,1,198,Complete,10:00:00,13:18:00
E227383E-95F2-43B2-A6B7-8BE2CFBF25BD,A42EC86A-196E-467B-A46D-60E7A63C944F,Pink,NA,NA,NA,NA,NA,Kept,1,Pink_NA_NA_Kept,2023-09-14,Nisqually River,2023,9,37,319,NA,NA,No,1,319,Complete,08:30:00,13:49:00
60260836-6E43-4B71-AA68-69AF438FE1A0,446BB805-F425-4C25-BD47-7AA1BFCD0282,Pink,NA,NA,NA,NA,NA,Kept,1,Pink_NA_NA_Kept,2023-09-14,Nisqually River,2023,9,37,121,NA,NA,No,1,121,Complete,12:05:00,14:06:00
BA46D596-B8E7-48B3-8487-B5B930520D95,F23A2E1F-F547-4726-8623-78C2E2C6478F,Pink,NA,NA,NA,NA,NA,Kept,3,Pink_NA_NA_Kept,2023-09-14,Nisqually River,2023,9,37,549,NA,NA,No,2,1098,Complete,05:48:00,14:57:00
2261B428-9177-4B42-BB71-58C18528D70B,8E9ABD68-57FB-48C8-91B1-D36D1FBE9793,Pink,NA,NA,NA,NA,NA,Kept,1,Pink_NA_NA_Kept,2023-09-14,Nisqually River,2023,9,37,79,NA,NA,No,1,79,Complete,18:00:00,19:19:00
EDF88C8F-042A-44B4-84E2-FE4DD21D173D,97C21D9C-736C-4696-A734-7E1854E21B44,Pink,NA,NA,NA,NA,NA,Released,2,Pink_NA_NA_Released,2023-09-14,Nisqually River,2023,9,37,44,NA,NA,No,1,44,Complete,06:45:00,07:29:00
2F3B0C7F-3E63-447E-9B1B-13D84A5CB0C5,DA1E1BCC-B8D2-4530-9F16-80850949C4F6,Pink,NA,NA,NA,NA,NA,Kept,2,Pink_NA_NA_Kept,2023-09-14,Nisqually River,2023,9,37,119,NA,NA,No,1,119,Complete,06:00:00,07:59:00
2F3B0C7F-3E63-447E-9B1B-13D84A5CB0C5,CA738C7F-F886-48EE-8DFB-0B9CA34C9BC0,Pink,NA,NA,NA,NA,NA,Released,2,Pink_NA_NA_Released,2023-09-14,Nisqually River,2023,9,37,119,NA,NA,No,1,119,Complete,06:00:00,07:59:00
89C227AB-227C-4FD3-B191-0EF101D6C7D8,01CE0847-0B7E-4C27-9AD5-A7D2DF0E239B,Pink,NA,NA,NA,NA,NA,Released,3,Pink_NA_NA_Released,2023-09-14,Nisqually River,2023,9,37,135,NA,NA,No,1,135,Complete,05:45:00,08:00:00
808D0D3B-1B00-484C-A1FB-48ABBC24C33A,FED92AE4-5A55-41EF-A97F-A8763AA84C24,Pink,NA,NA,NA,NA,NA,Released,4,Pink_NA_NA_Released,2023-09-14,Nisqually River,2023,9,37,145,NA,NA,No,1,145,Complete,05:45:00,08:10:00
2B6CACE8-6C1A-44C2-95FB-B5F5324C710D,1BD13884-9D64-46D8-AF01-C4E5EDC6C555,Pink,NA,NA,NA,NA,NA,Kept,1,Pink_NA_NA_Kept,2023-09-14,Nisqually River,2023,9,37,275,NA,NA,No,1,275,Complete,07:30:00,12:05:00
2B6CACE8-6C1A-44C2-95FB-B5F5324C710D,0E7BBC08-C92E-426D-BEDF-C91C5DD9900C,Pink,NA,NA,NA,NA,NA,Released,4,Pink_NA_NA_Released,2023-09-14,Nisqually River,2023,9,37,275,NA,NA,No,1,275,Complete,07:30:00,12:05:00
B6D0FDEF-4865-442E-920E-D0F11805D1D2,EFC6B4A3-736D-432F-BBAE-C5E6D413897F,Pink,NA,NA,NA,NA,NA,Released,3,Pink_NA_NA_Released,2023-09-14,Nisqually River,2023,9,37,385,NA,NA,No,1,385,Complete,08:00:00,14:25:00
3FA20E8F-B864-4B17-A88A-C1AE6E958538,42264688-0D39-40F5-A408-49E7A5D9B7D1,Pink,NA,NA,NA,NA,NA,Released,4,Pink_NA_NA_Released,2023-09-12,Nisqually River,2023,9,37,404,NA,NA,No,1,404,Complete,06:00:00,12:44:00
3FA20E8F-B864-4B17-A88A-C1AE6E958538,90C9063B-7337-4998-B21F-8FF2EA6900D0,Pink,NA,NA,NA,NA,NA,Kept,1,Pink_NA_NA_Kept,2023-09-12,Nisqually River,2023,9,37,404,NA,NA,No,1,404,Complete,06:00:00,12:44:00
D68413BD-667E-49D4-98D9-0001D391B206,DAA4C68E-8976-44E7-AEC6-604F99B8BBA3,Pink,NA,NA,NA,NA,NA,Released,2,Pink_NA_NA_Released,2023-09-12,Nisqually River,2023,9,37,417,NA,NA,No,1,417,Complete,06:00:00,12:57:00
93FC8293-0EE7-4AE6-BF2C-309CDB4F5618,5BFF25E5-8CDE-4FB1-AD50-A694EDC37EC7,Pink,NA,NA,NA,NA,NA,Released,2,Pink_NA_NA_Released,2023-09-12,Nisqually River,2023,9,37,427,NA,NA,No,1,427,Complete,06:00:00,13:07:00
C388EF8B-BF62-4CF5-9A86-A9B8F4E23F16,716DABF1-5A90-4F43-A784-D46D3242C1B2,Pink,NA,NA,NA,NA,NA,Released,3,Pink_NA_NA_Released,2023-09-12,Nisqually River,2023,9,37,428,NA,NA,No,1,428,Complete,06:00:00,13:08:00
18950D6C-DE86-41BB-8BCE-ABA8DEC96328,F5D22A3A-8F21-4F2C-A7BE-502576243D16,Pink,NA,NA,NA,NA,NA,Released,1,Pink_NA_NA_Released,2023-09-12,Nisqually River,2023,9,37,376,NA,NA,No,1,376,Complete,09:00:00,15:16:00
50129596-9239-40EF-9130-96C064D920F1,56D8CF12-A9DB-4F90-B601-6A80608C3B1B,Pink,NA,NA,NA,NA,NA,Released,1,Pink_NA_NA_Released,2023-09-12,Nisqually River,2023,9,37,437,NA,NA,No,1,437,Complete,08:00:00,15:17:00
162035E9-A7FD-4D9D-A2CE-4F8BEF7538F3,DF39E97D-E827-4B12-8A23-E410504B1FD6,Pink,NA,NA,NA,NA,NA,Released,1,Pink_NA_NA_Released,2023-09-12,Nisqually River,2023,9,37,31,NA,NA,No,1,31,Complete,17:45:00,18:16:00
3522305D-9DC7-4A1B-B3AA-22963AFB802F,4EBC2A18-50BB-4C8A-8944-84FEF1275AEE,Pink,NA,NA,NA,NA,NA,Released,3,Pink_NA_NA_Released,2023-09-12,Nisqually River,2023,9,37,300,NA,NA,No,1,300,Complete,14:05:00,19:05:00
AE2F663F-9530-411F-B290-4ED09DD193AE,E67791B1-1806-4425-8864-F52017BAC8F3,Pink,NA,NA,NA,NA,NA,Released,5,Pink_NA_NA_Released,2023-09-12,Nisqually River,2023,9,37,255,NA,NA,No,2,510,Complete,15:00:00,19:15:00
8C50CD87-AF55-4559-B366-D996A07F914E,7F05BF05-C3C0-4BE2-9752-72C5FF6F4EA1,Pink,NA,NA,NA,NA,NA,Kept,1,Pink_NA_NA_Kept,2023-09-12,Nisqually River,2023,9,37,180,NA,NA,No,1,180,Complete,16:21:00,19:21:00
5E85C798-2832-456D-A58A-C3860F5792B1,89D04C06-6D3D-4913-B6D0-7147209F8EFF,Pink,NA,NA,NA,NA,NA,Released,2,Pink_NA_NA_Released,2023-09-12,Nisqually River,2023,9,37,87,NA,NA,No,1,87,Complete,05:40:00,07:07:00
574F4629-4162-468F-9693-F3F27AFC8975,3CF011E9-3CF9-4022-BD6F-748D8DF5D633,Pink,NA,NA,NA,NA,NA,Released,1,Pink_NA_NA_Released,2023-09-12,Nisqually River,2023,9,37,85,NA,NA,No,1,85,Complete,05:45:00,07:10:00
2FAAE540-9421-4CFE-A210-F372D195F239,5C91EC40-6BAF-4A14-B08F-F5EE00280209,Pink,NA,NA,NA,NA,NA,Released,15,Pink_NA_NA_Released,2023-09-12,Nisqually River,2023,9,37,248,NA,NA,No,2,496,Complete,05:45:00,09:53:00
8048F9E9-537A-4E8B-9560-CE4F4A703E66,56743E1B-4C52-4294-9C8B-2392D3983F67,Pink,NA,NA,NA,NA,NA,Kept,3,Pink_NA_NA_Kept,2023-09-12,Nisqually River,2023,9,37,250,NA,NA,No,2,500,Complete,06:00:00,10:10:00
74269FB1-5158-4E60-83BF-69AA8504C7FD,969386B4-6750-4749-9059-B8E34BB3C19A,Pink,NA,NA,NA,NA,NA,Released,12,Pink_NA_NA_Released,2023-09-12,Nisqually River,2023,9,37,366,NA,NA,No,1,366,Complete,06:00:00,12:06:00
32162E62-4358-48EB-8591-65AB2EC4350B,22BE0CB0-097A-45A1-BFEF-F474F5543080,Pink,NA,NA,NA,NA,NA,Released,1,Pink_NA_NA_Released,2023-09-12,Nisqually River,2023,9,37,406,NA,NA,No,1,406,Complete,06:00:00,12:46:00
B282FD47-3224-4F3D-8FCD-6C1844E891D9,76B518C4-9D3A-459F-993D-48E1C6E5ECF4,Pink,NA,NA,NA,NA,NA,Released,3,Pink_NA_NA_Released,2023-09-12,Nisqually River,2023,9,37,377,NA,NA,No,1,377,Complete,06:30:00,12:47:00
A27CB4A4-F746-4DEB-9484-B02B82CB1BDC,2D79D1D7-0DB7-4843-A193-31F9D4C0580C,Pink,NA,NA,NA,NA,NA,Released,1,Pink_NA_NA_Released,2023-09-12,Nisqually River,2023,9,37,201,NA,NA,No,2,402,Complete,09:30:00,12:51:00
BD433F23-6503-48E7-9E77-14E95F22B9BA,C84416E4-DE8E-4181-9095-0A5876249653,Pink,NA,NA,NA,NA,NA,Released,4,Pink_NA_NA_Released,2023-09-12,Nisqually River,2023,9,37,313,NA,NA,No,2,626,Complete,08:00:00,13:13:00
09109E12-E119-4F56-AED7-D5B3B864BCCE,1D98076E-6F5B-4C46-A88A-66B0E32DEB72,Pink,NA,NA,NA,NA,NA,Released,6,Pink_NA_NA_Released,2023-09-12,Nisqually River,2023,9,37,201,NA,NA,No,1,201,Complete,10:00:00,13:21:00
5845A520-15DE-409F-AC33-9B418031EB57,E9F7151C-91BF-4402-856D-008AC97DBA95,Pink,NA,NA,NA,NA,NA,Released,5,Pink_NA_NA_Released,2023-09-12,Nisqually River,2023,9,37,204,NA,NA,No,1,204,Complete,10:00:00,13:24:00
C0051B2A-5C07-459B-9CC8-95FEBD0D0E29,F2A23010-2EE2-43DB-B5D9-8C93B3DAC3E6,Pink,NA,NA,NA,NA,NA,Released,1,Pink_NA_NA_Released,2023-09-12,Nisqually River,2023,9,37,261,NA,NA,No,1,261,Complete,11:00:00,15:21:00
71B574AB-A0F4-43C8-84F6-6054F6C46FFD,3F50686E-F4A6-4299-8EBB-92C908257F98,Pink,NA,NA,NA,NA,NA,Kept,1,Pink_NA_NA_Kept,2023-09-09,Nisqually River,2023,9,36,360,NA,NA,No,1,360,Complete,06:00:00,12:00:00
7D6DE700-C95E-4370-9D7D-B1B525BE7036,45971645-C2DA-4E42-BA23-224344C91390,Pink,NA,NA,NA,NA,NA,Released,2,Pink_NA_NA_Released,2023-09-09,Nisqually River,2023,9,36,396,NA,Trailered Motorized Boat,Yes,4,1584,Complete,06:00:00,12:36:00
E7D21C36-2315-422B-94AA-E220D99CDD31,6E8A7638-AEAB-48DD-9157-A65F8E7EA2EF,Pink,NA,NA,NA,NA,NA,Released,5,Pink_NA_NA_Released,2023-09-09,Nisqually River,2023,9,36,351,NA,NA,No,1,351,Complete,07:00:00,12:51:00
642D8C66-440D-4748-9ED7-B758547F99FD,B516028C-265B-436C-8182-89F3A158582E,Pink,NA,NA,NA,NA,NA,Released,15,Pink_NA_NA_Released,2023-09-09,Nisqually River,2023,9,36,292,NA,NA,No,1,292,Complete,08:00:00,12:52:00
4B7BB4E9-4325-4A33-A31D-7C87A068703B,5976A48A-4FE4-4176-8FAC-35783E0BE6D8,Pink,NA,NA,NA,NA,NA,Kept,2,Pink_NA_NA_Kept,2023-09-09,Nisqually River,2023,9,36,302,NA,NA,No,2,604,Complete,08:30:00,13:32:00
BF636A9A-9F96-4F3B-A162-D91AC627F1A0,7959721A-F8CC-4BE2-A8F8-D27246E4375F,Pink,NA,NA,NA,NA,NA,Released,4,Pink_NA_NA_Released,2023-09-09,Nisqually River,2023,9,36,474,NA,NA,No,1,474,Complete,05:40:00,13:34:00
A0571BAA-737F-49E2-A24B-53D7473D99B9,BED43097-4C8E-4947-A69A-22B48CCEEF94,Pink,NA,NA,NA,NA,NA,Released,2,Pink_NA_NA_Released,2023-09-09,Nisqually River,2023,9,36,120,NA,NA,No,1,120,Complete,12:14:00,14:14:00
116B25AA-C03E-4430-8F47-D6E91972D076,87299351-A45D-4E19-A523-42221463AF40,Pink,NA,NA,NA,NA,NA,Kept,1,Pink_NA_NA_Kept,2023-09-09,Nisqually River,2023,9,36,440,NA,NA,No,1,440,Complete,07:00:00,14:20:00
5D20692F-320F-48A5-9E97-29BE928E2E2F,9BBF2C86-8C9A-4427-8270-947566A4556E,Pink,NA,NA,NA,NA,NA,Released,1,Pink_NA_NA_Released,2023-09-09,Nisqually River,2023,9,36,180,NA,NA,No,1,180,Complete,15:29:00,18:29:00
132EBCF1-6135-4996-A1A0-5B3369B3BE2E,EA2CBEA2-8153-4454-B330-5FA984A67C1B,Pink,NA,NA,NA,NA,NA,Kept,1,Pink_NA_NA_Kept,2023-09-09,Nisqually River,2023,9,36,527,NA,Drift Boat/ Raft,Yes,4,2108,Complete,11:00:00,19:47:00
433B9A06-7531-43EE-8306-8E0DBE7E1071,730626F2-59D1-44C4-8F1F-EEE8E826CD90,Pink,NA,NA,NA,NA,NA,Kept,2,Pink_NA_NA_Kept,2023-09-09,Nisqually River,2023,9,36,307,NA,NA,No,2,614,Complete,07:00:00,12:07:00
CBADEB9D-38BF-48DE-B3A2-E44D5A091330,A171B4FB-69C3-4EA0-ACDB-5EEB3F0294D0,Pink,NA,NA,NA,NA,NA,Kept,1,Pink_NA_NA_Kept,2023-09-08,Nisqually River,2023,9,36,120,NA,NA,No,1,120,Complete,09:49:00,11:49:00
C0AAE598-7CCB-4099-BB7C-A51171464B08,60775970-9CD3-4BDD-85EE-85D248E6A4D1,Pink,NA,NA,NA,NA,NA,Released,2,Pink_NA_NA_Released,2023-09-08,Nisqually River,2023,9,36,120,NA,NA,No,1,120,Complete,11:56:00,13:56:00
7AB91098-256E-41E6-B1E4-5B2ED13C27FE,F8742371-3747-48CF-8838-103C91031F1A,Pink,NA,NA,NA,NA,NA,Released,3,Pink_NA_NA_Released,2023-09-08,Nisqually River,2023,9,36,180,NA,NA,No,2,360,Complete,11:09:00,14:09:00
5E4D3CFF-485C-46D2-B3E5-CA78F10FF570,A9B6882D-E183-4926-801D-B5551920640B,Pink,NA,NA,NA,NA,NA,Released,5,Pink_NA_NA_Released,2023-09-08,Nisqually River,2023,9,36,607,NA,Drift Boat/ Raft,Yes,2,1214,Complete,06:00:00,16:07:00
88C78BCA-3FB8-42DB-8813-63038857AC53,5005DCCE-2AA1-4464-89F9-40BA53DDA94F,Pink,NA,NA,NA,NA,NA,Released,1,Pink_NA_NA_Released,2023-09-08,Nisqually River,2023,9,36,217,NA,NA,No,1,217,Complete,15:00:00,18:37:00
5CA82984-629F-485A-9A41-316CD3478A51,1198AEA2-DE10-4F21-BE8A-17E5EA914D39,Pink,NA,NA,NA,NA,NA,Released,2,Pink_NA_NA_Released,2023-09-08,Nisqually River,2023,9,36,194,NA,NA,No,1,194,Complete,16:30:00,19:44:00
4692560C-A6B4-4C2A-ACD9-F410A2B614E4,A298D68D-73A7-4ED7-8DB5-7C978814189F,Pink,NA,NA,NA,NA,NA,Kept,1,Pink_NA_NA_Kept,2023-09-08,Nisqually River,2023,9,36,204,NA,NA,No,2,408,Complete,16:30:00,19:54:00
2CAD54DB-EAE4-4FF3-A730-9CD23471321D,F2DC982B-DE30-4761-829C-72F24E861776,Pink,NA,NA,NA,NA,NA,Kept,1,Pink_NA_NA_Kept,2023-09-08,Nisqually River,2023,9,36,132,NA,NA,No,2,264,Complete,18:00:00,20:12:00
4336FC98-0657-4B07-944C-33A15DAC81DD,37055189-B72A-4AE2-835A-576A584ACEBC,Pink,NA,NA,NA,NA,NA,Kept,1,Pink_NA_NA_Kept,2023-09-08,Nisqually River,2023,9,36,153,NA,NA,No,1,153,Complete,06:00:00,08:33:00
4336FC98-0657-4B07-944C-33A15DAC81DD,C989B1C7-FF95-4C8A-9A41-4BC292AC3044,Pink,NA,NA,NA,NA,NA,Released,1,Pink_NA_NA_Released,2023-09-08,Nisqually River,2023,9,36,153,NA,NA,No,1,153,Complete,06:00:00,08:33:00
90D40D03-96AB-494A-A7FB-AB6F2858139B,C04438B3-D349-41BD-9724-CAE5B8DAFFB7,Pink,NA,NA,NA,NA,NA,Kept,3,Pink_NA_NA_Kept,2023-09-08,Nisqually River,2023,9,36,233,NA,NA,No,2,466,Complete,06:00:00,09:53:00
B79F38EF-B4E6-42CE-977B-67936D3586A1,297F955E-EE51-4AAF-9C9B-EC2B998D4517,Pink,NA,Adult,NA,NA,NA,Kept,2,Pink_Adult_NA_Kept,2023-09-08,Nisqually River,2023,9,36,249,NA,NA,No,1,249,Complete,06:00:00,10:09:00
B79F38EF-B4E6-42CE-977B-67936D3586A1,45842D5D-E01A-40A5-B03A-2C73AB8C2607,Pink,NA,NA,NA,NA,NA,Released,1,Pink_NA_NA_Released,2023-09-08,Nisqually River,2023,9,36,249,NA,NA,No,1,249,Complete,06:00:00,10:09:00
97130BAE-0BD9-4F51-9C79-D8EA50771453,9485193C-3338-44B9-A73D-043C42CB39EF,Pink,NA,NA,NA,NA,NA,Kept,3,Pink_NA_NA_Kept,2023-09-08,Nisqually River,2023,9,36,96,NA,NA,No,1,96,Complete,09:00:00,10:36:00
97130BAE-0BD9-4F51-9C79-D8EA50771453,0D78979A-FB42-43F8-9B04-6D2BF003667C,Pink,NA,NA,NA,NA,NA,Released,11,Pink_NA_NA_Released,2023-09-08,Nisqually River,2023,9,36,96,NA,NA,No,1,96,Complete,09:00:00,10:36:00
A42256BC-8050-47A9-98B8-DAA613510F06,1157EC82-62D1-4CC5-940E-10577E2A597C,Pink,NA,NA,NA,NA,NA,Released,6,Pink_NA_NA_Released,2023-09-08,Nisqually River,2023,9,36,390,NA,NA,No,1,390,Complete,06:30:00,13:00:00
5703A3C5-CCD8-4AE0-8AE7-C80575D6EA95,A66D615E-2924-4DA6-B23B-6311387F7AAD,Pink,NA,NA,NA,NA,NA,Released,2,Pink_NA_NA_Released,2023-09-08,Nisqually River,2023,9,36,147,NA,NA,No,1,147,Complete,08:00:00,10:27:00
9D9CD469-73B1-4098-9102-F120A4BACD62,58353E10-34F8-457C-8FAB-26213CF8067F,Pink,NA,NA,NA,NA,NA,Kept,1,Pink_NA_NA_Kept,2023-09-08,Nisqually River,2023,9,36,216,NA,NA,No,1,216,Complete,08:00:00,11:36:00
A51931FB-929B-4ECA-A3B1-54F05CB157B5,549F2312-61FB-42AA-BEEE-D975C4F058F6,Pink,NA,NA,NA,NA,NA,Released,5,Pink_NA_NA_Released,2023-09-08,Nisqually River,2023,9,36,403,NA,NA,No,1,403,Complete,07:00:00,13:43:00
22161B81-50DF-4808-826C-BD9516C2DBA7,66CD04BA-4763-4C51-8F93-7D7AF036FE5E,Pink,NA,NA,NA,NA,NA,Released,1,Pink_NA_NA_Released,2023-09-08,Nisqually River,2023,9,36,486,NA,NA,No,1,486,Complete,05:45:00,13:51:00
62B05F0B-8517-40DB-96BF-5BF5995DCA7F,41911E0A-6E8B-4C63-9132-56E14E3AC936,Pink,NA,NA,NA,NA,NA,Released,1,Pink_NA_NA_Released,2023-09-07,Nisqually River,2023,9,36,286,NA,NA,No,2,572,Complete,07:00:00,11:46:00
8D275054-8131-4CAB-B03D-BD6740995ACA,4B32D05F-DAA6-47D3-A0B8-03D13D67D45D,Pink,NA,NA,NA,NA,NA,Released,12,Pink_NA_NA_Released,2023-09-07,Nisqually River,2023,9,36,211,NA,NA,No,1,211,Complete,08:30:00,12:01:00
99006174-3154-4431-92EF-BA0F57F0500E,BBDC1305-2837-4E62-80F5-DDCDFB6368C4,Pink,NA,NA,NA,NA,NA,Released,1,Pink_NA_NA_Released,2023-09-07,Nisqually River,2023,9,36,496,NA,Drift Boat/ Raft,Yes,2,992,Complete,06:30:00,14:46:00
FA045D8D-A428-4E82-B897-1D6A3AA4CF2C,D2B5A392-F06E-4C09-A97E-988E09012B6E,Pink,NA,NA,NA,NA,NA,Released,8,Pink_NA_NA_Released,2023-09-07,Nisqually River,2023,9,36,361,NA,NA,No,1,361,Complete,10:00:00,16:01:00
59BBB6D6-E5E3-40CE-913F-29001A3D6392,4222CD6A-B2AA-4411-8319-C999CC1606CA,Pink,NA,NA,NA,NA,NA,Kept,1,Pink_NA_NA_Kept,2023-09-07,Nisqually River,2023,9,36,210,NA,NA,No,1,210,Complete,16:00:00,19:30:00
1A8FEBE7-898C-4CDC-855D-F16763073964,59E91374-5F2A-4F2D-9EF5-717963D72B8D,Pink,NA,NA,NA,NA,NA,Released,1,Pink_NA_NA_Released,2023-09-07,Nisqually River,2023,9,36,301,NA,NA,No,1,301,Complete,14:52:00,19:53:00
7780C4BA-132C-44F1-BE2F-2530D74F8406,9D5BEAA7-5C7B-46F5-ABE8-34D1E9F0BC08,Pink,NA,NA,NA,NA,NA,Kept,1,Pink_NA_NA_Kept,2023-09-07,Nisqually River,2023,9,36,216,NA,NA,No,2,432,Complete,16:30:00,20:06:00
8B909954-7476-46B3-97B7-972912EE2383,203F7555-E377-462E-BD6F-3EBA95407F82,Pink,NA,NA,NA,NA,NA,Kept,2,Pink_NA_NA_Kept,2023-09-07,Nisqually River,2023,9,36,139,NA,NA,No,1,139,Complete,18:00:00,20:19:00
4B2BAD79-908A-4BBE-8E09-40537C371804,9946F8F5-D76A-4265-9327-3875B4AEE2D5,Pink,NA,NA,NA,NA,NA,Released,5,Pink_NA_NA_Released,2023-09-07,Nisqually River,2023,9,36,218,NA,NA,No,1,218,Complete,08:00:00,11:38:00
DFE772DB-2764-4C8D-B322-4AD9AF14E05D,23F5F5E1-D580-486C-BE8C-2ADF32C404E3,Pink,NA,NA,NA,NA,NA,Kept,1,Pink_NA_NA_Kept,2023-09-07,Nisqually River,2023,9,36,251,NA,NA,No,1,251,Complete,07:30:00,11:41:00
DFE772DB-2764-4C8D-B322-4AD9AF14E05D,103AABEC-334E-44E8-9A2A-077427121DD0,Pink,NA,NA,NA,NA,NA,Released,2,Pink_NA_NA_Released,2023-09-07,Nisqually River,2023,9,36,251,NA,NA,No,1,251,Complete,07:30:00,11:41:00
A4C26EEC-3EB1-4BBD-9FB6-55C9992B0D74,111B67AE-1B6B-4AD8-94FF-18F28015D6FD,Pink,NA,NA,NA,NA,NA,Released,3,Pink_NA_NA_Released,2023-09-07,Nisqually River,2023,9,36,336,NA,NA,No,1,336,Complete,07:00:00,12:36:00
05C2FA6A-54C8-4E8B-A5F9-73A6D9FB0660,BC7EDB5C-E0D0-4FA8-A361-210C5CF4D224,Pink,NA,NA,NA,NA,NA,Kept,1,Pink_NA_NA_Kept,2023-09-07,Nisqually River,2023,9,36,458,NA,NA,No,2,916,Complete,06:30:00,14:08:00
05C2FA6A-54C8-4E8B-A5F9-73A6D9FB0660,5444454D-323A-48AA-9B96-E42CA9740FB4,Pink,NA,NA,NA,NA,NA,Released,6,Pink_NA_NA_Released,2023-09-07,Nisqually River,2023,9,36,458,NA,NA,No,2,916,Complete,06:30:00,14:08:00
854A6110-660E-490E-A9D9-F27538D7C53E,6D390E7E-2B16-42A3-BA91-2BD806C84253,Pink,NA,NA,NA,NA,NA,Released,4,Pink_NA_NA_Released,2023-09-07,Nisqually River,2023,9,36,59,NA,NA,No,1,59,Complete,06:00:00,06:59:00
854A6110-660E-490E-A9D9-F27538D7C53E,EDFEB408-BABE-4542-90B0-1E30F835F311,Pink,NA,NA,NA,NA,NA,Kept,3,Pink_NA_NA_Kept,2023-09-07,Nisqually River,2023,9,36,59,NA,NA,No,1,59,Complete,06:00:00,06:59:00
3DCF2418-BFF3-4A2A-BCF4-12325273AB7F,72B9B670-72E7-4B3A-92BE-22A5A10D1EC9,Pink,NA,NA,NA,NA,NA,Kept,2,Pink_NA_NA_Kept,2023-09-07,Nisqually River,2023,9,36,97,NA,NA,No,1,97,Complete,05:45:00,07:22:00
D087FD9A-2743-487D-A85D-B6A8C076FF06,3957E4DA-1B4E-4143-BD3C-D094D0FC4035,Pink,NA,NA,NA,NA,NA,Released,6,Pink_NA_NA_Released,2023-09-07,Nisqually River,2023,9,36,131,NA,NA,No,1,131,Complete,05:45:00,07:56:00
D087FD9A-2743-487D-A85D-B6A8C076FF06,58A48794-666E-4DF0-B9D8-7DB111F31BAA,Pink,NA,NA,NA,NA,NA,Kept,1,Pink_NA_NA_Kept,2023-09-07,Nisqually River,2023,9,36,131,NA,NA,No,1,131,Complete,05:45:00,07:56:00
B6EA1A78-9E33-45AB-B4D4-E522285F82B4,4B3C490B-1816-4080-95AC-89301631F179,Pink,NA,NA,NA,NA,NA,Released,9,Pink_NA_NA_Released,2023-09-07,Nisqually River,2023,9,36,111,NA,NA,No,2,222,Complete,06:15:00,08:06:00
897FC55E-AF18-414A-91E9-D87C82000E46,8073CAD9-7A1E-4639-B827-C47584B7A606,Pink,NA,NA,NA,NA,NA,Released,5,Pink_NA_NA_Released,2023-09-07,Nisqually River,2023,9,36,143,NA,NA,No,1,143,Complete,05:45:00,08:08:00
0418E3CC-3FDD-45AE-B861-BFEC98D7959C,0C4028C0-8C90-4E02-B14A-921005B1A39C,Pink,NA,NA,NA,NA,NA,Released,4,Pink_NA_NA_Released,2023-09-07,Nisqually River,2023,9,36,174,NA,NA,No,1,174,Complete,05:41:00,08:35:00
ACC7F200-83B9-45A2-B2B4-8F5B77275AF0,192D3B52-7FDF-47F7-93FB-402D379480C7,Pink,NA,NA,NA,NA,NA,Released,10,Pink_NA_NA_Released,2023-09-07,Nisqually River,2023,9,36,190,NA,NA,No,1,190,Complete,05:30:00,08:40:00
0368C4E3-B54D-4C4C-9F38-D415F0587F4E,FD43FA95-85D2-4702-B69A-708B36F3ABAC,Pink,NA,NA,NA,NA,NA,Released,2,Pink_NA_NA_Released,2023-09-07,Nisqually River,2023,9,36,163,NA,NA,No,1,163,Complete,06:00:00,08:43:00
409AE855-125F-485E-9C67-3069404A1FE4,21CA0059-52F5-44AF-991D-D3CA4AAF4CFB,Pink,NA,NA,NA,NA,NA,Released,1,Pink_NA_NA_Released,2023-09-07,Nisqually River,2023,9,36,77,NA,NA,No,1,77,Complete,07:30:00,08:47:00
9FA0F57D-A6C4-47AC-B5EB-38713793F20F,CFDF8735-B53D-43A5-A40B-49B48AE1CDAE,Pink,NA,NA,NA,NA,NA,Released,5,Pink_NA_NA_Released,2023-09-07,Nisqually River,2023,9,36,200,NA,NA,No,1,200,Complete,05:45:00,09:05:00
9FA0F57D-A6C4-47AC-B5EB-38713793F20F,6A63753A-A454-45B8-803D-E3761EF8748A,Pink,NA,NA,NA,NA,NA,Kept,1,Pink_NA_NA_Kept,2023-09-07,Nisqually River,2023,9,36,200,NA,NA,No,1,200,Complete,05:45:00,09:05:00
BF455730-7F52-4EF7-8713-D475EE0363A0,5617AEA9-3BAF-49EC-A2BB-33CD77F20789,Pink,NA,NA,NA,NA,NA,Kept,3,Pink_NA_NA_Kept,2023-09-07,Nisqually River,2023,9,36,210,NA,NA,No,2,420,Complete,05:45:00,09:15:00
3A1C7BD8-B8C2-4116-AD37-5E4900485048,D99877FF-03E8-4171-A05F-DE5D59B3D7C6,Pink,NA,NA,NA,NA,NA,Released,1,Pink_NA_NA_Released,2023-09-07,Nisqually River,2023,9,36,215,NA,NA,No,1,215,Complete,05:45:00,09:20:00
B9C30A6D-190B-48C0-BCF8-A02ACB2136F0,F7081092-6AC9-493C-AFE8-594C196226C8,Pink,NA,NA,NA,NA,NA,Released,5,Pink_NA_NA_Released,2023-09-07,Nisqually River,2023,9,36,223,NA,NA,No,1,223,Complete,05:45:00,09:28:00
4E44ED2D-13C9-4176-AE9D-30255F6F8B3A,B2EBA215-F13E-44B1-B0D3-E1F0862D485D,Pink,NA,NA,NA,NA,NA,Released,4,Pink_NA_NA_Released,2023-09-07,Nisqually River,2023,9,36,219,NA,NA,No,1,219,Complete,06:00:00,09:39:00
59A80280-A35E-4755-904A-1E130D0091F1,098C9295-37A5-4305-A332-6A9E1862C83E,Pink,NA,NA,NA,NA,NA,Released,2,Pink_NA_NA_Released,2023-09-07,Nisqually River,2023,9,36,229,NA,NA,No,1,229,Complete,06:00:00,09:49:00
87B87BC6-3283-4B2C-A3C6-5E8A827FD53E,1BD4BA48-60E6-4CA1-BB02-200F5C80BE9B,Pink,NA,NA,NA,NA,NA,Released,4,Pink_NA_NA_Released,2023-09-07,Nisqually River,2023,9,36,245,NA,NA,No,1,245,Complete,05:45:00,09:50:00
8EF07011-C65C-4784-8048-6B26D0317BDE,E916AD0C-3660-41E5-92ED-DD75AAD27795,Pink,NA,Adult,NA,NA,NA,Kept,4,Pink_Adult_NA_Kept,2023-09-07,Nisqually River,2023,9,36,247,NA,NA,No,2,494,Complete,05:45:00,09:52:00
CDF5D2BD-6134-42DA-B483-43A9D6817D5B,6C05A9CA-514E-4440-A11D-4D8067C0E3E4,Pink,NA,NA,NA,NA,NA,Released,7,Pink_NA_NA_Released,2023-09-07,Nisqually River,2023,9,36,267,NA,NA,No,2,534,Complete,05:45:00,10:12:00
33481476-9A4F-47B7-8726-68D82768920C,106E63B0-F029-45C0-800C-EC4E7F9C7138,Pink,NA,NA,NA,NA,NA,Released,2,Pink_NA_NA_Released,2023-09-07,Nisqually River,2023,9,36,121,NA,NA,No,1,121,Complete,08:15:00,10:16:00
535F703B-4148-47F0-8ED8-F7393171B922,55E6EC1B-C0CF-4B75-8F7B-E9E411BFCA45,Pink,NA,NA,NA,NA,NA,Released,4,Pink_NA_NA_Released,2023-09-07,Nisqually River,2023,9,36,238,NA,NA,No,1,238,Complete,06:30:00,10:28:00
0D8B4247-1343-4E4E-BA30-066233A15901,09DCF31A-9547-4801-88F0-66FDB5BD0390,Pink,NA,NA,NA,NA,NA,Kept,1,Pink_NA_NA_Kept,2023-09-07,Nisqually River,2023,9,36,218,NA,NA,No,1,218,Complete,07:00:00,10:38:00
C27F3A3F-918D-412B-92EB-B4926696FB4B,8104F885-308C-4EE1-AF6F-1A7E452D87C9,Pink,NA,NA,NA,NA,NA,Released,1,Pink_NA_NA_Released,2023-09-07,Nisqually River,2023,9,36,220,NA,NA,No,1,220,Complete,05:45:00,09:25:00
6F49606A-81CE-41F1-AD73-BE135E12B44B,684B37AB-9DFC-495A-806B-E2669499BDD1,Pink,NA,NA,NA,NA,NA,Released,2,Pink_NA_NA_Released,2023-09-07,Nisqually River,2023,9,36,225,NA,NA,No,1,225,Complete,07:00:00,10:45:00
8800C626-C59C-4513-AE53-D2F549E739F4,6FBA0319-195E-4A1F-87C9-45D47DA0CFB2,Pink,NA,NA,NA,NA,NA,Kept,2,Pink_NA_NA_Kept,2023-09-07,Nisqually River,2023,9,36,185,NA,NA,No,1,185,Complete,07:45:00,10:50:00
29A8E776-6A12-48E4-AC8A-DEE5694EAFFC,82A35010-D1E2-4EDD-852B-691773EC4DDB,Pink,NA,NA,NA,NA,NA,Released,1,Pink_NA_NA_Released,2023-09-07,Nisqually River,2023,9,36,352,NA,NA,No,1,352,Complete,07:00:00,12:52:00
9B5225AB-22D3-4AA7-8D39-D2E93D99DE6F,A760EF63-2201-47BE-994C-AE8759CA3A19,Pink,NA,NA,NA,NA,NA,Released,1,Pink_NA_NA_Released,2023-09-07,Nisqually River,2023,9,36,343,NA,NA,No,1,343,Complete,08:00:00,13:43:00
837E5957-C6D0-4CDC-9DC4-ABF2783524CB,58CB73ED-D995-4CAE-893B-8934C9C3E00A,Pink,NA,NA,NA,NA,NA,Released,1,Pink_NA_NA_Released,2023-09-02,Nisqually River,2023,9,35,69,NA,NA,No,1,69,Complete,11:30:00,12:39:00
837E5957-C6D0-4CDC-9DC4-ABF2783524CB,1573055F-9296-4E9F-94FC-2B2FF0C110B8,Pink,NA,NA,NA,NA,NA,Kept,1,Pink_NA_NA_Kept,2023-09-02,Nisqually River,2023,9,35,69,NA,NA,No,1,69,Complete,11:30:00,12:39:00
418577E8-0CD1-4AEF-8385-FBC23124C1D8,75C04A03-6806-4362-9C77-40852E11B0C2,Pink,NA,NA,NA,NA,NA,Released,4,Pink_NA_NA_Released,2023-09-02,Nisqually River,2023,9,35,344,NA,NA,No,5,1720,Complete,07:00:00,12:44:00
C53C608F-F2F8-40E4-9B12-5C653D0090D6,74182C4A-9668-4FA4-9374-3FDE809C4DAF,Pink,NA,NA,NA,NA,NA,Released,1,Pink_NA_NA_Released,2023-09-02,Nisqually River,2023,9,35,234,NA,NA,No,3,702,Complete,10:00:00,13:54:00
9AB44367-0991-4C47-B16E-1CD37E2049D1,DF612139-5B6F-465F-B199-3E566FE7FCDA,Pink,NA,NA,NA,NA,NA,Released,2,Pink_NA_NA_Released,2023-09-02,Nisqually River,2023,9,35,173,NA,NA,No,4,692,Complete,14:30:00,17:23:00
C58B1232-BE86-413A-8650-399AE810108F,0A4EDE35-E454-4193-8DC7-8464E7A724D6,Pink,NA,Adult,UM,NA,NA,Kept,6,Pink_Adult_UM_Kept,2023-09-02,Nisqually River,2023,9,35,433,NA,NA,No,2,866,Complete,10:30:00,17:43:00
863C74AF-6634-4B07-B522-BB5A74CF904D,A25C7F60-8FE9-4136-9F66-22C23A233317,Pink,NA,NA,NA,NA,NA,Released,1,Pink_NA_NA_Released,2023-09-02,Nisqually River,2023,9,35,140,NA,NA,No,1,140,Complete,07:00:00,09:20:00
ACFC95BC-185A-432A-8671-E3A86352AA45,2B35E41B-59FC-4A3E-B528-4C2B67246959,Pink,NA,NA,NA,NA,NA,Released,1,Pink_NA_NA_Released,2023-09-02,Nisqually River,2023,9,35,171,NA,NA,No,2,342,Complete,07:00:00,09:51:00
7D98E2DF-DDF6-445F-BE72-480588EF2DF2,40AE01A2-BC22-47DA-9A3A-AD84D4316ECF,Pink,NA,NA,NA,NA,NA,Kept,2,Pink_NA_NA_Kept,2023-09-02,Nisqually River,2023,9,35,300,NA,NA,No,1,300,Complete,06:00:00,11:00:00
16DCCB57-43CB-4200-94A3-350DD1E71773,DCB52930-9573-424D-B17E-3E8BCD590075,Pink,NA,NA,NA,NA,NA,Released,12,Pink_NA_NA_Released,2023-09-02,Nisqually River,2023,9,35,345,NA,NA,No,1,345,Complete,05:30:00,11:15:00
4FD53AAF-63B4-4A89-812A-527289B0AE83,9EE78AF6-2D1C-48E3-ACB1-E62EC1E2F204,Pink,NA,NA,NA,NA,NA,Released,8,Pink_NA_NA_Released,2023-09-02,Nisqually River,2023,9,35,120,NA,NA,No,2,240,Complete,09:16:00,11:16:00
0855212B-A266-44F0-98D8-6D47127A863C,21213B1D-FFC0-44AA-BE33-BCA2FEEC8EA7,Pink,NA,NA,NA,NA,NA,Kept,1,Pink_NA_NA_Kept,2023-09-02,Nisqually River,2023,9,35,413,NA,NA,No,1,413,Complete,05:30:00,12:23:00
248E4FF4-36BF-470E-8D5B-2A40B5198C01,4E8FFF13-964C-4975-B518-5557AF4C04A6,Pink,NA,NA,NA,NA,NA,Released,2,Pink_NA_NA_Released,2023-09-02,Nisqually River,2023,9,35,286,NA,NA,No,3,858,Complete,05:30:00,10:16:00
248E4FF4-36BF-470E-8D5B-2A40B5198C01,7BC3026E-6FA3-4855-B722-1F75A847EBE0,Pink,NA,NA,NA,NA,NA,Kept,1,Pink_NA_NA_Kept,2023-09-02,Nisqually River,2023,9,35,286,NA,NA,No,3,858,Complete,05:30:00,10:16:00
19A87172-1DC5-44C8-B339-5033FE585E9C,13A43F45-8668-445D-A705-F3C06D6A0888,Pink,NA,NA,NA,NA,NA,Released,3,Pink_NA_NA_Released,2023-09-02,Nisqually River,2023,9,35,117,NA,NA,No,1,117,Complete,05:40:00,07:37:00
EAB40510-216D-403B-B20D-0B6E6EC36357,27C17949-0F97-4F04-BE11-1080B797D6EC,Pink,NA,NA,NA,NA,NA,Kept,3,Pink_NA_NA_Kept,2023-09-02,Nisqually River,2023,9,35,129,NA,NA,No,2,258,Complete,05:30:00,07:39:00
8742840E-25C3-40E1-BACD-2B65716DCF4A,1697AD4A-8D57-4811-BE1B-F2B14248F650,Pink,NA,NA,NA,NA,NA,Released,5,Pink_NA_NA_Released,2023-09-02,Nisqually River,2023,9,35,121,NA,NA,No,1,121,Complete,05:45:00,07:46:00
A629382F-5AB5-44D8-B903-97FE67F9DE9C,7C450FB7-74EE-4AD6-9BCC-14245ABFF33B,Pink,NA,NA,NA,NA,NA,Released,2,Pink_NA_NA_Released,2023-09-02,Nisqually River,2023,9,35,144,NA,NA,No,1,144,Complete,05:32:00,07:56:00
CE71F96F-9D8E-4C58-9F92-550B8DC6324D,740816E5-E254-4746-87B7-67D23568D112,Pink,NA,NA,NA,NA,NA,Kept,4,Pink_NA_NA_Kept,2023-09-02,Nisqually River,2023,9,35,146,NA,NA,No,2,292,Complete,05:40:00,08:06:00
F4DE46F1-C4BB-41E2-B196-E7F80C28F771,2B2FFBC8-0003-4C6A-B2D4-E5F9AEEC5A4E,Pink,NA,NA,NA,NA,NA,Released,4,Pink_NA_NA_Released,2023-09-02,Nisqually River,2023,9,35,175,NA,NA,No,1,175,Complete,05:30:00,08:25:00
D4F9A786-8881-45A3-B089-3B7946E3A7D5,45988F20-A839-445F-9EBE-45D74D685C1E,Pink,NA,NA,NA,NA,NA,Kept,1,Pink_NA_NA_Kept,2023-09-02,Nisqually River,2023,9,35,109,NA,NA,No,1,109,Complete,06:50:00,08:39:00
074757F7-AA9E-4EEC-8BF5-2A03A95B135C,1AFF4889-7B42-4E10-A0B4-A01FE912E8BF,Pink,NA,NA,NA,NA,NA,Kept,1,Pink_NA_NA_Kept,2023-09-02,Nisqually River,2023,9,35,94,NA,NA,No,2,188,Complete,08:00:00,09:34:00
AB6773B0-9D3A-4082-9299-F5DB900B577F,26F509AC-4266-4E8D-8867-6E73B317B128,Pink,NA,NA,NA,NA,NA,Released,4,Pink_NA_NA_Released,2023-09-02,Nisqually River,2023,9,35,220,NA,NA,No,1,220,Complete,06:30:00,10:10:00
6EEACDE6-1A23-43A3-99ED-91B9480CD470,9BB609C4-B685-4698-A203-EA15BB5BCA45,Pink,NA,NA,NA,NA,NA,Released,9,Pink_NA_NA_Released,2023-09-02,Nisqually River,2023,9,35,279,NA,NA,No,2,558,Complete,05:40:00,10:19:00
194E53F9-B469-4639-8C2E-A2DFCDE9C224,034F9BC9-6B25-42D3-A926-08141CD2A76A,Pink,NA,NA,NA,NA,NA,Released,4,Pink_NA_NA_Released,2023-09-02,Nisqually River,2023,9,35,250,NA,NA,No,1,250,Complete,06:25:00,10:35:00
68839704-9B75-4169-86F4-51336E516E23,FF9C7F15-7C04-47E4-B89F-B5031EABC544,Pink,NA,NA,NA,NA,NA,Released,2,Pink_NA_NA_Released,2023-09-02,Nisqually River,2023,9,35,198,NA,NA,No,1,198,Complete,07:45:00,11:03:00
BE08DB7C-0B06-474B-89B9-F9D2E6600849,69C5738F-9A48-42D3-9BB4-06094387E345,Pink,NA,NA,NA,NA,NA,Released,2,Pink_NA_NA_Released,2023-09-02,Nisqually River,2023,9,35,319,NA,NA,No,1,319,Complete,05:45:00,11:04:00
05DC5992-FA3A-4D63-AFFD-FA5D43006C14,DC73C02F-25B8-436A-AF40-C66EFA0012B7,Pink,NA,NA,NA,NA,NA,Kept,1,Pink_NA_NA_Kept,2023-09-02,Nisqually River,2023,9,35,221,NA,NA,No,1,221,Complete,07:30:00,11:11:00
05DC5992-FA3A-4D63-AFFD-FA5D43006C14,583EAF15-AA99-4253-A845-5339949C17D8,Pink,NA,NA,NA,NA,NA,Kept,1,Pink_NA_NA_Kept,2023-09-02,Nisqually River,2023,9,35,221,NA,NA,No,1,221,Complete,07:30:00,11:11:00
E723C4DA-9583-4411-AB09-2A5926664A3D,DD290EA9-4CB4-446A-AF71-5E5DB5C1877A,Pink,NA,NA,NA,NA,NA,Released,4,Pink_NA_NA_Released,2023-09-02,Nisqually River,2023,9,35,177,NA,NA,No,1,177,Complete,08:15:00,11:12:00
07C25595-5010-4C05-B183-8AB78B33600C,EB864810-C085-45AF-AF36-4E0FADC37308,Pink,NA,NA,NA,NA,NA,Released,8,Pink_NA_NA_Released,2023-09-02,Nisqually River,2023,9,35,383,NA,Trailered Motorized Boat,Yes,4,1532,Complete,05:30:00,11:53:00
2D8CBA35-ACE9-478A-83BB-DC7E79979D73,C71CEB1C-F3FA-4DB4-99BF-FB6988305914,Pink,NA,NA,NA,NA,NA,Kept,1,Pink_NA_NA_Kept,2023-09-02,Nisqually River,2023,9,35,120,NA,NA,No,2,240,Complete,10:06:00,12:06:00
077FBDF0-6A1D-498B-AABD-9F96160D6B2B,1ADCF02F-DD14-46A8-B7F9-A33E57B598B5,Pink,NA,NA,NA,NA,NA,Released,2,Pink_NA_NA_Released,2023-09-02,Nisqually River,2023,9,35,248,NA,NA,No,1,248,Complete,11:00:00,15:08:00
3A98BD88-29BF-4813-A6A0-5A06E7A17C5A,CABC9C9F-440B-49B5-9E33-412C84B7E589,Pink,NA,NA,NA,NA,NA,Kept,1,Pink_NA_NA_Kept,2023-09-01,Nisqually River,2023,9,35,387,NA,NA,No,3,1161,Complete,06:30:00,12:57:00
0B20034F-DD7E-443F-B941-3728828D3BBB,6A10080C-03FA-4714-9238-904198EEF8C6,Pink,NA,Adult,NA,NA,NA,Released,5,Pink_Adult_NA_Released,2023-09-01,Nisqually River,2023,9,35,180,NA,NA,No,1,180,Complete,15:29:00,18:29:00
77E59E52-0596-4D29-A7B6-ED639EB82CBF,8F815249-4CF4-49FD-A2CB-FCFCECF427A0,Pink,NA,NA,NA,NA,NA,Released,1,Pink_NA_NA_Released,2023-09-01,Nisqually River,2023,9,35,549,NA,NA,No,2,1098,Complete,08:00:00,17:09:00
CA2CDFB6-88E6-4AB5-A79D-5F0D7D86EF84,C2303094-9D22-4D29-A3A6-B1FE7566C57F,Pink,NA,NA,NA,NA,NA,Kept,1,Pink_NA_NA_Kept,2023-09-01,Nisqually River,2023,9,35,120,NA,NA,No,1,120,Complete,07:38:00,09:38:00
67B912CD-C4B5-4BFC-A959-9F8F3FC16193,876811F6-F25E-40F4-8203-07DBCA08A4D3,Pink,NA,NA,NA,NA,NA,Released,4,Pink_NA_NA_Released,2023-09-01,Nisqually River,2023,9,35,196,NA,NA,No,2,392,Complete,07:00:00,10:16:00
8D33154B-1A21-46E7-9AAE-1DE458F15AC7,3AC1BC23-1E50-440D-BB67-BF940F10BC31,Pink,NA,NA,NA,NA,NA,Released,1,Pink_NA_NA_Released,2023-09-01,Nisqually River,2023,9,35,250,NA,NA,No,1,250,Complete,06:30:00,10:40:00
4763A9DE-DFE4-4FE7-B8A4-7ED882D71EB9,E7725833-D14A-485D-BACD-D849708386D0,Pink,NA,NA,NA,NA,NA,Released,2,Pink_NA_NA_Released,2023-09-01,Nisqually River,2023,9,35,310,NA,NA,No,1,310,Complete,05:45:00,10:55:00
3F00A6D2-F85F-4BE4-8EB1-B6F5CFD1F71F,D69CC0AC-0EF9-4B4C-A4A0-A64D6418FBCB,Pink,NA,NA,NA,NA,NA,Kept,1,Pink_NA_NA_Kept,2023-09-01,Nisqually River,2023,9,35,283,NA,NA,No,1,283,Complete,06:30:00,11:13:00
DBC96764-0388-48FF-AFD0-2BE8A2090683,EE58D18B-8F05-4FA5-BECA-875C891C5080,Pink,NA,NA,NA,NA,NA,Released,2,Pink_NA_NA_Released,2023-09-01,Nisqually River,2023,9,35,289,NA,NA,No,1,289,Complete,06:30:00,11:19:00
DF967E99-C271-4C67-AC6E-44D4FFEEF610,FBCC1B74-BCF9-4E09-85E4-2205D22AECE2,Pink,NA,NA,NA,NA,NA,Kept,2,Pink_NA_NA_Kept,2023-09-01,Nisqually River,2023,9,35,352,NA,NA,No,2,704,Complete,05:30:00,11:22:00
DF967E99-C271-4C67-AC6E-44D4FFEEF610,F93AC2B1-8719-4344-AB98-9B3D7A097666,Pink,NA,NA,NA,NA,NA,Released,10,Pink_NA_NA_Released,2023-09-01,Nisqually River,2023,9,35,352,NA,NA,No,2,704,Complete,05:30:00,11:22:00
04AE55B9-C9F8-4202-8F83-91EA9E92532B,4200C4FF-3A1E-4561-A72E-BE986DBF4445,Pink,NA,NA,NA,NA,NA,Released,1,Pink_NA_NA_Released,2023-09-01,Nisqually River,2023,9,35,366,NA,NA,No,1,366,Complete,06:09:00,12:15:00
9826E7B8-EA7E-41C1-8C64-D79117CF45C3,28093E8E-2356-48A2-99FC-E0DFEBA60D96,Pink,NA,NA,NA,NA,NA,Released,1,Pink_NA_NA_Released,2023-08-30,Nisqually River,2023,8,35,536,NA,NA,No,1,536,Complete,07:00:00,15:56:00
CC3112E0-9ABD-42CC-A267-91398EC4D8CE,24125403-4EC3-4CF1-8723-14B98D590BC8,Pink,NA,NA,NA,NA,NA,Released,2,Pink_NA_NA_Released,2023-08-30,Nisqually River,2023,8,35,594,NA,NA,No,1,594,Complete,07:00:00,16:54:00
6ABAD1AE-EC84-47D8-A323-46D084AC056F,E5CB98D6-49C7-4C2C-88CD-63D1792F487C,Pink,NA,NA,NA,NA,NA,Kept,1,Pink_NA_NA_Kept,2023-08-30,Nisqually River,2023,8,35,63,NA,NA,No,1,63,Complete,05:30:00,06:33:00
33435B1E-A988-4898-B6FB-7A822E05E17A,D7C88EC6-FFD7-4A72-A806-D3D39AC152ED,Pink,NA,NA,NA,NA,NA,Kept,2,Pink_NA_NA_Kept,2023-08-30,Nisqually River,2023,8,35,160,NA,NA,No,1,160,Complete,05:30:00,08:10:00
059DC622-A820-4B34-B8DB-B7F0F1CFA244,3A09D134-BD04-4501-82DC-78B332D6F7A0,Pink,NA,NA,NA,NA,NA,Released,2,Pink_NA_NA_Released,2023-08-30,Nisqually River,2023,8,35,304,NA,NA,No,1,304,Complete,05:30:00,10:34:00
059DC622-A820-4B34-B8DB-B7F0F1CFA244,DF007AF6-422D-4B1B-9123-4CB342F087DB,Pink,NA,NA,NA,NA,NA,Released,1,Pink_NA_NA_Released,2023-08-30,Nisqually River,2023,8,35,304,NA,NA,No,1,304,Complete,05:30:00,10:34:00
9EA2846E-C386-46BE-9C65-99A0AB2BDD4E,8D7727D4-CEB7-411B-B60B-B15903489C31,Pink,NA,NA,NA,NA,NA,Released,2,Pink_NA_NA_Released,2023-08-30,Nisqually River,2023,8,35,309,NA,NA,No,1,309,Complete,05:30:00,10:39:00
4D399D9B-0E5B-4A1E-9D01-F961B60A0573,00647C64-2DF7-410F-93B7-B936EEA5A7BA,Pink,NA,NA,NA,NA,NA,Kept,1,Pink_NA_NA_Kept,2023-08-30,Nisqually River,2023,8,35,319,NA,NA,No,1,319,Complete,06:00:00,11:19:00
4AE542E0-8687-44F9-9F8C-ECC9002C5ECA,E754B7E5-6607-4315-88A5-19E40484850B,Pink,NA,NA,NA,NA,NA,Kept,1,Pink_NA_NA_Kept,2023-08-30,Nisqually River,2023,8,35,320,NA,NA,No,1,320,Complete,06:25:00,11:45:00
D5E974D8-14A7-44F3-BAB9-51E1EDDDAC31,72D21DC8-6248-4E04-BB46-8C37540DF9B0,Pink,NA,NA,NA,NA,NA,Released,2,Pink_NA_NA_Released,2023-08-26,Nisqually River,2023,8,34,119,NA,NA,No,2,238,Complete,12:00:00,13:59:00
37B699A4-CAB5-465C-8E54-BD4774DFE28F,B440329A-806B-488A-95FB-38BE70AD8496,Pink,NA,NA,NA,NA,NA,Released,1,Pink_NA_NA_Released,2023-08-26,Nisqually River,2023,8,34,150,NA,NA,No,1,150,Complete,05:30:00,08:00:00
0E8AE444-8262-4F3F-9733-F4CDCBFB4F06,AFF8A48C-6579-482A-9F91-3FA319F58EA8,Pink,NA,NA,NA,NA,NA,Kept,1,Pink_NA_NA_Kept,2023-08-26,Nisqually River,2023,8,34,180,NA,NA,No,1,180,Complete,06:44:00,09:44:00
9EA12FF5-4B9A-480E-BD52-7B5AAA1C0B7F,B7328169-2EDA-4CC5-8ED8-F5C86D05AC37,Pink,NA,NA,NA,NA,NA,Released,5,Pink_NA_NA_Released,2023-08-26,Nisqually River,2023,8,34,280,NA,NA,No,1,280,Complete,06:20:00,11:00:00
31956325-EC65-41B9-9485-40DFE2FE93F4,B0AB3600-B52B-40CD-9253-EF9236FC4BF9,Pink,NA,NA,NA,NA,NA,Released,1,Pink_NA_NA_Released,2023-08-26,Nisqually River,2023,8,34,266,NA,NA,No,1,266,Complete,06:45:00,11:11:00
E2802313-0534-4ED8-8C4E-FE08B5E241FA,2B1B629D-15F7-4102-964B-5962B593A018,Pink,NA,NA,NA,NA,NA,Kept,1,Pink_NA_NA_Kept,2023-08-26,Nisqually River,2023,8,34,315,NA,NA,No,1,315,Complete,07:30:00,12:45:00
EB1F111F-5603-4D95-A755-232EB972EAF1,4ECB374E-B10A-476F-A0C3-991BAE49C0E5,Pink,NA,NA,NA,NA,NA,Released,1,Pink_NA_NA_Released,2023-08-25,Nisqually River,2023,8,34,416,NA,NA,No,1,416,Complete,06:00:00,12:56:00
55F437BA-5662-4351-AEFA-309F34F4FE12,2D9D364F-D18B-486E-9509-8ADC143047CC,Pink,NA,NA,NA,NA,NA,Released,5,Pink_NA_NA_Released,2023-08-25,Nisqually River,2023,8,34,220,NA,NA,No,1,220,Complete,10:30:00,14:10:00
6A2CFB66-44C0-4ADE-95F5-AD6A8BA6A262,C3522DE7-608F-432B-9966-88B69C7E761A,Pink,NA,NA,NA,NA,NA,Released,1,Pink_NA_NA_Released,2023-08-25,Nisqually River,2023,8,34,310,NA,NA,No,1,310,Complete,11:00:00,16:10:00
668AD3B0-EC52-4FDC-A83C-F45AC40D9A1E,AE5B0D45-6654-47B1-80DA-76C3EDA1C545,Pink,NA,NA,NA,NA,NA,Kept,1,Pink_NA_NA_Kept,2023-08-25,Nisqually River,2023,8,34,156,NA,NA,No,1,156,Complete,11:30:00,14:06:00
FEE8E01A-4B32-480A-9C1B-96BF8A54EBF0,7670EDCC-6E0F-4965-B97E-4D3C36B4E0B8,Pink,NA,NA,NA,NA,NA,Released,2,Pink_NA_NA_Released,2023-08-25,Nisqually River,2023,8,34,187,NA,NA,No,1,187,Complete,05:00:00,08:07:00
0FE5EC53-BC85-451D-85C3-344BB951A345,94F570FF-7125-4932-B8B3-E0FB805C8652,Pink,NA,NA,NA,NA,NA,Released,1,Pink_NA_NA_Released,2023-08-25,Nisqually River,2023,8,34,205,NA,NA,No,1,205,Complete,05:21:00,08:46:00
28F1D5C3-A29B-45BC-B349-CAA9812508B5,FF8356CE-7BC8-4D2D-9E7C-9B58DE529CE4,Pink,NA,NA,NA,NA,NA,Released,2,Pink_NA_NA_Released,2023-08-24,Nisqually River,2023,8,34,352,NA,NA,No,1,352,Complete,11:30:00,17:22:00
AFDA85AD-52E2-40F6-97AD-68CFF12373BE,74173118-70C2-42E7-94E6-9D32FD76C1D2,Pink,NA,NA,NA,NA,NA,Kept,1,Pink_NA_NA_Kept,2023-08-24,Nisqually River,2023,8,34,120,NA,NA,No,1,120,Complete,06:12:00,08:12:00
61B77271-5A55-4614-9DB4-499FE05D5CFB,B6E903DB-76FD-4CEB-98AB-A035E2BEF5D9,Pink,NA,NA,NA,NA,NA,Released,1,Pink_NA_NA_Released,2023-08-24,Nisqually River,2023,8,34,180,NA,NA,No,1,180,Complete,06:15:00,09:15:00
E20BFDC3-4A83-4F72-90C8-4E443B7DE9FA,864D95BA-A52F-4D34-93F8-5FCC8835144F,Pink,NA,NA,NA,NA,NA,Kept,1,Pink_NA_NA_Kept,2023-08-23,Nisqually River,2023,8,34,224,NA,NA,No,1,224,Complete,05:30:00,09:14:00
E649582B-46C9-46B6-93F0-885DDF8AC15C,69115E50-E798-4777-BA56-977E0287C0B7,Pink,NA,NA,NA,NA,NA,Released,2,Pink_NA_NA_Released,2023-08-23,Nisqually River,2023,8,34,229,NA,NA,No,1,229,Complete,05:00:00,08:49:00
7BC0599E-4F83-4F57-A126-A46961284CCC,5BBADFB2-6F80-4319-8672-82E14219F825,Pink,NA,NA,NA,NA,NA,Kept,3,Pink_NA_NA_Kept,2023-08-23,Nisqually River,2023,8,34,249,NA,NA,No,2,498,Complete,06:00:00,10:09:00
9AB7C618-86C0-4BE9-93A1-0D80E38B14B7,A0D0FE21-399A-40FF-9230-AD9639DB941F,Pink,NA,NA,NA,NA,NA,Released,2,Pink_NA_NA_Released,2023-08-23,Nisqually River,2023,8,34,358,NA,NA,No,1,358,Complete,05:18:00,11:16:00
1BFD6ABC-2CB1-4633-8F99-E04701A24168,C5DF47AC-6BB0-420E-AAAA-69A611970BE7,Pink,NA,NA,NA,NA,NA,Released,2,Pink_NA_NA_Released,2023-08-23,Nisqually River,2023,8,34,361,NA,NA,No,1,361,Complete,05:18:00,11:19:00
1FC453A9-29B2-4F88-9173-72632060A9D2,2C97A3D1-5916-46E5-8718-95B0830E144F,Pink,NA,NA,NA,NA,NA,Kept,1,Pink_NA_NA_Kept,2023-08-23,Nisqually River,2023,8,34,367,NA,NA,No,1,367,Complete,05:30:00,11:37:00
8DBC9288-310D-48BE-A137-88D85FBFD4AA,5D5097EF-2F1B-445F-AE60-1B9F2666CD6D,Pink,NA,NA,NA,NA,NA,Kept,1,Pink_NA_NA_Kept,2023-08-19,Nisqually River,2023,8,33,209,NA,NA,No,1,209,Complete,05:30:00,08:59:00
DFFB4110-7DE6-46DD-BCB6-8964635B4E66,FA5FF280-66F7-469F-B5D0-9B6479E31792,Pink,NA,NA,NA,NA,NA,Released,1,Pink_NA_NA_Released,2023-08-17,Nisqually River,2023,8,33,418,NA,NA,No,2,836,Complete,04:30:00,11:28:00
DFFB4110-7DE6-46DD-BCB6-8964635B4E66,DB548D38-CF0D-4C22-A360-084BC2A82F62,Pink,NA,NA,NA,NA,NA,Kept,2,Pink_NA_NA_Kept,2023-08-17,Nisqually River,2023,8,33,418,NA,NA,No,2,836,Complete,04:30:00,11:28:00
