X2.5.,X10.,X50.,X90.,X97.5.,freq_significant
-20.25921569906963,-18.115426436959044,-0.2876820724531357,1.2186098535761993,2.079441540668796,0.08878504672897196
-19.29936146542715,-17.67047563943512,-0.2876820664270709,1.3862943611194862,2.07944154167943,0.06074766355140187
-19.971533626618655,-17.91298074709088,-0.4054651081053998,1.1556777942850702,2.07944154167943,0.08878504672897196
-19.81018708919456,-17.87292132300495,-0.4054651081053988,1.257487475584055,1.8642811233064003,0.06775700934579439
-19.85375059096253,-17.649777777989822,-0.2876820724517747,1.5040773967733057,2.36183959895091,0.08878504672897196
-19.971533626617564,-18.035523272223873,-0.40546510810816466,1.0986122886651417,1.791759469224885,0.08644859813084112
-20.259215699070126,-17.755138293647587,-0.4054651081081635,1.1448574926157276,2.2314667334642717,0.08878504672897196
-20.25921569195775,-17.91298074709095,-0.29891850037826034,1.2527629684939665,2.197224577330285,0.0911214953271028
-20.0057757942078,-17.755138293647057,-0.3465735902798616,1.098612288665972,2.197224565873615,0.07710280373831775
-19.971533626617237,-17.872921329303413,-0.4054651081053984,1.2527629684943822,1.7917594692280021,0.07242990654205607
-20.259215699070577,-18.263594878834226,-0.3122424711202088,1.2667189731848567,2.0794415401821946,0.10514018691588785
-20.065030297738566,-17.986733108048433,-0.40546510810539965,1.2527629684939678,2.117721028265957,0.08177570093457943
-19.12776454892179,-17.6046008131939,-0.4054651081054002,1.386294361119546,2.302585092993842,0.05841121495327103
-20.06503030016533,-18.06748948445526,-0.40546510810539943,1.2527629684939672,2.0794415416794307,0.09579439252336448
-20.259215696264356,-17.82462631926382,-0.4054651081105405,1.0986122886679066,2.228308206323902,0.102803738317757
-19.659565192059123,-17.806204203440856,-0.40546510810539893,1.2076995603238287,2.484906649784828,0.056074766355140186
-20.25921569907126,-17.718770649476895,-0.2876820724515783,1.3862943611196863,2.0149030205389717,0.08177570093457943
-20.390991856789572,-18.160603401755395,-0.40546510810816416,1.2876027250623392,2.2560149047387377,0.10046728971962617
-19.97153362664965,-17.761880150402348,-0.2876820724515797,1.3862943611194862,2.3184418963475526,0.0794392523364486
-19.697844678644557,-17.69059977250834,-0.31015492830154157,1.3862943611194862,2.484906649787745,0.0794392523364486
-20.076894142275123,-18.067489484454367,-0.40546510810539915,1.098612288667907,2.0149030205389726,0.05841121495327103
-20.259215699071166,-18.006452721929957,-0.40546510810539804,1.2527629684939674,1.9683328322594205,0.08411214953271028
-20.065030300166963,-17.872921329303882,-0.40546510810539826,0.9162907318728784,1.8217169847410513,0.06775700934579439
-19.65956519205779,-17.604600813192093,-0.2876820724515795,1.3862943611194862,2.0794415406687965,0.0630841121495327
-19.566068518510573,-17.36969105065623,-0.251314428279109,1.2527629684939674,2.197224577330285,0.04906542056074766
-19.566068518513628,-17.729680942727626,-0.4054651081079622,1.2527629684939676,2.0794415416794303,0.05841121495327103
-20.13614864823465,-17.872921329301814,-0.4054651081053986,1.386294361119486,2.231466744921005,0.08644859813084112
-20.259215698893936,-18.006452721928348,-0.37096867236330566,1.2527629684939676,2.0927086898973633,0.09345794392523364
-19.89203007754933,-18.05269792587716,-0.2968566415177387,1.2527629684939676,2.035878039421948,0.0794392523364486
-20.267924806451077,-17.965437442279995,-0.4054651081053988,1.252762968493967,2.197224577330284,0.07476635514018691
-19.566068518510956,-17.76188015040298,-0.40546510810816394,1.0986122886651426,1.8800304644947028,0.06542056074766354
-19.97153362661765,-17.72968094272877,-0.28768207245110433,1.386294361119486,2.0794415416794285,0.08644859813084112
-19.971533626615983,-17.736422799483396,-0.4054651081053984,1.3862943611173102,2.3947729597378493,0.08644859813084112
-19.659565192183507,-17.755138293646148,-0.405465108108063,1.1148324550490516,2.0794415416794294,0.06542056074766354
-20.136148645281377,-17.72968094377037,-0.40546510810668085,1.0986122886651417,1.7917594692280017,0.06074766355140187
-19.971533626618033,-17.872921329733483,-0.2989185003780428,1.0986122886679062,1.9459101490272261,0.06542056074766354
-19.971533622802962,-17.649777777987353,-0.40546510810539904,1.2039728043257907,2.0149030205389717,0.06074766355140187
-20.076894142586752,-17.904529484001785,-0.2876820724515783,1.0986122886658438,2.0149030205373863,0.08177570093457943
-20.259215692930812,-17.71877064947668,-0.40546510810539815,1.1987302214111628,2.223238457325197,0.08878504672897196
-19.56606851360309,-17.604600813192253,-0.22314355131260222,1.3862943611195462,2.23146674492094,0.06775700934579439
-20.39099186652647,-17.72968094272945,-0.4054651081053978,1.3862943611194862,2.1972245773302843,0.07476635514018691
-19.56606851864248,-17.718770649473818,-0.4054651081081641,1.321755839980408,2.1972245658736167,0.06542056074766354
-19.97153362661665,-18.02108977117946,-0.28768207245454464,1.3411173963222605,2.1972245773302834,0.08411214953271028
-19.56606851909151,-17.7187706494765,-0.40546510810539915,1.386294361119487,2.318441896335703,0.06542056074766354
-19.971533621774892,-17.904529484000495,-0.4700036292474441,1.109522581919369,2.375106747170405,0.10046728971962617
-20.136148648233732,-17.87292132930369,-0.2876820724515788,1.3862943611196863,2.231466744920939,0.09579439252336448
-20.00577578787569,-18.006452721929737,-0.4054651081091801,1.1753974081599523,2.0358780394233023,0.08878504672897196
-20.259215703085072,-17.988525760234353,-0.3324881517944519,1.386294361119486,2.13849189786629,0.08177570093457943
-19.853750590962424,-17.585239256851082,-0.31015492830197666,1.2063632552202515,2.197224577332145,0.0794392523364486
-20.136148648234666,-18.055242886094476,-0.40546510810816333,1.2527629684939674,2.117721022749782,0.08644859813084112
-19.56606851906343,-17.806204203440615,-0.28768207245158,1.09861228866746,2.079441541679429,0.06542056074766354
-19.971533621826303,-17.790473202795184,-0.4307829160946885,1.175397408161616,2.3184418963475544,0.09813084112149532
-19.97153362661932,-17.87292132930381,-0.4054651081079619,1.2527629684943211,2.3025850929925533,0.08644859813084112
-20.25921569626456,-17.904529486990175,-0.3810700260219651,1.098612288667907,2.0894423307443746,0.08878504672897196
-20.25921569402696,-18.021089773721798,-0.405465108108164,1.252762968493967,1.9459101490144755,0.09345794392523364
-19.97153362661788,-17.5636990957844,-0.4054651081058301,1.224187572330726,2.117721022749783,0.06542056074766354
-20.259215699070577,-18.006452721928458,-0.40546510810539926,1.2777428230615244,1.8783538145282117,0.06542056074766354
-20.06503029605801,-17.709961328849882,-0.4054651081053994,1.098612288665142,2.009254452013041,0.08878504672897196
-20.259215699070594,-17.729680942727985,-0.2707986411959531,1.2186098535763454,2.0358780399118435,0.09345794392523364
-20.259215699070616,-18.02108977073697,-0.28768207245157973,1.1095225819188799,2.1972245773321455,0.09813084112149532
-19.97153362661945,-17.716720843383747,-0.23722898979676044,1.386294361119687,2.4849066497848273,0.0794392523364486
-20.25921569906956,-17.649777777988938,-0.3080930697109675,1.0986122886679675,1.9997338427426792,0.0911214953271028
-20.259215707224044,-18.086851040794713,-0.40546510810816383,1.2757884187571629,2.171749855943969,0.102803738317757
-19.56606851851242,-17.87292132930493,-0.40038892168907,1.3862943611179628,2.1177210227497816,0.09345794392523364
-19.742641881569206,-17.91298075512109,-0.40546510810539893,1.0986122886651417,1.9683328322874885,0.06074766355140187
-19.971533626617298,-17.761880150403087,-0.4054651081053998,1.2574874755840564,2.1972245658736163,0.07009345794392523
-20.065030300231303,-18.18130126320272,-0.2938933324520237,1.2039728043240685,2.117721028265956,0.09345794392523364
-19.97153362661721,-17.493559634290214,-0.18232155679289863,1.098612288667967,2.0794415416794307,0.07242990654205607
-20.25921569906995,-17.729680942728987,-0.4054651081053999,1.386294361119686,2.484906648776062,0.08878504672897196
-20.13614865814925,-17.82208135904074,-0.32696323370119273,1.2743142142809134,2.0794415416794285,0.07009345794392523
-19.56606851851258,-17.649777777988774,-0.2513144282800076,1.3862943611194862,2.197224565873615,0.07009345794392523
-20.065030300166963,-17.80620420344126,-0.405465108107962,1.386294361117963,2.1972245773302834,0.08411214953271028
-20.390991856788187,-18.00645272192847,-0.40546510810539793,0.9808292530099103,1.8035789535835525,0.08878504672897196
-19.9715336266186,-18.181301263201668,-0.40546510810816366,1.16047215585822,2.0149030205422633,0.09579439252336448
-19.971533626618783,-18.006452721929794,-0.40546510810816383,1.0986122886679066,2.105455421673388,0.09813084112149532
-19.63859017268777,-17.986733108053045,-0.37096867236329584,1.0986122886651428,1.7917594692258492,0.07710280373831775
-20.076894142276316,-17.87292132930308,-0.2876820724530622,1.1720242498692706,2.197224577330285,0.08411214953271028
-19.971533621656178,-18.00645272192848,-0.4054651081079628,1.3862943611179632,2.302585092993842,0.07242990654205607
-20.005775794207587,-18.342924958549556,-0.4054651081053994,1.29928298412941,2.484906649784828,0.10747663551401869
-19.659565199359704,-17.670475639435715,-0.40546510810796255,1.1179738450084664,1.945910149053709,0.0630841121495327
-20.390991856787725,-17.75513829364715,-0.29389333245115756,1.3060248408847102,2.3025850929938425,0.09579439252336448
-19.566068518510658,-17.718770649474706,-0.33248815179662106,1.1678020657640147,2.0794415406687965,0.053738317757009345
-20.259215699068722,-17.604600814841152,-0.36568419669127705,1.3862943611179632,2.302585092993908,0.0794392523364486
-19.971533621826804,-17.68138593268626,-0.28768206943932473,1.2928223862808568,2.0604261997250206,0.07476635514018691
-19.97153362182539,-17.670475639435335,-0.32331358246295105,1.098612288665142,1.817773349220901,0.06775700934579439
-19.971533626728174,-17.899024744215055,-0.25131442827910877,1.2063632552196673,2.2314667449203194,0.0911214953271028
-20.065030300165823,-17.729680942727626,-0.2694982473530896,1.1095225819188799,2.035878039911844,0.0794392523364486
-19.60031068610126,-18.006452721928873,-0.4054651081079619,1.3862943611194867,2.3618395989509118,0.08411214953271028
-19.97153362661984,-17.55446759818381,-0.182321556793759,1.386294361119686,2.3664942622172296,0.07710280373831775
-19.892030077549272,-17.71877064947663,-0.40546510810539976,1.2186098535762,2.079441541679429,0.07710280373831775
-19.89203007524369,-17.662024376344686,-0.2876820724515786,1.160472155858083,2.0927086898986413,0.09345794392523364
-19.8920300809133,-17.649777777990106,-0.4054651081079627,1.1862503387352346,2.07944154167943,0.05841121495327103
-20.136148648233828,-17.87292132930503,-0.40546510810539854,1.098612288667907,1.9213619892394487,0.08411214953271028
-19.971533627252978,-17.98673310805033,-0.4054651081080631,0.9954663022615393,1.989307851657067,0.102803738317757
-19.97153362661776,-18.06283822849266,-0.3566749439376859,1.0986122886679075,2.2314667449241843,0.07710280373831775
-19.89203007128789,-17.670475639435182,-0.28768207245219485,1.098612288665142,2.138491892350115,0.05841121495327103
-19.971533626617866,-17.872921329302514,-0.34880076422526907,1.2273056175671133,1.9894282990550889,0.08177570093457943
-20.169082009048687,-18.16060340175585,-0.38017796512889346,1.098612288667907,2.0794415416794285,0.07710280373831775
-20.065030300164594,-18.006452719859805,-0.4054651081081637,1.0986122886679075,2.0794415406687956,0.08878504672897196
-20.005775792075827,-17.872921329306568,-0.4054651081053982,1.3862943611196865,2.6614800128464697,0.08878504672897196
-19.81018709040153,-17.790473208666228,-0.2876820724504908,1.3862943611170393,2.117721022749783,0.07710280373831775
-19.566068518511052,-17.649777777989193,-0.2876820724515785,1.0986122886651426,2.045878828975376,0.053738317757009345
-19.566068518511997,-17.755138293646155,-0.18232155679383083,1.0986122886679073,2.197224577332197,0.06542056074766354
-19.892030075161767,-17.806204203442675,-0.4054651081076426,1.3862943611195462,2.351375257159109,0.08177570093457943
-19.971533621827056,-17.718770649475402,-0.38017796512889357,1.3862943611194862,2.197224565875475,0.07476635514018691
-19.971533626616498,-17.89902474240072,-0.28768206642707117,1.0986122886679075,1.8177733492210018,0.0794392523364486
-19.56606851851183,-17.649777777988803,-0.3373990209467641,1.2186098535763454,2.1972245773321966,0.07009345794392523
-19.85375059096252,-17.80620420343924,-0.3269632337021283,1.252762968493967,2.1972245658736163,0.08878504672897196
-19.566068519083004,-17.872921333133867,-0.4054651081058295,1.0986122886679066,1.791759469225898,0.06542056074766354
-20.136148646977226,-17.670475639436212,-0.2876820724515801,1.2830099782793134,2.2314667449209393,0.08411214953271028
-19.566068518509454,-17.585239256851587,-0.40546510810539926,1.2186098535763465,2.079441540182194,0.05841121495327103
-19.647745708898995,-17.76188015040185,-0.4054651081053985,1.0986122886651422,1.8227352776630332,0.08177570093457943
-20.259215699067582,-17.76188015040232,-0.4054651081081636,1.2076995603219798,1.8958872678491299,0.07476635514018691
-20.331737353245348,-18.16060340175579,-0.40546510810539893,1.3125420001591879,2.290721239421339,0.10046728971962617
-19.892030075218756,-17.64977777798956,-0.3285040669710949,1.3223712964689534,2.197224577336012,0.0794392523364486
-19.638590172687774,-17.7187706494755,-0.2876820694382384,1.2722380814630034,2.3025850929939073,0.08177570093457943
-19.63859017388872,-17.87292132930382,-0.40546510810539915,1.098612288667907,1.8852561427726093,0.07009345794392523
-19.971533626617084,-17.729680942727526,-0.3656841966912777,1.2667189731846016,1.841858440158604,0.0911214953271028
-20.25921569407987,-18.229596270693282,-0.3527848490486263,1.0986122886679066,1.9129767882275313,0.09813084112149532
-19.85375059096245,-17.670475639435388,-0.4054651081081637,1.3217558399804088,2.0794415401821937,0.07009345794392523
-20.259215699070705,-17.98673310805096,-0.4054651081091798,1.098612288665143,2.0794415416794294,0.08177570093457943
-20.25921569907234,-18.021089769927777,-0.40546510810539826,1.2186098535762,2.0507138015846262,0.08878504672897196
-19.971533626616498,-17.872921329303825,-0.40546510810816416,1.190034457412024,2.197224577332146,0.0794392523364486
-19.971533626619063,-18.160603401755598,-0.2876820724506166,1.3985409594752505,2.484906649784829,0.09345794392523364
-20.259215699069433,-17.60460081319295,-0.3801779651288941,1.0986122886659722,1.791759469224885,0.06775700934579439
-19.971533626618154,-18.160603401756553,-0.4054651081080628,1.186250338736308,2.1972245773302843,0.08878504672897196
-19.97153362661721,-18.006452721928348,-0.33248815179568625,1.098612288665143,2.079441540668796,0.0794392523364486
-20.136148648236208,-17.872921329306088,-0.4054651081053985,1.1840931721601795,2.1782092353795344,0.09345794392523364
-19.415446621371203,-17.80620420344082,-0.4054651081081629,1.3363928910352847,2.197224565873615,0.07476635514018691
-20.136148648234574,-17.71877064947583,-0.4054651081053995,1.3862943611196863,2.3335609014303813,0.08411214953271028
-19.89203007814568,-17.986733108052174,-0.1926312003953137,1.2992829841300861,2.117721022749783,0.10514018691588785
-20.25921569407753,-17.912980747091154,-0.405465108107961,1.0986122886679066,1.8418584401713884,0.08411214953271028
-20.259215699071152,-17.729680943716986,-0.22314355076516323,1.386294361119686,2.484906649785777,0.08411214953271028
-20.06503030016505,-17.75513829364727,-0.3233135824624965,1.0986122886679066,2.0618919199049586,0.07009345794392523
-20.25921569906963,-18.00645272192869,-0.25131442827910877,1.0986122886659717,1.8437102970331012,0.0911214953271028
-19.971533626682046,-17.583060652125745,-0.3515987582080278,1.2186098535763454,2.117721022749783,0.07242990654205607
-19.971533626619035,-17.84626362122779,-0.4054651081079622,1.2789064640016758,2.5109205297787773,0.09345794392523364
-20.07689413668136,-17.777611149499485,-0.3900792787747122,1.2241875723307274,2.3947729597654015,0.08644859813084112
-20.66468080215751,-18.006452721929254,-0.43952327932919566,1.0986122886659722,1.8575938021149703,0.08411214953271028
-19.971533626617564,-17.729680942727686,-0.40546510742027997,1.098612288667907,1.7917594692280023,0.06074766355140187
-20.13614864823402,-17.91298074709116,-0.4054651081053987,1.1349799328378145,1.7917594692280023,0.07710280373831775
-20.169082009049127,-17.761880150402355,-0.4054651081079621,1.0986122886679066,2.0358780399118417,0.08411214953271028
-19.566068518510967,-17.986733108049894,-0.287682072454544,1.386294361119686,2.035878039425241,0.08411214953271028
-20.13614864823466,-17.912980747091805,-0.2876820724545449,1.2186098535749241,2.03587803990855,0.07009345794392523
-20.390991856593573,-17.785355657335437,-0.35278485027883094,1.2844846798189615,2.231466744924806,0.08878504672897196
-20.06503030016573,-17.790473204343684,-0.40546510810539876,1.0986122886651415,2.0358780392201754,0.08177570093457943
-20.259215699140487,-18.16060340266108,-0.4054651081053988,1.252762968493967,2.014903020542265,0.08177570093457943
-19.892030077550523,-17.670475639435193,-0.3168618800433622,1.0986122886679066,2.079441540668797,0.07476635514018691
-19.810187089192524,-17.87292133273879,-0.2876820724515797,1.1179738450091803,2.197224577332145,0.08644859813084112
-19.892030077550228,-17.872921329304127,-0.39661531887322415,1.0986122886679068,2.1972245773302843,0.07710280373831775
-19.44300146767789,-17.649777777989577,-0.28768207244940297,1.2527629684943815,1.9683328322869857,0.07242990654205607
-20.005775794207963,-18.160603401755715,-0.4951993484329844,1.1981150295538878,2.1972245658736154,0.102803738317757
-20.259215699069618,-17.554467598184946,-0.3042029760514309,1.2527629684939672,1.954500957599671,0.07242990654205607
-19.86375138002927,-17.761880150402483,-0.2876820694382368,1.0986122886679064,2.07944154167943,0.07242990654205607
-19.971533626618534,-17.71877064947543,-0.251314428279109,1.252762968493967,1.9213619892266964,0.07476635514018691
-20.259215699070594,-18.160603401755917,-0.4054651081053987,1.1471579519277437,2.1678199991984703,0.09345794392523364
-19.971533621712837,-17.718770649474834,-0.40546510810796244,1.252762968493967,2.079441540668796,0.08878504672897196
-19.56606851851097,-17.56369909578394,-0.28768206943836344,1.3862943611195453,2.171749850429543,0.06074766355140187
-19.892030077551556,-17.649777777989094,-0.4054651081053997,1.0463548006237715,2.035878039911843,0.07009345794392523
-20.259215701326475,-18.02108977231163,-0.4054651081081639,1.0986122886679066,1.9683328322874898,0.10046728971962617
-19.971533626617305,-17.761880150402423,-0.28768207245157884,1.148625374026731,1.943784672473226,0.06775700934579439
-20.00577579476089,-17.718770649475985,-0.3465735902790268,1.2527629684929034,2.0794415401821946,0.07009345794392523
-19.97153362661524,-17.91298074709183,-0.3193294976377492,1.3862943611195468,2.1384918923501153,0.08177570093457943
-19.971533626618154,-17.554467598183866,-0.28768207244952915,1.252762968493967,2.4849066497848296,0.07242990654205607
-19.85375059096123,-17.80620420344089,-0.40546510810540015,1.1200499778627508,2.0149030205389713,0.07242990654205607
-19.723899563429466,-17.75513829364706,-0.4054651081053988,1.3862943611195466,2.1177210282659575,0.07242990654205607
-20.664680803192198,-18.09606488061803,-0.4054651081053995,1.2527629684939678,2.086142810019616,0.0794392523364486
-19.89203007524452,-17.806204203440466,-0.4054651081091806,1.0986122886674599,2.197224577332146,0.06775700934579439
-19.89203008502532,-17.986733108051663,-0.4054651081053998,1.3862943611194862,2.4981737980043213,0.10981308411214953
-19.56606851864365,-18.006452721928714,-0.4054651081079627,1.1948787674033678,2.151963195855991,0.07242990654205607
-20.06503030016625,-17.761880147933404,-0.4003889223741875,1.0986122886679064,2.0794415416794303,0.08177570093457943
-19.971533626617305,-18.006452721928923,-0.28768207245157873,1.098612288667907,2.197224577330285,0.07009345794392523
-20.005775794431337,-18.02108977118081,-0.40546510810539926,1.0986122886679068,2.197224565873616,0.0911214953271028
-20.259215679996757,-17.69905103560118,-0.2938933324505418,1.0986122886679075,1.9683328322594202,0.09345794392523364
-20.259215699068225,-17.927617796342457,-0.40546510810539893,1.203972804324536,2.1177210227497825,0.0794392523364486
-19.971533626617,-17.670475639434553,-0.3709686723635601,1.252762968493967,2.07944154167943,0.07009345794392523
-19.782632240485626,-17.585239256851835,-0.18232155679375905,1.386294361119486,2.197224565873616,0.0630841121495327
-20.00577579420551,-17.71877064947371,-0.4054651081053986,1.2527629684939658,1.7917594692279,0.07710280373831775
-19.89203007518877,-17.522307197560526,-0.2876820724515784,1.1095225819188803,1.9459101490537103,0.07242990654205607
-19.97153362672774,-17.806204203439766,-0.2876820724522935,1.3038462361595335,2.2473235482746508,0.0911214953271028
-19.638590172687437,-17.77761114949899,-0.40546510810539904,1.252762968493967,1.9459101490264026,0.06775700934579439
-19.971533627249208,-17.8729213293004,-0.4054651081053997,1.186250338736309,2.0927086898973633,0.08644859813084112
-19.97153362661858,-17.649777777987488,-0.4054651081053997,1.0986122886651422,1.8093313161405633,0.0630841121495327
-19.055242894744726,-17.55446759818404,-0.3656841966912775,1.3862943611196865,2.584983150264035,0.07009345794392523
-20.2592156990706,-18.006452721928603,-0.3801779651288939,1.2527629684939665,1.8418584401713554,0.07710280373831775
-20.065030300165112,-18.028685113573953,-0.3718954566902376,1.2186098535762002,2.0794415406687965,0.09345794392523364
-19.971533621584328,-17.806204203440785,-0.3193294976374248,1.2777428230614731,2.035878039425242,0.102803738317757
-19.97153362182636,-17.91298074709148,-0.3527848490498613,1.2685113254609275,2.197224560357442,0.08644859813084112
-19.924963438365225,-17.69905103559814,-0.2876820664270713,1.2039728043245361,1.9459101490537098,0.06775700934579439
-20.065030300165287,-17.8990247424017,-0.4054651081081642,1.1302204433648455,1.9459101490272266,0.07476635514018691
-19.566068518511756,-17.755138293645896,-0.2876820724530624,1.252762968493966,2.1972245603574416,0.07476635514018691
-19.971533626614974,-18.096064880618677,-0.4054651081053994,1.252762968493966,2.484906649784828,0.09813084112149532
-19.638590173874125,-17.872921329302798,-0.40546510810539893,1.098612288667906,2.0358780399085488,0.07476635514018691
-19.892030075177455,-17.718770647910027,-0.4054651081081643,1.1862503387347227,1.9155059719806238,0.06542056074766354
-19.971533626615543,-17.554467598183997,-0.2876820664270725,1.0986122886679066,2.0794415416794294,0.0630841121495327
-19.62532302446903,-17.755138293645924,-0.40546510810796166,1.3862943611173102,2.302585092992551,0.07710280373831775
-19.971533626617358,-17.64977777798962,-0.35781001751931596,1.2527629684943817,2.197224565873615,0.08177570093457943
-19.2212612224685,-17.585239256850606,-0.28768207245157956,1.386294361119487,2.1972245658736154,0.06542056074766354
-20.005775791504682,-17.71877064947495,-0.40546510810539815,1.1862503387350443,2.0358780394219482,0.06074766355140187
-19.85375059096417,-17.71877064947627,-0.4054651081053973,1.0986122886679077,1.9155059719806227,0.07710280373831775
-19.892030075163166,-17.904529484001518,-0.28768207245167743,1.1753974081608143,2.171749850378879,0.08177570093457943
-19.971533621775315,-18.160603401754578,-0.4054651081081641,1.2527629684943813,1.9459101490272261,0.09579439252336448
-19.853750590961106,-17.56369909578504,-0.28768206943932445,1.3862943611196874,2.0794415416794294,0.06074766355140187
-20.259215699070158,-17.625298674640625,-0.4054651081053984,1.268511325461701,2.2314667449210046,0.08411214953271028
-19.853750590960384,-17.369691048731394,-0.2513144282791086,1.0986122886679075,2.366494262244738,0.06542056074766354
-20.06503029964825,-17.96543744789168,-0.40546510810539865,1.2928223862809722,2.197224565873614,0.06775700934579439
-19.97153362661814,-17.75513829364705,-0.18232155679289766,1.3862943600707927,2.07944154167943,0.0630841121495327
-19.971533626619973,-17.729680942729708,-0.4054651081053996,1.3862943611196863,2.117721022749783,0.0630841121495327
-19.810187089194642,-17.670475639434937,-0.40546510810540043,1.4171515767515073,2.1972245773321957,0.0794392523364486
-19.97153362177486,-18.055242886096572,-0.37189545669023805,1.0986122886679077,1.8694132864572337,0.06074766355140187
-19.638590172689046,-17.649777777988838,-0.28768207245158006,1.3862943611179637,2.0794415416794294,0.056074766355140186
-20.005775794337286,-18.006452721928884,-0.4054651081081632,1.0986122886659724,1.8783538145154604,0.06775700934579439
-19.69784467986682,-17.71877064947452,-0.2513144282791082,1.1840931721601449,2.0794415401821933,0.05841121495327103
-19.566068518512772,-17.729680942722617,-0.2876820724515789,1.1103785026132527,2.361532333774117,0.07710280373831775
-19.853750590962445,-17.649777777989105,-0.2372289897965586,1.3862943611194858,2.2314667449209398,0.06775700934579439
-20.06503030144168,-17.8062042034404,-0.3709686723632048,1.2527629684939658,1.9683328322874898,0.07710280373831775
-20.259215699070587,-17.927617798785548,-0.28768206642707145,1.2527629684939665,2.0149030205422633,0.0911214953271028
-19.67542199541237,-17.670475639434887,-0.12565721414036185,1.386294361119486,2.079441541679429,0.06542056074766354
-20.331737361126912,-18.096064880617995,-0.4054651081054003,1.2722380814626373,2.1177210282659558,0.09579439252336448
-19.566068518511052,-17.899024742401902,-0.5108256237665172,1.0501501358901004,1.9011572993183612,0.0630841121495327
-20.54161375392657,-18.160603401757044,-0.40546510810539826,1.0986122886659717,2.0149030205389726,0.10514018691588785
-20.390991863565336,-17.42227925639966,-0.25131442827910816,1.0986122886680132,2.1972245773361663,0.07009345794392523
-19.82920243114685,-17.58306065212819,-0.40546510810636144,1.1703148435228907,2.1972245773321464,0.06542056074766354
-20.259215699070158,-17.57129443817987,-0.28768206642707117,1.2039728043245361,2.2473235482667677,0.06775700934579439
-19.853750590963664,-18.096064880617096,-0.2876820694382376,1.2273056175671129,2.231466744924805,0.08644859813084112
-19.566068518509745,-17.1250903151154,-0.30922814397766685,1.2734608299399004,2.326173594062734,0.06074766355140187
-19.566068518511564,-17.554467598185287,-0.40546510810539826,1.1631508087578988,1.80502661744586,0.056074766355140186
-20.664680807178446,-17.846263621228175,-0.28768207245061667,1.299282984129409,2.3184418963475535,0.0911214953271028
-19.971533621690092,-17.55108614145848,-0.309228143978019,1.3060248408853061,1.9437846724716428,0.07710280373831775
-19.97153362070587,-17.912980747091687,-0.4054651081071115,1.408861387491025,2.2393445840642614,0.09579439252336448
-18.932175843909,-17.649777777988227,-0.28768207244940314,1.0986122886679075,2.0358780394219482,0.0630841121495327
-18.475934819842657,-17.387413515016235,-0.4054651081053999,1.1332545708708852,2.07944154167943,0.04439252336448598
-19.971533626618893,-17.872921329300702,-0.28768207245157906,1.3862943611194856,1.7917594692258993,0.0794392523364486
-19.659565192059354,-17.64977777798861,-0.235802455307503,1.2800545017951055,2.0358780399085497,0.06074766355140187
-19.869607394318223,-17.872921329302503,-0.4363078341869059,1.2039728043244518,2.318441896330717,0.08177570093457943
-19.5660685190881,-17.890068853454775,-0.28768207245157906,1.098612288667907,2.035878039425241,0.06542056074766354
-19.971533626617813,-17.72968094272875,-0.2876820664270714,1.2928223862808563,2.079441540668796,0.07242990654205607
-20.0650303001667,-17.718770649476216,-0.3080930697118043,1.3862943611194862,2.2907212508818735,0.07476635514018691
-19.971533626617607,-17.649777777987865,-0.2876820724515784,1.2527629684939667,2.117721028267818,0.0630841121495327
-19.892030077549933,-17.965437447890793,-0.4054651081053996,1.2574874755848289,2.079441540182194,0.0794392523364486
-19.892030077550945,-18.00645272192937,-0.40546510810539815,1.2008873879855162,1.7917594692258985,0.07710280373831775
-20.25921569914049,-18.006452721928365,-0.4054651081053999,1.3862943611196872,2.394772959762467,0.102803738317757
-19.82091172947957,-18.160603397455525,-0.4054651081081641,1.1179738450086265,1.8694132864699844,0.07710280373831775
-19.853750590962044,-17.60460081319508,-0.4054651081053977,1.0986122886679068,1.9763210912002656,0.0630841121495327
-19.810187089193445,-17.64977777798908,-0.3690974627074789,1.3862943611195466,2.394772959765402,0.08644859813084112
-20.005775794337918,-17.98673310805193,-0.4054651081079471,1.3665747472422582,2.176214491140048,0.102803738317757
-20.66468080023824,-18.11542643695979,-0.3233135824611064,1.2612142315835064,2.117721022749782,0.10514018691588785
-20.065030301472156,-18.067489484455642,-0.40546510810816416,1.098612288667907,2.0741575264983685,0.08878504672897196
-19.97153362662018,-17.585239257543336,-0.380177965128894,1.2039728043239404,2.3947729597654015,0.0794392523364486
-19.56606851851163,-17.806204203440355,-0.3900792787747121,1.2219000659241028,2.267962119281759,0.0794392523364486
-19.65956519205771,-17.761880150402842,-0.40546510810796255,1.0986122886657812,1.8177733492209003,0.07476635514018691
-20.259215699070538,-18.160603401757097,-0.40546510810816394,1.1862503387363088,1.841858440158604,0.10981308411214953
-19.892030075218752,-17.718770650175653,-0.4054651081053985,1.3862943611195466,2.1972245773302843,0.08411214953271028
-19.971533626618886,-17.806204203441013,-0.4054651081053999,1.218609853574924,2.079441540668797,0.08177570093457943
-19.566068518510647,-17.649777777989193,-0.2989185003780426,1.2233343606650968,1.7917594692258496,0.06775700934579439
-20.259215699068974,-18.062838227496396,-0.4054651081081641,1.0986122886679066,2.117721028265956,0.102803738317757
-19.659565198708158,-17.46745622119492,-0.36288620393749005,1.0986122886659724,1.8260016346178625,0.06775700934579439
-19.853750591089447,-18.006452721928362,-0.40546510810796205,1.252762968494036,2.3025850929938434,0.0911214953271028
-19.971533626617703,-18.235001824891786,-0.5108256237659841,1.0986122886679066,2.1102132003454472,0.0911214953271028
-19.697844676315214,-17.890068853457358,-0.2876820724500164,1.3862943611195466,2.231466744924974,0.07242990654205607
-19.971533626619394,-17.649777777989286,-0.40546510810711067,1.2980247537258602,2.318441896335702,0.08177570093457943
-20.136148648234865,-17.806204203439886,-0.4054651081053988,1.261214231583507,2.0104033180367984,0.08644859813084112
-19.971533626617305,-18.021089771179298,-0.2604889976128908,1.0986122886659722,1.9459101490272261,0.08411214953271028
-20.076894142905356,-18.006452723558592,-0.40546510810539965,1.0986122886651422,2.0149030203356135,0.07476635514018691
-20.25921569907013,-18.1154264369598,-0.4054651081053999,1.084178787624138,2.138491897866289,0.0794392523364486
-20.13614864795414,-18.0868510407956,-0.40546510810816394,1.098612288667907,2.117721022749782,0.09345794392523364
-20.06503030016521,-17.76501585342462,-0.308093069713288,1.2063632552205252,2.0149030205422633,0.07476635514018691
-20.136148648234684,-18.160603401755598,-0.4054651081053995,1.0986122886651426,2.050713801584628,0.10046728971962617
-20.664680799761612,-18.18130126320348,-0.4054651081080628,1.0986122886679066,2.0275873382435936,0.10514018691588785
-20.259215699068715,-17.899024749812998,-0.40546510810816316,1.2734608299399006,2.1177210282659567,0.08177570093457943
-19.97153362661944,-17.973888710981495,-0.2876820664270717,1.1862503387368555,2.035878039908549,0.0911214953271028
-19.853750590962406,-17.761880155967507,-0.4054651081053983,1.3862943611194867,2.197224565873616,0.0794392523364486
-19.853750590959308,-17.872921329304475,-0.3654437542688127,1.3862943611195464,2.4849066497857777,0.08878504672897196
-20.259215696211086,-17.46745622119692,-0.40546510810539876,1.0986122886679066,1.7917594692280019,0.0794392523364486
-19.566068518512083,-17.899024742400435,-0.40546510810540004,1.3862943611173102,2.231466744920939,0.0794392523364486
-19.971533626618886,-17.699051035599048,-0.28768207245315985,1.292822386280856,2.138491892350113,0.0911214953271028
-19.971533627249684,-17.899024742402283,-0.2513144282791082,1.3862943611196863,2.197224565873616,0.0794392523364486
-20.06503030016452,-17.718770648350745,-0.40546510810668057,1.098612288667907,2.035878039220175,0.07009345794392523
-19.56606851851255,-17.67047563943588,-0.28768206642707145,1.400931410369688,2.2560148826970754,0.06542056074766354
-19.892030077550075,-17.64977777798954,-0.40546510810539993,1.1526795099377334,2.1972245773302843,0.07242990654205607
-20.259215699070086,-17.790473205738614,-0.2876820724536772,1.207699560320557,2.117721028265956,0.08644859813084112
-20.259215699071508,-17.755138293647775,-0.40546510742028086,1.2527629684939678,2.117721028265956,0.08177570093457943
-19.853750590962534,-17.64977777798957,-0.405465108105398,1.3862943611194858,2.1972245658736145,0.07242990654205607
-19.971533626617237,-17.79047320434242,-0.4054651081063618,1.130220443364745,2.014903020538972,0.0630841121495327
-20.259215699070587,-18.09606488061734,-0.3212517236010643,1.1302204433652552,2.117721028265957,0.08644859813084112
-20.005775789302064,-18.195938315399594,-0.2876820724545447,1.140289805968591,2.0149030205389713,0.0794392523364486
-19.659565192058345,-17.46745622119723,-0.2231435507651638,1.1349799328378143,2.0794415416794294,0.06542056074766354
-20.00577579420473,-17.872921329300006,-0.2876820724515796,1.363559646484779,2.035878039911842,0.0794392523364486
-20.06503030016613,-18.006452721929158,-0.4054651081053986,1.1987302214111624,2.2124514029702542,0.09813084112149532
-19.971533621712304,-17.79047320434493,-0.40546510810539904,1.2527629684939678,2.1972245773302834,0.0794392523364486
-19.97153362661923,-18.006452721929016,-0.4054651081053986,1.3862943611196863,2.0358780397067777,0.08644859813084112
-19.97153362661944,-18.05524288609809,-0.4054651081080628,1.098612288667908,2.484906649784829,0.102803738317757
-20.66468079980624,-18.006452721927865,-0.4054651081053988,1.1734328887798455,1.968332832287489,0.08878504672897196
-19.56606851851077,-17.806204202612733,-0.4054651081053985,1.1148324550490516,2.0794415406687956,0.08411214953271028
-20.136148648236073,-17.76188014996099,-0.2876820664270712,1.2039728043245137,2.0794415406671245,0.09579439252336448
-19.697844679866495,-17.681385932686645,-0.28768207245315947,1.2186098535750087,2.3184418963475544,0.0794392523364486
-19.971533626615685,-18.16060340175488,-0.4054651081053987,1.3862943611196874,2.1972245603574407,0.09813084112149532
-19.971533626617237,-18.27838643741096,-0.32238679813727583,1.2667189731846002,2.197224560357441,0.0911214953271028
-19.697844676256796,-17.589963764969774,-0.28768206642707106,1.386294361117963,1.7917594692278507,0.0630841121495327
-20.664680802202273,-18.160603401756845,-0.40546510810816405,0.9808292530115235,1.8177733492210035,0.09579439252336448
-19.566068518510445,-17.563699095787513,-0.30306790151521823,1.098612288665781,2.2147964242450517,0.0630841121495327
-19.566068518621332,-17.748795687044932,-0.2513144282791086,1.3985409594752503,2.1972245658754783,0.06775700934579439
-20.259215699070158,-18.05524288609865,-0.405465108108164,1.252762968493967,2.089442330746256,0.0911214953271028
-19.9715336266186,-17.71877064947639,-0.4054651081080629,1.0986122886651422,1.989307851655357,0.08177570093457943
-20.259215699070594,-17.630058164111652,-0.28768206943836305,1.098612288665972,1.791759469224885,0.08411214953271028
-19.971533630579604,-18.160603401755587,-0.3364722364395255,1.0986122886679068,2.318441896334411,0.08177570093457943
-19.98552674872709,-17.899024742401966,-0.4054651081053985,1.2698476305661701,2.0794415416794294,0.08177570093457943
-19.971533626682444,-17.7187706494769,-0.4054651081053987,1.3862943611176912,2.2090440502310105,0.07009345794392523
-19.56606851925245,-17.87292132930451,-0.4054651081079621,1.0986122886679073,2.0794415416794303,0.07476635514018691
-19.869607397670404,-18.115426436957943,-0.40546510810539904,1.218609853575745,2.0794415406671254,0.08411214953271028
-20.25921569907059,-17.718770649476397,-0.470003629246487,1.2527629684939663,1.9459101490542308,0.08878504672897196
-19.638590172688055,-17.58306065212601,-0.40546510810666725,0.9808292530116458,2.026722504897797,0.07710280373831775
-20.06503030016361,-18.021089771179348,-0.2876820724536787,1.386294361119486,2.07944154167943,0.0911214953271028
-20.005775794273674,-17.73642279948456,-0.298918500378261,1.252762968493967,2.089442329735622,0.06542056074766354
-20.005775791809825,-17.806204203440842,-0.287682072451579,1.2843711231913844,2.0358780399118426,0.09579439252336448
-20.005775794911628,-18.115426436957918,-0.40546510810539893,1.0986122886651413,1.7917594692258496,0.0794392523364486
-20.259215699070563,-17.649777777989126,-0.40546510742027997,1.325386397226434,2.394772959737852,0.10981308411214953
-20.390991856789356,-18.215299868189355,-0.4541612811107142,1.0986122886681506,2.07944154167943,0.09345794392523364
-20.136148648236087,-17.95299163678,-0.4054651081053985,1.3752705112414705,2.361839598950911,0.10046728971962617
-19.971533626617582,-17.872921329303818,-0.4054651081053993,1.117973845008489,2.302585092993907,0.07476635514018691
-19.56606851851255,-17.64977777798899,-0.3555828430328739,1.098612288667907,2.1177210282678676,0.07710280373831775
-19.97153362158496,-18.052697925874693,-0.40546510810582986,1.0986122886679077,2.197224577330285,0.07009345794392523
-19.971533622746815,-17.8729213293037,-0.3690974627074788,1.3862943611196872,2.3025850929939082,0.08878504672897196
-20.18809735100259,-17.89902474240008,-0.40546510810711067,1.3862943611194858,2.079441540668796,0.07242990654205607
-20.065030301482434,-18.02108977117943,-0.405465108106681,1.2527629684939654,2.099144541956141,0.102803738317757
-19.625323024470134,-18.055242886098462,-0.40546510810539965,1.0986122886651426,2.197224560357442,0.08644859813084112
-19.971533627267597,-17.72968094272873,-0.28768207245049043,1.2291372494844703,1.7917594692248855,0.06542056074766354
-19.892030077548842,-17.729680942727587,-0.25131442827910744,1.2527629684939676,2.1972245773321464,0.07242990654205607
-19.892030077549933,-17.755138285999404,-0.40546510810539893,1.0986122886651426,1.7917594692258496,0.07710280373831775
-20.259215689530375,-18.1606034017556,-0.42364893019301675,1.1179738450086267,2.1177210282659567,0.08878504672897196
-19.85375059096244,-17.777611149498696,-0.40546510810539876,1.2186098535749235,2.035878039421948,0.07710280373831775
-20.136148648235082,-17.912980747491282,-0.2876820664270716,1.2667189731845996,2.07944154167943,0.09345794392523364
-19.971533627267995,-17.97828184496009,-0.40546510810540126,1.2992829841294098,2.117721022749783,0.06542056074766354
-20.136148646857947,-17.718770649476134,-0.22314355021782625,1.3862943611195466,2.035878039911843,0.07710280373831775
-20.390991865633364,-18.006452721929403,-0.387281286020924,1.1862503387345331,2.3025850929938434,0.08878504672897196
-19.892030077551702,-18.006452722376935,-0.3527848502788307,1.0986122886674599,1.8783538145282115,0.05841121495327103
-19.85375059096269,-17.662024376344903,-0.22314355131250146,1.3862943611194862,2.484906649784829,0.0794392523364486
-20.005775792364275,-17.98673310805194,-0.4054651081079619,1.1862503387344956,2.0794415416794294,0.10046728971962617
-19.56606851851255,-17.62232327878338,-0.25131442827910855,1.0986122886679084,1.7917594692248842,0.06542056074766354
-20.25921569740374,-18.160603401755367,-0.2876820724515794,1.3862943611194867,2.1519631958566112,0.0911214953271028
-19.625323025625292,-17.76188015040203,-0.39661531955834034,1.2980247537258611,2.014903020538972,0.053738317757009345
-20.065030300166857,-18.006452721928582,-0.40546510810816416,1.0986122886659717,1.7917594692248842,0.0794392523364486
-19.659565190175556,-17.96543744789387,-0.40546510810539904,1.2734608299404084,2.0794415416794294,0.07242990654205607
-19.566068518510612,-17.790473204344057,-0.26048899761289157,1.2186098535763457,2.1177210272553224,0.08177570093457943
-19.971533626617948,-17.76188015040197,-0.4054651081081633,1.2527629684939667,2.0794415416794294,0.07710280373831775
-19.566068519101705,-17.75513829364649,-0.5108256237658861,1.0986122886657808,2.2314667449209407,0.07242990654205607
-19.97153362662,-18.229596273242816,-0.40546510810539915,1.3862943611196865,2.3947729592521476,0.09345794392523364
-19.739068741126914,-17.649777777987264,-0.2876820694383633,1.3862943611196872,2.4849066497848282,0.0630841121495327
-19.971533626617703,-17.872921329979768,-0.40546510810539976,1.1753974081593928,1.921361989226695,0.07242990654205607
-20.66468080717823,-18.34292495854953,-0.4054651081053995,1.2992829841294096,2.117721022749782,0.07710280373831775
-19.97153362661979,-17.77761114949848,-0.2876820724530626,1.0254577264188258,1.9213619892394476,0.06775700934579439
-20.065030300162903,-17.872921329302923,-0.40546510810539815,1.107843786268211,2.0927086898973624,0.08644859813084112
-20.076894142271545,-18.160603399462648,-0.4054651081053984,1.0986122886651413,1.7917594692279002,0.10046728971962617
-20.065030300165215,-17.718770647910908,-0.4054651081053988,1.098612288665142,1.8093313161404596,0.0630841121495327
-20.00577579420801,-17.789984037059728,-0.2876820724530622,1.218609853576199,1.9683328321887545,0.0794392523364486
-20.259215699069713,-18.021089771176797,-0.4054651081081651,1.169995611048479,2.0358780394252416,0.08878504672897196
-19.892030077550857,-17.56369909578549,-0.3120771545377772,1.2527629684940371,1.96833283225942,0.08411214953271028
-19.971533626619657,-18.160603401755594,-0.30655223644338553,1.098612288667907,2.302585092992552,0.102803738317757
-20.00577579555405,-18.160603401756596,-0.28768207245158006,1.3752705154480862,2.117721022749782,0.08177570093457943
-20.136148648234823,-18.160603401755598,-0.40546510810806313,1.2186098535745378,2.07944154167943,0.11214953271028037
-19.85375058403241,-18.0064527233736,-0.40546510810806263,1.2667189731846011,2.17174985594397,0.07710280373831775
-19.892030075161745,-17.662024376347865,-0.3334149361202538,1.386294361119686,2.302585092992551,0.08177570093457943
-20.259215699070445,-17.872921329303217,-0.2876820724531601,1.3363928910353897,2.302585092992553,0.09813084112149532
-19.97153362269289,-17.806204203443247,-0.4054651081066813,1.1556777942841896,1.968332832287489,0.08878504672897196
-19.65956519205529,-17.790473204343293,-0.4054651074202805,1.1558208998980173,2.315269388654143,0.08177570093457943
-19.85375059346711,-17.91298075580898,-0.4054651081053997,1.386294361119486,2.209044051078215,0.10747663551401869
-20.259215699070424,-18.006452721928355,-0.4054651081081633,1.098612288667967,2.03587803990855,0.10981308411214953
-19.85375059096095,-17.718770648474752,-0.3092281439789826,1.386294361119687,2.3751067471705376,0.08644859813084112
-20.259215699071166,-17.912980747091236,-0.4054651081066807,1.114832455048839,2.050713801584629,0.09579439252336448
-19.566068518508125,-17.64977777798864,-0.4054651081053984,1.0986122886679064,2.117721022749781,0.06542056074766354
-19.8537505913688,-17.761880150402416,-0.4054651081053981,1.098612288667907,2.3184418963358353,0.0911214953271028
-19.892030075243518,-17.77425303796378,-0.2876820724504908,1.3862943611176919,2.24732354827465,0.09813084112149532
-19.892030077550878,-17.554467598186186,-0.3080930697132873,1.1827045475045628,2.0894423307462566,0.07242990654205607
-20.259215699070587,-17.777611149497886,-0.3718954566902378,1.2527629684939667,2.0358780399118435,0.08177570093457943
-20.259215699070587,-18.055242886097055,-0.28768207245454436,1.3665747472423186,2.231466744920941,0.10046728971962617
-20.065030300164473,-17.72968094172893,-0.4054651081079481,0.9495141273207348,1.7016257792045244,0.06775700934579439
-19.8537505909601,-17.718770650194017,-0.4054651081053997,1.3060248408843922,2.197224565875475,0.07710280373831775
-19.97153362661944,-17.777611149499506,-0.2876820664270716,1.2527629684939667,2.0794415416794303,0.08878504672897196
-20.331737353248386,-17.73642279948313,-0.25131442827910777,1.386294361119686,2.2090440510782146,0.08878504672897196
-19.892030077551542,-17.76188015526128,-0.3364722366212126,1.4179025158163205,2.079441540668796,0.07476635514018691
-19.848466575782354,-17.563699095786,-0.2876820664270706,1.1065074811629794,1.9683328322869857,0.06775700934579439
-19.789212069826405,-17.736422799482273,-0.2876820724545452,1.3862943611194856,2.197224577332146,0.08177570093457943
-19.97153362661762,-17.755138293647253,-0.4054651081081636,1.2527629684939665,2.117721022749783,0.10046728971962617
-20.076894142275123,-18.115426436959336,-0.40546510810539904,1.098612288667907,2.0358780394252407,0.08177570093457943
-19.971533626618665,-18.00645272192834,-0.4054651081053986,1.3862943611195468,1.968332832188754,0.08177570093457943
-19.97153362661954,-17.649777777988803,-0.4054651081066807,1.325386397225664,2.2314667449209393,0.08878504672897196
-20.259215699070587,-17.98673310589152,-0.31015492830154284,1.1422869542546996,1.9894282991538228,0.09345794392523364
-19.97153362182634,-17.87292133057568,-0.298918500379007,1.0986122886679073,1.7917594692258496,0.0630841121495327
-19.97153362165646,-18.006452721929655,-0.4054651081066807,1.0986122886651422,1.630412931802318,0.08644859813084112
-19.65956519205765,-17.670475639436738,-0.4054651081053984,1.277742823061472,2.018494217298471,0.07009345794392523
-20.259215699070158,-17.761880150402703,-0.40546510810796155,1.2273056175666572,2.2314667334642713,0.07710280373831775
-20.664680802202138,-18.115426436959556,-0.38500309304350133,1.1604721558580817,1.7917594692280014,0.10046728971962617
-20.66468080717823,-18.08685104213845,-0.3051297603755221,1.0986122886651426,2.117721022749782,0.09579439252336448
-20.259215699070587,-18.086851040795338,-0.28768206943885044,1.341117396321364,1.7917594692280023,0.0794392523364486
-19.697844676274254,-17.649777777988643,-0.2876820694393248,1.2632903644022366,2.105455421673388,0.07476635514018691
-19.971533621775215,-17.790473204343165,-0.4054651081053995,1.0986122886651422,2.0358780399085497,0.08177570093457943
-19.56606851851068,-17.872921329295757,-0.18232155679375822,1.3381022955646524,2.4849066497848287,0.07476635514018691
-19.971533626617564,-17.777611149499318,-0.26949824735308997,1.2912828969705583,2.079441540668795,0.0630841121495327
-19.638590172688072,-17.422279256397122,-0.2513144282791079,1.3862943611195466,2.117721022749784,0.05841121495327103
-19.566068518511315,-17.554467598184132,-0.2876820664270711,1.1786549963393087,1.7917594692280021,0.0794392523364486
-19.971533626619063,-18.00645272192733,-0.3966153195583424,1.252762968493968,2.014903020537387,0.07476635514018691
-19.638590173990828,-17.872921329304248,-0.40038892237418755,1.2527629684939667,2.1054554216733883,0.06542056074766354
-19.566068518510647,-17.75513829364594,-0.40546510810539943,1.2186098535761998,2.117721028265957,0.0794392523364486
-19.566068518509333,-17.649777777990998,-0.2513144282791077,1.3862943611196865,2.4849066497848287,0.07476635514018691
-20.25921569906823,-18.00645272192895,-0.28768207245315924,1.2186098535762,1.9683328322610052,0.0794392523364486
-20.259215701125264,-17.837812358136794,-0.2876820724530622,1.1680674982527612,2.079441540668796,0.09813084112149532
-20.259215699070563,-17.777611149498476,-0.22314355076516326,1.2612142315843256,2.197224577332146,0.07009345794392523
-20.259215699070374,-17.96543744789254,-0.40546510810539826,1.2667189731571373,2.3618395989496204,0.09579439252336448
-20.0650303001665,-17.98673310805163,-0.40546510810539915,1.1434078512130168,2.117721028267818,0.07009345794392523
-19.89203007755054,-17.718770649474454,-0.2876820724515796,1.3862943611196865,2.197224565873617,0.0630841121495327
-19.97153362661721,-17.67047563943629,-0.3324881517965207,1.252762968493967,2.197224565873615,0.08177570093457943
-19.9249634363695,-18.006452721928717,-0.2876820724545439,1.4211601039954849,2.197224577336062,0.07710280373831775
-20.259215697402603,-17.71877064994825,-0.22314355131420566,1.379259126018048,2.256014904737599,0.08644859813084112
-19.971533626617763,-17.97828184340068,-0.3364722366212129,1.2527629684939672,2.079441540182195,0.08644859813084112
-19.69644137253613,-18.006452721928607,-0.40546510742028086,1.386294361119486,2.197224577336012,0.07710280373831775
-20.259215681327507,-17.755138293646656,-0.2876820724515796,1.252762968494321,2.197224577332145,0.07476635514018691
-19.971533621775848,-17.71877064947501,-0.25131442828000655,1.2039728043244509,1.9459101490272266,0.07009345794392523
-19.65956519205961,-17.541854644333498,-0.3465735902790264,1.1349799328378145,1.80502661744586,0.0630841121495327
-19.892030075188064,-17.761880150401662,-0.3669845875387137,1.2667189731846007,2.0794415416794316,0.08177570093457943
-19.853750590963546,-18.03333636953517,-0.27079864121634606,1.1179738450086054,2.2314667449248056,0.08411214953271028
-19.444404773783013,-17.493559634293245,-0.18232155679383022,1.3060248408830155,2.318441896347554,0.06074766355140187
-20.00577579420782,-17.94454037369079,-0.4054651081081637,1.0986122886679075,1.7917594692279004,0.08411214953271028
-20.136148648234666,-17.899024744354612,-0.4054651081081635,1.2527629684939678,2.3025850929938416,0.09345794392523364
-20.13614864823467,-17.96543744789065,-0.40546510810539843,1.3862943611196865,2.197224577332147,0.09345794392523364
-19.892030075208815,-17.872921329300596,-0.40546510810539904,1.1587958395288254,2.197224577330285,0.0794392523364486
-19.971533626728174,-17.670475639439697,-0.4054651081079621,1.3862943611196865,2.3025850929939082,0.08177570093457943
-19.869607387193582,-17.91298074709145,-0.287682072453062,1.252762968493967,2.1177210282659558,0.08878504672897196
-19.971533626619657,-17.729680942726013,-0.2876820724545446,1.2527629684939667,2.0794415416795444,0.07242990654205607
-20.065030300163336,-17.8729213293042,-0.40546510810816305,1.0986122886651422,2.0358780399118426,0.08644859813084112
-20.005775794273823,-17.60460081319207,-0.4054651081053988,1.2527629684939683,2.4849066497848273,0.07009345794392523
-19.56606851851255,-17.58523925684891,-0.40546510810539965,1.2076995603206422,2.4981737980043195,0.0794392523364486
-19.789212069824032,-17.55446759818766,-0.2153914580461245,1.2722380814626366,2.079441540668796,0.0630841121495327
-19.659565192327992,-17.589963765046974,-0.28768207245157773,1.2039728043245144,2.0794415416794285,0.07242990654205607
-19.85375059096282,-17.75513829364641,-0.405465108105399,1.0986122886679062,2.231466744924909,0.08177570093457943
-19.56606851851242,-17.899024745390676,-0.4054651081058305,1.098612288667907,1.8260016363308194,0.0794392523364486
-19.56606851862106,-17.574609389036063,-0.3966153195583413,1.0986122886679068,2.2314667449203185,0.06542056074766354
-19.971533626651187,-17.699051034954934,-0.4054651081053992,1.3862943611194862,2.197224565873616,0.08644859813084112
-19.986652631700185,-17.978281844961014,-0.3955637937744623,1.0986122886679068,2.214796424245051,0.0794392523364486
-19.85375059096245,-17.54185464433329,-0.4054651081053986,1.386294361117753,2.1972245658736163,0.0630841121495327
-20.06503030021133,-18.001370156663814,-0.4054651081053989,1.3862943611195462,2.405403100717029,0.08644859813084112
-19.971533626619063,-17.872921329301896,-0.40546510810539876,1.386294361119486,2.0741575209821956,0.07710280373831775
-19.971533626615184,-17.76188015040304,-0.40546510810539843,1.0501501358897571,1.9893078516570672,0.07710280373831775
-20.66468080028287,-18.160603401755324,-0.40546510810935277,1.2632903644032034,1.8958872678363776,0.10981308411214953
-19.69784467864636,-17.872921329301047,-0.4054651081053984,1.3862943611196856,2.105455420661912,0.07710280373831775
-20.00577579728114,-17.80620420344084,-0.35278485027882234,1.2273056175553432,1.9656131511456332,0.07710280373831775
-19.97153361946819,-17.64977777798915,-0.3193294976367852,1.0986122886679668,2.1972245773321974,0.07476635514018691
-20.25921569906991,-17.79047320434369,-0.29685664151773883,1.0986122886679075,2.0358780394252416,0.08177570093457943
-20.005775794208482,-17.662024376825606,-0.35278484886791817,1.3862943611195464,2.1177210227497825,0.06775700934579439
-19.971533621760347,-17.670475639435548,-0.29891850037804185,1.1604721558582183,2.07944154167943,0.07476635514018691
-19.97153362165646,-17.912980747091318,-0.40546510810539904,1.2527629684939665,2.0358780394252407,0.08177570093457943
-20.390991856788162,-18.160603401756347,-0.1823215567939544,1.3862943611194858,2.0358780394252407,0.09345794392523364
-19.971533626617326,-17.718770649474752,-0.1823215567937586,1.5040773967733054,2.6390573295742192,0.07710280373831775
-20.005775791781495,-18.055242886097716,-0.36568419669043306,1.0986122886679073,2.0149030205389713,0.07710280373831775
-19.659565193363772,-17.8062042034392,-0.40546510810539893,1.0986122886679066,2.117721022749783,0.07242990654205607
-20.259215696210738,-17.5804448952765,-0.2876820694382367,1.3862943611194858,2.167819999211736,0.07242990654205607
-20.664680801272794,-18.229596273242308,-0.28768207245157934,1.2527629684547321,2.1177210282659567,0.09579439252336448
-20.259215699068676,-17.919166533252028,-0.28768206943932495,1.1862503387352974,2.209044061691546,0.0911214953271028
-20.25921569906864,-17.64977777798962,-0.28768207245158006,1.0986122886679062,1.791759469225898,0.07242990654205607
-19.566068518511262,-17.89902474240065,-0.4054651081071108,1.2527629684939674,2.079441540668795,0.07009345794392523
-20.541613753932584,-18.342924958549563,-0.3465735902798715,1.098612288665142,2.1177210282659567,0.102803738317757
-19.971533626617717,-17.904529484000424,-0.40546510810668085,1.3862943611194862,2.2314667449248047,0.0911214953271028
-20.259215699070594,-18.05524288609691,-0.3010060429246603,1.175573329804243,2.07944154167943,0.102803738317757
-19.69784467634058,-17.729680942728702,-0.4054651081053986,1.114832455048407,1.8783538145154606,0.0630841121495327
-20.390991856788204,-18.086851040794276,-0.28768207245157973,1.3862943611195466,2.2314667449209393,0.0911214953271028
-19.810187089194578,-17.60460081319248,-0.35278484904976026,1.1217006010088086,1.7917594692280021,0.07242990654205607
-20.06503029778846,-17.965437447891862,-0.3101549283028877,1.203972804325728,2.0358780394219487,0.08878504672897196
-19.853750590962832,-17.872921329301782,-0.32238679813810983,1.0986122886679075,2.0794415416794294,0.08644859813084112
-19.971533623055006,-17.95993270629345,-0.33962619611921374,1.098612288667907,2.197224565873615,0.07009345794392523
-19.566068518511752,-17.965437447893667,-0.18232155679477086,1.3060248408847104,2.484906649784829,0.07710280373831775
-19.97153362665229,-17.87292132930485,-0.28768207245306143,1.386294361119486,2.1717498559439687,0.09345794392523364
-20.39099185706193,-18.244233322495177,-0.4054651081080628,1.0986122886659726,1.8418584401713545,0.09579439252336448
-20.065030300165567,-17.91298074936254,-0.2372289897965586,1.325386397225056,2.18883937633526,0.08644859813084112
-19.97153362661721,-17.806204203439343,-0.2876820664270714,1.2039728043257907,2.014903020337199,0.06074766355140187
-19.659565192059464,-17.71877064947799,-0.4054651081053983,1.0986122886679064,1.7977229392949035,0.06542056074766354
-20.02163259756426,-17.649777777989588,-0.4054651081079622,1.0986122886651413,1.7917594692248855,0.07242990654205607
-19.97153362171167,-17.755138293646695,-0.3610673587174872,1.3411173963230294,2.1177210282659567,0.08177570093457943
-20.390991856796884,-18.383746953069313,-0.4054651081081635,1.2063632552196668,2.0991445419561408,0.10981308411214953
-19.566068518511116,-17.649777777989605,-0.2231435513132557,1.3862943611195457,2.197224577332146,0.06775700934579439
-20.136148643324578,-18.006452722314283,-0.40546510810816394,1.0986122886659708,2.117721022749781,0.09345794392523364
-19.892030075218916,-17.649777777989573,-0.18232155679289827,1.3862943611196872,2.1972245773302843,0.06542056074766354
-19.566068518510832,-18.06283822849248,-0.4054651081066811,1.0986122886659722,2.3771244021861615,0.09345794392523364
-19.869607394317498,-17.718770649475367,-0.2876820724531597,1.20769956032525,1.9459101490272264,0.07009345794392523
-19.415446618976983,-17.493559634290797,-0.4054651081053983,1.2527629684936095,2.0358780394252403,0.0630841121495327
-20.13614864887202,-18.00645272192873,-0.40546510810539915,1.0986122886679075,1.7917594692258487,0.08411214953271028
-19.971533626618488,-17.986733108051318,-0.4054651081053984,1.1840931721606902,2.1177210282659558,0.0794392523364486
-19.97153362661932,-17.79047320434394,-0.2513144282570433,1.0986122886651422,2.4849066497848296,0.08878504672897196
-19.5660685185129,-17.790473204344302,-0.22314355021782506,1.3862943611194862,2.484906648776062,0.09579439252336448
-19.443001467673593,-17.411426325824117,-0.22314355131325475,1.2632903644022364,2.178209235379536,0.07009345794392523
-20.259215699070594,-17.87292132938018,-0.34288353663163257,1.291282896970558,2.394772959765401,0.08878504672897196
-20.259215699070587,-18.181301265941393,-0.3465735902790269,1.0183427684318727,2.035878039911842,0.08177570093457943
-20.136148646857972,-18.16060340175592,-0.2876820724545443,1.1840931721601438,2.014903020538953,0.102803738317757
-20.259215699070594,-18.006452721928618,-0.3168618800433618,1.0986122886679075,2.23146674492094,0.08411214953271028
-19.97153362661798,-17.71877064847209,-0.28768207245157995,1.386294361119486,2.1972245658736154,0.0794392523364486
-19.85375059096242,-17.60460081319194,-0.40546510810539915,1.1576749425710582,2.079441540182194,0.07476635514018691
-19.82091172714268,-17.649777777989158,-0.2876820724516774,1.1726463757568886,1.805026617447077,0.08177570093457943
-19.853750590962584,-17.662024376345357,-0.4054651081053998,1.325386397226434,2.302585092992552,0.07009345794392523
-19.810187089197502,-17.755138291338117,-0.28768207245157873,1.2947227074151413,2.0220461650513846,0.0794392523364486
-19.971533626619394,-17.699051035601975,-0.40546510810796194,1.1148324550492976,1.945910149014476,0.07710280373831775
-20.259215699070612,-18.160603401755587,-0.40546510810668146,1.0986122886679066,1.7917594692248855,0.0911214953271028
-20.00577579420777,-17.718770649476625,-0.22314355131335534,1.2777428230635337,1.7917594692280168,0.07009345794392523
-19.853750590961095,-17.832307616534244,-0.40546510810539943,1.0608719606852408,2.105455420662753,0.08878504672897196
-19.566068518639206,-18.16060340175615,-0.510825623765887,1.098612288665142,2.079441540668795,0.07476635514018691
-20.065030296741828,-17.912980747092107,-0.4054651081053986,1.098612288667907,2.0358780399085497,0.0911214953271028
-19.81018708919456,-18.006452721929364,-0.28768207245219646,1.3862943611195466,2.3152694106697895,0.0794392523364486
-20.06503029779083,-17.872921330538077,-0.3904876087283689,1.1402898059677733,2.2314667449203176,0.08177570093457943
-19.9715336266191,-17.978281844961234,-0.4054651081053998,1.2632903644023967,2.3947729597378498,0.08177570093457943
-19.782632240491246,-17.649777777988383,-0.40546510810539926,1.2527629684939665,1.9095425048844328,0.06542056074766354
-20.259215699070598,-18.175240451009035,-0.4054651081081635,1.2667189731846,2.13849189786629,0.09345794392523364
-19.971533619405914,-17.872921330703303,-0.3872812860209241,1.2257165135890384,2.1717498448627075,0.08878504672897196
-19.97153362280205,-17.899024745133477,-0.28768207245157923,1.3217558399808378,2.4080401079819573,0.11448598130841121
-19.56606851851126,-17.755138293647992,-0.2876820724545443,1.2527629684939674,1.9497563477894904,0.08177570093457943
-20.259215699069834,-17.87292132930449,-0.32217850819569227,1.1065074811629798,1.9437846724732268,0.08644859813084112
-19.566068518511123,-17.64977777798852,-0.25131442827910844,1.2527629684939665,2.1177210282678187,0.056074766355140186
-20.13614864823385,-18.181301263202016,-0.39661531955834295,1.5040773967733057,2.2147964242489167,0.08644859813084112
-20.390991859207837,-18.006452721928532,-0.4054651081053995,1.252762968493967,2.07944154167943,0.09345794392523364
-20.25921569906867,-18.160603402513352,-0.4054651081053984,1.098612288667907,2.0358780399118426,0.08644859813084112
-19.971533626618754,-17.988525756256863,-0.25131442827910855,1.098612288667908,1.8260016368161192,0.08411214953271028
-20.259215695166393,-18.160603401754134,-0.3465735902798712,1.2928223862811339,2.197224565873616,0.08411214953271028
-20.136148648234443,-17.58523925685332,-0.31932949763584945,1.1108588870240983,2.0358780399118426,0.08177570093457943
-19.892030077550253,-18.006452721926358,-0.4054651081053985,1.1465492411732974,2.0358780394252416,0.07242990654205607
-19.971533622803975,-18.006452721928643,-0.40546510810539893,1.3862943611194862,2.3184418963357016,0.0794392523364486
-20.25921569907043,-18.160603401755143,-0.3718954566902377,1.1108588870239589,2.079441540182194,0.0794392523364486
-19.62532302446779,-17.64977777798807,-0.31932949763742513,1.2039728043259366,2.2854955726026835,0.08878504672897196
-20.16908200876852,-18.006452722332966,-0.38107002602196416,1.3862943611170393,2.2090440616903186,0.09345794392523364
-19.198882894604125,-17.32794259061908,-0.20273255405322776,1.0986122886651422,1.8418584401713556,0.06074766355140187
-19.56606851851142,-17.7296809427274,-0.4054651081053997,1.175397408161005,1.8300389558162395,0.07242990654205607
-19.89203007524351,-17.729680942726958,-0.2694982473530898,1.203972804325728,2.0794415416794294,0.07009345794392523
-19.85375059096186,-17.541854644333178,-0.2876820694393245,1.3862943611196865,2.07944154167943,0.0630841121495327
-20.13614864823465,-17.87292132463674,-0.3966153195583415,1.0986122886659717,1.9893078511704654,0.07009345794392523
-19.853750590963354,-17.912980747091737,-0.4054651081079619,1.0986122886651422,2.117721028265957,0.09345794392523364
-19.971533626650658,-18.02108977117821,-0.2513144282791089,1.3862943611176923,2.086142810019615,0.0794392523364486
-20.021632598907473,-17.790473204344913,-0.40546510810539865,1.203972804323905,2.1972245773321974,0.0911214953271028
-20.136148648234652,-17.80620420310015,-0.2876820694382375,1.3253863972250555,2.105455421672546,0.0794392523364486
-19.9715336266186,-18.006452721928536,-0.4054651081053988,1.0986122886679066,1.9893078516570668,0.0911214953271028
-19.971533626619063,-17.64977777798903,-0.39007927877471194,1.2039728043257887,2.0149030203372,0.08177570093457943
-19.97153362280302,-17.64977777798941,-0.2876820694382375,1.0986122886659717,1.7917594692280026,0.053738317757009345
-19.566068518511177,-17.872921329303825,-0.2876820694383635,1.203972804323521,2.040859612337736,0.0794392523364486
-19.97153362661835,-17.806204203439464,-0.4054651081053985,1.299282984128032,2.145275874564741,0.06775700934579439
-19.609466221114708,-17.64977777798946,-0.2616240718822478,1.0986122886679073,2.079441540668797,0.07476635514018691
-19.566068518511283,-17.32794258468939,-0.28768207245110433,1.252762968494549,1.9459101490537103,0.0514018691588785
-20.136148645213556,-17.899024744595046,-0.39007927877471166,1.0986122886679075,2.0358780399118435,0.07242990654205607
-19.63859017268713,-18.00645272192878,-0.40546510742028097,1.252762968493967,1.791759469224884,0.06775700934579439
-19.97153362661979,-17.670475638744968,-0.2876820724516775,1.4153346765641774,2.171749850429543,0.09345794392523364
-19.853750590963525,-17.729680942730305,-0.2918314738599834,1.1587958395288271,2.0358780399118426,0.0630841121495327
-20.259215704091307,-17.87292132930257,-0.4054651081053985,1.3862943611176926,2.2314667449209393,0.08878504672897196
-20.25921569907115,-18.086851040796486,-0.5108256237673721,1.0986122886651422,2.0149030203356144,0.09579439252336448
-19.566068518643192,-17.718770649476813,-0.24988789378880089,1.386294361119686,2.117721028265956,0.056074766355140186
-19.810187089196127,-17.56369909578879,-0.2876820694393257,1.386294361119686,2.2090440502297852,0.07476635514018691
-19.89203007754928,-17.872921329302144,-0.4054651081053986,1.3862943611196863,2.1177210282659553,0.08411214953271028
-19.659565192059556,-17.87292132930309,-0.4054651081066807,1.218609853574924,2.0794415401821946,0.07009345794392523
-19.853750590962424,-17.729680942726674,-0.2876820724515798,1.2527629684939674,2.0794415416794307,0.07476635514018691
-19.566068519138973,-17.662024376346963,-0.30922814397801895,1.386294361119686,1.912976788226166,0.06074766355140187
-19.971533626615543,-17.965437447893798,-0.28768207245454486,1.1078437862679649,2.117721022749782,0.08411214953271028
-19.97153361977245,-17.872921324513563,-0.39007927877471216,1.0986122886651422,2.0794415416794294,0.08411214953271028
-19.89203007516191,-18.00645272390293,-0.4054651081080626,1.2527629684939665,2.4849066497857772,0.08644859813084112
-20.259215694072626,-18.006452721928206,-0.2876820724515785,1.2527629684939667,2.07944154167943,0.08177570093457943
-20.390991866504983,-17.790473204341378,-0.28768207245158,1.0986122886679066,2.079441540668796,0.07242990654205607
-20.259215699070584,-18.021089771180296,-0.40546510810539915,1.098612288667908,2.079441540668795,0.10514018691588785
-19.869607394319644,-17.87292132930268,-0.35278484904862634,1.1078437862679653,2.3184418963357016,0.07476635514018691
-20.33173735083429,-17.872921329304745,-0.36288620393749005,1.3411173963214804,2.129540512622972,0.10514018691588785
-19.971533626651187,-17.82208136329117,-0.4003889216890698,1.3411173963230294,2.117721028265956,0.08411214953271028
-20.259215703328948,-17.872921329303367,-0.4054651081053985,1.2527629684943211,2.0794415416794294,0.0911214953271028
-20.06503030016653,-17.872921329303338,-0.2153914574991024,1.3862943611196865,2.0794415416794294,0.0911214953271028
-19.56606851861992,-17.56369909578787,-0.2876820664270718,1.386294361119486,2.498173798006289,0.07710280373831775
-19.566068518510846,-17.718770649477847,-0.30100604292465993,1.3665747472416054,2.1972245773302843,0.06542056074766354
-20.25921569907115,-17.63005816410943,-0.28768206642707156,1.0986122886679064,1.7917594692248853,0.06074766355140187
-20.25921569413532,-17.978281844961302,-0.40546510810539915,1.3862943611195468,2.302585092993842,0.10747663551401869
-19.971533621775013,-17.736422799482767,-0.2876820724506163,1.3862943611195466,2.231466744924805,0.07009345794392523
-19.89203007512778,-18.160603401755598,-0.287682072454545,1.1753974081610057,2.079441541679545,0.09813084112149532
-19.853750595938394,-17.806204205117282,-0.40546510810539826,1.3862943611173109,1.8418584401586022,0.07710280373831775
-20.259215699071152,-17.90452948416858,-0.3718954554612662,1.2039728043257898,1.85355648311623,0.10046728971962617
-19.56606851851,-17.64977777798844,-0.4054651081081636,1.2527629684943817,2.07944154167943,0.07710280373831775
-19.892030077550253,-17.76188015040305,-0.36106735853554495,1.3718608600759181,1.8958872678363778,0.0630841121495327
-19.89203008411889,-18.06748948285502,-0.28768207245049093,1.2574874755848293,2.079441540182194,0.08177570093457943
-19.85375059096243,-17.729680942725995,-0.2876820724545438,1.1041170302684116,2.197224577332146,0.056074766355140186
-19.782632242893392,-17.718770649476088,-0.2876820694393249,1.2039728043257898,2.1972245773321952,0.0630841121495327
-19.971533626618402,-17.335537933014344,-0.38122949022765573,1.2527629684939674,2.197224560357442,0.07242990654205607
-20.196806459221527,-17.87292132930364,-0.287682072450142,1.2844846798167717,1.8783538145282128,0.0911214953271028
-19.566068518513106,-17.718770649475154,-0.28768207245157884,1.0986122886651422,2.117721028265956,0.056074766355140186
-20.259215699070555,-18.22959627323981,-0.40546510810539865,1.1862503387363084,2.2473235482786205,0.10514018691588785
-19.971533621657287,-17.790473204342835,-0.2513144282791086,1.2186098535749244,2.1972245773302843,0.07009345794392523
-19.566068518511955,-17.904529484001138,-0.4054651081053995,1.0986122886659722,1.9683328322874898,0.06074766355140187
-19.971533626615184,-18.096064880618002,-0.2876820724515786,1.2527629684940365,2.3025850929938425,0.0794392523364486
-19.971533626649848,-17.583060652127134,-0.18232155679375817,1.5040773967733063,2.729025219983117,0.08177570093457943
-20.06503030016573,-18.006452721928355,-0.40546510810539926,1.2612142315841435,2.1717498559475796,0.09579439252336448
-19.97153362665202,-18.07289503610465,-0.4054651081079623,1.098612288667907,1.7917594692248848,0.08411214953271028
-19.566068518649825,-17.912980747091368,-0.4054651081081645,1.0986122886679066,2.026722504897797,0.07476635514018691
-20.076894142274757,-18.16060340175562,-0.31622655594356586,1.3173863100669303,2.3184418963357016,0.10514018691588785
-19.971533626620904,-17.965437447892118,-0.40546510810816383,1.3253863967773238,2.0149030205422642,0.07710280373831775
-19.853750590963116,-17.978281844958794,-0.3080930694414548,1.3208261205110812,2.151963195854213,0.09345794392523364
-20.259215699070587,-17.87292132930322,-0.287682072453062,1.2241875723307267,2.0794415416794303,0.07009345794392523
-19.971533626618193,-18.18130126320233,-0.40546510810796244,1.3665747472422585,2.197224577332196,0.08878504672897196
-19.892030077548675,-17.904529484001543,-0.26048899761289224,1.0986122886679668,2.1177210272553215,0.06775700934579439
-20.259215699070158,-17.97828184496082,-0.2876820694393251,1.252762968493967,2.3184418963357025,0.08644859813084112
-19.85375059095795,-18.00645272192845,-0.3955637944595795,1.2186098535645753,1.9459101490272261,0.09345794392523364
-19.97153362661665,-17.872921329301718,-0.4054651081053987,1.0986122886679068,2.197224565873616,0.08177570093457943
-19.6978446762849,-18.006452721929477,-0.4054651081081643,1.1179738445606597,2.361839598951045,0.0794392523364486
-19.97153362661828,-17.777611149498476,-0.32838976819411225,1.2527629684939683,2.197224565873615,0.08644859813084112
-20.25921569906956,-18.001370157302148,-0.40546510810806263,1.0986122886679068,1.9459101490537098,0.09345794392523364
-20.25921569907126,-17.72968093982779,-0.33647223643926116,1.3862943611194862,2.2314667449203185,0.08177570093457943
-19.89203007755058,-17.66202437634864,-0.40546510810540004,1.386294361119486,2.302585092993908,0.0630841121495327
-19.971533626615543,-18.00645272192856,-0.2876820724515775,1.158795839529373,2.2314667449209384,0.07710280373831775
-19.853750590962527,-17.367595422773633,-0.22314355131260194,1.2722380814630057,2.2560149047396543,0.09345794392523364
-20.39099185678819,-18.11542643695901,-0.40546510810539804,1.3411173963231335,2.3184418963475553,0.08644859813084112
-19.97153362665229,-17.7551382936458,-0.42227341350733405,0.9356522877670199,2.1177210272571836,0.09345794392523364
-20.25921569907148,-18.160603401754326,-0.4054651081053987,1.203972804325937,2.108565492241999,0.09579439252336448
-19.56606851851185,-17.76188015040357,-0.3711687123761453,1.3411173963213634,2.0794415416794285,0.056074766355140186
-19.566068518510612,-17.718770649476145,-0.2876820724515795,1.2300938751989139,2.074157520982196,0.07009345794392523
-20.259215699197554,-18.24423332249325,-0.2876820724545449,1.2186098535761998,2.2473235482666643,0.1308411214953271
-19.97153362662,-17.872921329303164,-0.4054651081081646,1.098612288665142,1.7917594692258985,0.07242990654205607
-19.85375059096163,-17.755138293647,-0.3955637944595798,1.0503172786253732,1.9497563477630242,0.08644859813084112
-20.259215699069635,-17.6497777779871,-0.25277428333233776,1.1302204433647074,2.197224577336062,0.06775700934579439
-20.065030300166512,-18.16060340175463,-0.30809306971086947,1.098612288667907,1.8260016363309237,0.09813084112149532
-20.259215699071255,-17.959225951039762,-0.4054651081053986,1.135835853532187,1.7917594692279,0.08878504672897196
-19.56606852044446,-17.670475639435764,-0.4054651081079613,1.0986122886651428,1.791759469225898,0.0630841121495327
-20.005775794206777,-17.84516967069754,-0.28768207245157984,1.0986122886659717,1.7917594692280012,0.07476635514018691
-20.06503030016573,-18.18130126320126,-0.405465108108063,1.0986122886651413,2.256014904712721,0.11214953271028037
-20.541613762057853,-17.699051035598817,-0.25131442827910866,1.2241875723287248,1.7917594692278511,0.07009345794392523
-20.259215699070598,-18.096064880617764,-0.2876820664270706,1.0986122886679077,2.2907212508780073,0.10046728971962617
-19.971533626617184,-17.649777777989602,-0.2513144282791092,1.2132772790753807,2.2854955726020623,0.07476635514018691
-19.37188311960616,-17.67047563943571,-0.40546510810539893,1.2527629684660468,2.0149030203372003,0.06775700934579439
-20.259215699070587,-17.73642279948423,-0.40546510810539865,1.2527629684945432,1.841858440158605,0.07009345794392523
-20.005775794208493,-17.670475638762664,-0.4054651081053986,1.146549241172585,2.117721028265957,0.0794392523364486
-19.625323025654133,-17.755138293646198,-0.40546510810540004,1.2273056175553418,2.5191488168879164,0.0794392523364486
-20.13614864823203,-17.73642279948304,-0.2513144282791091,1.2928223862825923,2.302585092993842,0.08878504672897196
-20.065030300164707,-17.872921329303427,-0.4003889216890708,1.1332545708701023,2.117721022749782,0.0794392523364486
-19.8920300793534,-17.965437447894338,-0.40546510810668057,1.1680674982540422,2.0794415416794294,0.07710280373831775
-20.136148645951216,-17.872921329303896,-0.40546510810539993,1.0986122886679066,1.9683328322885703,0.08878504672897196
-20.1361486432516,-18.160603401755324,-0.3177886643684582,1.104117030268411,2.197224577330285,0.09345794392523364
-20.06503030016465,-17.872921329304063,-0.4054651081081637,1.2808608683070397,2.079441540668795,0.10046728971962617
-19.65956519232723,-17.777611149499492,-0.28768207245157945,1.3862943611194867,2.3408645795803196,0.09345794392523364
-19.697844678646362,-17.872921329302937,-0.2979917160539515,1.3862943611195466,2.1717498559475805,0.07710280373831775
-19.8696073943174,-17.729680943873326,-0.4054651081053987,1.386294361119686,2.3947729597378493,0.08644859813084112
-19.566068518510303,-17.71877064947767,-0.3904876087283677,1.1217006010090569,1.7917594692248848,0.0630841121495327
-19.63859017387424,-17.872921329302397,-0.40546510810816405,1.2241875723307265,2.0794415416794294,0.08177570093457943
-19.566068518512363,-17.872921328171188,-0.4054651081081635,1.098612288667907,2.079441540182194,0.08644859813084112
-19.971533626619284,-18.160603401754987,-0.4054651081053992,1.203972804323904,2.1972245773321966,0.11214953271028037
-19.65956519153521,-17.67047563878446,-0.4054651081053991,1.257487475584829,1.9183099509841726,0.06542056074766354
-19.892030077547233,-17.959932706994646,-0.28768207245157873,1.2574874755840555,2.1972245773302834,0.0794392523364486
-19.89203007518907,-18.006452721928362,-0.34657359027901724,1.0986122886679068,2.0894423307457073,0.06542056074766354
-19.659565192057478,-17.736422799481907,-0.30830135956667204,1.3862943611194867,2.224163066719531,0.07476635514018691
-20.005775795554072,-18.006452721925967,-0.40546510810539893,1.3253863972256665,2.0794415416794285,0.09345794392523364
-19.97153362280371,-17.718770649475978,-0.40038892237418816,1.098612288667907,2.138491892350115,0.0794392523364486
-19.29936146542899,-17.872921325061267,-0.2876820724496554,1.2154913112686374,2.1949740192418408,0.07242990654205607
-20.07689414288401,-18.055242886096536,-0.3030679017849644,1.098612288667907,2.117721021739149,0.08411214953271028
-19.97153362725415,-17.872921329302553,-0.4054651081054005,1.0986122886679075,2.035878039911843,0.08644859813084112
-19.971533626617358,-17.87292132930251,-0.40546510810539993,1.1668775658051076,2.2314667449209407,0.07242990654205607
-19.97153362661776,-18.00645272192826,-0.28768207245157984,1.2527629684665027,2.035878039425241,0.07710280373831775
-20.331737353885234,-17.899024742400467,-0.2694982473530896,1.386294361119686,2.197224565873616,0.0911214953271028
-19.971533626618864,-17.80620420344072,-0.3021411173741849,1.3862943611170386,2.1177210282659558,0.07242990654205607
-19.892030075243824,-18.006452721863557,-0.30922814397843834,1.1358358535321869,2.035878039425241,0.08878504672897196
-19.97153362176001,-17.79047320434576,-0.2527742833323381,1.3862943611195462,2.302585092992552,0.07476635514018691
-19.659565192057464,-17.467456221194524,-0.40546510810539826,1.0986122886651413,1.8418584401586044,0.06542056074766354
-19.85375059096254,-17.60460081319411,-0.3555828430326188,1.3862943611194858,2.3618395989509118,0.08878504672897196
-20.25921569906995,-17.80620420343918,-0.39007927877471166,1.2039728043245144,2.0688114002396065,0.07476635514018691
-19.97153362661427,-17.729680942728343,-0.2876820724515792,1.3862943611194867,2.231466744924289,0.09345794392523364
-19.971533626618072,-18.278386437411676,-0.5108256237681015,1.098612288665971,2.0358780399085497,0.08878504672897196
-19.971533621775357,-17.872921329303384,-0.4054651081053984,1.0986122886679068,1.7917594692258496,0.0630841121495327
-19.853750590962434,-17.872921328349406,-0.2876820724516773,1.1576749425705117,2.2090440510782154,0.07476635514018691
-19.971533626617564,-17.790473204343403,-0.28768207245454475,1.15879583952769,1.8418584401565008,0.07710280373831775
-19.299361465431375,-17.53644909268247,-0.2876820724506174,1.3208261196935178,1.9683328322872193,0.053738317757009345
-19.912800944757304,-17.96543744959134,-0.40546510810539893,1.2928223862809718,2.03587803990855,0.09579439252336448
-20.259215699070594,-17.97388871098356,-0.28768206943932484,1.2324716926836414,1.989307851630584,0.08878504672897196
-19.971533626619472,-17.872921329302663,-0.34242418887391285,1.0986122886679666,2.1177210282659558,0.10514018691588785
-19.971533626617784,-17.872921329303818,-0.4054651081053995,1.1095225819188796,1.8800304644938601,0.07242990654205607
-19.89203008650867,-17.681385932689395,-0.2513144282791079,1.3862943611194862,2.197224577332147,0.10046728971962617
-19.566068519137897,-17.64977777798984,-0.4054651081053986,1.3862943611176912,2.0149030205422642,0.06074766355140187
-19.9715336266192,-17.718770649474916,-0.29891850037804235,1.2527629684939665,2.6114571316405257,0.09813084112149532
-20.259215699070598,-17.986733108052277,-0.4054651081053989,1.3862943611196863,2.4849066497848287,0.0794392523364486
-20.13614864203858,-17.87292132930287,-0.26949824735309014,1.3862943611196867,2.535005620718347,0.09813084112149532
-19.892030077550253,-18.00645272192891,-0.4054651081053995,1.2186098535750085,2.1972245658736167,0.07710280373831775
-19.56606851359211,-17.61562466306826,-0.27867281969912544,1.2574874755840564,2.117721022749782,0.06074766355140187
-19.566068518508978,-17.493559634293778,-0.22314355076516307,1.0986122886679073,2.1177210282659558,0.07242990654205607
-20.6646808022389,-17.912980747091314,-0.4054651081053998,1.2743142142809147,2.0794415416794303,0.07476635514018691
-19.971533626617784,-18.160603401755367,-0.40546510810539954,1.2527629684939672,2.1972245658736145,0.09813084112149532
-20.259215699070438,-18.181301263201803,-0.4054651081079623,1.2401500146410993,1.791759469228003,0.09813084112149532
-19.971533626617717,-17.80620420344006,-0.40546510810539865,1.0986122886679064,2.035878039911842,0.06542056074766354
-20.664680807178364,-18.055242886438954,-0.40546510810582986,1.3862943611195466,2.0794415416794294,0.09579439252336448
-20.39099185678947,-18.00645272192795,-0.40546510810539915,1.3862943611173106,1.9893078511439826,0.08878504672897196
-20.259215699070143,-18.021089771179252,-0.4054651081053987,1.0721940590792114,1.8418584401565,0.0794392523364486
-19.566068518511354,-17.554467598184516,-0.4054651081054002,1.2076995603219787,1.791759469225899,0.053738317757009345
-20.259215699072403,-18.11542643695774,-0.40546510810539965,1.386294361119486,2.4849066497857764,0.10046728971962617
-19.9715336266177,-17.872921329302933,-0.28768206943836305,1.0986122886679062,1.968332832261007,0.0794392523364486
-20.065030300166544,-17.899024742400613,-0.40546510810539926,1.098612288665972,2.079441541679429,0.09345794392523364
-20.664680803192056,-18.160603401756116,-0.38671400591252425,1.098612288668014,1.945910149027228,0.10514018691588785
-20.00577579555405,-18.006452721929332,-0.40546510810806247,1.386294361119486,2.4849066497848287,0.08644859813084112
-20.16908199647679,-18.086851040795413,-0.2876820724545443,1.117973845008863,1.7917594692248855,0.08411214953271028
-20.065030300166526,-18.160603399499536,-0.3465735902790267,1.09861228866746,1.7917594692278995,0.08644859813084112
-19.566068518510097,-17.69905103559925,-0.2231435513133555,1.2698476305679796,2.4849066497848287,0.09579439252336448
-20.25921569907014,-18.244233322493542,-0.4054651081053996,1.1422869542546992,2.117721022749782,0.07710280373831775
-19.31262861364999,-17.49355963429264,-0.2876820724545446,1.2574874755849905,2.010403318523401,0.053738317757009345
-19.971533619405914,-17.585239257306473,-0.40546510810668107,1.252762968493967,2.197224560357441,0.07710280373831775
-19.971533626618033,-17.64977777798951,-0.28768207245157984,1.098612288667907,2.0149030205422642,0.08411214953271028
-20.331737353250368,-18.297747992286187,-0.2876820694382377,1.386294361119486,2.3184418963475544,0.10747663551401869
-20.005775794204574,-18.00137015730351,-0.28768207245306227,1.4153649114109275,2.1972245773302848,0.08411214953271028
-19.892030071243106,-17.563699095096688,-0.2876820724506163,1.386294361119486,1.9683328322874893,0.0630841121495327
-19.65956519336377,-17.872921329302855,-0.4054651081053989,1.0986122886651426,2.0149030205373863,0.07476635514018691
-20.25921569530533,-17.8729213293023,-0.2876820724516773,1.2527629684943213,2.197224577330283,0.07476635514018691
-19.971533626618754,-17.649777777987882,-0.40038892237418844,1.2527629684939665,2.1177210282659567,0.0630841121495327
-19.566068513609164,-17.979493376851437,-0.2876820724515805,1.0986122886651428,2.035878039911835,0.08177570093457943
-19.566068518512267,-17.467456221196134,-0.39007927877471116,1.2527629684943826,2.117721028265957,0.056074766355140186
-19.92496343836408,-17.670475639435494,-0.2876820724515786,1.5149876900275332,2.19722456035744,0.07242990654205607
-20.25921569907092,-17.899024742401103,-0.287682072451677,1.0986122886657808,2.0358780394219482,0.07009345794392523
-20.005775794207512,-18.006452721928614,-0.2616240718813504,1.2612142315839585,2.2059920235363712,0.0911214953271028
-20.06503030016387,-18.055242886099016,-0.40546510810668024,1.299282984129666,1.9683328322610059,0.0794392523364486
-20.065030300166455,-18.006452721928348,-0.37189545669023716,1.386294361119486,2.0794415416794307,0.08644859813084112
-19.85375059096167,-17.765015851509393,-0.1823215567933285,1.098612288667908,2.0618919199058,0.0794392523364486
-19.924963438434915,-17.872921329303114,-0.4003889223741878,1.0986122886651424,1.791759469225898,0.07009345794392523
-19.971533626617305,-17.670475639436447,-0.4054651081053976,1.0986122886679064,2.0358780394219473,0.07710280373831775
-19.566068518621073,-17.604600813193283,-0.35558284303251864,1.2527629684939665,2.231466744924852,0.06542056074766354
-19.97153362726594,-17.729680940633763,-0.28768207245157923,1.2527629684939683,2.117721028267818,0.08644859813084112
-19.97153362661749,-18.021089773079815,-0.40546510810539926,1.0986122886679075,1.8642811233063994,0.06542056074766354
-19.971533627266684,-17.649777777988806,-0.31778866436845976,1.0986122886679066,2.035878039706777,0.06542056074766354
-20.25921569907059,-17.709961328851122,-0.2876820694382376,1.2527629684939665,2.035878039425241,0.08177570093457943
-19.892030072562243,-17.604600813192942,-0.3233135824601424,1.3862943611169236,2.1972245773321464,0.05841121495327103
-20.25921569907059,-17.89902474240268,-0.3872812860209234,1.2527629684939672,2.138491897866289,0.08177570093457943
-20.259215696211296,-17.790473204344234,-0.2876820724506173,1.2527629684939676,2.0618919199016656,0.08177570093457943
-20.259215689530375,-17.87292132930348,-0.2876820724530625,1.0986122886679073,2.2477865951013305,0.08878504672897196
-20.06503030016427,-17.80620420238507,-0.40546510742028036,1.098612288665143,1.8260016346178625,0.08177570093457943
-19.89203007516149,-17.87292132930299,-0.40546510810539965,1.0986122886651422,2.5350056207163787,0.08644859813084112
-19.853750590962807,-17.899024742401522,-0.40546510810796305,1.155820899897802,1.9683328322874905,0.07710280373831775
-20.259215699070158,-17.604600813193805,-0.40546510810539926,1.0986122886651413,1.9213619892394478,0.07242990654205607
-19.56606851863534,-17.699051035599396,-0.28768207245454447,1.0986122886679064,2.035878039425242,0.04906542056074766
-19.971533626619472,-18.16060340175561,-0.33647223661997894,1.1500796001751321,2.3025850929938434,0.07710280373831775
-19.853750590962427,-17.91298075034415,-0.4003889223741879,1.1179738450087349,2.33356090143029,0.09345794392523364
-20.259215699070438,-17.912980747089946,-0.2876820664270715,1.0986122886679075,1.895887267836378,0.07476635514018691
-19.789212069913944,-17.649777777988678,-0.2876820664270716,1.0986122886679075,1.791759469225898,0.0630841121495327
-19.971533626617084,-17.554467598185465,-0.3822050990607431,1.386294361119686,2.0894423297356224,0.06775700934579439
-19.971533627491496,-17.80620420343893,-0.40546510810796216,1.2953949730682557,2.014903020335614,0.0911214953271028
-20.0057757942078,-17.899024742403718,-0.42779833159955083,1.0986122886679075,2.2955583488879365,0.08878504672897196
-19.892030075188757,-18.006452720008202,-0.28768207245157995,1.0986122886651422,1.7917594692248848,0.07242990654205607
-20.259215699068225,-17.729680943744746,-0.39556379445958034,1.098612288667907,2.3235601123627156,0.09345794392523364
-20.065030296741927,-18.160603401755452,-0.40546510810539854,1.1862503387346872,1.830038955816342,0.08177570093457943
-20.06503030016613,-17.986733105995974,-0.4054651081066816,1.3862943611196874,2.3664942622172283,0.07476635514018691
-19.566068518510686,-17.613872015694522,-0.28768207245157884,1.0986122886679075,2.2907212508780095,0.07242990654205607
-20.259215695159995,-18.11542643695911,-0.40546510810816283,0.9990166395565753,1.8958872678363794,0.08878504672897196
-20.25921569906752,-18.006452721929133,-0.4054651081053986,1.0986122886651422,1.9873481742365169,0.08411214953271028
-20.541613753926253,-18.16060340175464,-0.4054651081079619,1.1103785026133914,1.7917594692258987,0.10046728971962617
-19.971533628331414,-17.736422799483663,-0.18232155679385612,1.2980247537258593,2.2314667449248065,0.08411214953271028
-19.8920300775502,-17.67047563943528,-0.4054651081081629,1.386294361119546,2.535005620729196,0.08878504672897196
-19.566068518509894,-17.369691047934516,-0.28768207245167665,1.2612142315835069,2.4158684266293813,0.07476635514018691
-19.97153362725338,-17.872921329302656,-0.4054651081053987,1.0986122886679068,2.0794415416794285,0.06542056074766354
-19.56606851851241,-17.64977777798988,-0.40546510810539993,1.2186098535763463,2.117721028265957,0.07009345794392523
-20.2592156990703,-17.649777777988096,-0.2876820724515793,1.2076995603218341,2.3335609014302907,0.08878504672897196
-20.25921569906995,-17.87292132737052,-0.40546510810816394,1.2844846798167724,2.0794415406687956,0.09345794392523364
-20.259215699070097,-17.986733108049474,-0.45206009701015115,0.9808292530115228,2.079441540668795,0.09579439252336448
-19.782632242893023,-17.64977777798891,-0.34790870455922707,1.258823780689299,2.197224577336062,0.08644859813084112
-20.005775794273674,-18.055242886094895,-0.29891850037900713,1.2527629684939665,1.9213619892394473,0.07009345794392523
-19.971533626615937,-18.160603401755857,-0.4054651081081641,1.0986122886679675,2.0927086898986413,0.09579439252336448
-20.13614864823213,-17.872921329303875,-0.2876820724522943,1.3792591260186988,2.4981737980062886,0.09813084112149532
-20.065030301473666,-18.160603401755605,-0.269498247353988,1.3862943611176923,2.3947729592767635,0.09345794392523364
-19.89203007723057,-17.56369909578515,-0.2876820664270718,1.3862943611195466,2.197224560357441,0.08177570093457943
-20.259215699070438,-18.00645272192829,-0.4054651081053994,1.0986122886651426,1.7917594692248846,0.0794392523364486
-19.65956519031109,-17.585239256851104,-0.25131442827910844,1.3862943611196865,2.4849066497848273,0.06775700934579439
-19.85375059096243,-17.761880150404227,-0.2876820724515787,1.098612288667907,2.0358780394252416,0.07009345794392523
-19.892030077551183,-18.055242886097272,-0.4054651081053991,1.232471692682428,1.9893078511704654,0.06074766355140187
-20.259215699070594,-17.872921329302585,-0.40546510810539893,1.3862943611196865,2.07944154167943,0.08878504672897196
-19.971533626617262,-17.91298074709123,-0.2876820724515789,1.1948787674033692,1.8177733492210035,0.08878504672897196
-19.971533621775492,-17.630058164111766,-0.3425895054552798,1.0986122886679075,1.8418584401586044,0.06542056074766354
-19.971533626618154,-17.736422799482867,-0.30716628503045834,1.2527629684940365,2.1134795594989746,0.07242990654205607
-19.299361465428092,-17.28074153042268,-0.22314355131250063,1.5040773967733054,2.302585092993907,0.04672897196261682
-19.659565192058412,-17.872921329303814,-0.2876820724530613,1.2324716926824275,2.0794415416794294,0.06542056074766354
-19.97153362708548,-17.718770649474656,-0.25131442827910855,1.3862943611176923,2.0358780399118426,0.08177570093457943
-20.259215699068225,-17.755138293645373,-0.405465108105399,1.0986122886679077,2.0794415416794285,0.0911214953271028
-20.259215699068786,-18.055242886097968,-0.2876820724545451,1.2928223862809716,2.0794415406687965,0.09579439252336448
-20.005775795521984,-17.899024742401316,-0.40546510810539965,1.2527629684939676,2.5574283039620114,0.09579439252336448
-19.566068519428228,-17.493559634292918,-0.3872812847919533,1.252762968493967,2.0358780399118417,0.07710280373831775
-20.259215700469763,-17.872921329302844,-0.30214111737418514,1.3665747472422587,2.0794415416794307,0.0794392523364486
-19.41544662137391,-17.7551382936468,-0.4054651081079619,1.328349511835614,1.864281123401446,0.07242990654205607
-19.938600267070676,-17.87292132981318,-0.40546510810816394,1.2186098535762002,2.48490664877606,0.08644859813084112
-19.566068518510633,-17.583060652128335,-0.17611029679498072,1.3503890550473518,2.03587803942524,0.06775700934579439
-19.89203007755012,-18.160603402886657,-0.4054651081079621,1.0986122886679062,2.079441540668795,0.09345794392523364
-19.853750590962562,-17.729680942726873,-0.4054651081053988,1.203972804323941,1.7917594692248855,0.05841121495327103
-19.924963438364458,-17.563699095784816,-0.40546510810806313,1.0986122886651426,1.817773349221005,0.06775700934579439
-20.259215699070598,-17.649777777988504,-0.365684196690433,1.386294361119687,2.4261739703189193,0.08411214953271028
-20.136148648235583,-18.160603401755047,-0.4054651081079631,1.2527629684939678,1.7917594692280026,0.09345794392523364
-20.00577579111327,-17.369691047931525,-0.23722898979580548,1.3862943611194858,2.0794415416794285,0.05841121495327103
-19.971533626619255,-17.649777777989236,-0.3030679017849641,1.3862943611176928,2.1972245773321455,0.0794392523364486
-20.259215699070992,-18.342924958548316,-0.4054651081066667,1.223334360667063,2.117721028265956,0.10981308411214953
-19.971533626620904,-17.699051035598558,-0.4054651081053986,1.3862943611195466,2.106626708757748,0.08644859813084112
-20.541613756343207,-18.115426435992195,-0.40546510810816405,1.0986122886651433,1.7917594692258496,0.10046728971962617
-19.566068519138035,-17.872921329302592,-0.28768207245157884,1.213204301925117,2.0794415416794303,0.06542056074766354
-19.971533626616534,-17.872921329305754,-0.40546510810806224,1.0986122886679675,2.4849066497848287,0.08878504672897196
-19.971533626618655,-17.824626319263544,-0.4443080048397201,1.0986122886659717,1.791759469227851,0.07242990654205607
-19.971533619253798,-17.986733108049457,-0.40546510810806347,1.0986122886679668,1.7917594692248848,0.08177570093457943
-19.566068518508352,-17.554467598185273,-0.28768207245049193,1.3217558399804084,2.0794415416794294,0.07710280373831775
-19.853750590963116,-17.872921328670333,-0.4747883547334027,1.0986122886659722,2.2314667449209864,0.08411214953271028
-19.761657223523372,-18.0064527219281,-0.2876820724515795,1.0986122886679068,2.0149030205422624,0.05841121495327103
-20.065030301472856,-17.64977777798909,-0.4054651081053991,1.0986122886679066,1.7917594692280017,0.06542056074766354
-20.5416137544234,-18.052697925876803,-0.2513144282791085,1.098612288667908,2.108399694088404,0.102803738317757
-19.566068518511216,-17.872921329303907,-0.4054651081053999,1.1148324550489768,2.0794415406687956,0.07476635514018691
-19.985526754460178,-17.75513829364418,-0.28768207245157784,1.2527629684939672,2.014903020542265,0.0630841121495327
-19.566068518509415,-17.19913570508319,-0.28768207245454436,1.410307173421908,2.3513752571226396,0.07009345794392523
-19.853750590961013,-17.718770649476696,-0.2694982473530903,1.2241875723297466,2.0794415406687956,0.08177570093457943
-20.390991856788187,-17.649777777986582,-0.40546510810539893,1.2039728043244515,1.7917594692280021,0.08644859813084112
-20.259215699073046,-18.160603401755584,-0.4054651081053997,1.2527629684939665,2.415868426629382,0.102803738317757
-19.89203007755173,-17.662024376347404,-0.2513144282791082,1.1148324550489765,2.197224577330285,0.06775700934579439
-19.971533626618488,-18.181301263202865,-0.3410486721845335,1.2667189731846005,2.117721022749783,0.08644859813084112
-20.259215699070563,-18.055242886096785,-0.40546510810816305,0.9808292530115231,1.7917594692248846,0.08878504672897196
-20.136148648235757,-17.904529484002047,-0.40546510810796244,1.0986122886651426,2.0149030205422642,0.0794392523364486
-20.259215699067767,-18.278386438120272,-0.40546510810816394,1.206363255220672,2.0794415416794294,0.08177570093457943
-19.566068518509105,-18.055242884530024,-0.38017796512889396,1.098612288665141,1.791759469224885,0.07476635514018691
-19.56606851908701,-17.72968094273048,-0.4054651081053991,1.3862943611194856,1.895887267849131,0.06775700934579439
-20.2592156990706,-18.181301263201775,-0.4054651081081634,1.2527629684943806,2.0894423307462566,0.09345794392523364
-19.89203007517862,-17.986733108049265,-0.29799171605452135,1.098612288667907,1.853556480918742,0.07242990654205607
-19.65956519336233,-17.904529484000058,-0.4054651081080628,1.0986122886651402,1.7917594692248846,0.07710280373831775
-20.065030300163876,-18.006452721928195,-0.3309473185267103,1.2667189731848556,2.117721022750021,0.07476635514018691
-20.33173735324867,-17.681385932687437,-0.40546510810935277,1.252762968493967,2.117721022749783,0.08411214953271028
-20.005775794274157,-18.006452722064896,-0.473653280485252,0.9930758513676579,2.0275873327274208,0.08878504672897196
-20.005775795554058,-18.160603399308236,-0.4054651081081638,1.098612288667907,1.7917594692280026,0.08878504672897196
-20.259215699069834,-18.021089770575514,-0.405465108107962,1.0986122886668814,1.8905271621809767,0.08644859813084112
-20.065030298282966,-17.87292133275021,-0.4054651081053991,1.1556777942836425,1.8423215090363811,0.07476635514018691
-19.782632241049456,-18.05524288610883,-0.5108256237660063,1.098612288667907,2.0149030205389713,0.08644859813084112
-19.853750590959507,-18.160603401755615,-0.4054651081053998,1.2928223862808559,2.197224577332146,0.08177570093457943
-19.566068518509802,-17.649777777989257,-0.2876820664270714,1.2574874755840564,2.3025850929925524,0.0630841121495327
-19.892030077550245,-17.872921329303413,-0.3193294976358495,1.386294361119686,2.0149030205389713,0.07242990654205607
-20.06503029828663,-17.91298074412772,-0.29799171605452157,1.0986122886679066,2.2314667449203185,0.06775700934579439
-20.259215699070598,-18.086851040794713,-0.4054651081081637,1.098612288665972,2.1134795594989746,0.08411214953271028
-19.44300146767261,-17.736422799481645,-0.4054651081053984,1.0986122886679075,2.014903020238464,0.05841121495327103
-20.25921569907105,-17.899024742401103,-0.2876820694382381,1.2527629684939678,2.197224577332144,0.08411214953271028
-20.39099186235544,-17.96543744789436,-0.4054651081081635,1.0986122886679064,2.23146674492094,0.07476635514018691
-19.971533626617955,-17.973888709199368,-0.4054651081053986,1.2685113254617009,2.0149030205422633,0.08177570093457943
-19.853750590962512,-18.006452721929257,-0.40546510810806263,1.3038462361603622,2.302585092993842,0.09345794392523364
-19.902540756204484,-17.939035632088178,-0.4054651081053994,1.2527629684943822,2.1972245773302843,0.09813084112149532
-20.25921570174077,-18.1606034017556,-0.3900792787747119,1.2588237806896216,1.8050266174458605,0.08878504672897196
-19.971533626615543,-18.16060340175427,-0.40546510810796244,1.2186098535749241,2.0794415416794294,0.08411214953271028
-19.85375059096176,-17.806204203439464,-0.30306790178518256,1.1556777942842524,2.2560149047393585,0.07009345794392523
-19.697844678646312,-17.670475639435068,-0.40038892237418794,1.2527629684939665,1.945910149053709,0.05841121495327103
-19.971533626617955,-18.160603401754948,-0.4054651081081633,1.0986122886679068,1.9696416390628544,0.10046728971962617
-19.892030077550555,-17.718770650185057,-0.3566749439376846,1.3862943611194858,2.1972245773302843,0.0794392523364486
-19.566068518512914,-18.006452721928294,-0.2876820724515785,1.114832455049052,2.2314667449248695,0.06542056074766354
-19.892030077551688,-17.912980747090323,-0.28768206642707134,1.0986122886659722,2.0794415416794294,0.07710280373831775
-19.971533626618918,-17.755138293987574,-0.32238679813811055,1.3862943611195462,2.4849066497848296,0.07476635514018691
-20.259215699070875,-18.160603401755036,-0.40546510810796216,1.2039728043244506,1.8575938021172202,0.0911214953271028
-19.97153362661979,-18.1959383124524,-0.2876820724545451,1.1148324550488395,2.197224565875475,0.10747663551401869
-19.971533626619657,-17.87292132930534,-0.40546510810796277,1.0986122886651426,1.791759469224885,0.06542056074766354
-19.892030077550256,-17.973888710433737,-0.287682072451105,1.2527629684943864,2.07944154167943,0.0794392523364486
-20.259215699070012,-17.718770649478515,-0.3120771545381337,1.386294361119686,2.4849066497848282,0.08878504672897196
-19.892030077549443,-18.006452721928376,-0.2876820724536798,1.0986122886679066,1.9683328322859048,0.07710280373831775
-19.8920300865056,-17.87292132930273,-0.28768207245157984,1.2008873879737456,2.151963195856677,0.09345794392523364
-19.566068518510644,-17.761880150403123,-0.28768207245157873,1.2574874755850212,2.178209229863362,0.07476635514018691
-19.97153362661963,-17.736422799482842,-0.28768207245157906,1.098612288667908,2.2314667449249734,0.08177570093457943
-19.85375059096252,-17.736422799484494,-0.4003889223741878,1.3208261196935198,1.8535564831169644,0.0794392523364486
-19.971533619278567,-18.006452721929392,-0.36589248663208596,1.2273056175671129,2.0794415401821937,0.0794392523364486
-19.659565192057592,-17.43752973892073,-0.30830135956667043,1.2241875723307274,1.8958872678491296,0.05841121495327103
-19.971533626620904,-17.670475638975475,-0.2027325535058906,1.3862943611195466,1.9459101490277488,0.07476635514018691
-19.97153362724881,-17.986733109119324,-0.40546510810539915,1.198115029554435,2.079441540668795,0.08878504672897196
-20.00577579420858,-17.87292132930123,-0.28768207245157906,1.3253863972256643,1.968332832285903,0.07242990654205607
-19.566068518511564,-17.872921329302276,-0.28768207245061617,1.2612142315841448,2.1177210282659558,0.07476635514018691
-19.566068518512058,-17.493559634292147,-0.2876820694382371,1.3862943611196863,2.1717498504295434,0.07710280373831775
-20.390991856819554,-17.761880150403716,-0.2876820664270709,1.3862943611196863,2.0358780394252416,0.08644859813084112
-19.892030075161745,-17.718770649476145,-0.40546510810539904,1.0986122886659717,1.791759469228001,0.07242990654205607
-19.97153361932502,-17.66202437634625,-0.22314355131250038,1.3862943611195462,2.2232384573251966,0.08177570093457943
-19.697844678648213,-17.649777777987754,-0.2876820724515793,1.218609853576345,2.2473235482627985,0.07476635514018691
-19.892030077550857,-17.729680942727722,-0.28768207245157973,1.2241875723297464,2.07944154167943,0.08177570093457943
-19.9715336194941,-17.87292132930392,-0.40546510810796255,1.0380706802711166,1.9155059719806227,0.07476635514018691
-19.97153362165652,-17.71877064947643,-0.40546510810794756,1.0986122886659717,2.2314667449242878,0.07710280373831775
-20.25921569906963,-17.912980747092508,-0.30922814397857806,1.2186098535762684,2.1085654932526334,0.08644859813084112
-19.853750590962424,-18.02108977117931,-0.4054651081053982,1.1302204433653171,1.9459101490272261,0.07476635514018691
-19.86960739431769,-17.718770649474962,-0.2527742833323381,1.252762968494383,2.2314667449248056,0.06775700934579439
-20.259215699070598,-17.8729213293041,-0.40546510810668124,1.0986122886679066,1.8374975952423052,0.08644859813084112
-19.971533626620133,-18.160603401756298,-0.4440599274521905,1.1108588870239604,2.2314667449248065,0.10046728971962617
-20.169082009048957,-18.16060340182117,-0.4054651081054003,1.0986122886679073,2.07944154167943,0.08644859813084112
-20.259215699070086,-18.160603401755836,-0.3955637944595801,1.3862943611194858,2.3025850929919303,0.102803738317757
-20.390991856817287,-18.115426436959666,-0.35278484904976015,1.3862943611194867,2.1972245773302843,0.10981308411214953
-20.25921569906883,-17.554467598186225,-0.2876820694382365,1.3862943611196863,1.968332832285904,0.07242990654205607
-19.65956518972241,-17.729680942728393,-0.28768207245306265,1.098612288667908,1.83003895581634,0.07476635514018691
-20.49504357010299,-18.006452720431312,-0.4541612800152847,1.0986122886659713,1.7917594692278995,0.0794392523364486
-20.01846010571285,-17.649777777989442,-0.4054651081053995,1.252762968493967,2.197224577330285,0.06542056074766354
-19.97153362661984,-17.872921329303793,-0.4054651081079481,1.0986122886679066,1.7917594692248842,0.07476635514018691
-20.39099185682928,-18.160603401756916,-0.4054651081053976,1.0986122886679075,2.0794415416794294,0.09579439252336448
-19.56606851850868,-17.49355963429256,-0.29891850037804224,1.2099135925147764,2.07944154167943,0.06074766355140187
-19.853750590962512,-18.006452721928355,-0.4054651081053998,1.098612288667908,2.117721028267818,0.07476635514018691
-19.92627224513953,-17.649777777988227,-0.28768207245157956,1.3862943611194858,2.079441540668796,0.09345794392523364
-19.81018708919448,-17.97388870999692,-0.40546510810816405,1.2527629684939685,2.1295405126233535,0.07710280373831775
-19.63859017387413,-17.604600813193734,-0.2876820694393242,1.3577189649538366,2.089442329735622,0.0630841121495327
-19.65956519205548,-17.604600813192206,-0.4054651074202807,1.1786549963393078,2.197224565873615,0.07242990654205607
-19.97153362661994,-18.086851040528465,-0.40546510810796266,1.0986122886679077,2.197224565873616,0.07242990654205607
-19.730683540123923,-17.87292132930385,-0.28768207245167765,1.2527629684939674,2.0794415416794307,0.07009345794392523
-20.331737353248755,-18.160603401755537,-0.2513144282791086,1.386294361117963,2.302585092994003,0.10981308411214953
-19.56606851851195,-17.755138293646823,-0.2989185003767786,1.1699956110494663,1.9683328322859035,0.08411214953271028
-19.853750590962534,-17.899024742401632,-0.3581347989916583,1.1486253740267318,2.197224577330285,0.09813084112149532
-19.971533626617717,-17.604600813192302,-0.40546510810816383,1.325386397226494,2.3947729597654015,0.0794392523364486
-19.853750590962512,-17.72968094272672,-0.2876820724515802,1.4216292718157737,2.302585092993843,0.07710280373831775
-19.659565192057723,-17.755138293644485,-0.4054651081053983,1.2527629684943213,1.8800304622956343,0.08644859813084112
-19.971533626649595,-17.729680942726535,-0.40546510810539926,1.0986122886679075,2.0149030205373863,0.07009345794392523
-19.566068518509876,-17.729680942727192,-0.40546510810539865,1.2527629684939672,2.197224577330285,0.07009345794392523
-20.259215699069937,-18.342924958549546,-0.40546510810539965,1.098612288665972,2.1177210282678667,0.12383177570093458
-20.25921569906963,-17.729680942727857,-0.40546510810539815,1.0986122886679075,2.1972245603574394,0.07009345794392523
-20.136148648233,-18.16060340175451,-0.4054651081053984,1.3060248424703085,2.484906648776061,0.0911214953271028
-19.65956519205806,-17.718770647888384,-0.2876820724515794,1.2527629684939665,2.1972245658736167,0.08177570093457943
-19.566068519139453,-17.729680942728752,-0.40546510810539826,1.386294361119486,2.4849066487760623,0.08644859813084112
-19.810187089194095,-17.76188015040308,-0.4054651081053995,1.2527629684939674,2.2314667449248056,0.0794392523364486
-20.25921569907059,-18.16060340113137,-0.31015492830288705,1.2527629684940362,2.197224577332147,0.09345794392523364
-20.06503030151106,-17.718770649477428,-0.2876820664270708,1.0986122886679077,2.0794415416794307,0.07242990654205607
-19.56606851850823,-17.649777777988845,-0.28768207245157956,1.321755841566008,2.1972245773360126,0.05841121495327103
-19.1988828969927,-17.251054526637184,-0.28768207245157806,1.098612288667907,2.1972245773302843,0.06775700934579439
-19.86960739432046,-18.055242886097133,-0.4054651081081635,1.098612288665972,1.8418584401692524,0.06542056074766354
-20.06503030016457,-17.965437447894438,-0.4054651081053985,1.2527629684939674,2.1054554216733874,0.09345794392523364
-19.566068518512694,-17.64977777798954,-0.2876820724530628,1.3862943611194862,2.07944154167943,0.06542056074766354
-20.259215699070563,-18.006452721653513,-0.2513144282791081,1.3862943611176923,2.117721022749782,0.07242990654205607
-20.259215699070616,-18.006452721928113,-0.270958102406319,1.341117396321363,2.231466744924805,0.0911214953271028
-20.259215699070374,-17.97388871209958,-0.4462871026265113,1.0986122886679064,2.0149030205373863,0.08878504672897196
-19.892030075219054,-18.006452721928344,-0.40546510810539893,1.2039728043244515,2.035878039911843,0.08644859813084112
-19.659565189021805,-17.777611149497893,-0.40546510810625935,1.126244121726928,2.197224577332147,0.053738317757009345
-19.98552675263809,-17.872921336131135,-0.40546510810816466,0.9808292530098598,1.7917594692258985,0.07476635514018691
-19.98552674717757,-17.56369909578423,-0.28768207245313804,1.3862943611179632,2.0794415416794294,0.06775700934579439
-19.971533626619063,-17.904529484002893,-0.31778866436784786,1.1441652620360463,1.9459101490537103,0.09345794392523364
-20.259215699070438,-18.021089771179337,-0.4054651081071109,1.0986122886651413,1.8050266174468947,0.08644859813084112
-20.259215699070086,-18.263594878723733,-0.3656841966904333,1.232471692683643,2.0425793082520274,0.10514018691588785
-19.892030077549474,-18.115426435992504,-0.3285040669710939,1.2830099782793134,2.1972245773321966,0.08411214953271028
-19.892030077550075,-17.872921329564427,-0.4054651081053994,1.136316237942893,2.197224577330285,0.07710280373831775
-19.971533626617116,-17.872921329303836,-0.3966153188719377,1.0986122886679068,2.0358780399118426,0.07009345794392523
-19.5660685185147,-17.872921329302706,-0.4054651081079622,1.392480147280318,2.426173970318919,0.07476635514018691
-19.56606851851359,-17.872921329304006,-0.28768207245157873,1.0986122886651417,2.117721022749783,0.0630841121495327
-19.971533626615336,-17.604600813193496,-0.29685664151773905,1.2527629684940367,1.9647596918428056,0.07009345794392523
-20.259215694026974,-18.06748948283659,-0.4054651081053985,1.1095225819191237,1.7917594692258976,0.08177570093457943
-19.97153362661776,-17.912980747089687,-0.2918314738614656,1.2527629684939678,2.197224577330285,0.08411214953271028
-20.06503030016433,-17.76188015040337,-0.4054651081093523,1.1302204433647078,1.8260016346157582,0.08644859813084112
-19.971533626618037,-17.872921329302564,-0.39661531955834106,1.2574874755848304,1.9683328321887565,0.08177570093457943
-19.971533626619028,-17.806204203439513,-0.2876820664270719,1.3326661332318928,2.1054554216718624,0.08177570093457943
-19.85375057518707,-17.87292132930233,-0.27867281668808624,1.2320301246656091,2.247323536819397,0.07476635514018691
-19.97153362661954,-17.87292132979544,-0.40546510810796255,1.2039728043244506,2.3184418963358353,0.08177570093457943
-20.259215699070594,-18.062838228491042,-0.40546510810816383,1.0986122886679064,1.968332832187043,0.09579439252336448
-19.89203007571085,-17.62232327878148,-0.23722898979781004,1.297660449999102,2.0302294713842026,0.07710280373831775
-20.331737361126844,-18.00645272192897,-0.4054651081053991,1.0986122886679064,1.9437846724732282,0.07242990654205607
-19.56606851850973,-17.649777777989247,-0.2876820724515787,1.2039728043245999,2.302585092992551,0.06542056074766354
-19.89203007754871,-17.912980747091233,-0.3955637937744618,1.0986122886679077,2.0358780397067777,0.08411214953271028
-20.065030300165603,-17.72968094438191,-0.2397865401294894,1.2574874755840562,2.394772959765403,0.09345794392523364
-19.853750590962512,-17.541854644333085,-0.4054651081081634,1.252762968493967,1.968332832287489,0.06775700934579439
-19.566068511224927,-17.563699095344823,-0.28768207245061694,1.3411173963206238,2.220448740587849,0.06775700934579439
-19.853750590963347,-17.729680942727697,-0.40546510810539765,1.218609853574924,2.484906649784829,0.08177570093457943
-20.25921569907013,-18.00645272192836,-0.40546510810539926,1.3752705154480855,2.426173970318833,0.09345794392523364
-20.076894142277073,-17.80620420344066,-0.2876820694382374,1.3862943611196876,2.3618395989509118,0.10046728971962617
-20.005775797130873,-17.904529484002857,-0.2876820724515788,1.252762968493967,2.2314667449185404,0.07242990654205607
-19.97153362661979,-17.77761114949876,-0.287682072451579,1.2039728043245124,2.1177210217391473,0.09579439252336448
-20.065030300231847,-17.87292132930382,-0.28768207245157973,1.2076995603218328,2.197224577336061,0.10046728971962617
-19.971533619268012,-17.761880150404874,-0.40546510810539943,1.0986122886679066,2.197224560357442,0.07476635514018691
-19.566068518633614,-17.729680942727196,-0.28768207245306265,1.3862943611196865,2.532164496364462,0.09579439252336448
-20.076894144009863,-18.1959383124535,-0.29804273385894564,1.3862943611195464,2.0794415416794303,0.09579439252336448
-19.97153362661979,-18.006452721928802,-0.2876820724545448,1.1302204433647085,2.197224577330284,0.07710280373831775
-19.853750590962434,-17.649777777989105,-0.37189545669023794,1.109522581916945,2.035878039911842,0.07009345794392523
-19.97153362661932,-18.16060340175561,-0.40546510810794756,1.284484679816772,1.945910149051998,0.0911214953271028
-19.971533626618328,-17.986733108051826,-0.3030679017859276,1.2186098535761996,2.079441541679429,0.07476635514018691
-20.25921569964017,-18.086851039196446,-0.2876820724504914,1.386294361119686,2.2314667449249095,0.10046728971962617
-20.25921569907059,-17.6300581641102,-0.40546510810539915,1.1200499778626116,2.0794415416794303,0.07242990654205607
-19.625323024469964,-17.729680940184537,-0.42227341350743575,1.1078437862681023,1.864281123405134,0.0630841121495327
-18.797571839124913,-17.649777777987765,-0.3080930694412373,1.2734608315256608,1.8177733492210022,0.04205607476635514
-20.541613753926253,-18.16060340328057,-0.40546510810539793,1.0986122886679064,1.9893078516570677,0.10981308411214953
-19.78263223909657,-17.69905103495217,-0.3193294976377492,1.1108588870239593,1.791759469228001,0.07242990654205607
-19.97153362661714,-17.7904732043431,-0.26194885266733453,1.2324716926706563,2.07944154167943,0.0911214953271028
-20.25921569906823,-18.181301263201235,-0.4054651081053997,1.3862943611196858,2.484906649784828,0.09813084112149532
-20.065030293967133,-18.16060339946276,-0.40546510810539993,1.2574874755840564,2.1972245773321455,0.102803738317757
-20.541613754423388,-18.16060339948495,-0.4054651081053995,1.0986122886679068,1.9459101490272253,0.09579439252336448
-19.971533626747775,-17.872921329302265,-0.2694982473530901,1.1103785026132533,2.2314667449241847,0.06775700934579439
-20.136148643263866,-17.87292132930404,-0.27095810240631896,1.3862943611194862,2.1782092298633624,0.102803738317757
-20.136148649927765,-17.899024742400808,-0.40546510810816394,1.0986122886651428,2.117721022749782,0.0911214953271028
-19.971533626616534,-18.052697925877464,-0.4054651081079623,1.386294361119686,2.0794415416794294,0.0911214953271028
-19.97153362661524,-17.649777777988156,-0.2876820724530621,1.0986122886679075,2.0794415406687956,0.07476635514018691
-20.065030299363972,-17.872921329301196,-0.28768207245157984,1.3862943611196872,2.1972245773321957,0.08177570093457943
-19.659565192055645,-17.904529483303214,-0.29799171605494024,1.0986122886659722,1.8439569746772655,0.08177570093457943
-20.16908200904818,-18.1813012632033,-0.4054651081081648,1.0986122886679077,2.0149030205373863,0.09813084112149532
-20.259215699070086,-17.718770649475097,-0.23722898979676105,1.098612288668106,2.060426199240577,0.07710280373831775
-19.89203007755036,-17.87292132930377,-0.28768206642707206,1.2743142142809147,2.0794415401821933,0.08644859813084112
-20.259215699070158,-18.006452721928575,-0.3746934494440264,1.2527629684939676,1.7917594692280012,0.10046728971962617
-20.482359250384786,-18.278386438119927,-0.4054651081053994,1.2612142315839576,2.022046165051383,0.09813084112149532
-19.971533626615937,-17.649777777988994,-0.2979917160539518,1.203972804323905,2.1972245658754774,0.0794392523364486
-19.971533626619152,-18.00645272192965,-0.33094731852661874,1.1900344574120247,2.0794415401821937,0.08878504672897196
-20.00577579433799,-17.872921329305044,-0.40546510810539893,1.0986122886679064,2.035878039421948,0.08411214953271028
-19.97153362661858,-17.73642279797388,-0.405465108106681,1.0986122886659726,1.7531775398850602,0.05841121495327103
-19.37188311724328,-17.596149550104627,-0.2027325535058903,1.3862943611176917,2.079441540668796,0.06775700934579439
-20.065030298286345,-18.160603401754972,-0.4054651081053986,1.0986122886651422,1.9060443444884752,0.10747663551401869
-20.076894137353374,-18.08685104079396,-0.34657359027901713,1.1148324550492974,2.1177210282659567,0.0911214953271028
-20.664680799740125,-17.718770649476184,-0.2876820724521969,1.312661802977007,2.07944154167943,0.08411214953271028
-20.06503030038982,-17.554467598184758,-0.28768207245158,1.3217558399804086,2.197224577336012,0.08411214953271028
-19.56606851851114,-17.249625298883778,-0.2513144282791085,1.2186098535758898,2.117721022749783,0.0630841121495327
-20.259215699071156,-17.899024744918844,-0.4054651081081641,1.0986122886679064,2.136120339555145,0.0911214953271028
-19.127764548920982,-17.484603745347307,-0.3092281439776662,1.2574874755848295,1.7917594692278995,0.04672897196261682
-19.371883119606167,-17.478778319590567,-0.2876820724515795,1.1526795099380227,2.0358780399118417,0.06775700934579439
-19.892030075127458,-17.872921329301043,-0.2876820724545451,1.0986122886651426,1.7917594692258492,0.08177570093457943
-20.065030297762906,-17.79047320379552,-0.28768207245157884,1.252762968493966,1.8418584401586044,0.06775700934579439
-19.892030075161735,-17.912980747091584,-0.28768207245157973,1.0986122886651415,2.197224565873615,0.07242990654205607
-19.81018708919337,-17.265010531327903,-0.3621188838148608,1.3862943611194862,2.0358780394219482,0.06074766355140187
-20.06503030016632,-18.006452721928515,-0.3955637944595799,1.3752705112410175,2.2473235482786205,0.09579439252336448
-19.853750590962505,-17.662024376348874,-0.25131442827910855,1.2527629684939674,2.049145188131055,0.06542056074766354
-19.971533626619014,-17.912980751643293,-0.4054651081054006,1.0986122886679064,2.223238457325197,0.08644859813084112
-19.971533621826303,-17.77761114949861,-0.25131442827910894,1.2527629684939672,2.2314667449248042,0.07476635514018691
-19.97153362182713,-17.80620420344053,-0.4003889223741879,1.2527629684939678,1.9893078516570672,0.08878504672897196
-19.56606851851186,-17.59283459924621,-0.287682072453062,1.2527629684953545,2.014903020542265,0.056074766355140186
-20.136148648234332,-18.05524288609834,-0.27980789095533165,1.252762968494037,2.3025850929938416,0.08177570093457943
-19.971533626619784,-17.536449092682883,-0.25277428333233765,1.477659167187376,2.035878039421948,0.07009345794392523
-20.259215698894835,-17.872921329305505,-0.4054651081079619,1.3217558399796685,2.3025850929925515,0.09579439252336448
-19.853750593466085,-17.649777777988252,-0.4054651081053998,1.098612288665142,1.841858440158604,0.06775700934579439
-20.00577579421007,-17.87292132930383,-0.40546510810539815,1.2039728043245137,1.9683328321887537,0.07009345794392523
-20.25921569907059,-17.8729213293018,-0.4054651081053994,1.098612288667907,2.035878039425241,0.08878504672897196
-19.41544661897557,-17.467456221196493,-0.25131442827910766,1.3862943611194853,1.8418584401713547,0.0514018691588785
-20.25921569907063,-18.033336369535338,-0.4054651081079622,1.2743142142809147,2.228308206324921,0.11214953271028037
-19.892030077548974,-17.64977777799028,-0.2786728166880871,1.3060248408847095,1.7917594692258492,0.05841121495327103
-20.25921569907016,-18.160603401755708,-0.4054651081080628,1.3217558399804077,2.0794415416794303,0.09579439252336448
-19.971533621733133,-17.80620420504389,-0.3324881517966126,1.2574874755840553,1.9893078511704658,0.07242990654205607
